report_id,week_ending,cushing_mbbl_archive,us_mbbl_archive,source_url,cushing_mbbl_latest,us_mbbl_latest,us_including_lease_mbbl,archive_precision_mbbl,us_same_scope_latest_mbbl,us_same_scope_difference_mbbl,cushing_mbbl_difference,us_mbbl_difference
2011_08_03,2011-07-29,35.953,354.975,https://www.eia.gov/petroleum/supply/weekly/archive/2011/2011_08_03/csv/table9.csv,35.953,332.927,354.975,0.001,354.975,0.0,0.0,-22.048
2011_08_10,2011-08-05,34.581,349.75,https://www.eia.gov/petroleum/supply/weekly/archive/2011/2011_08_10/csv/table9.csv,34.581,327.806,349.75,0.001,349.75,0.0,0.0,-21.944
2011_08_17,2011-08-12,33.688,353.983,https://www.eia.gov/petroleum/supply/weekly/archive/2011/2011_08_17/csv/table9.csv,33.688,332.039,353.983,0.001,353.983,0.0,0.0,-21.944
2011_08_24,2011-08-19,33.662,351.77,https://www.eia.gov/petroleum/supply/weekly/archive/2011/2011_08_24/csv/table9.csv,33.662,329.826,351.77,0.001,351.77,0.0,0.0,-21.944
2011_08_31,2011-08-26,33.085,357.051,https://www.eia.gov/petroleum/supply/weekly/archive/2011/2011_08_31/csv/table9.csv,33.085,335.107,357.051,0.001,357.051,0.0,0.0,-21.944
2011_09_08,2011-09-02,32.689,353.088,https://www.eia.gov/petroleum/supply/weekly/archive/2011/2011_09_08/csv/table9.csv,32.689,331.146,353.088,0.001,353.088,0.0,0.0,-21.942
2011_09_14,2011-09-09,32.229,346.384,https://www.eia.gov/petroleum/supply/weekly/archive/2011/2011_09_14/csv/table9.csv,32.229,324.442,346.384,0.001,346.384,0.0,0.0,-21.942
2011_09_21,2011-09-16,31.998,339.048,https://www.eia.gov/petroleum/supply/weekly/archive/2011/2011_09_21/csv/table9.csv,31.998,317.106,339.048,0.001,339.048,0.0,0.0,-21.942
2011_09_28,2011-09-23,30.92,340.963,https://www.eia.gov/petroleum/supply/weekly/archive/2011/2011_09_28/csv/table9.csv,30.92,319.021,340.963,0.001,340.963,0.0,0.0,-21.942
2011_10_05,2011-09-30,30.089,336.284,https://www.eia.gov/petroleum/supply/weekly/archive/2011/2011_10_05/csv/table9.csv,30.089,314.342,336.284,0.001,336.284,0.0,0.0,-21.942
2011_10_13,2011-10-07,30.621,337.628,https://www.eia.gov/petroleum/supply/weekly/archive/2011/2011_10_13/csv/table9.csv,30.621,315.575,337.628,0.001,337.628,0.0,0.0,-22.053
2011_10_19,2011-10-14,31.092,332.899,https://www.eia.gov/petroleum/supply/weekly/archive/2011/2011_10_19/csv/table9.csv,31.092,310.846,332.899,0.001,332.899,0.0,0.0,-22.053
2011_10_26,2011-10-21,31.511,337.634,https://www.eia.gov/petroleum/supply/weekly/archive/2011/2011_10_26/csv/table9.csv,31.511,315.581,337.634,0.001,337.634,0.0,0.0,-22.053
2011_11_02,2011-10-28,32.071,339.46,https://www.eia.gov/petroleum/supply/weekly/archive/2011/2011_11_02/csv/table9.csv,32.071,317.407,339.46,0.001,339.46,0.0,0.0,-22.053
2011_11_09,2011-11-04,31.139,338.09,https://www.eia.gov/petroleum/supply/weekly/archive/2011/2011_11_09/csv/table9.csv,31.139,315.819,338.09,0.001,338.09,0.0,0.0,-22.271
2011_11_16,2011-11-11,32.029,337.034,https://www.eia.gov/petroleum/supply/weekly/archive/2011/2011_11_16/csv/table9.csv,32.029,314.763,337.034,0.001,337.034,0.0,0.0,-22.271
2011_11_23,2011-11-18,32.016,330.815,https://www.eia.gov/petroleum/supply/weekly/archive/2011/2011_11_23/csv/table9.csv,32.016,308.544,330.815,0.001,330.815,0.0,0.0,-22.271
2011_11_30,2011-11-25,31.301,334.747,https://www.eia.gov/petroleum/supply/weekly/archive/2011/2011_11_30/csv/table9.csv,31.301,312.476,334.747,0.001,334.747,0.0,0.0,-22.271
2011_12_07,2011-12-02,31.105,336.083,https://www.eia.gov/petroleum/supply/weekly/archive/2011/2011_12_07/csv/table9.csv,31.105,313.625,336.083,0.001,336.083,0.0,0.0,-22.458
2011_12_14,2011-12-09,31.188,334.151,https://www.eia.gov/petroleum/supply/weekly/archive/2011/2011_12_14/csv/table9.csv,31.188,311.693,334.151,0.001,334.151,0.0,0.0,-22.458
2011_12_21,2011-12-16,30.198,323.581,https://www.eia.gov/petroleum/supply/weekly/archive/2011/2011_12_21/csv/table9.csv,30.198,301.123,323.581,0.001,323.581,0.0,0.0,-22.458
2011_12_29,2011-12-23,29.909,327.48,https://www.eia.gov/petroleum/supply/weekly/archive/2011/2011_12_29/csv/table9.csv,29.909,305.022,327.48,0.001,327.48,0.0,0.0,-22.458
2012_01_05,2011-12-30,29.296,329.689,https://www.eia.gov/petroleum/supply/weekly/archive/2012/2012_01_05/csv/table9.csv,29.296,307.231,329.689,0.001,329.689,0.0,0.0,-22.458
2012_01_11,2012-01-06,29.105,334.647,https://www.eia.gov/petroleum/supply/weekly/archive/2012/2012_01_11/csv/table9.csv,29.105,309.056,334.647,0.001,334.647,0.0,0.0,-25.591
2012_01_19,2012-01-13,28.273,331.209,https://www.eia.gov/petroleum/supply/weekly/archive/2012/2012_01_19/csv/table9.csv,28.273,305.618,331.209,0.001,331.209,0.0,0.0,-25.591
2012_01_25,2012-01-20,28.647,334.767,https://www.eia.gov/petroleum/supply/weekly/archive/2012/2012_01_25/csv/table9.csv,28.647,309.176,334.767,0.001,334.767,0.0,0.0,-25.591
2012_02_01,2012-01-27,30.123,338.942,https://www.eia.gov/petroleum/supply/weekly/archive/2012/2012_02_01/csv/table9.csv,30.123,313.351,338.942,0.001,338.942,0.0,0.0,-25.591
2012_02_08,2012-02-03,30.49,339.246,https://www.eia.gov/petroleum/supply/weekly/archive/2012/2012_02_08/csv/table9.csv,30.49,313.642,339.246,0.001,339.246,0.0,0.0,-25.604
2012_02_15,2012-02-10,32.48,339.075,https://www.eia.gov/petroleum/supply/weekly/archive/2012/2012_02_15/csv/table9.csv,32.48,313.471,339.075,0.001,339.075,0.0,0.0,-25.604
2012_02_23,2012-02-17,32.165,340.708,https://www.eia.gov/petroleum/supply/weekly/archive/2012/2012_02_23/csv/table9.csv,32.165,315.104,340.708,0.001,340.708,0.0,0.0,-25.604
2012_02_29,2012-02-24,33.813,344.868,https://www.eia.gov/petroleum/supply/weekly/archive/2012/2012_02_29/csv/table9.csv,33.813,319.264,344.868,0.001,344.868,0.0,0.0,-25.604
2012_03_07,2012-03-02,36.178,345.7,https://www.eia.gov/petroleum/supply/weekly/archive/2012/2012_03_07/csv/table9.csv,36.178,320.112,345.7,0.001,345.7,0.0,0.0,-25.588
2012_03_14,2012-03-09,38.697,347.45,https://www.eia.gov/petroleum/supply/weekly/archive/2012/2012_03_14/csv/table9.csv,38.697,321.862,347.45,0.001,347.45,0.0,0.0,-25.588
2012_03_21,2012-03-16,38.521,346.288,https://www.eia.gov/petroleum/supply/weekly/archive/2012/2012_03_21/csv/table9.csv,38.521,320.7,346.288,0.001,346.288,0.0,0.0,-25.588
2012_03_28,2012-03-23,39.564,353.39,https://www.eia.gov/petroleum/supply/weekly/archive/2012/2012_03_28/csv/table9.csv,39.564,327.802,353.39,0.001,353.39,0.0,0.0,-25.588
2012_04_04,2012-03-30,40.293,362.399,https://www.eia.gov/petroleum/supply/weekly/archive/2012/2012_04_04/csv/table9.csv,40.293,336.811,362.399,0.001,362.399,0.0,0.0,-25.588
2012_04_11,2012-04-06,40.585,365.19,https://www.eia.gov/petroleum/supply/weekly/archive/2012/2012_04_11/csv/table9.csv,40.585,339.377,365.19,0.001,365.19,0.0,0.0,-25.813
2012_04_18,2012-04-13,41.177,369.046,https://www.eia.gov/petroleum/supply/weekly/archive/2012/2012_04_18/csv/table9.csv,41.177,343.233,369.046,0.001,369.046,0.0,0.0,-25.813
2012_04_25,2012-04-20,41.751,373.024,https://www.eia.gov/petroleum/supply/weekly/archive/2012/2012_04_25/csv/table9.csv,41.751,347.211,373.024,0.001,373.024,0.0,0.0,-25.813
2012_05_02,2012-04-27,42.964,375.864,https://www.eia.gov/petroleum/supply/weekly/archive/2012/2012_05_02/csv/table9.csv,42.964,350.051,375.864,0.001,375.864,0.0,0.0,-25.813
2012_05_09,2012-05-04,44.127,379.516,https://www.eia.gov/petroleum/supply/weekly/archive/2012/2012_05_09/csv/table9.csv,44.127,355.34,379.516,0.001,379.516,0.0,0.0,-24.176
2012_05_16,2012-05-11,45.127,381.644,https://www.eia.gov/petroleum/supply/weekly/archive/2012/2012_05_16/csv/table9.csv,45.127,357.468,381.644,0.001,381.644,0.0,0.0,-24.176
2012_05_23,2012-05-18,46.795,382.527,https://www.eia.gov/petroleum/supply/weekly/archive/2012/2012_05_23/csv/table9.csv,46.795,358.351,382.527,0.001,382.527,0.0,0.0,-24.176
2012_05_31,2012-05-25,46.849,384.74,https://www.eia.gov/petroleum/supply/weekly/archive/2012/2012_05_31/csv/table9.csv,46.849,360.564,384.74,0.001,384.74,0.0,0.0,-24.176
2012_06_06,2012-06-01,47.775,384.629,https://www.eia.gov/petroleum/supply/weekly/archive/2012/2012_06_06/csv/table9.csv,47.775,358.801,384.629,0.001,384.629,0.0,0.0,-25.828
2012_06_13,2012-06-08,47.395,384.438,https://www.eia.gov/petroleum/supply/weekly/archive/2012/2012_06_13/csv/table9.csv,47.395,358.61,384.438,0.001,384.438,0.0,0.0,-25.828
2012_06_20,2012-06-15,47.755,387.299,https://www.eia.gov/petroleum/supply/weekly/archive/2012/2012_06_20/csv/table9.csv,47.755,361.471,387.299,0.001,387.299,0.0,0.0,-25.828
2012_06_27,2012-06-22,47.416,387.166,https://www.eia.gov/petroleum/supply/weekly/archive/2012/2012_06_27/csv/table9.csv,47.416,361.338,387.166,0.001,387.166,0.0,0.0,-25.828
2012_07_05,2012-06-29,47.641,382.896,https://www.eia.gov/petroleum/supply/weekly/archive/2012/2012_07_05/csv/table9.csv,47.641,357.068,382.896,0.001,382.896,0.0,0.0,-25.828
2012_07_11,2012-07-06,46.782,378.2,https://www.eia.gov/petroleum/supply/weekly/archive/2012/2012_07_11/csv/table9.csv,46.782,352.213,378.2,0.001,378.2,0.0,0.0,-25.987
2012_07_18,2012-07-13,46.282,377.391,https://www.eia.gov/petroleum/supply/weekly/archive/2012/2012_07_18/csv/table9.csv,46.282,351.404,377.391,0.001,377.391,0.0,0.0,-25.987
2012_07_25,2012-07-20,46.485,380.108,https://www.eia.gov/petroleum/supply/weekly/archive/2012/2012_07_25/csv/table9.csv,46.485,354.121,380.108,0.001,380.108,0.0,0.0,-25.987
2012_08_01,2012-07-27,45.1,373.586,https://www.eia.gov/petroleum/supply/weekly/archive/2012/2012_08_01/csv/table9.csv,45.1,347.599,373.586,0.001,373.586,0.0,0.0,-25.987
2012_08_08,2012-08-03,44.298,369.857,https://www.eia.gov/petroleum/supply/weekly/archive/2012/2012_08_08/csv/table9.csv,44.298,343.824,369.857,0.001,369.857,0.0,0.0,-26.033
2012_08_15,2012-08-10,45.197,366.158,https://www.eia.gov/petroleum/supply/weekly/archive/2012/2012_08_15/csv/table9.csv,45.197,340.125,366.158,0.001,366.158,0.0,0.0,-26.033
2012_08_22,2012-08-17,45.242,360.746,https://www.eia.gov/petroleum/supply/weekly/archive/2012/2012_08_22/csv/table9.csv,45.242,334.713,360.746,0.001,360.746,0.0,0.0,-26.033
2012_08_29,2012-08-24,44.821,364.524,https://www.eia.gov/petroleum/supply/weekly/archive/2012/2012_08_29/csv/table9.csv,44.821,338.491,364.524,0.001,364.524,0.0,0.0,-26.033
2012_09_06,2012-08-31,44.915,357.098,https://www.eia.gov/petroleum/supply/weekly/archive/2012/2012_09_06/csv/table9.csv,44.915,331.065,357.098,0.001,357.098,0.0,0.0,-26.033
2012_09_12,2012-09-07,44.087,359.092,https://www.eia.gov/petroleum/supply/weekly/archive/2012/2012_09_12/csv/table9.csv,44.087,332.474,359.092,0.001,359.092,0.0,0.0,-26.618
2012_09_19,2012-09-14,43.813,367.626,https://www.eia.gov/petroleum/supply/weekly/archive/2012/2012_09_19/csv/table9.csv,43.813,341.008,367.626,0.001,367.626,0.0,0.0,-26.618
2012_09_26,2012-09-21,43.73,365.18,https://www.eia.gov/petroleum/supply/weekly/archive/2012/2012_09_26/csv/table9.csv,43.73,338.562,365.18,0.001,365.18,0.0,0.0,-26.618
2012_10_03,2012-09-28,43.865,364.698,https://www.eia.gov/petroleum/supply/weekly/archive/2012/2012_10_03/csv/table9.csv,43.865,338.08,364.698,0.001,364.698,0.0,0.0,-26.618
2012_10_11,2012-10-05,44.165,366.37,https://www.eia.gov/petroleum/supply/weekly/archive/2012/2012_10_11/csv/table9.csv,44.165,339.592,366.37,0.001,366.37,0.0,0.0,-26.778
2012_10_17,2012-10-12,44.025,369.23,https://www.eia.gov/petroleum/supply/weekly/archive/2012/2012_10_17/csv/table9.csv,44.025,342.452,369.23,0.001,369.23,0.0,0.0,-26.778
2012_10_24,2012-10-19,44.065,375.126,https://www.eia.gov/petroleum/supply/weekly/archive/2012/2012_10_24/csv/table9.csv,44.065,348.348,375.126,0.001,375.126,0.0,0.0,-26.778
2012_11_01,2012-10-26,43.394,373.081,https://www.eia.gov/petroleum/supply/weekly/archive/2012/2012_11_01/csv/table9.csv,43.394,346.303,373.081,0.001,373.081,0.0,0.0,-26.778
2012_11_07,2012-11-02,42.966,374.847,https://www.eia.gov/petroleum/supply/weekly/archive/2012/2012_11_07/csv/table9.csv,42.966,347.85,374.847,0.001,374.847,0.0,0.0,-26.997
2012_11_15,2012-11-09,43.681,375.936,https://www.eia.gov/petroleum/supply/weekly/archive/2012/2012_11_15/csv/table9.csv,43.681,348.939,375.936,0.001,375.936,0.0,0.0,-26.997
2012_11_21,2012-11-16,45.15,374.47,https://www.eia.gov/petroleum/supply/weekly/archive/2012/2012_11_21/csv/table9.csv,45.15,347.473,374.47,0.001,374.47,0.0,0.0,-26.997
2012_11_28,2012-11-23,45.857,374.123,https://www.eia.gov/petroleum/supply/weekly/archive/2012/2012_11_28/csv/table9.csv,45.857,347.126,374.123,0.001,374.123,0.0,0.0,-26.997
2012_12_05,2012-11-30,45.631,371.766,https://www.eia.gov/petroleum/supply/weekly/archive/2012/2012_12_05/csv/table9.csv,45.631,344.769,371.766,0.001,371.766,0.0,0.0,-26.997
2012_12_12,2012-12-07,46.818,372.609,https://www.eia.gov/petroleum/supply/weekly/archive/2012/2012_12_12/csv/table9.csv,46.818,344.909,372.609,0.001,372.609,0.0,0.0,-27.7
2012_12_19,2012-12-14,46.963,371.645,https://www.eia.gov/petroleum/supply/weekly/archive/2012/2012_12_19/csv/table9.csv,46.963,343.945,371.645,0.001,371.645,0.0,0.0,-27.7
2012_12_28,2012-12-21,49.177,371.059,https://www.eia.gov/petroleum/supply/weekly/archive/2012/2012_12_28/csv/table9.csv,49.177,343.359,371.059,0.001,371.059,0.0,0.0,-27.7
2013_01_04,2012-12-28,49.75,359.939,https://www.eia.gov/petroleum/supply/weekly/archive/2013/2013_01_04/csv/table9.csv,49.75,332.239,359.939,0.001,359.939,0.0,0.0,-27.7
2013_01_09,2013-01-04,50.082,361.253,https://www.eia.gov/petroleum/supply/weekly/archive/2013/2013_01_09/csv/table9.csv,50.082,333.131,361.253,0.001,361.253,0.0,0.0,-28.122
2013_01_16,2013-01-11,51.862,360.302,https://www.eia.gov/petroleum/supply/weekly/archive/2013/2013_01_16/csv/table9.csv,51.862,332.18,360.302,0.001,360.302,0.0,0.0,-28.122
2013_01_24,2013-01-18,51.391,363.115,https://www.eia.gov/petroleum/supply/weekly/archive/2013/2013_01_24/csv/table9.csv,51.391,334.993,363.115,0.001,363.115,0.0,0.0,-28.122
2013_01_30,2013-01-25,51.675,369.062,https://www.eia.gov/petroleum/supply/weekly/archive/2013/2013_01_30/csv/table9.csv,51.675,340.94,369.062,0.001,369.062,0.0,0.0,-28.122
2013_02_06,2013-02-01,51.36,371.685,https://www.eia.gov/petroleum/supply/weekly/archive/2013/2013_02_06/csv/table9.csv,51.36,343.274,371.685,0.001,371.685,0.0,0.0,-28.411
2013_02_13,2013-02-08,50.242,372.245,https://www.eia.gov/petroleum/supply/weekly/archive/2013/2013_02_13/csv/table9.csv,50.242,343.834,372.245,0.001,372.245,0.0,0.0,-28.411
2013_02_21,2013-02-15,50.659,376.388,https://www.eia.gov/petroleum/supply/weekly/archive/2013/2013_02_21/csv/table9.csv,50.659,347.977,376.388,0.001,376.388,0.0,0.0,-28.411
2013_02_27,2013-02-22,50.584,377.518,https://www.eia.gov/petroleum/supply/weekly/archive/2013/2013_02_27/csv/table9.csv,50.584,349.107,377.518,0.001,377.518,0.0,0.0,-28.411
2013_03_06,2013-03-01,50.841,381.351,https://www.eia.gov/petroleum/supply/weekly/archive/2013/2013_03_06/csv/table9.csv,50.841,352.843,381.351,0.001,381.351,0.0,0.0,-28.508
2013_03_13,2013-03-08,49.315,383.975,https://www.eia.gov/petroleum/supply/weekly/archive/2013/2013_03_13/csv/table9.csv,49.315,355.467,383.975,0.001,383.975,0.0,0.0,-28.508
2013_03_20,2013-03-15,49.029,382.661,https://www.eia.gov/petroleum/supply/weekly/archive/2013/2013_03_20/csv/table9.csv,49.029,354.153,382.661,0.001,382.661,0.0,0.0,-28.508
2013_03_27,2013-03-22,49.468,385.917,https://www.eia.gov/petroleum/supply/weekly/archive/2013/2013_03_27/csv/table9.csv,49.468,357.409,385.917,0.001,385.917,0.0,0.0,-28.508
2013_04_03,2013-03-29,49.181,388.624,https://www.eia.gov/petroleum/supply/weekly/archive/2013/2013_04_03/csv/table9.csv,49.181,360.116,388.624,0.001,388.624,0.0,0.0,-28.508
2013_04_10,2013-04-05,50.07,388.874,https://www.eia.gov/petroleum/supply/weekly/archive/2013/2013_04_10/csv/table9.csv,50.07,359.998,388.874,0.001,388.874,0.0,0.0,-28.876
2013_04_17,2013-04-12,51.148,387.641,https://www.eia.gov/petroleum/supply/weekly/archive/2013/2013_04_17/csv/table9.csv,51.148,358.765,387.641,0.001,387.641,0.0,0.0,-28.876
2013_04_24,2013-04-19,51.183,388.588,https://www.eia.gov/petroleum/supply/weekly/archive/2013/2013_04_24/csv/table9.csv,51.183,359.712,388.588,0.001,388.588,0.0,0.0,-28.876
2013_05_01,2013-04-26,49.801,395.284,https://www.eia.gov/petroleum/supply/weekly/archive/2013/2013_05_01/csv/table9.csv,49.801,366.408,395.284,0.001,395.284,0.0,0.0,-28.876
2013_05_08,2013-05-03,49.149,395.514,https://www.eia.gov/petroleum/supply/weekly/archive/2013/2013_05_08/csv/table9.csv,49.149,366.779,395.514,0.001,395.514,0.0,0.0,-28.735
2013_05_15,2013-05-10,49.724,394.89,https://www.eia.gov/petroleum/supply/weekly/archive/2013/2013_05_15/csv/table9.csv,49.724,366.155,394.89,0.001,394.89,0.0,0.0,-28.735
2013_05_22,2013-05-17,50.173,394.552,https://www.eia.gov/petroleum/supply/weekly/archive/2013/2013_05_22/csv/table9.csv,50.173,365.817,394.552,0.001,394.552,0.0,0.0,-28.735
2013_05_30,2013-05-24,50.508,397.552,https://www.eia.gov/petroleum/supply/weekly/archive/2013/2013_05_30/csv/table9.csv,50.508,368.817,397.552,0.001,397.552,0.0,0.0,-28.735
2013_06_05,2013-05-31,50.024,391.285,https://www.eia.gov/petroleum/supply/weekly/archive/2013/2013_06_05/csv/table9.csv,50.024,362.55,391.285,0.001,391.285,0.0,0.0,-28.735
2013_06_12,2013-06-07,49.265,393.808,https://www.eia.gov/petroleum/supply/weekly/archive/2013/2013_06_12/csv/table9.csv,49.265,365.179,393.808,0.001,393.808,0.0,0.0,-28.629
2013_06_19,2013-06-14,48.596,394.121,https://www.eia.gov/petroleum/supply/weekly/archive/2013/2013_06_19/csv/table9.csv,48.596,365.492,394.121,0.001,394.121,0.0,0.0,-28.629
2013_06_26,2013-06-21,49.26,394.139,https://www.eia.gov/petroleum/supply/weekly/archive/2013/2013_06_26/csv/table9.csv,49.26,365.51,394.139,0.001,394.139,0.0,0.0,-28.629
2013_07_03,2013-06-28,49.652,383.792,https://www.eia.gov/petroleum/supply/weekly/archive/2013/2013_07_03/csv/table9.csv,49.652,355.163,383.792,0.001,383.792,0.0,0.0,-28.629
2013_07_10,2013-07-05,46.965,373.918,https://www.eia.gov/petroleum/supply/weekly/archive/2013/2013_07_10/csv/table9.csv,46.965,345.426,373.918,0.001,373.918,0.0,0.0,-28.492
2013_07_17,2013-07-12,46.083,367.016,https://www.eia.gov/petroleum/supply/weekly/archive/2013/2013_07_17/csv/table9.csv,46.083,338.524,367.016,0.001,367.016,0.0,0.0,-28.492
2013_07_24,2013-07-19,44.023,364.191,https://www.eia.gov/petroleum/supply/weekly/archive/2013/2013_07_24/csv/table9.csv,44.023,335.699,364.191,0.001,364.191,0.0,0.0,-28.492
2013_07_31,2013-07-26,42.119,364.622,https://www.eia.gov/petroleum/supply/weekly/archive/2013/2013_07_31/csv/table9.csv,42.119,336.13,364.622,0.001,364.622,0.0,0.0,-28.492
2013_08_07,2013-08-02,39.874,363.302,https://www.eia.gov/petroleum/supply/weekly/archive/2013/2013_08_07/csv/table9.csv,39.874,334.699,363.302,0.001,363.302,0.0,0.0,-28.603
2013_08_14,2013-08-09,38.515,360.49,https://www.eia.gov/petroleum/supply/weekly/archive/2013/2013_08_14/csv/table9.csv,38.515,331.887,360.49,0.001,360.49,0.0,0.0,-28.603
2013_08_21,2013-08-16,37.425,359.062,https://www.eia.gov/petroleum/supply/weekly/archive/2013/2013_08_21/csv/table9.csv,37.425,330.459,359.062,0.001,359.062,0.0,0.0,-28.603
2013_08_28,2013-08-23,36.588,362.048,https://www.eia.gov/petroleum/supply/weekly/archive/2013/2013_08_28/csv/table9.csv,36.588,333.445,362.048,0.001,362.048,0.0,0.0,-28.603
2013_09_05,2013-08-30,34.759,360.212,https://www.eia.gov/petroleum/supply/weekly/archive/2013/2013_09_05/csv/table9.csv,34.759,331.609,360.212,0.001,360.212,0.0,0.0,-28.603
2013_09_11,2013-09-06,34.12,359.993,https://www.eia.gov/petroleum/supply/weekly/archive/2013/2013_09_11/csv/table9.csv,34.12,330.991,359.993,0.001,359.993,0.0,0.0,-29.002
2013_09_18,2013-09-13,33.259,355.625,https://www.eia.gov/petroleum/supply/weekly/archive/2013/2013_09_18/csv/table9.csv,33.259,326.623,355.625,0.001,355.625,0.0,0.0,-29.002
2013_09_25,2013-09-20,32.847,358.26,https://www.eia.gov/petroleum/supply/weekly/archive/2013/2013_09_25/csv/table9.csv,32.847,329.258,358.26,0.001,358.26,0.0,0.0,-29.002
2013_10_02,2013-09-27,32.788,363.732,https://www.eia.gov/petroleum/supply/weekly/archive/2013/2013_10_02/csv/table9.csv,32.788,334.73,363.732,0.001,363.732,0.0,0.0,-29.002
2013_10_09,2013-10-04,32.62,370.539,https://www.eia.gov/petroleum/supply/weekly/archive/2013/2013_10_09/csv/table9.csv,32.62,341.474,370.539,0.001,370.539,0.0,0.0,-29.065
2013_10_21,2013-10-11,32.986,374.538,https://www.eia.gov/petroleum/supply/weekly/archive/2013/2013_10_21/csv/table9.csv,32.986,345.473,374.538,0.001,374.538,0.0,0.0,-29.065
2013_10_23,2013-10-18,33.344,379.784,https://www.eia.gov/petroleum/supply/weekly/archive/2013/2013_10_23/csv/table9.csv,33.344,350.719,379.784,0.001,379.784,0.0,0.0,-29.065
2013_10_30,2013-10-25,35.522,383.871,https://www.eia.gov/petroleum/supply/weekly/archive/2013/2013_10_30/csv/table9.csv,35.522,354.806,383.871,0.001,383.871,0.0,0.0,-29.065
2013_11_06,2013-11-01,36.513,385.448,https://www.eia.gov/petroleum/supply/weekly/archive/2013/2013_11_06/csv/table9.csv,36.513,355.995,385.448,0.001,385.448,0.0,0.0,-29.453
2013_11_14,2013-11-08,38.204,388.088,https://www.eia.gov/petroleum/supply/weekly/archive/2013/2013_11_14/csv/table9.csv,38.204,358.635,388.088,0.001,388.088,0.0,0.0,-29.453
2013_11_20,2013-11-15,39.94,388.463,https://www.eia.gov/petroleum/supply/weekly/archive/2013/2013_11_20/csv/table9.csv,39.94,359.01,388.463,0.001,388.463,0.0,0.0,-29.453
2013_11_27,2013-11-22,40.616,391.416,https://www.eia.gov/petroleum/supply/weekly/archive/2013/2013_11_27/csv/table9.csv,40.616,361.963,391.416,0.001,391.416,0.0,0.0,-29.453
2013_12_04,2013-11-29,40.598,385.831,https://www.eia.gov/petroleum/supply/weekly/archive/2013/2013_12_04/csv/table9.csv,40.598,356.378,385.831,0.001,385.831,0.0,0.0,-29.453
2013_12_11,2013-12-06,41.223,375.246,https://www.eia.gov/petroleum/supply/weekly/archive/2013/2013_12_11/csv/table9.csv,41.223,345.374,375.246,0.001,375.246,0.0,0.0,-29.872
2013_12_18,2013-12-13,40.623,372.305,https://www.eia.gov/petroleum/supply/weekly/archive/2013/2013_12_18/csv/table9.csv,40.623,342.433,372.305,0.001,372.305,0.0,0.0,-29.872
2013_12_27,2013-12-20,40.177,367.574,https://www.eia.gov/petroleum/supply/weekly/archive/2013/2013_12_27/csv/table9.csv,40.177,337.702,367.574,0.001,367.574,0.0,0.0,-29.872
2014_01_03,2013-12-27,39.625,360.567,https://www.eia.gov/petroleum/supply/weekly/archive/2014/2014_01_03/csv/table9.csv,39.625,330.695,360.567,0.001,360.567,0.0,0.0,-29.872
2014_01_08,2014-01-03,40.725,357.892,https://www.eia.gov/petroleum/supply/weekly/archive/2014/2014_01_08/csv/table9.csv,40.725,326.737,357.892,0.001,357.892,0.0,0.0,-31.155
2014_01_15,2014-01-10,40.87,350.234,https://www.eia.gov/petroleum/supply/weekly/archive/2014/2014_01_15/csv/table9.csv,40.87,319.079,350.234,0.001,350.234,0.0,0.0,-31.155
2014_01_23,2014-01-17,41.592,351.224,https://www.eia.gov/petroleum/supply/weekly/archive/2014/2014_01_23/csv/table9.csv,41.592,320.069,351.224,0.001,351.224,0.0,0.0,-31.155
2014_01_29,2014-01-24,41.829,357.645,https://www.eia.gov/petroleum/supply/weekly/archive/2014/2014_01_29/csv/table9.csv,41.829,326.49,357.645,0.001,357.645,0.0,0.0,-31.155
2014_02_05,2014-01-31,40.276,358.085,https://www.eia.gov/petroleum/supply/weekly/archive/2014/2014_02_05/csv/table9.csv,40.276,326.93,358.085,0.001,358.085,0.0,0.0,-31.155
2014_02_12,2014-02-07,37.603,361.352,https://www.eia.gov/petroleum/supply/weekly/archive/2014/2014_02_12/csv/table9.csv,37.603,329.983,361.352,0.001,361.352,0.0,0.0,-31.369
2014_02_20,2014-02-14,35.87,362.325,https://www.eia.gov/petroleum/supply/weekly/archive/2014/2014_02_20/csv/table9.csv,35.87,330.956,362.325,0.001,362.325,0.0,0.0,-31.369
2014_02_26,2014-02-21,34.792,362.393,https://www.eia.gov/petroleum/supply/weekly/archive/2014/2014_02_26/csv/table9.csv,34.792,331.024,362.393,0.001,362.393,0.0,0.0,-31.369
2014_03_05,2014-02-28,32.132,363.822,https://www.eia.gov/petroleum/supply/weekly/archive/2014/2014_03_05/csv/table9.csv,32.132,332.453,363.822,0.001,363.822,0.0,0.0,-31.369
2014_03_12,2014-03-07,30.791,370.002,https://www.eia.gov/petroleum/supply/weekly/archive/2014/2014_03_12/csv/table9.csv,30.791,338.333,370.002,0.001,370.002,0.0,0.0,-31.669
2014_03_19,2014-03-14,29.802,375.852,https://www.eia.gov/petroleum/supply/weekly/archive/2014/2014_03_19/csv/table9.csv,29.802,344.183,375.852,0.001,375.852,0.0,0.0,-31.669
2014_03_26,2014-03-21,28.477,382.471,https://www.eia.gov/petroleum/supply/weekly/archive/2014/2014_03_26/csv/table9.csv,28.477,350.802,382.471,0.001,382.471,0.0,0.0,-31.669
2014_04_02,2014-03-28,27.254,380.092,https://www.eia.gov/petroleum/supply/weekly/archive/2014/2014_04_02/csv/table9.csv,27.254,348.423,380.092,0.001,380.092,0.0,0.0,-31.669
2014_04_09,2014-04-04,27.599,384.122,https://www.eia.gov/petroleum/supply/weekly/archive/2014/2014_04_09/csv/table9.csv,27.599,352.341,384.122,0.001,384.122,0.0,0.0,-31.781
2014_04_16,2014-04-11,26.828,394.135,https://www.eia.gov/petroleum/supply/weekly/archive/2014/2014_04_16/csv/table9.csv,26.828,362.354,394.135,0.001,394.135,0.0,0.0,-31.781
2014_04_23,2014-04-18,26.04,397.659,https://www.eia.gov/petroleum/supply/weekly/archive/2014/2014_04_23/csv/table9.csv,26.04,365.878,397.659,0.001,397.659,0.0,0.0,-31.781
2014_04_30,2014-04-25,25.428,399.357,https://www.eia.gov/petroleum/supply/weekly/archive/2014/2014_04_30/csv/table9.csv,25.428,367.576,399.357,0.001,399.357,0.0,0.0,-31.781
2014_05_07,2014-05-02,24.033,397.576,https://www.eia.gov/petroleum/supply/weekly/archive/2014/2014_05_07/csv/table9.csv,24.033,366.004,397.576,0.001,397.576,0.0,0.0,-31.572
2014_05_14,2014-05-09,23.441,398.523,https://www.eia.gov/petroleum/supply/weekly/archive/2014/2014_05_14/csv/table9.csv,23.441,366.951,398.523,0.001,398.523,0.0,0.0,-31.572
2014_05_21,2014-05-16,23.216,391.297,https://www.eia.gov/petroleum/supply/weekly/archive/2014/2014_05_21/csv/table9.csv,23.216,359.725,391.297,0.001,391.297,0.0,0.0,-31.572
2014_05_29,2014-05-23,21.691,392.954,https://www.eia.gov/petroleum/supply/weekly/archive/2014/2014_05_29/csv/table9.csv,21.691,361.382,392.954,0.001,392.954,0.0,0.0,-31.572
2014_06_04,2014-05-30,21.37,389.523,https://www.eia.gov/petroleum/supply/weekly/archive/2014/2014_06_04/csv/table9.csv,21.37,357.951,389.523,0.001,389.523,0.0,0.0,-31.572
2014_06_11,2014-06-06,21.172,386.927,https://www.eia.gov/petroleum/supply/weekly/archive/2014/2014_06_11/csv/table9.csv,21.172,355.221,386.927,0.001,386.927,0.0,0.0,-31.706
2014_06_18,2014-06-13,21.419,386.348,https://www.eia.gov/petroleum/supply/weekly/archive/2014/2014_06_18/csv/table9.csv,21.419,354.642,386.348,0.001,386.348,0.0,0.0,-31.706
2014_06_25,2014-06-20,21.835,388.09,https://www.eia.gov/petroleum/supply/weekly/archive/2014/2014_06_25/csv/table9.csv,21.835,356.384,388.09,0.001,388.09,0.0,0.0,-31.706
2014_07_02,2014-06-27,20.476,384.935,https://www.eia.gov/petroleum/supply/weekly/archive/2014/2014_07_02/csv/table9.csv,20.476,353.229,384.935,0.001,384.935,0.0,0.0,-31.706
2014_07_09,2014-07-04,20.923,382.565,https://www.eia.gov/petroleum/supply/weekly/archive/2014/2014_07_09/csv/table9.csv,20.923,350.822,382.565,0.001,382.565,0.0,0.0,-31.743
2014_07_16,2014-07-11,20.273,375.04,https://www.eia.gov/petroleum/supply/weekly/archive/2014/2014_07_16/csv/table9.csv,20.273,343.297,375.04,0.001,375.04,0.0,0.0,-31.743
2014_07_23,2014-07-18,18.823,371.071,https://www.eia.gov/petroleum/supply/weekly/archive/2014/2014_07_23/csv/table9.csv,18.823,339.328,371.071,0.001,371.071,0.0,0.0,-31.743
2014_07_30,2014-07-25,17.899,367.374,https://www.eia.gov/petroleum/supply/weekly/archive/2014/2014_07_30/csv/table9.csv,17.899,335.631,367.374,0.001,367.374,0.0,0.0,-31.743
2014_08_06,2014-08-01,17.982,365.618,https://www.eia.gov/petroleum/supply/weekly/archive/2014/2014_08_06/csv/table9.csv,17.982,334.167,365.618,0.001,365.618,0.0,0.0,-31.451
2014_08_13,2014-08-08,18.4,367.019,https://www.eia.gov/petroleum/supply/weekly/archive/2014/2014_08_13/csv/table9.csv,18.4,335.568,367.019,0.001,367.019,0.0,0.0,-31.451
2014_08_20,2014-08-15,20.155,362.545,https://www.eia.gov/petroleum/supply/weekly/archive/2014/2014_08_20/csv/table9.csv,20.155,331.094,362.545,0.001,362.545,0.0,0.0,-31.451
2014_08_27,2014-08-22,20.663,360.475,https://www.eia.gov/petroleum/supply/weekly/archive/2014/2014_08_27/csv/table9.csv,20.663,329.024,360.475,0.001,360.475,0.0,0.0,-31.451
2014_09_04,2014-08-29,20.278,359.57,https://www.eia.gov/petroleum/supply/weekly/archive/2014/2014_09_04/csv/table9.csv,20.278,328.119,359.57,0.001,359.57,0.0,0.0,-31.451
2014_09_10,2014-09-05,20.356,358.598,https://www.eia.gov/petroleum/supply/weekly/archive/2014/2014_09_10/csv/table9.csv,20.356,327.428,358.598,0.001,358.598,0.0,0.0,-31.17
2014_09_17,2014-09-12,19.999,362.271,https://www.eia.gov/petroleum/supply/weekly/archive/2014/2014_09_17/csv/table9.csv,19.999,331.101,362.271,0.001,362.271,0.0,0.0,-31.17
2014_09_24,2014-09-19,20.19,357.998,https://www.eia.gov/petroleum/supply/weekly/archive/2014/2014_09_24/csv/table9.csv,20.19,326.828,357.998,0.001,357.998,0.0,0.0,-31.17
2014_10_01,2014-09-26,20.505,356.635,https://www.eia.gov/petroleum/supply/weekly/archive/2014/2014_10_01/csv/table9.csv,20.505,325.465,356.635,0.001,356.635,0.0,0.0,-31.17
2014_10_08,2014-10-03,18.929,361.65,https://www.eia.gov/petroleum/supply/weekly/archive/2014/2014_10_08/csv/table9.csv,18.929,330.38,361.65,0.001,361.65,0.0,0.0,-31.27
2014_10_16,2014-10-10,19.645,370.573,https://www.eia.gov/petroleum/supply/weekly/archive/2014/2014_10_16/csv/table9.csv,19.645,339.303,370.573,0.001,370.573,0.0,0.0,-31.27
2014_10_22,2014-10-17,20.598,377.684,https://www.eia.gov/petroleum/supply/weekly/archive/2014/2014_10_22/csv/table9.csv,20.598,346.414,377.684,0.001,377.684,0.0,0.0,-31.27
2014_10_29,2014-10-24,21.374,379.745,https://www.eia.gov/petroleum/supply/weekly/archive/2014/2014_10_29/csv/table9.csv,21.374,348.475,379.745,0.001,379.745,0.0,0.0,-31.27
2014_11_05,2014-10-31,20.823,380.205,https://www.eia.gov/petroleum/supply/weekly/archive/2014/2014_11_05/csv/table9.csv,20.823,348.935,380.205,0.001,380.205,0.0,0.0,-31.27
2014_11_13,2014-11-07,22.527,378.47,https://www.eia.gov/petroleum/supply/weekly/archive/2014/2014_11_13/csv/table9.csv,22.527,346.15,378.47,0.001,378.47,0.0,0.0,-32.32
2014_11_19,2014-11-14,23.245,381.078,https://www.eia.gov/petroleum/supply/weekly/archive/2014/2014_11_19/csv/table9.csv,23.245,348.758,381.078,0.001,381.078,0.0,0.0,-32.32
2014_11_26,2014-11-21,24.579,383.024,https://www.eia.gov/petroleum/supply/weekly/archive/2014/2014_11_26/csv/table9.csv,24.579,350.704,383.024,0.001,383.024,0.0,0.0,-32.32
2014_12_03,2014-11-28,23.885,379.335,https://www.eia.gov/petroleum/supply/weekly/archive/2014/2014_12_03/csv/table9.csv,23.885,347.015,379.335,0.001,379.335,0.0,0.0,-32.32
2014_12_10,2014-12-05,24.905,380.789,https://www.eia.gov/petroleum/supply/weekly/archive/2014/2014_12_10/csv/table9.csv,24.905,348.313,380.789,0.001,380.789,0.0,0.0,-32.476
2014_12_17,2014-12-12,27.825,379.942,https://www.eia.gov/petroleum/supply/weekly/archive/2014/2014_12_17/csv/table9.csv,27.825,347.466,379.942,0.001,379.942,0.0,0.0,-32.476
2014_12_24,2014-12-19,28.798,387.209,https://www.eia.gov/petroleum/supply/weekly/archive/2014/2014_12_24/csv/table9.csv,28.798,354.733,387.209,0.001,387.209,0.0,0.0,-32.476
2014_12_31,2014-12-26,30.793,385.455,https://www.eia.gov/petroleum/supply/weekly/archive/2014/2014_12_31/csv/table9.csv,30.793,352.979,385.455,0.001,385.455,0.0,0.0,-32.476
2015_01_07,2015-01-02,32.098,382.393,https://www.eia.gov/petroleum/supply/weekly/archive/2015/2015_01_07/csv/table9.csv,32.098,348.806,382.393,0.001,382.393,0.0,0.0,-33.587
2015_01_14,2015-01-09,33.874,387.782,https://www.eia.gov/petroleum/supply/weekly/archive/2015/2015_01_14/csv/table9.csv,33.874,354.195,387.782,0.001,387.782,0.0,0.0,-33.587
2015_01_22,2015-01-16,36.783,397.853,https://www.eia.gov/petroleum/supply/weekly/archive/2015/2015_01_22/csv/table9.csv,36.783,364.266,397.853,0.001,397.853,0.0,0.0,-33.587
2015_01_28,2015-01-23,38.868,406.727,https://www.eia.gov/petroleum/supply/weekly/archive/2015/2015_01_28/csv/table9.csv,38.868,373.14,406.727,0.001,406.727,0.0,0.0,-33.587
2015_02_04,2015-01-30,41.384,413.06,https://www.eia.gov/petroleum/supply/weekly/archive/2015/2015_02_04/csv/table9.csv,41.384,379.473,413.06,0.001,413.06,0.0,0.0,-33.587
2015_02_11,2015-02-06,42.598,417.928,https://www.eia.gov/petroleum/supply/weekly/archive/2015/2015_02_11/csv/table9.csv,42.598,383.8,417.928,0.001,417.928,0.0,0.0,-34.128
2015_02_19,2015-02-13,46.261,425.644,https://www.eia.gov/petroleum/supply/weekly/archive/2015/2015_02_19/csv/table9.csv,46.261,391.516,425.644,0.001,425.644,0.0,0.0,-34.128
2015_02_25,2015-02-20,48.68,434.071,https://www.eia.gov/petroleum/supply/weekly/archive/2015/2015_02_25/csv/table9.csv,48.68,399.943,434.071,0.001,434.071,0.0,0.0,-34.128
2015_03_04,2015-02-27,49.216,444.374,https://www.eia.gov/petroleum/supply/weekly/archive/2015/2015_03_04/csv/table9.csv,49.216,410.246,444.374,0.001,444.374,0.0,0.0,-34.128
2015_03_11,2015-03-06,51.538,448.886,https://www.eia.gov/petroleum/supply/weekly/archive/2015/2015_03_11/csv/table9.csv,51.538,415.425,448.886,0.001,448.886,0.0,0.0,-33.461
2015_03_18,2015-03-13,54.403,458.508,https://www.eia.gov/petroleum/supply/weekly/archive/2015/2015_03_18/csv/table9.csv,54.403,425.047,458.508,0.001,458.508,0.0,0.0,-33.461
2015_03_25,2015-03-20,56.314,466.678,https://www.eia.gov/petroleum/supply/weekly/archive/2015/2015_03_25/csv/table9.csv,56.314,433.217,466.678,0.001,466.678,0.0,0.0,-33.461
2015_04_01,2015-03-27,58.943,471.444,https://www.eia.gov/petroleum/supply/weekly/archive/2015/2015_04_01/csv/table9.csv,58.943,437.983,471.444,0.001,471.444,0.0,0.0,-33.461
2015_04_08,2015-04-03,60.175,482.393,https://www.eia.gov/petroleum/supply/weekly/archive/2015/2015_04_08/csv/table9.csv,60.175,449.662,482.393,0.001,482.393,0.0,0.0,-32.731
2015_04_15,2015-04-10,61.462,483.687,https://www.eia.gov/petroleum/supply/weekly/archive/2015/2015_04_15/csv/table9.csv,61.462,450.956,483.687,0.001,483.687,0.0,0.0,-32.731
2015_04_22,2015-04-17,62.2,489.002,https://www.eia.gov/petroleum/supply/weekly/archive/2015/2015_04_22/csv/table9.csv,62.2,456.271,489.002,0.001,489.002,0.0,0.0,-32.731
2015_04_29,2015-04-24,61.686,490.912,https://www.eia.gov/petroleum/supply/weekly/archive/2015/2015_04_29/csv/table9.csv,61.686,458.181,490.912,0.001,490.912,0.0,0.0,-32.731
2015_05_06,2015-05-01,61.674,487.03,https://www.eia.gov/petroleum/supply/weekly/archive/2015/2015_05_06/csv/table9.csv,61.674,454.079,487.03,0.001,487.03,0.0,0.0,-32.951
2015_05_13,2015-05-08,60.684,484.839,https://www.eia.gov/petroleum/supply/weekly/archive/2015/2015_05_13/csv/table9.csv,60.684,451.888,484.839,0.001,484.839,0.0,0.0,-32.951
2015_05_20,2015-05-15,60.443,482.165,https://www.eia.gov/petroleum/supply/weekly/archive/2015/2015_05_20/csv/table9.csv,60.443,449.214,482.165,0.001,482.165,0.0,0.0,-32.951
2015_05_28,2015-05-22,60.01,479.363,https://www.eia.gov/petroleum/supply/weekly/archive/2015/2015_05_28/csv/table9.csv,60.01,446.412,479.363,0.001,479.363,0.0,0.0,-32.951
2015_06_03,2015-05-29,59.027,477.415,https://www.eia.gov/petroleum/supply/weekly/archive/2015/2015_06_03/csv/table9.csv,59.027,444.464,477.415,0.001,477.415,0.0,0.0,-32.951
2015_06_10,2015-06-05,58.003,470.603,https://www.eia.gov/petroleum/supply/weekly/archive/2015/2015_06_10/csv/table9.csv,58.003,438.447,470.603,0.001,470.603,0.0,0.0,-32.156
2015_06_17,2015-06-12,58.115,467.927,https://www.eia.gov/petroleum/supply/weekly/archive/2015/2015_06_17/csv/table9.csv,58.115,435.771,467.927,0.001,467.927,0.0,0.0,-32.156
2015_06_24,2015-06-19,56.245,462.993,https://www.eia.gov/petroleum/supply/weekly/archive/2015/2015_06_24/csv/table9.csv,56.245,430.837,462.993,0.001,462.993,0.0,0.0,-32.156
2015_07_01,2015-06-26,56.368,465.379,https://www.eia.gov/petroleum/supply/weekly/archive/2015/2015_07_01/csv/table9.csv,56.368,433.223,465.379,0.001,465.379,0.0,0.0,-32.156
2015_07_08,2015-07-03,56.667,465.763,https://www.eia.gov/petroleum/supply/weekly/archive/2015/2015_07_08/csv/table9.csv,56.667,433.714,465.763,0.001,465.763,0.0,0.0,-32.049
2015_07_15,2015-07-10,57.105,461.417,https://www.eia.gov/petroleum/supply/weekly/archive/2015/2015_07_15/csv/table9.csv,57.105,429.368,461.417,0.001,461.417,0.0,0.0,-32.049
2015_07_22,2015-07-17,57.918,463.885,https://www.eia.gov/petroleum/supply/weekly/archive/2015/2015_07_22/csv/table9.csv,57.918,431.836,463.885,0.001,463.885,0.0,0.0,-32.049
2015_07_29,2015-07-24,57.706,459.682,https://www.eia.gov/petroleum/supply/weekly/archive/2015/2015_07_29/csv/table9.csv,57.706,427.633,459.682,0.001,459.682,0.0,0.0,-32.049
2015_08_05,2015-07-31,57.164,455.275,https://www.eia.gov/petroleum/supply/weekly/archive/2015/2015_08_05/csv/table9.csv,57.164,423.226,455.275,0.001,455.275,0.0,0.0,-32.049
2015_08_12,2015-08-07,57.113,453.593,https://www.eia.gov/petroleum/supply/weekly/archive/2015/2015_08_12/csv/table9.csv,57.113,421.822,453.593,0.001,453.593,0.0,0.0,-31.771
2015_08_19,2015-08-14,57.439,456.213,https://www.eia.gov/petroleum/supply/weekly/archive/2015/2015_08_19/csv/table9.csv,57.439,424.442,456.213,0.001,456.213,0.0,0.0,-31.771
2015_08_26,2015-08-21,57.695,450.761,https://www.eia.gov/petroleum/supply/weekly/archive/2015/2015_08_26/csv/table9.csv,57.695,418.99,450.761,0.001,450.761,0.0,0.0,-31.771
2015_09_02,2015-08-28,57.307,455.428,https://www.eia.gov/petroleum/supply/weekly/archive/2015/2015_09_02/csv/table9.csv,57.307,423.657,455.428,0.001,455.428,0.0,0.0,-31.771
2015_09_10,2015-09-04,56.41,457.998,https://www.eia.gov/petroleum/supply/weekly/archive/2015/2015_09_10/csv/table9.csv,56.41,426.062,457.998,0.001,457.998,0.0,0.0,-31.936
2015_09_16,2015-09-11,54.504,455.894,https://www.eia.gov/petroleum/supply/weekly/archive/2015/2015_09_16/csv/table9.csv,54.504,423.958,455.894,0.001,455.894,0.0,0.0,-31.936
2015_09_23,2015-09-18,54.042,453.969,https://www.eia.gov/petroleum/supply/weekly/archive/2015/2015_09_23/csv/table9.csv,54.042,422.033,453.969,0.001,453.969,0.0,0.0,-31.936
2015_09_30,2015-09-25,52.974,457.924,https://www.eia.gov/petroleum/supply/weekly/archive/2015/2015_09_30/csv/table9.csv,52.974,425.988,457.924,0.001,457.924,0.0,0.0,-31.936
2015_10_07,2015-10-02,53.072,460.997,https://www.eia.gov/petroleum/supply/weekly/archive/2015/2015_10_07/csv/table9.csv,53.072,429.028,460.997,0.001,460.997,0.0,0.0,-31.969
2015_10_15,2015-10-09,54.197,468.559,https://www.eia.gov/petroleum/supply/weekly/archive/2015/2015_10_15/csv/table9.csv,54.197,436.59,468.559,0.001,468.559,0.0,0.0,-31.969
2015_10_21,2015-10-16,54.119,476.587,https://www.eia.gov/petroleum/supply/weekly/archive/2015/2015_10_21/csv/table9.csv,54.119,444.618,476.587,0.001,476.587,0.0,0.0,-31.969
2015_10_28,2015-10-23,53.334,479.963,https://www.eia.gov/petroleum/supply/weekly/archive/2015/2015_10_28/csv/table9.csv,53.334,447.994,479.963,0.001,479.963,0.0,0.0,-31.969
2015_11_04,2015-10-30,53.122,482.81,https://www.eia.gov/petroleum/supply/weekly/archive/2015/2015_11_04/csv/table9.csv,53.122,450.841,482.81,0.001,482.81,0.0,0.0,-31.969
2015_11_12,2015-11-06,55.359,487.034,https://www.eia.gov/petroleum/supply/weekly/archive/2015/2015_11_12/csv/table9.csv,55.359,454.822,487.034,0.001,487.034,0.0,0.0,-32.212
2015_11_18,2015-11-13,56.854,487.286,https://www.eia.gov/petroleum/supply/weekly/archive/2015/2015_11_18/csv/table9.csv,56.854,455.074,487.286,0.001,487.286,0.0,0.0,-32.212
2015_11_25,2015-11-20,58.598,488.247,https://www.eia.gov/petroleum/supply/weekly/archive/2015/2015_11_25/csv/table9.csv,58.598,456.035,488.247,0.001,488.247,0.0,0.0,-32.212
2015_12_02,2015-11-27,59.026,489.424,https://www.eia.gov/petroleum/supply/weekly/archive/2015/2015_12_02/csv/table9.csv,59.026,457.212,489.424,0.001,489.424,0.0,0.0,-32.212
2015_12_09,2015-12-04,59.449,485.856,https://www.eia.gov/petroleum/supply/weekly/archive/2015/2015_12_09/csv/table9.csv,59.449,453.553,485.856,0.001,485.856,0.0,0.0,-32.303
2015_12_16,2015-12-11,60.056,490.657,https://www.eia.gov/petroleum/supply/weekly/archive/2015/2015_12_16/csv/table9.csv,60.056,458.354,490.657,0.001,490.657,0.0,0.0,-32.303
2015_12_23,2015-12-18,62.101,484.78,https://www.eia.gov/petroleum/supply/weekly/archive/2015/2015_12_23/csv/table9.csv,62.101,452.477,484.78,0.001,484.78,0.0,0.0,-32.303
2015_12_30,2015-12-25,62.993,487.409,https://www.eia.gov/petroleum/supply/weekly/archive/2015/2015_12_30/csv/table9.csv,62.993,455.106,487.409,0.001,487.409,0.0,0.0,-32.303
2016_01_06,2016-01-01,63.91,482.324,https://www.eia.gov/petroleum/supply/weekly/archive/2016/2016_01_06/csv/table9.csv,63.91,450.956,482.324,0.001,482.324,0.0,0.0,-31.368
2016_01_13,2016-01-08,64.007,482.558,https://www.eia.gov/petroleum/supply/weekly/archive/2016/2016_01_13/csv/table9.csv,64.007,451.19,482.558,0.001,482.558,0.0,0.0,-31.368
2016_01_21,2016-01-15,64.198,486.537,https://www.eia.gov/petroleum/supply/weekly/archive/2016/2016_01_21/csv/table9.csv,64.198,455.169,486.537,0.001,486.537,0.0,0.0,-31.368
2016_01_27,2016-01-22,63.427,494.92,https://www.eia.gov/petroleum/supply/weekly/archive/2016/2016_01_27/csv/table9.csv,63.427,463.552,494.92,0.001,494.92,0.0,0.0,-31.368
2016_02_03,2016-01-29,64.174,502.712,https://www.eia.gov/petroleum/supply/weekly/archive/2016/2016_02_03/csv/table9.csv,64.174,471.344,502.712,0.001,502.712,0.0,0.0,-31.368
2016_02_10,2016-02-05,64.697,501.958,https://www.eia.gov/petroleum/supply/weekly/archive/2016/2016_02_10/csv/table9.csv,64.697,470.676,501.958,0.001,501.958,0.0,0.0,-31.282
2016_02_18,2016-02-12,64.733,504.105,https://www.eia.gov/petroleum/supply/weekly/archive/2016/2016_02_18/csv/table9.csv,64.733,472.823,504.105,0.001,504.105,0.0,0.0,-31.282
2016_02_24,2016-02-19,65.066,507.607,https://www.eia.gov/petroleum/supply/weekly/archive/2016/2016_02_24/csv/table9.csv,65.066,476.325,507.607,0.001,507.607,0.0,0.0,-31.282
2016_03_02,2016-02-26,66.256,517.981,https://www.eia.gov/petroleum/supply/weekly/archive/2016/2016_03_02/csv/table9.csv,66.256,486.699,517.981,0.001,517.981,0.0,0.0,-31.282
2016_03_09,2016-03-04,66.946,521.861,https://www.eia.gov/petroleum/supply/weekly/archive/2016/2016_03_09/csv/table9.csv,66.946,490.843,521.861,0.001,521.861,0.0,0.0,-31.018
2016_03_16,2016-03-11,67.491,523.178,https://www.eia.gov/petroleum/supply/weekly/archive/2016/2016_03_16/csv/table9.csv,67.491,492.16,523.178,0.001,523.178,0.0,0.0,-31.018
2016_03_23,2016-03-18,66.233,532.535,https://www.eia.gov/petroleum/supply/weekly/archive/2016/2016_03_23/csv/table9.csv,66.233,501.517,532.535,0.001,532.535,0.0,0.0,-31.018
2016_03_30,2016-03-25,65.961,534.834,https://www.eia.gov/petroleum/supply/weekly/archive/2016/2016_03_30/csv/table9.csv,65.961,503.816,534.834,0.001,534.834,0.0,0.0,-31.018
2016_04_06,2016-04-01,66.318,529.897,https://www.eia.gov/petroleum/supply/weekly/archive/2016/2016_04_06/csv/table9.csv,66.318,498.598,529.897,0.001,529.897,0.0,0.0,-31.299
2016_04_13,2016-04-08,64.551,536.531,https://www.eia.gov/petroleum/supply/weekly/archive/2016/2016_04_13/csv/table9.csv,64.551,505.232,536.531,0.001,536.531,0.0,0.0,-31.299
2016_04_20,2016-04-15,64.303,538.611,https://www.eia.gov/petroleum/supply/weekly/archive/2016/2016_04_20/csv/table9.csv,64.303,507.312,538.611,0.001,538.611,0.0,0.0,-31.299
2016_04_27,2016-04-22,66.049,540.61,https://www.eia.gov/petroleum/supply/weekly/archive/2016/2016_04_27/csv/table9.csv,66.049,509.311,540.61,0.001,540.61,0.0,0.0,-31.299
2016_05_04,2016-04-29,66.292,543.394,https://www.eia.gov/petroleum/supply/weekly/archive/2016/2016_05_04/csv/table9.csv,66.292,512.095,543.394,0.001,543.394,0.0,0.0,-31.299
2016_05_11,2016-05-06,67.812,539.984,https://www.eia.gov/petroleum/supply/weekly/archive/2016/2016_05_11/csv/table9.csv,67.812,508.487,539.984,0.001,539.984,0.0,0.0,-31.497
2016_05_18,2016-05-13,68.273,541.294,https://www.eia.gov/petroleum/supply/weekly/archive/2016/2016_05_18/csv/table9.csv,68.273,509.797,541.294,0.001,541.294,0.0,0.0,-31.497
2016_05_25,2016-05-20,67.624,537.068,https://www.eia.gov/petroleum/supply/weekly/archive/2016/2016_05_25/csv/table9.csv,67.624,505.571,537.068,0.001,537.068,0.0,0.0,-31.497
2016_06_02,2016-05-27,66.92,535.702,https://www.eia.gov/petroleum/supply/weekly/archive/2016/2016_06_02/csv/table9.csv,66.92,504.205,535.702,0.001,535.702,0.0,0.0,-31.497
2016_06_08,2016-06-03,65.557,532.476,https://www.eia.gov/petroleum/supply/weekly/archive/2016/2016_06_08/csv/table9.csv,65.557,501.844,532.476,0.001,532.476,0.0,0.0,-30.632
2016_06_15,2016-06-10,66.461,531.543,https://www.eia.gov/petroleum/supply/weekly/archive/2016/2016_06_15/csv/table9.csv,66.461,500.911,531.543,0.001,531.543,0.0,0.0,-30.632
2016_06_22,2016-06-17,65.181,530.626,https://www.eia.gov/petroleum/supply/weekly/archive/2016/2016_06_22/csv/table9.csv,65.181,499.994,530.626,0.001,530.626,0.0,0.0,-30.632
2016_06_29,2016-06-24,64.23,526.573,https://www.eia.gov/petroleum/supply/weekly/archive/2016/2016_06_29/csv/table9.csv,64.23,495.941,526.573,0.001,526.573,0.0,0.0,-30.632
2016_07_07,2016-07-01,64.148,524.35,https://www.eia.gov/petroleum/supply/weekly/archive/2016/2016_07_07/csv/table9.csv,64.148,493.718,524.35,0.001,524.35,0.0,0.0,-30.632
2016_07_13,2016-07-08,63.916,521.804,https://www.eia.gov/petroleum/supply/weekly/archive/2016/2016_07_13/csv/table9.csv,63.916,491.172,521.804,0.001,521.804,0.0,0.0,-30.632
2016_07_20,2016-07-15,64.105,519.462,https://www.eia.gov/petroleum/supply/weekly/archive/2016/2016_07_20/csv/table9.csv,64.105,488.83,519.462,0.001,519.462,0.0,0.0,-30.632
2016_07_27,2016-07-22,65.215,521.133,https://www.eia.gov/petroleum/supply/weekly/archive/2016/2016_07_27/csv/table9.csv,65.215,490.501,521.133,0.001,521.133,0.0,0.0,-30.632
2016_08_03,2016-07-29,64.092,522.546,https://www.eia.gov/petroleum/supply/weekly/archive/2016/2016_08_03/csv/table9.csv,64.092,491.914,522.546,0.001,522.546,0.0,0.0,-30.632
2016_08_10,2016-08-05,65.255,523.601,https://www.eia.gov/petroleum/supply/weekly/archive/2016/2016_08_10/csv/table9.csv,65.255,492.969,523.601,0.001,523.601,0.0,0.0,-30.632
2016_08_17,2016-08-12,64.531,521.093,https://www.eia.gov/petroleum/supply/weekly/archive/2016/2016_08_17/csv/table9.csv,64.531,490.461,521.093,0.001,521.093,0.0,0.0,-30.632
2016_08_24,2016-08-19,64.906,523.594,https://www.eia.gov/petroleum/supply/weekly/archive/2016/2016_08_24/csv/table9.csv,64.906,492.962,523.594,0.001,523.594,0.0,0.0,-30.632
2016_08_31,2016-08-26,63.867,525.87,https://www.eia.gov/petroleum/supply/weekly/archive/2016/2016_08_31/csv/table9.csv,63.867,495.238,525.87,0.001,525.87,0.0,0.0,-30.632
2016_09_08,2016-09-02,63.433,511.357,https://www.eia.gov/petroleum/supply/weekly/archive/2016/2016_09_08/csv/table9.csv,63.433,480.725,511.357,0.001,511.357,0.0,0.0,-30.632
2016_09_14,2016-09-09,62.188,510.798,https://www.eia.gov/petroleum/supply/weekly/archive/2016/2016_09_14/csv/table9.csv,62.188,480.166,510.798,0.001,510.798,0.0,0.0,-30.632
2016_09_21,2016-09-16,62.714,504.598,https://www.eia.gov/petroleum/supply/weekly/archive/2016/2016_09_21/csv/table9.csv,62.714,473.966,504.598,0.001,504.598,0.0,0.0,-30.632
2016_09_28,2016-09-23,62.083,502.716,https://www.eia.gov/petroleum/supply/weekly/archive/2016/2016_09_28/csv/table9.csv,62.083,472.084,502.716,0.001,502.716,0.0,0.0,-30.632
2016_10_05,2016-09-30,62.652,499.74,https://www.eia.gov/petroleum/supply/weekly/archive/2016/2016_10_05/csv/table9.csv,62.652,469.108,499.74,0.001,499.74,0.0,0.0,-30.632
2016_10_13,2016-10-07,61.334,473.958,https://www.eia.gov/petroleum/supply/weekly/archive/2016/2016_10_13/csv/table9.csv,61.334,473.958,,0.001,473.958,0.0,0.0,0.0
2016_10_19,2016-10-14,59.699,468.711,https://www.eia.gov/petroleum/supply/weekly/archive/2016/2016_10_19/csv/table9.csv,59.699,468.711,,0.001,468.711,0.0,0.0,0.0
2016_10_26,2016-10-21,58.362,468.158,https://www.eia.gov/petroleum/supply/weekly/archive/2016/2016_10_26/csv/table9.csv,58.362,468.158,,0.001,468.158,0.0,0.0,0.0
2016_11_02,2016-10-28,58.451,482.578,https://www.eia.gov/petroleum/supply/weekly/archive/2016/2016_11_02/csv/table9.csv,58.451,482.578,,0.001,482.578,0.0,0.0,0.0
2016_11_09,2016-11-04,58.479,485.01,https://www.eia.gov/petroleum/supply/weekly/archive/2016/2016_11_09/csv/table9.csv,58.479,485.01,,0.001,485.01,0.0,0.0,0.0
2016_11_16,2016-11-11,59.17,490.284,https://www.eia.gov/petroleum/supply/weekly/archive/2016/2016_11_16/csv/table9.csv,59.17,490.284,,0.001,490.284,0.0,0.0,0.0
2016_11_23,2016-11-18,59.083,489.029,https://www.eia.gov/petroleum/supply/weekly/archive/2016/2016_11_23/csv/table9.csv,59.083,489.029,,0.001,489.029,0.0,0.0,0.0
2016_11_30,2016-11-25,61.502,488.145,https://www.eia.gov/petroleum/supply/weekly/archive/2016/2016_11_30/csv/table9.csv,61.502,488.145,,0.001,488.145,0.0,0.0,0.0
2016_12_07,2016-12-02,65.285,485.756,https://www.eia.gov/petroleum/supply/weekly/archive/2016/2016_12_07/csv/table9.csv,65.285,485.756,,0.001,485.756,0.0,0.0,0.0
2016_12_14,2016-12-09,66.508,483.193,https://www.eia.gov/petroleum/supply/weekly/archive/2016/2016_12_14/csv/table9.csv,66.508,483.193,,0.001,483.193,0.0,0.0,0.0
2016_12_21,2016-12-16,66.263,485.449,https://www.eia.gov/petroleum/supply/weekly/archive/2016/2016_12_21/csv/table9.csv,66.263,485.449,,0.001,485.449,0.0,0.0,0.0
2016_12_29,2016-12-23,66.435,486.063,https://www.eia.gov/petroleum/supply/weekly/archive/2016/2016_12_29/csv/table9.csv,66.435,486.063,,0.001,486.063,0.0,0.0,0.0
2017_01_05,2016-12-30,67.509,479.012,https://www.eia.gov/petroleum/supply/weekly/archive/2017/2017_01_05/csv/table9.csv,67.509,479.012,,0.001,479.012,0.0,0.0,0.0
2017_01_11,2017-01-06,66.93,483.109,https://www.eia.gov/petroleum/supply/weekly/archive/2017/2017_01_11/csv/table9.csv,66.93,483.109,,0.001,483.109,0.0,0.0,0.0
2017_01_19,2017-01-13,65.656,485.456,https://www.eia.gov/petroleum/supply/weekly/archive/2017/2017_01_19/csv/table9.csv,65.656,485.456,,0.001,485.456,0.0,0.0,0.0
2017_01_25,2017-01-20,65.372,488.296,https://www.eia.gov/petroleum/supply/weekly/archive/2017/2017_01_25/csv/table9.csv,65.372,488.296,,0.001,488.296,0.0,0.0,0.0
2017_02_01,2017-01-27,64.127,494.762,https://www.eia.gov/petroleum/supply/weekly/archive/2017/2017_02_01/csv/table9.csv,64.127,494.762,,0.001,494.762,0.0,0.0,0.0
2017_02_08,2017-02-03,65.27,508.592,https://www.eia.gov/petroleum/supply/weekly/archive/2017/2017_02_08/csv/table9.csv,65.27,508.592,,0.001,508.592,0.0,0.0,0.0
2017_02_15,2017-02-10,64.568,518.119,https://www.eia.gov/petroleum/supply/weekly/archive/2017/2017_02_15/csv/table9.csv,64.568,518.119,,0.001,518.119,0.0,0.0,0.0
2017_02_23,2017-02-17,63.04,518.683,https://www.eia.gov/petroleum/supply/weekly/archive/2017/2017_02_23/csv/table9.csv,63.04,518.683,,0.001,518.683,0.0,0.0,0.0
2017_03_01,2017-02-24,63.535,520.184,https://www.eia.gov/petroleum/supply/weekly/archive/2017/2017_03_01/csv/table9.csv,63.535,520.184,,0.001,520.184,0.0,0.0,0.0
2017_03_08,2017-03-03,64.402,528.393,https://www.eia.gov/petroleum/supply/weekly/archive/2017/2017_03_08/csv/table9.csv,64.402,528.393,,0.001,528.393,0.0,0.0,0.0
2017_03_15,2017-03-10,66.532,528.156,https://www.eia.gov/petroleum/supply/weekly/archive/2017/2017_03_15/csv/table9.csv,66.532,528.156,,0.001,528.156,0.0,0.0,0.0
2017_03_22,2017-03-17,67.951,533.11,https://www.eia.gov/petroleum/supply/weekly/archive/2017/2017_03_22/csv/table9.csv,67.951,533.11,,0.001,533.11,0.0,0.0,0.0
2017_03_29,2017-03-24,67.731,533.977,https://www.eia.gov/petroleum/supply/weekly/archive/2017/2017_03_29/csv/table9.csv,67.731,533.977,,0.001,533.977,0.0,0.0,0.0
2017_04_05,2017-03-31,69.144,535.543,https://www.eia.gov/petroleum/supply/weekly/archive/2017/2017_04_05/csv/table9.csv,69.144,535.543,,0.001,535.543,0.0,0.0,0.0
2017_04_12,2017-04-07,69.42,533.377,https://www.eia.gov/petroleum/supply/weekly/archive/2017/2017_04_12/csv/table9.csv,69.42,533.377,,0.001,533.377,0.0,0.0,0.0
2017_04_19,2017-04-14,68.642,532.343,https://www.eia.gov/petroleum/supply/weekly/archive/2017/2017_04_19/csv/table9.csv,68.642,532.343,,0.001,532.343,0.0,0.0,0.0
2017_04_26,2017-04-21,67.439,528.702,https://www.eia.gov/petroleum/supply/weekly/archive/2017/2017_04_26/csv/table9.csv,67.439,528.702,,0.001,528.702,0.0,0.0,0.0
2017_05_03,2017-04-28,66.711,527.772,https://www.eia.gov/petroleum/supply/weekly/archive/2017/2017_05_03/csv/table9.csv,66.711,527.772,,0.001,527.772,0.0,0.0,0.0
2017_05_10,2017-05-05,66.273,522.525,https://www.eia.gov/petroleum/supply/weekly/archive/2017/2017_05_10/csv/table9.csv,66.273,522.525,,0.001,522.525,0.0,0.0,0.0
2017_05_17,2017-05-12,66.308,520.772,https://www.eia.gov/petroleum/supply/weekly/archive/2017/2017_05_17/csv/table9.csv,66.308,520.772,,0.001,520.772,0.0,0.0,0.0
2017_05_24,2017-05-19,65.567,516.34,https://www.eia.gov/petroleum/supply/weekly/archive/2017/2017_05_24/csv/table9.csv,65.567,516.34,,0.001,516.34,0.0,0.0,0.0
2017_06_01,2017-05-26,64.82,509.912,https://www.eia.gov/petroleum/supply/weekly/archive/2017/2017_06_01/csv/table9.csv,64.82,509.912,,0.001,509.912,0.0,0.0,0.0
2017_06_07,2017-06-02,63.376,513.207,https://www.eia.gov/petroleum/supply/weekly/archive/2017/2017_06_07/csv/table9.csv,63.376,513.207,,0.001,513.207,0.0,0.0,0.0
2017_06_14,2017-06-09,62.22,511.546,https://www.eia.gov/petroleum/supply/weekly/archive/2017/2017_06_14/csv/table9.csv,62.22,511.546,,0.001,511.546,0.0,0.0,0.0
2017_06_21,2017-06-16,61.14,509.095,https://www.eia.gov/petroleum/supply/weekly/archive/2017/2017_06_21/csv/table9.csv,61.14,509.095,,0.001,509.095,0.0,0.0,0.0
2017_06_28,2017-06-23,60.843,509.213,https://www.eia.gov/petroleum/supply/weekly/archive/2017/2017_06_28/csv/table9.csv,60.843,509.213,,0.001,509.213,0.0,0.0,0.0
2017_07_06,2017-06-30,59.509,502.914,https://www.eia.gov/petroleum/supply/weekly/archive/2017/2017_07_06/csv/table9.csv,59.509,502.914,,0.001,502.914,0.0,0.0,0.0
2017_07_12,2017-07-07,57.561,495.35,https://www.eia.gov/petroleum/supply/weekly/archive/2017/2017_07_12/csv/table9.csv,57.561,495.35,,0.001,495.35,0.0,0.0,0.0
2017_07_19,2017-07-14,57.538,490.623,https://www.eia.gov/petroleum/supply/weekly/archive/2017/2017_07_19/csv/table9.csv,57.538,490.623,,0.001,490.623,0.0,0.0,0.0
2017_07_26,2017-07-21,55.839,483.415,https://www.eia.gov/petroleum/supply/weekly/archive/2017/2017_07_26/csv/table9.csv,55.839,483.415,,0.001,483.415,0.0,0.0,0.0
2017_08_02,2017-07-28,55.8,481.888,https://www.eia.gov/petroleum/supply/weekly/archive/2017/2017_08_02/csv/table9.csv,55.8,481.888,,0.001,481.888,0.0,0.0,0.0
2017_08_09,2017-08-04,56.369,475.437,https://www.eia.gov/petroleum/supply/weekly/archive/2017/2017_08_09/csv/table9.csv,56.369,475.437,,0.001,475.437,0.0,0.0,0.0
2017_08_16,2017-08-11,57.047,466.492,https://www.eia.gov/petroleum/supply/weekly/archive/2017/2017_08_16/csv/table9.csv,57.047,466.492,,0.001,466.492,0.0,0.0,0.0
2017_08_23,2017-08-18,56.544,463.165,https://www.eia.gov/petroleum/supply/weekly/archive/2017/2017_08_23/csv/table9.csv,56.544,463.165,,0.001,463.165,0.0,0.0,0.0
2017_08_30,2017-08-25,57.233,457.773,https://www.eia.gov/petroleum/supply/weekly/archive/2017/2017_08_30/csv/table9.csv,57.233,457.773,,0.001,457.773,0.0,0.0,0.0
2017_09_07,2017-09-01,58.03,462.353,https://www.eia.gov/petroleum/supply/weekly/archive/2017/2017_09_07/csv/table9.csv,58.03,462.353,,0.001,462.353,0.0,0.0,0.0
2017_09_13,2017-09-08,59.053,468.241,https://www.eia.gov/petroleum/supply/weekly/archive/2017/2017_09_13/csv/table9.csv,59.053,468.241,,0.001,468.241,0.0,0.0,0.0
2017_09_20,2017-09-15,59.756,472.832,https://www.eia.gov/petroleum/supply/weekly/archive/2017/2017_09_20/csv/table9.csv,59.756,472.832,,0.001,472.832,0.0,0.0,0.0
2017_09_27,2017-09-22,60.937,470.986,https://www.eia.gov/petroleum/supply/weekly/archive/2017/2017_09_27/csv/table9.csv,60.937,470.986,,0.001,470.986,0.0,0.0,0.0
2017_10_04,2017-09-29,62.462,464.963,https://www.eia.gov/petroleum/supply/weekly/archive/2017/2017_10_04/csv/table9.csv,62.462,464.963,,0.001,464.963,0.0,0.0,0.0
2017_10_12,2017-10-06,63.784,462.216,https://www.eia.gov/petroleum/supply/weekly/archive/2017/2017_10_12/csv/table9.csv,63.784,462.216,,0.001,462.216,0.0,0.0,0.0
2017_10_18,2017-10-13,63.986,456.485,https://www.eia.gov/petroleum/supply/weekly/archive/2017/2017_10_18/csv/table9.csv,63.986,456.485,,0.001,456.485,0.0,0.0,0.0
2017_10_25,2017-10-20,63.749,457.341,https://www.eia.gov/petroleum/supply/weekly/archive/2017/2017_10_25/csv/table9.csv,63.749,457.341,,0.001,457.341,0.0,0.0,0.0
2017_11_01,2017-10-27,63.839,454.906,https://www.eia.gov/petroleum/supply/weekly/archive/2017/2017_11_01/csv/table9.csv,63.839,454.906,,0.001,454.906,0.0,0.0,0.0
2017_11_08,2017-11-03,64.559,457.143,https://www.eia.gov/petroleum/supply/weekly/archive/2017/2017_11_08/csv/table9.csv,64.559,457.143,,0.001,457.143,0.0,0.0,0.0
2017_11_15,2017-11-10,63.055,458.997,https://www.eia.gov/petroleum/supply/weekly/archive/2017/2017_11_15/csv/table9.csv,63.055,458.997,,0.001,458.997,0.0,0.0,0.0
2017_11_22,2017-11-17,61.228,457.142,https://www.eia.gov/petroleum/supply/weekly/archive/2017/2017_11_22/csv/table9.csv,61.228,457.142,,0.001,457.142,0.0,0.0,0.0
2017_11_29,2017-11-24,58.314,453.713,https://www.eia.gov/petroleum/supply/weekly/archive/2017/2017_11_29/csv/table9.csv,58.314,453.713,,0.001,453.713,0.0,0.0,0.0
2017_12_06,2017-12-01,55.561,448.103,https://www.eia.gov/petroleum/supply/weekly/archive/2017/2017_12_06/csv/table9.csv,55.561,448.103,,0.001,448.103,0.0,0.0,0.0
2017_12_13,2017-12-08,52.244,442.986,https://www.eia.gov/petroleum/supply/weekly/archive/2017/2017_12_13/csv/table9.csv,52.244,442.986,,0.001,442.986,0.0,0.0,0.0
2017_12_20,2017-12-15,52.998,436.491,https://www.eia.gov/petroleum/supply/weekly/archive/2017/2017_12_20/csv/table9.csv,52.998,436.491,,0.001,436.491,0.0,0.0,0.0
2017_12_28,2017-12-22,51.414,431.882,https://www.eia.gov/petroleum/supply/weekly/archive/2017/2017_12_28/csv/table9.csv,51.414,431.882,,0.001,431.882,0.0,0.0,0.0
2018_01_04,2017-12-29,48.973,424.463,https://www.eia.gov/petroleum/supply/weekly/archive/2018/2018_01_04/csv/table9.csv,48.973,424.463,,0.001,424.463,0.0,0.0,0.0
2018_01_10,2018-01-05,46.578,419.515,https://www.eia.gov/petroleum/supply/weekly/archive/2018/2018_01_10/csv/table9.csv,46.578,419.515,,0.001,419.515,0.0,0.0,0.0
2018_01_18,2018-01-12,42.394,412.654,https://www.eia.gov/petroleum/supply/weekly/archive/2018/2018_01_18/csv/table9.csv,42.394,412.654,,0.001,412.654,0.0,0.0,0.0
2018_01_24,2018-01-19,39.244,411.583,https://www.eia.gov/petroleum/supply/weekly/archive/2018/2018_01_24/csv/table9.csv,39.244,411.583,,0.001,411.583,0.0,0.0,0.0
2018_01_31,2018-01-26,37.02,418.359,https://www.eia.gov/petroleum/supply/weekly/archive/2018/2018_01_31/csv/table9.csv,37.02,418.359,,0.001,418.359,0.0,0.0,0.0
2018_02_07,2018-02-02,36.309,420.254,https://www.eia.gov/petroleum/supply/weekly/archive/2018/2018_02_07/csv/table9.csv,36.309,420.254,,0.001,420.254,0.0,0.0,0.0
2018_02_14,2018-02-09,32.667,422.095,https://www.eia.gov/petroleum/supply/weekly/archive/2018/2018_02_14/csv/table9.csv,32.667,422.095,,0.001,422.095,0.0,0.0,0.0
2018_02_22,2018-02-16,30.003,420.479,https://www.eia.gov/petroleum/supply/weekly/archive/2018/2018_02_22/csv/table9.csv,30.003,420.479,,0.001,420.479,0.0,0.0,0.0
2018_02_28,2018-02-23,28.785,423.498,https://www.eia.gov/petroleum/supply/weekly/archive/2018/2018_02_28/csv/table9.csv,28.785,423.498,,0.001,423.498,0.0,0.0,0.0
2018_03_07,2018-03-02,28.18,425.906,https://www.eia.gov/petroleum/supply/weekly/archive/2018/2018_03_07/csv/table9.csv,28.18,425.906,,0.001,425.906,0.0,0.0,0.0
2018_03_14,2018-03-09,28.518,430.928,https://www.eia.gov/petroleum/supply/weekly/archive/2018/2018_03_14/csv/table9.csv,28.518,430.928,,0.001,430.928,0.0,0.0,0.0
2018_03_21,2018-03-16,29.423,428.306,https://www.eia.gov/petroleum/supply/weekly/archive/2018/2018_03_21/csv/table9.csv,29.423,428.306,,0.001,428.306,0.0,0.0,0.0
2018_03_28,2018-03-23,31.227,429.949,https://www.eia.gov/petroleum/supply/weekly/archive/2018/2018_03_28/csv/table9.csv,31.227,429.949,,0.001,429.949,0.0,0.0,0.0
2018_04_04,2018-03-30,34.893,425.332,https://www.eia.gov/petroleum/supply/weekly/archive/2018/2018_04_04/csv/table9.csv,34.893,425.332,,0.001,425.332,0.0,0.0,0.0
2018_04_11,2018-04-06,36.022,428.638,https://www.eia.gov/petroleum/supply/weekly/archive/2018/2018_04_11/csv/table9.csv,36.022,428.638,,0.001,428.638,0.0,0.0,0.0
2018_04_18,2018-04-13,34.907,427.567,https://www.eia.gov/petroleum/supply/weekly/archive/2018/2018_04_18/csv/table9.csv,34.907,427.567,,0.001,427.567,0.0,0.0,0.0
2018_04_25,2018-04-20,35.366,429.737,https://www.eia.gov/petroleum/supply/weekly/archive/2018/2018_04_25/csv/table9.csv,35.366,429.737,,0.001,429.737,0.0,0.0,0.0
2018_05_02,2018-04-27,35.782,435.955,https://www.eia.gov/petroleum/supply/weekly/archive/2018/2018_05_02/csv/table9.csv,35.782,435.955,,0.001,435.955,0.0,0.0,0.0
2018_05_09,2018-05-04,37.17,433.758,https://www.eia.gov/petroleum/supply/weekly/archive/2018/2018_05_09/csv/table9.csv,37.17,433.758,,0.001,433.758,0.0,0.0,0.0
2018_05_16,2018-05-11,37.223,432.354,https://www.eia.gov/petroleum/supply/weekly/archive/2018/2018_05_16/csv/table9.csv,37.223,432.354,,0.001,432.354,0.0,0.0,0.0
2018_05_23,2018-05-18,36.1,438.132,https://www.eia.gov/petroleum/supply/weekly/archive/2018/2018_05_23/csv/table9.csv,36.1,438.132,,0.001,438.132,0.0,0.0,0.0
2018_05_31,2018-05-25,35.544,434.512,https://www.eia.gov/petroleum/supply/weekly/archive/2018/2018_05_31/csv/table9.csv,35.544,434.512,,0.001,434.512,0.0,0.0,0.0
2018_06_06,2018-06-01,34.589,436.584,https://www.eia.gov/petroleum/supply/weekly/archive/2018/2018_06_06/csv/table9.csv,34.589,436.584,,0.001,436.584,0.0,0.0,0.0
2018_06_13,2018-06-08,33.902,432.441,https://www.eia.gov/petroleum/supply/weekly/archive/2018/2018_06_13/csv/table9.csv,33.902,432.441,,0.001,432.441,0.0,0.0,0.0
2018_06_20,2018-06-15,32.606,426.527,https://www.eia.gov/petroleum/supply/weekly/archive/2018/2018_06_20/csv/table9.csv,32.606,426.527,,0.001,426.527,0.0,0.0,0.0
2018_06_27,2018-06-22,29.893,416.636,https://www.eia.gov/petroleum/supply/weekly/archive/2018/2018_06_27/csv/table9.csv,29.893,416.636,,0.001,416.636,0.0,0.0,0.0
2018_07_05,2018-06-29,27.78,417.881,https://www.eia.gov/petroleum/supply/weekly/archive/2018/2018_07_05/csv/table9.csv,27.78,417.881,,0.001,417.881,0.0,0.0,0.0
2018_07_11,2018-07-06,25.718,405.248,https://www.eia.gov/petroleum/supply/weekly/archive/2018/2018_07_11/csv/table9.csv,25.718,405.248,,0.001,405.248,0.0,0.0,0.0
2018_07_18,2018-07-13,24.858,411.084,https://www.eia.gov/petroleum/supply/weekly/archive/2018/2018_07_18/csv/table9.csv,24.858,411.084,,0.001,411.084,0.0,0.0,0.0
2018_07_25,2018-07-20,23.731,404.937,https://www.eia.gov/petroleum/supply/weekly/archive/2018/2018_07_25/csv/table9.csv,23.731,404.937,,0.001,404.937,0.0,0.0,0.0
2018_08_01,2018-07-27,22.393,408.74,https://www.eia.gov/petroleum/supply/weekly/archive/2018/2018_08_01/csv/table9.csv,22.393,408.74,,0.001,408.74,0.0,0.0,0.0
2018_08_08,2018-08-03,21.803,407.389,https://www.eia.gov/petroleum/supply/weekly/archive/2018/2018_08_08/csv/table9.csv,21.803,407.389,,0.001,407.389,0.0,0.0,0.0
2018_08_15,2018-08-10,23.446,414.194,https://www.eia.gov/petroleum/supply/weekly/archive/2018/2018_08_15/csv/table9.csv,23.446,414.194,,0.001,414.194,0.0,0.0,0.0
2018_08_22,2018-08-17,24.218,408.358,https://www.eia.gov/petroleum/supply/weekly/archive/2018/2018_08_22/csv/table9.csv,24.218,408.358,,0.001,408.358,0.0,0.0,0.0
2018_08_29,2018-08-24,24.276,405.792,https://www.eia.gov/petroleum/supply/weekly/archive/2018/2018_08_29/csv/table9.csv,24.276,405.792,,0.001,405.792,0.0,0.0,0.0
2018_09_06,2018-08-31,24.825,401.49,https://www.eia.gov/petroleum/supply/weekly/archive/2018/2018_09_06/csv/table9.csv,24.825,401.49,,0.001,401.49,0.0,0.0,0.0
2018_09_12,2018-09-07,23.583,396.194,https://www.eia.gov/petroleum/supply/weekly/archive/2018/2018_09_12/csv/table9.csv,23.583,396.194,,0.001,396.194,0.0,0.0,0.0
2018_09_19,2018-09-14,22.333,394.137,https://www.eia.gov/petroleum/supply/weekly/archive/2018/2018_09_19/csv/table9.csv,22.333,394.137,,0.001,394.137,0.0,0.0,0.0
2018_09_26,2018-09-21,22.794,395.989,https://www.eia.gov/petroleum/supply/weekly/archive/2018/2018_09_26/csv/table9.csv,22.794,395.989,,0.001,395.989,0.0,0.0,0.0
2018_10_03,2018-09-28,24.493,403.964,https://www.eia.gov/petroleum/supply/weekly/archive/2018/2018_10_03/csv/table9.csv,24.493,403.964,,0.001,403.964,0.0,0.0,0.0
2018_10_11,2018-10-05,26.852,409.951,https://www.eia.gov/petroleum/supply/weekly/archive/2018/2018_10_11/csv/table9.csv,26.852,409.951,,0.001,409.951,0.0,0.0,0.0
2018_10_17,2018-10-12,28.628,416.441,https://www.eia.gov/petroleum/supply/weekly/archive/2018/2018_10_17/csv/table9.csv,28.628,416.441,,0.001,416.441,0.0,0.0,0.0
2018_10_24,2018-10-19,29.999,422.787,https://www.eia.gov/petroleum/supply/weekly/archive/2018/2018_10_24/csv/table9.csv,29.999,422.787,,0.001,422.787,0.0,0.0,0.0
2018_10_31,2018-10-26,31.877,426.004,https://www.eia.gov/petroleum/supply/weekly/archive/2018/2018_10_31/csv/table9.csv,31.877,426.004,,0.001,426.004,0.0,0.0,0.0
2018_11_07,2018-11-02,34.296,431.787,https://www.eia.gov/petroleum/supply/weekly/archive/2018/2018_11_07/csv/table9.csv,34.296,431.787,,0.001,431.787,0.0,0.0,0.0
2018_11_15,2018-11-09,35.463,442.057,https://www.eia.gov/petroleum/supply/weekly/archive/2018/2018_11_15/csv/table9.csv,35.463,442.057,,0.001,442.057,0.0,0.0,0.0
2018_11_21,2018-11-16,35.347,446.908,https://www.eia.gov/petroleum/supply/weekly/archive/2018/2018_11_21/csv/table9.csv,35.347,446.908,,0.001,446.908,0.0,0.0,0.0
2018_11_28,2018-11-23,36.524,450.485,https://www.eia.gov/petroleum/supply/weekly/archive/2018/2018_11_28/csv/table9.csv,36.524,450.485,,0.001,450.485,0.0,0.0,0.0
2018_12_06,2018-11-30,38.253,443.162,https://www.eia.gov/petroleum/supply/weekly/archive/2018/2018_12_06/csv/table9.csv,38.253,443.162,,0.001,443.162,0.0,0.0,0.0
2018_12_12,2018-12-07,39.401,441.954,https://www.eia.gov/petroleum/supply/weekly/archive/2018/2018_12_12/csv/table9.csv,39.401,441.954,,0.001,441.954,0.0,0.0,0.0
2018_12_19,2018-12-14,40.492,441.457,https://www.eia.gov/petroleum/supply/weekly/archive/2018/2018_12_19/csv/table9.csv,40.492,441.457,,0.001,441.457,0.0,0.0,0.0
2018_12_28,2018-12-21,41.291,441.411,https://www.eia.gov/petroleum/supply/weekly/archive/2018/2018_12_28/csv/table9.csv,41.291,441.411,,0.001,441.411,0.0,0.0,0.0
2019_01_04,2018-12-28,41.932,441.418,https://www.eia.gov/petroleum/supply/weekly/archive/2019/2019_01_04/csv/table9.csv,41.932,441.418,,0.001,441.418,0.0,0.0,0.0
2019_01_09,2019-01-04,42.262,439.738,https://www.eia.gov/petroleum/supply/weekly/archive/2019/2019_01_09/csv/table9.csv,42.262,439.738,,0.001,439.738,0.0,0.0,0.0
2019_01_16,2019-01-11,41.519,437.055,https://www.eia.gov/petroleum/supply/weekly/archive/2019/2019_01_16/csv/table9.csv,41.519,437.055,,0.001,437.055,0.0,0.0,0.0
2019_01_24,2019-01-18,41.329,445.025,https://www.eia.gov/petroleum/supply/weekly/archive/2019/2019_01_24/csv/table9.csv,41.329,445.025,,0.001,445.025,0.0,0.0,0.0
2019_01_30,2019-01-25,41.184,445.944,https://www.eia.gov/petroleum/supply/weekly/archive/2019/2019_01_30/csv/table9.csv,41.184,445.944,,0.001,445.944,0.0,0.0,0.0
2019_02_06,2019-02-01,42.625,447.207,https://www.eia.gov/petroleum/supply/weekly/archive/2019/2019_02_06/csv/table9.csv,42.625,447.207,,0.001,447.207,0.0,0.0,0.0
2019_02_13,2019-02-08,41.609,450.84,https://www.eia.gov/petroleum/supply/weekly/archive/2019/2019_02_13/csv/table9.csv,41.609,450.84,,0.001,450.84,0.0,0.0,0.0
2019_02_21,2019-02-15,45.022,454.512,https://www.eia.gov/petroleum/supply/weekly/archive/2019/2019_02_21/csv/table9.csv,45.022,454.512,,0.001,454.512,0.0,0.0,0.0
2019_02_27,2019-02-22,46.65,445.865,https://www.eia.gov/petroleum/supply/weekly/archive/2019/2019_02_27/csv/table9.csv,46.65,445.865,,0.001,445.865,0.0,0.0,0.0
2019_03_06,2019-03-01,47.523,452.934,https://www.eia.gov/petroleum/supply/weekly/archive/2019/2019_03_06/csv/table9.csv,47.523,452.934,,0.001,452.934,0.0,0.0,0.0
2019_03_13,2019-03-08,46.851,449.072,https://www.eia.gov/petroleum/supply/weekly/archive/2019/2019_03_13/csv/table9.csv,46.851,449.072,,0.001,449.072,0.0,0.0,0.0
2019_03_20,2019-03-15,46.383,439.483,https://www.eia.gov/petroleum/supply/weekly/archive/2019/2019_03_20/csv/table9.csv,46.383,439.483,,0.001,439.483,0.0,0.0,0.0
2019_03_27,2019-03-22,46.924,442.283,https://www.eia.gov/petroleum/supply/weekly/archive/2019/2019_03_27/csv/table9.csv,46.924,442.283,,0.001,442.283,0.0,0.0,0.0
2019_04_03,2019-03-29,47.125,449.521,https://www.eia.gov/petroleum/supply/weekly/archive/2019/2019_04_03/csv/table9.csv,47.125,449.521,,0.001,449.521,0.0,0.0,0.0
2019_04_10,2019-04-05,45.992,456.55,https://www.eia.gov/petroleum/supply/weekly/archive/2019/2019_04_10/csv/table9.csv,45.992,456.55,,0.001,456.55,0.0,0.0,0.0
2019_04_17,2019-04-12,44.449,455.154,https://www.eia.gov/petroleum/supply/weekly/archive/2019/2019_04_17/csv/table9.csv,44.449,455.154,,0.001,455.154,0.0,0.0,0.0
2019_04_24,2019-04-19,44.912,460.633,https://www.eia.gov/petroleum/supply/weekly/archive/2019/2019_04_24/csv/table9.csv,44.912,460.633,,0.001,460.633,0.0,0.0,0.0
2019_05_01,2019-04-26,45.177,470.567,https://www.eia.gov/petroleum/supply/weekly/archive/2019/2019_05_01/csv/table9.csv,45.177,470.567,,0.001,470.567,0.0,0.0,0.0
2019_05_08,2019-05-03,45.998,466.604,https://www.eia.gov/petroleum/supply/weekly/archive/2019/2019_05_08/csv/table9.csv,45.998,466.604,,0.001,466.604,0.0,0.0,0.0
2019_05_15,2019-05-10,47.803,472.035,https://www.eia.gov/petroleum/supply/weekly/archive/2019/2019_05_15/csv/table9.csv,47.803,472.035,,0.001,472.035,0.0,0.0,0.0
2019_05_22,2019-05-17,49.069,476.775,https://www.eia.gov/petroleum/supply/weekly/archive/2019/2019_05_22/csv/table9.csv,49.069,476.775,,0.001,476.775,0.0,0.0,0.0
2019_05_30,2019-05-24,49.053,476.493,https://www.eia.gov/petroleum/supply/weekly/archive/2019/2019_05_30/csv/table9.csv,49.053,476.493,,0.001,476.493,0.0,0.0,0.0
2019_06_05,2019-05-31,50.844,483.264,https://www.eia.gov/petroleum/supply/weekly/archive/2019/2019_06_05/csv/table9.csv,50.844,483.264,,0.001,483.264,0.0,0.0,0.0
2019_06_12,2019-06-07,52.94,485.47,https://www.eia.gov/petroleum/supply/weekly/archive/2019/2019_06_12/csv/table9.csv,52.94,485.47,,0.001,485.47,0.0,0.0,0.0
2019_06_19,2019-06-14,53.582,482.364,https://www.eia.gov/petroleum/supply/weekly/archive/2019/2019_06_19/csv/table9.csv,53.582,482.364,,0.001,482.364,0.0,0.0,0.0
2019_06_26,2019-06-21,51.836,469.576,https://www.eia.gov/petroleum/supply/weekly/archive/2019/2019_06_26/csv/table9.csv,51.836,469.576,,0.001,469.576,0.0,0.0,0.0
2019_07_03,2019-06-28,52.5,468.5,https://www.eia.gov/petroleum/supply/weekly/archive/2019/2019_07_03/pdf/table4.pdf,52.488,468.491,,0.1,468.491,-0.009,-0.012,-0.009
2019_07_10,2019-07-05,52.178,458.992,https://www.eia.gov/petroleum/supply/weekly/archive/2019/2019_07_10/csv/table9.csv,52.178,458.992,,0.001,458.992,0.0,0.0,0.0
2019_07_17,2019-07-12,50.827,455.876,https://www.eia.gov/petroleum/supply/weekly/archive/2019/2019_07_17/csv/table9.csv,50.827,455.876,,0.001,455.876,0.0,0.0,0.0
2019_07_24,2019-07-19,50.398,445.041,https://www.eia.gov/petroleum/supply/weekly/archive/2019/2019_07_24/csv/table9.csv,50.398,445.041,,0.001,445.041,0.0,0.0,0.0
2019_07_31,2019-07-26,48.865,436.545,https://www.eia.gov/petroleum/supply/weekly/archive/2019/2019_07_31/csv/table9.csv,48.865,436.545,,0.001,436.545,0.0,0.0,0.0
2019_08_07,2019-08-02,47.361,438.93,https://www.eia.gov/petroleum/supply/weekly/archive/2019/2019_08_07/csv/table9.csv,47.361,438.93,,0.001,438.93,0.0,0.0,0.0
2019_08_14,2019-08-09,44.821,440.51,https://www.eia.gov/petroleum/supply/weekly/archive/2019/2019_08_14/csv/table9.csv,44.821,440.51,,0.001,440.51,0.0,0.0,0.0
2019_08_21,2019-08-16,42.336,437.778,https://www.eia.gov/petroleum/supply/weekly/archive/2019/2019_08_21/csv/table9.csv,42.336,437.778,,0.001,437.778,0.0,0.0,0.0
2019_08_28,2019-08-23,40.356,427.751,https://www.eia.gov/petroleum/supply/weekly/archive/2019/2019_08_28/csv/table9.csv,40.356,427.751,,0.001,427.751,0.0,0.0,0.0
2019_09_05,2019-08-30,40.126,422.98,https://www.eia.gov/petroleum/supply/weekly/archive/2019/2019_09_05/csv/table9.csv,40.126,422.98,,0.001,422.98,0.0,0.0,0.0
2019_09_11,2019-09-06,39.328,416.068,https://www.eia.gov/petroleum/supply/weekly/archive/2019/2019_09_11/csv/table9.csv,39.328,416.068,,0.001,416.068,0.0,0.0,0.0
2019_09_18,2019-09-13,38.681,417.126,https://www.eia.gov/petroleum/supply/weekly/archive/2019/2019_09_18/csv/table9.csv,38.681,417.126,,0.001,417.126,0.0,0.0,0.0
2019_09_25,2019-09-20,40.937,419.538,https://www.eia.gov/petroleum/supply/weekly/archive/2019/2019_09_25/csv/table9.csv,40.937,419.538,,0.001,419.538,0.0,0.0,0.0
2019_10_02,2019-09-27,40.736,422.642,https://www.eia.gov/petroleum/supply/weekly/archive/2019/2019_10_02/csv/table9.csv,40.736,422.642,,0.001,422.642,0.0,0.0,0.0
2019_10_09,2019-10-04,41.677,425.569,https://www.eia.gov/petroleum/supply/weekly/archive/2019/2019_10_09/csv/table9.csv,41.677,425.569,,0.001,425.569,0.0,0.0,0.0
2019_10_17,2019-10-11,42.953,434.85,https://www.eia.gov/petroleum/supply/weekly/archive/2019/2019_10_17/csv/table9.csv,42.953,434.85,,0.001,434.85,0.0,0.0,0.0
2019_10_23,2019-10-18,44.459,433.151,https://www.eia.gov/petroleum/supply/weekly/archive/2019/2019_10_23/csv/table9.csv,44.459,433.151,,0.001,433.151,0.0,0.0,0.0
2019_10_30,2019-10-25,46.031,438.853,https://www.eia.gov/petroleum/supply/weekly/archive/2019/2019_10_30/csv/table9.csv,46.031,438.853,,0.001,438.853,0.0,0.0,0.0
2019_11_06,2019-11-01,47.745,446.782,https://www.eia.gov/petroleum/supply/weekly/archive/2019/2019_11_06/csv/table9.csv,47.745,446.782,,0.001,446.782,0.0,0.0,0.0
2019_11_14,2019-11-08,46.516,449.001,https://www.eia.gov/petroleum/supply/weekly/archive/2019/2019_11_14/csv/table9.csv,46.516,449.001,,0.001,449.001,0.0,0.0,0.0
2019_11_20,2019-11-15,44.221,450.38,https://www.eia.gov/petroleum/supply/weekly/archive/2019/2019_11_20/csv/table9.csv,44.221,450.38,,0.001,450.38,0.0,0.0,0.0
2019_11_27,2019-11-22,44.124,451.952,https://www.eia.gov/petroleum/supply/weekly/archive/2019/2019_11_27/csv/table9.csv,44.124,451.952,,0.001,451.952,0.0,0.0,0.0
2019_12_04,2019-11-29,43.822,447.096,https://www.eia.gov/petroleum/supply/weekly/archive/2019/2019_12_04/csv/table9.csv,43.822,447.096,,0.001,447.096,0.0,0.0,0.0
2019_12_11,2019-12-06,40.429,447.918,https://www.eia.gov/petroleum/supply/weekly/archive/2019/2019_12_11/csv/table9.csv,40.429,447.918,,0.001,447.918,0.0,0.0,0.0
2019_12_18,2019-12-13,40.164,446.833,https://www.eia.gov/petroleum/supply/weekly/archive/2019/2019_12_18/csv/table9.csv,40.164,446.833,,0.001,446.833,0.0,0.0,0.0
2019_12_27,2019-12-20,37.771,441.359,https://www.eia.gov/petroleum/supply/weekly/archive/2019/2019_12_27/csv/table9.csv,37.771,441.359,,0.001,441.359,0.0,0.0,0.0
2020_01_03,2019-12-27,36.322,429.896,https://www.eia.gov/petroleum/supply/weekly/archive/2020/2020_01_03/csv/table9.csv,36.322,429.896,,0.001,429.896,0.0,0.0,0.0
2020_01_08,2020-01-03,35.501,431.06,https://www.eia.gov/petroleum/supply/weekly/archive/2020/2020_01_08/csv/table9.csv,35.501,431.06,,0.001,431.06,0.0,0.0,0.0
2020_01_15,2020-01-10,35.843,428.511,https://www.eia.gov/petroleum/supply/weekly/archive/2020/2020_01_15/csv/table9.csv,35.843,428.511,,0.001,428.511,0.0,0.0,0.0
2020_01_23,2020-01-17,34.882,428.106,https://www.eia.gov/petroleum/supply/weekly/archive/2020/2020_01_23/csv/table9.csv,34.882,428.106,,0.001,428.106,0.0,0.0,0.0
2020_01_29,2020-01-24,35.64,431.654,https://www.eia.gov/petroleum/supply/weekly/archive/2020/2020_01_29/csv/table9.csv,35.64,431.654,,0.001,431.654,0.0,0.0,0.0
2020_02_05,2020-01-31,36.708,435.009,https://www.eia.gov/petroleum/supply/weekly/archive/2020/2020_02_05/csv/table9.csv,36.708,435.009,,0.001,435.009,0.0,0.0,0.0
2020_02_12,2020-02-07,38.376,442.468,https://www.eia.gov/petroleum/supply/weekly/archive/2020/2020_02_12/csv/table9.csv,38.376,442.468,,0.001,442.468,0.0,0.0,0.0
2020_02_20,2020-02-14,38.243,442.883,https://www.eia.gov/petroleum/supply/weekly/archive/2020/2020_02_20/csv/table9.csv,38.243,442.883,,0.001,442.883,0.0,0.0,0.0
2020_02_26,2020-02-21,39.149,443.335,https://www.eia.gov/petroleum/supply/weekly/archive/2020/2020_02_26/csv/table9.csv,39.149,443.335,,0.001,443.335,0.0,0.0,0.0
2020_03_04,2020-02-28,37.178,444.119,https://www.eia.gov/petroleum/supply/weekly/archive/2020/2020_03_04/csv/table9.csv,37.178,444.119,,0.001,444.119,0.0,0.0,0.0
2020_03_11,2020-03-06,37.882,451.783,https://www.eia.gov/petroleum/supply/weekly/archive/2020/2020_03_11/csv/table9.csv,37.882,451.783,,0.001,451.783,0.0,0.0,0.0
2020_03_18,2020-03-13,38.445,453.737,https://www.eia.gov/petroleum/supply/weekly/archive/2020/2020_03_18/csv/table9.csv,38.445,453.737,,0.001,453.737,0.0,0.0,0.0
2020_03_25,2020-03-20,39.303,455.36,https://www.eia.gov/petroleum/supply/weekly/archive/2020/2020_03_25/csv/table9.csv,39.303,455.36,,0.001,455.36,0.0,0.0,0.0
2020_04_01,2020-03-27,42.824,469.193,https://www.eia.gov/petroleum/supply/weekly/archive/2020/2020_04_01/csv/table9.csv,42.824,469.193,,0.001,469.193,0.0,0.0,0.0
2020_04_08,2020-04-03,49.241,484.37,https://www.eia.gov/petroleum/supply/weekly/archive/2020/2020_04_08/csv/table9.csv,49.241,484.37,,0.001,484.37,0.0,0.0,0.0
2020_04_15,2020-04-10,54.965,503.618,https://www.eia.gov/petroleum/supply/weekly/archive/2020/2020_04_15/csv/table9.csv,54.965,503.618,,0.001,503.618,0.0,0.0,0.0
2020_04_22,2020-04-17,59.741,518.64,https://www.eia.gov/petroleum/supply/weekly/archive/2020/2020_04_22/csv/table9.csv,59.741,518.64,,0.001,518.64,0.0,0.0,0.0
2020_04_29,2020-04-24,63.378,527.631,https://www.eia.gov/petroleum/supply/weekly/archive/2020/2020_04_29/csv/table9.csv,63.378,527.631,,0.001,527.631,0.0,0.0,0.0
2020_05_06,2020-05-01,65.446,532.221,https://www.eia.gov/petroleum/supply/weekly/archive/2020/2020_05_06/csv/table9.csv,65.446,532.221,,0.001,532.221,0.0,0.0,0.0
2020_05_13,2020-05-08,62.444,531.476,https://www.eia.gov/petroleum/supply/weekly/archive/2020/2020_05_13/csv/table9.csv,62.444,531.476,,0.001,531.476,0.0,0.0,0.0
2020_05_20,2020-05-15,56.857,526.494,https://www.eia.gov/petroleum/supply/weekly/archive/2020/2020_05_20/csv/table9.csv,56.857,526.494,,0.001,526.494,0.0,0.0,0.0
2020_05_28,2020-05-22,53.462,534.422,https://www.eia.gov/petroleum/supply/weekly/archive/2020/2020_05_28/csv/table9.csv,53.462,534.422,,0.001,534.422,0.0,0.0,0.0
2020_06_03,2020-05-29,51.723,532.345,https://www.eia.gov/petroleum/supply/weekly/archive/2020/2020_06_03/csv/table9.csv,51.723,532.345,,0.001,532.345,0.0,0.0,0.0
2020_06_10,2020-06-05,49.444,538.065,https://www.eia.gov/petroleum/supply/weekly/archive/2020/2020_06_10/csv/table9.csv,49.444,538.065,,0.001,538.065,0.0,0.0,0.0
2020_06_17,2020-06-12,46.836,539.28,https://www.eia.gov/petroleum/supply/weekly/archive/2020/2020_06_17/csv/table9.csv,46.836,539.28,,0.001,539.28,0.0,0.0,0.0
2020_06_24,2020-06-19,45.845,540.722,https://www.eia.gov/petroleum/supply/weekly/archive/2020/2020_06_24/csv/table9.csv,45.845,540.722,,0.001,540.722,0.0,0.0,0.0
2020_07_01,2020-06-26,45.582,533.527,https://www.eia.gov/petroleum/supply/weekly/archive/2020/2020_07_01/csv/table9.csv,45.582,533.527,,0.001,533.527,0.0,0.0,0.0
2020_07_08,2020-07-03,47.788,539.181,https://www.eia.gov/petroleum/supply/weekly/archive/2020/2020_07_08/csv/table9.csv,47.788,539.181,,0.001,539.181,0.0,0.0,0.0
2020_07_15,2020-07-10,48.737,531.688,https://www.eia.gov/petroleum/supply/weekly/archive/2020/2020_07_15/csv/table9.csv,48.737,531.688,,0.001,531.688,0.0,0.0,0.0
2020_07_22,2020-07-17,50.112,536.58,https://www.eia.gov/petroleum/supply/weekly/archive/2020/2020_07_22/csv/table9.csv,50.112,536.58,,0.001,536.58,0.0,0.0,0.0
2020_07_29,2020-07-24,51.421,525.969,https://www.eia.gov/petroleum/supply/weekly/archive/2020/2020_07_29/csv/table9.csv,51.421,525.969,,0.001,525.969,0.0,0.0,0.0
2020_08_05,2020-07-31,51.953,518.596,https://www.eia.gov/petroleum/supply/weekly/archive/2020/2020_08_05/csv/table9.csv,51.953,518.596,,0.001,518.596,0.0,0.0,0.0
2020_08_12,2020-08-07,53.289,514.084,https://www.eia.gov/petroleum/supply/weekly/archive/2020/2020_08_12/csv/table9.csv,53.289,514.084,,0.001,514.084,0.0,0.0,0.0
2020_08_19,2020-08-14,52.682,512.452,https://www.eia.gov/petroleum/supply/weekly/archive/2020/2020_08_19/csv/table9.csv,52.682,512.452,,0.001,512.452,0.0,0.0,0.0
2020_08_26,2020-08-21,52.403,507.763,https://www.eia.gov/petroleum/supply/weekly/archive/2020/2020_08_26/csv/table9.csv,52.403,507.763,,0.001,507.763,0.0,0.0,0.0
2020_09_02,2020-08-28,52.513,498.401,https://www.eia.gov/petroleum/supply/weekly/archive/2020/2020_09_02/csv/table9.csv,52.513,498.401,,0.001,498.401,0.0,0.0,0.0
2020_09_10,2020-09-04,54.351,500.434,https://www.eia.gov/petroleum/supply/weekly/archive/2020/2020_09_10/csv/table9.csv,54.351,500.434,,0.001,500.434,0.0,0.0,0.0
2020_09_16,2020-09-11,54.277,496.045,https://www.eia.gov/petroleum/supply/weekly/archive/2020/2020_09_16/csv/table9.csv,54.277,496.045,,0.001,496.045,0.0,0.0,0.0
2020_09_23,2020-09-18,54.281,494.406,https://www.eia.gov/petroleum/supply/weekly/archive/2020/2020_09_23/csv/table9.csv,54.281,494.406,,0.001,494.406,0.0,0.0,0.0
2020_09_30,2020-09-25,56.066,492.426,https://www.eia.gov/petroleum/supply/weekly/archive/2020/2020_09_30/csv/table9.csv,56.066,492.426,,0.001,492.426,0.0,0.0,0.0
2020_10_07,2020-10-02,56.536,492.927,https://www.eia.gov/petroleum/supply/weekly/archive/2020/2020_10_07/csv/table9.csv,56.536,492.927,,0.001,492.927,0.0,0.0,0.0
2020_10_15,2020-10-09,59.442,489.109,https://www.eia.gov/petroleum/supply/weekly/archive/2020/2020_10_15/csv/table9.csv,59.442,489.109,,0.001,489.109,0.0,0.0,0.0
2020_10_21,2020-10-16,60.417,488.107,https://www.eia.gov/petroleum/supply/weekly/archive/2020/2020_10_21/csv/table9.csv,60.417,488.107,,0.001,488.107,0.0,0.0,0.0
2020_10_28,2020-10-23,59.995,492.427,https://www.eia.gov/petroleum/supply/weekly/archive/2020/2020_10_28/csv/table9.csv,59.995,492.427,,0.001,492.427,0.0,0.0,0.0
2020_11_04,2020-10-30,60.931,484.429,https://www.eia.gov/petroleum/supply/weekly/archive/2020/2020_11_04/csv/table9.csv,60.931,484.429,,0.001,484.429,0.0,0.0,0.0
2020_11_12,2020-11-06,60.413,488.706,https://www.eia.gov/petroleum/supply/weekly/archive/2020/2020_11_12/csv/table9.csv,60.413,488.706,,0.001,488.706,0.0,0.0,0.0
2020_11_18,2020-11-13,61.613,489.475,https://www.eia.gov/petroleum/supply/weekly/archive/2020/2020_11_18/csv/table9.csv,61.613,489.475,,0.001,489.475,0.0,0.0,0.0
2020_11_25,2020-11-20,59.892,488.721,https://www.eia.gov/petroleum/supply/weekly/archive/2020/2020_11_25/csv/table9.csv,59.892,488.721,,0.001,488.721,0.0,0.0,0.0
2020_12_02,2020-11-27,59.575,488.042,https://www.eia.gov/petroleum/supply/weekly/archive/2020/2020_12_02/csv/table9.csv,59.575,488.042,,0.001,488.042,0.0,0.0,0.0
2020_12_09,2020-12-04,58.211,503.231,https://www.eia.gov/petroleum/supply/weekly/archive/2020/2020_12_09/csv/table9.csv,58.211,503.231,,0.001,503.231,0.0,0.0,0.0
2020_12_16,2020-12-11,58.409,500.096,https://www.eia.gov/petroleum/supply/weekly/archive/2020/2020_12_16/csv/table9.csv,58.409,500.096,,0.001,500.096,0.0,0.0,0.0
2020_12_23,2020-12-18,58.383,499.534,https://www.eia.gov/petroleum/supply/weekly/archive/2020/2020_12_23/csv/table9.csv,58.383,499.534,,0.001,499.534,0.0,0.0,0.0
2020_12_30,2020-12-25,58.41,493.469,https://www.eia.gov/petroleum/supply/weekly/archive/2020/2020_12_30/csv/table9.csv,58.41,493.469,,0.001,493.469,0.0,0.0,0.0
2021_01_06,2021-01-01,59.202,485.459,https://www.eia.gov/petroleum/supply/weekly/archive/2021/2021_01_06/csv/table9.csv,59.202,485.459,,0.001,485.459,0.0,0.0,0.0
2021_01_13,2021-01-08,57.227,482.211,https://www.eia.gov/petroleum/supply/weekly/archive/2021/2021_01_13/csv/table9.csv,57.227,482.211,,0.001,482.211,0.0,0.0,0.0
2021_01_22,2021-01-15,52.5,486.563,https://www.eia.gov/petroleum/supply/weekly/archive/2021/2021_01_22/csv/table9.csv,52.5,486.563,,0.001,486.563,0.0,0.0,0.0
2021_01_27,2021-01-22,50.219,476.653,https://www.eia.gov/petroleum/supply/weekly/archive/2021/2021_01_27/csv/table9.csv,50.219,476.653,,0.001,476.653,0.0,0.0,0.0
2021_02_03,2021-01-29,48.702,475.659,https://www.eia.gov/petroleum/supply/weekly/archive/2021/2021_02_03/csv/table9.csv,48.702,475.659,,0.001,475.659,0.0,0.0,0.0
2021_02_10,2021-02-05,48.044,469.014,https://www.eia.gov/petroleum/supply/weekly/archive/2021/2021_02_10/csv/table9.csv,48.044,469.014,,0.001,469.014,0.0,0.0,0.0
2021_02_18,2021-02-12,45.016,461.757,https://www.eia.gov/petroleum/supply/weekly/archive/2021/2021_02_18/csv/table9.csv,45.016,461.757,,0.001,461.757,0.0,0.0,0.0
2021_02_24,2021-02-19,47.823,463.042,https://www.eia.gov/petroleum/supply/weekly/archive/2021/2021_02_24/csv/table9.csv,47.823,463.042,,0.001,463.042,0.0,0.0,0.0
2021_03_03,2021-02-26,48.308,484.605,https://www.eia.gov/petroleum/supply/weekly/archive/2021/2021_03_03/csv/table9.csv,48.308,484.605,,0.001,484.605,0.0,0.0,0.0
2021_03_10,2021-03-05,48.834,498.403,https://www.eia.gov/petroleum/supply/weekly/archive/2021/2021_03_10/csv/table9.csv,48.834,498.403,,0.001,498.403,0.0,0.0,0.0
2021_03_17,2021-03-12,48.21,500.799,https://www.eia.gov/petroleum/supply/weekly/archive/2021/2021_03_17/csv/table9.csv,48.21,500.799,,0.001,500.799,0.0,0.0,0.0
2021_03_24,2021-03-19,46.275,502.711,https://www.eia.gov/petroleum/supply/weekly/archive/2021/2021_03_24/csv/table9.csv,46.275,502.711,,0.001,502.711,0.0,0.0,0.0
2021_03_31,2021-03-26,47.057,501.835,https://www.eia.gov/petroleum/supply/weekly/archive/2021/2021_03_31/csv/table9.csv,47.057,501.835,,0.001,501.835,0.0,0.0,0.0
2021_04_07,2021-04-02,46.322,498.313,https://www.eia.gov/petroleum/supply/weekly/archive/2021/2021_04_07/csv/table9.csv,46.322,498.313,,0.001,498.313,0.0,0.0,0.0
2021_04_14,2021-04-09,46.668,492.423,https://www.eia.gov/petroleum/supply/weekly/archive/2021/2021_04_14/csv/table9.csv,46.668,492.423,,0.001,492.423,0.0,0.0,0.0
2021_04_21,2021-04-16,45.35,493.017,https://www.eia.gov/petroleum/supply/weekly/archive/2021/2021_04_21/csv/table9.csv,45.35,493.017,,0.001,493.017,0.0,0.0,0.0
2021_04_28,2021-04-23,46.072,493.107,https://www.eia.gov/petroleum/supply/weekly/archive/2021/2021_04_28/csv/table9.csv,46.072,493.107,,0.001,493.107,0.0,0.0,0.0
2021_05_05,2021-04-30,46.326,485.117,https://www.eia.gov/petroleum/supply/weekly/archive/2021/2021_05_05/csv/table9.csv,46.326,485.117,,0.001,485.117,0.0,0.0,0.0
2021_05_12,2021-05-07,45.905,484.691,https://www.eia.gov/petroleum/supply/weekly/archive/2021/2021_05_12/csv/table9.csv,45.905,484.691,,0.001,484.691,0.0,0.0,0.0
2021_05_19,2021-05-14,45.763,486.011,https://www.eia.gov/petroleum/supply/weekly/archive/2021/2021_05_19/csv/table9.csv,45.763,486.011,,0.001,486.011,0.0,0.0,0.0
2021_05_26,2021-05-21,44.755,484.349,https://www.eia.gov/petroleum/supply/weekly/archive/2021/2021_05_26/csv/table9.csv,44.755,484.349,,0.001,484.349,0.0,0.0,0.0
2021_06_03,2021-05-28,45.539,479.27,https://www.eia.gov/petroleum/supply/weekly/archive/2021/2021_06_03/csv/table9.csv,45.539,479.27,,0.001,479.27,0.0,0.0,0.0
2021_06_09,2021-06-04,45.704,474.029,https://www.eia.gov/petroleum/supply/weekly/archive/2021/2021_06_09/csv/table9.csv,45.704,474.029,,0.001,474.029,0.0,0.0,0.0
2021_06_16,2021-06-11,43.554,466.674,https://www.eia.gov/petroleum/supply/weekly/archive/2021/2021_06_16/csv/table9.csv,43.554,466.674,,0.001,466.674,0.0,0.0,0.0
2021_06_23,2021-06-18,41.721,459.06,https://www.eia.gov/petroleum/supply/weekly/archive/2021/2021_06_23/csv/table9.csv,41.721,459.06,,0.001,459.06,0.0,0.0,0.0
2021_06_30,2021-06-25,40.261,452.342,https://www.eia.gov/petroleum/supply/weekly/archive/2021/2021_06_30/csv/table9.csv,40.261,452.342,,0.001,452.342,0.0,0.0,0.0
2021_07_08,2021-07-02,39.647,445.476,https://www.eia.gov/petroleum/supply/weekly/archive/2021/2021_07_08/csv/table9.csv,39.647,445.476,,0.001,445.476,0.0,0.0,0.0
2021_07_14,2021-07-09,38.058,437.58,https://www.eia.gov/petroleum/supply/weekly/archive/2021/2021_07_14/csv/table9.csv,38.058,437.58,,0.001,437.58,0.0,0.0,0.0
2021_07_21,2021-07-16,36.711,439.687,https://www.eia.gov/petroleum/supply/weekly/archive/2021/2021_07_21/csv/table9.csv,36.711,439.687,,0.001,439.687,0.0,0.0,0.0
2021_07_28,2021-07-23,35.443,435.598,https://www.eia.gov/petroleum/supply/weekly/archive/2021/2021_07_28/csv/table9.csv,35.443,435.598,,0.001,435.598,0.0,0.0,0.0
2021_08_04,2021-07-30,34.9,439.225,https://www.eia.gov/petroleum/supply/weekly/archive/2021/2021_08_04/csv/table9.csv,34.9,439.225,,0.001,439.225,0.0,0.0,0.0
2021_08_11,2021-08-06,34.575,438.777,https://www.eia.gov/petroleum/supply/weekly/archive/2021/2021_08_11/csv/table9.csv,34.575,438.777,,0.001,438.777,0.0,0.0,0.0
2021_08_18,2021-08-13,33.595,435.544,https://www.eia.gov/petroleum/supply/weekly/archive/2021/2021_08_18/csv/table9.csv,33.595,435.544,,0.001,435.544,0.0,0.0,0.0
2021_08_25,2021-08-20,33.665,432.564,https://www.eia.gov/petroleum/supply/weekly/archive/2021/2021_08_25/csv/table9.csv,33.665,432.564,,0.001,432.564,0.0,0.0,0.0
2021_09_01,2021-08-27,34.501,425.395,https://www.eia.gov/petroleum/supply/weekly/archive/2021/2021_09_01/csv/table9.csv,34.501,425.395,,0.001,425.395,0.0,0.0,0.0
2021_09_09,2021-09-03,36.419,423.867,https://www.eia.gov/petroleum/supply/weekly/archive/2021/2021_09_09/csv/table9.csv,36.419,423.867,,0.001,423.867,0.0,0.0,0.0
2021_09_15,2021-09-10,35.316,417.445,https://www.eia.gov/petroleum/supply/weekly/archive/2021/2021_09_15/csv/table9.csv,35.316,417.445,,0.001,417.445,0.0,0.0,0.0
2021_09_22,2021-09-17,33.84,413.964,https://www.eia.gov/petroleum/supply/weekly/archive/2021/2021_09_22/csv/table9.csv,33.84,413.964,,0.001,413.964,0.0,0.0,0.0
2021_09_29,2021-09-24,33.971,418.542,https://www.eia.gov/petroleum/supply/weekly/archive/2021/2021_09_29/csv/table9.csv,33.971,418.542,,0.001,418.542,0.0,0.0,0.0
2021_10_06,2021-10-01,35.519,420.887,https://www.eia.gov/petroleum/supply/weekly/archive/2021/2021_10_06/csv/table9.csv,35.519,420.887,,0.001,420.887,0.0,0.0,0.0
2021_10_14,2021-10-08,33.551,426.975,https://www.eia.gov/petroleum/supply/weekly/archive/2021/2021_10_14/csv/table9.csv,33.551,426.975,,0.001,426.975,0.0,0.0,0.0
2021_10_20,2021-10-15,31.231,426.544,https://www.eia.gov/petroleum/supply/weekly/archive/2021/2021_10_20/csv/table9.csv,31.231,426.544,,0.001,426.544,0.0,0.0,0.0
2021_10_27,2021-10-22,27.332,430.812,https://www.eia.gov/petroleum/supply/weekly/archive/2021/2021_10_27/csv/table9.csv,27.332,430.812,,0.001,430.812,0.0,0.0,0.0
2021_11_03,2021-10-29,26.416,434.102,https://www.eia.gov/petroleum/supply/weekly/archive/2021/2021_11_03/csv/table9.csv,26.416,434.102,,0.001,434.102,0.0,0.0,0.0
2021_11_10,2021-11-05,26.382,435.104,https://www.eia.gov/petroleum/supply/weekly/archive/2021/2021_11_10/csv/table9.csv,26.382,435.104,,0.001,435.104,0.0,0.0,0.0
2021_11_17,2021-11-12,26.598,433.003,https://www.eia.gov/petroleum/supply/weekly/archive/2021/2021_11_17/csv/table9.csv,26.598,433.003,,0.001,433.003,0.0,0.0,0.0
2021_11_24,2021-11-19,27.385,434.02,https://www.eia.gov/petroleum/supply/weekly/archive/2021/2021_11_24/csv/table9.csv,27.385,434.02,,0.001,434.02,0.0,0.0,0.0
2021_12_01,2021-11-26,28.544,433.111,https://www.eia.gov/petroleum/supply/weekly/archive/2021/2021_12_01/csv/table9.csv,28.544,433.111,,0.001,433.111,0.0,0.0,0.0
2021_12_08,2021-12-03,30.917,432.87,https://www.eia.gov/petroleum/supply/weekly/archive/2021/2021_12_08/csv/table9.csv,30.917,432.87,,0.001,432.87,0.0,0.0,0.0
2021_12_15,2021-12-10,32.211,428.286,https://www.eia.gov/petroleum/supply/weekly/archive/2021/2021_12_15/csv/table9.csv,32.211,428.286,,0.001,428.286,0.0,0.0,0.0
2021_12_22,2021-12-17,33.674,423.571,https://www.eia.gov/petroleum/supply/weekly/archive/2021/2021_12_22/csv/table9.csv,33.674,423.571,,0.001,423.571,0.0,0.0,0.0
2021_12_29,2021-12-24,34.729,419.995,https://www.eia.gov/petroleum/supply/weekly/archive/2021/2021_12_29/csv/table9.csv,34.729,419.995,,0.001,419.995,0.0,0.0,0.0
2022_01_05,2021-12-31,37.306,417.851,https://www.eia.gov/petroleum/supply/weekly/archive/2022/2022_01_05/csv/table9.csv,37.306,417.851,,0.001,417.851,0.0,0.0,0.0
2022_01_12,2022-01-07,34.838,413.298,https://www.eia.gov/petroleum/supply/weekly/archive/2022/2022_01_12/csv/table9.csv,34.838,413.298,,0.001,413.298,0.0,0.0,0.0
2022_01_20,2022-01-14,33.524,413.813,https://www.eia.gov/petroleum/supply/weekly/archive/2022/2022_01_20/csv/table9.csv,33.524,413.813,,0.001,413.813,0.0,0.0,0.0
2022_01_26,2022-01-21,31.701,416.19,https://www.eia.gov/petroleum/supply/weekly/archive/2022/2022_01_26/csv/table9.csv,31.701,416.19,,0.001,416.19,0.0,0.0,0.0
2022_02_02,2022-01-28,30.528,415.143,https://www.eia.gov/petroleum/supply/weekly/archive/2022/2022_02_02/csv/table9.csv,30.528,415.143,,0.001,415.143,0.0,0.0,0.0
2022_02_09,2022-02-04,27.727,410.387,https://www.eia.gov/petroleum/supply/weekly/archive/2022/2022_02_09/csv/table9.csv,27.727,410.387,,0.001,410.387,0.0,0.0,0.0
2022_02_16,2022-02-11,25.827,411.508,https://www.eia.gov/petroleum/supply/weekly/archive/2022/2022_02_16/csv/table9.csv,25.827,411.508,,0.001,411.508,0.0,0.0,0.0
2022_02_24,2022-02-18,23.778,416.022,https://www.eia.gov/petroleum/supply/weekly/archive/2022/2022_02_24/csv/table9.csv,23.778,416.022,,0.001,416.022,0.0,0.0,0.0
2022_03_02,2022-02-25,22.806,413.425,https://www.eia.gov/petroleum/supply/weekly/archive/2022/2022_03_02/csv/table9.csv,22.806,413.425,,0.001,413.425,0.0,0.0,0.0
2022_03_09,2022-03-04,22.221,411.562,https://www.eia.gov/petroleum/supply/weekly/archive/2022/2022_03_09/csv/table9.csv,22.221,411.562,,0.001,411.562,0.0,0.0,0.0
2022_03_16,2022-03-11,24.007,415.907,https://www.eia.gov/petroleum/supply/weekly/archive/2022/2022_03_16/csv/table9.csv,24.007,415.907,,0.001,415.907,0.0,0.0,0.0
2022_03_23,2022-03-18,25.242,413.399,https://www.eia.gov/petroleum/supply/weekly/archive/2022/2022_03_23/csv/table9.csv,25.242,413.399,,0.001,413.399,0.0,0.0,0.0
2022_03_30,2022-03-25,24.233,409.95,https://www.eia.gov/petroleum/supply/weekly/archive/2022/2022_03_30/csv/table9.csv,24.233,409.95,,0.001,409.95,0.0,0.0,0.0
2022_04_06,2022-04-01,25.887,412.371,https://www.eia.gov/petroleum/supply/weekly/archive/2022/2022_04_06/csv/table9.csv,25.887,412.371,,0.001,412.371,0.0,0.0,0.0
2022_04_13,2022-04-08,26.337,421.753,https://www.eia.gov/petroleum/supply/weekly/archive/2022/2022_04_13/csv/table9.csv,26.337,421.753,,0.001,421.753,0.0,0.0,0.0
2022_04_20,2022-04-15,26.152,413.733,https://www.eia.gov/petroleum/supply/weekly/archive/2022/2022_04_20/csv/table9.csv,26.152,413.733,,0.001,413.733,0.0,0.0,0.0
2022_04_27,2022-04-22,27.45,414.424,https://www.eia.gov/petroleum/supply/weekly/archive/2022/2022_04_27/csv/table9.csv,27.45,414.424,,0.001,414.424,0.0,0.0,0.0
2022_05_04,2022-04-29,28.829,415.727,https://www.eia.gov/petroleum/supply/weekly/archive/2022/2022_05_04/csv/table9.csv,28.829,415.727,,0.001,415.727,0.0,0.0,0.0
2022_05_11,2022-05-06,28.242,424.214,https://www.eia.gov/petroleum/supply/weekly/archive/2022/2022_05_11/csv/table9.csv,28.242,424.214,,0.001,424.214,0.0,0.0,0.0
2022_05_18,2022-05-13,25.839,420.82,https://www.eia.gov/petroleum/supply/weekly/archive/2022/2022_05_18/csv/table9.csv,25.839,420.82,,0.001,420.82,0.0,0.0,0.0
2022_05_25,2022-05-20,24.778,419.801,https://www.eia.gov/petroleum/supply/weekly/archive/2022/2022_05_25/csv/table9.csv,24.778,419.801,,0.001,419.801,0.0,0.0,0.0
2022_06_02,2022-05-27,25.034,414.733,https://www.eia.gov/petroleum/supply/weekly/archive/2022/2022_06_02/csv/table9.csv,25.034,414.733,,0.001,414.733,0.0,0.0,0.0
2022_06_08,2022-06-03,23.441,416.758,https://www.eia.gov/petroleum/supply/weekly/archive/2022/2022_06_08/csv/table9.csv,23.441,416.758,,0.001,416.758,0.0,0.0,0.0
2022_06_15,2022-06-10,22.615,418.714,https://www.eia.gov/petroleum/supply/weekly/archive/2022/2022_06_15/csv/table9.csv,22.615,418.714,,0.001,418.714,0.0,0.0,0.0
2022_06_17_data,2022-06-17,22.043,418.328,https://www.eia.gov/petroleum/supply/weekly/archive/2022/2022_06_17_data/csv/table9.csv,22.043,418.328,,0.001,418.328,0.0,0.0,0.0
2022_06_29,2022-06-24,21.261,415.566,https://www.eia.gov/petroleum/supply/weekly/archive/2022/2022_06_29/csv/table9.csv,21.261,415.566,,0.001,415.566,0.0,0.0,0.0
2022_07_07,2022-07-01,21.33,423.8,https://www.eia.gov/petroleum/supply/weekly/archive/2022/2022_07_07/csv/table9.csv,21.33,423.8,,0.001,423.8,0.0,0.0,0.0
2022_07_13,2022-07-08,21.646,427.054,https://www.eia.gov/petroleum/supply/weekly/archive/2022/2022_07_13/csv/table9.csv,21.646,427.054,,0.001,427.054,0.0,0.0,0.0
2022_07_20,2022-07-15,22.789,426.609,https://www.eia.gov/petroleum/supply/weekly/archive/2022/2022_07_20/csv/table9.csv,22.789,426.609,,0.001,426.609,0.0,0.0,0.0
2022_07_27,2022-07-22,23.54,422.086,https://www.eia.gov/petroleum/supply/weekly/archive/2022/2022_07_27/csv/table9.csv,23.54,422.086,,0.001,422.086,0.0,0.0,0.0
2022_08_03,2022-07-29,24.466,426.553,https://www.eia.gov/petroleum/supply/weekly/archive/2022/2022_08_03/csv/table9.csv,24.466,426.553,,0.001,426.553,0.0,0.0,0.0
2022_08_10,2022-08-05,25.189,432.01,https://www.eia.gov/petroleum/supply/weekly/archive/2022/2022_08_10/csv/table9.csv,25.189,432.01,,0.001,432.01,0.0,0.0,0.0
2022_08_17,2022-08-12,25.381,424.954,https://www.eia.gov/petroleum/supply/weekly/archive/2022/2022_08_17/csv/table9.csv,25.381,424.954,,0.001,424.954,0.0,0.0,0.0
2022_08_24,2022-08-19,25.807,421.672,https://www.eia.gov/petroleum/supply/weekly/archive/2022/2022_08_24/csv/table9.csv,25.807,421.672,,0.001,421.672,0.0,0.0,0.0
2022_08_31,2022-08-26,25.284,418.346,https://www.eia.gov/petroleum/supply/weekly/archive/2022/2022_08_31/csv/table9.csv,25.284,418.346,,0.001,418.346,0.0,0.0,0.0
2022_09_08,2022-09-02,24.783,427.191,https://www.eia.gov/petroleum/supply/weekly/archive/2022/2022_09_08/csv/table9.csv,24.783,427.191,,0.001,427.191,0.0,0.0,0.0
2022_09_14,2022-09-09,24.648,429.633,https://www.eia.gov/petroleum/supply/weekly/archive/2022/2022_09_14/csv/table9.csv,24.648,429.633,,0.001,429.633,0.0,0.0,0.0
2022_09_21,2022-09-16,24.991,430.774,https://www.eia.gov/petroleum/supply/weekly/archive/2022/2022_09_21/csv/table9.csv,24.991,430.774,,0.001,430.774,0.0,0.0,0.0
2022_09_28,2022-09-23,25.683,430.559,https://www.eia.gov/petroleum/supply/weekly/archive/2022/2022_09_28/csv/table9.csv,25.683,430.559,,0.001,430.559,0.0,0.0,0.0
2022_10_05,2022-09-30,25.956,429.203,https://www.eia.gov/petroleum/supply/weekly/archive/2022/2022_10_05/csv/table9.csv,25.956,429.203,,0.001,429.203,0.0,0.0,0.0
2022_10_13,2022-10-07,25.647,439.082,https://www.eia.gov/petroleum/supply/weekly/archive/2022/2022_10_13/csv/table9.csv,25.647,439.082,,0.001,439.082,0.0,0.0,0.0
2022_10_19,2022-10-14,26.23,437.357,https://www.eia.gov/petroleum/supply/weekly/archive/2022/2022_10_19/csv/table9.csv,26.23,437.357,,0.001,437.357,0.0,0.0,0.0
2022_10_26,2022-10-21,26.897,439.945,https://www.eia.gov/petroleum/supply/weekly/archive/2022/2022_10_26/csv/table9.csv,26.897,439.945,,0.001,439.945,0.0,0.0,0.0
2022_11_02,2022-10-28,28.164,436.83,https://www.eia.gov/petroleum/supply/weekly/archive/2022/2022_11_02/csv/table9.csv,28.164,436.83,,0.001,436.83,0.0,0.0,0.0
2022_11_09,2022-11-04,27.241,440.755,https://www.eia.gov/petroleum/supply/weekly/archive/2022/2022_11_09/csv/table9.csv,27.241,440.755,,0.001,440.755,0.0,0.0,0.0
2022_11_16,2022-11-11,25.617,435.355,https://www.eia.gov/petroleum/supply/weekly/archive/2022/2022_11_16/csv/table9.csv,25.617,435.355,,0.001,435.355,0.0,0.0,0.0
2022_11_23,2022-11-18,24.73,431.665,https://www.eia.gov/petroleum/supply/weekly/archive/2022/2022_11_23/csv/table9.csv,24.73,431.665,,0.001,431.665,0.0,0.0,0.0
2022_11_30,2022-11-25,24.315,419.084,https://www.eia.gov/petroleum/supply/weekly/archive/2022/2022_11_30/csv/table9.csv,24.315,419.084,,0.001,419.084,0.0,0.0,0.0
2022_12_07,2022-12-02,23.942,413.898,https://www.eia.gov/petroleum/supply/weekly/archive/2022/2022_12_07/csv/table9.csv,23.942,413.898,,0.001,413.898,0.0,0.0,0.0
2022_12_14,2022-12-09,24.368,424.129,https://www.eia.gov/petroleum/supply/weekly/archive/2022/2022_12_14/csv/table9.csv,24.368,424.129,,0.001,424.129,0.0,0.0,0.0
2022_12_21,2022-12-16,25.221,418.234,https://www.eia.gov/petroleum/supply/weekly/archive/2022/2022_12_21/csv/table9.csv,25.221,418.234,,0.001,418.234,0.0,0.0,0.0
2022_12_29,2022-12-23,25.026,418.952,https://www.eia.gov/petroleum/supply/weekly/archive/2022/2022_12_29/csv/table9.csv,25.026,418.952,,0.001,418.952,0.0,0.0,0.0
2023_01_05,2022-12-30,25.27,420.646,https://www.eia.gov/petroleum/supply/weekly/archive/2023/2023_01_05/csv/table9.csv,25.27,420.646,,0.001,420.646,0.0,0.0,0.0
2023_01_11,2023-01-06,27.781,439.607,https://www.eia.gov/petroleum/supply/weekly/archive/2023/2023_01_11/csv/table9.csv,27.781,439.607,,0.001,439.607,0.0,0.0,0.0
2023_01_19,2023-01-13,31.427,448.015,https://www.eia.gov/petroleum/supply/weekly/archive/2023/2023_01_19/csv/table9.csv,31.427,448.015,,0.001,448.015,0.0,0.0,0.0
2023_01_25,2023-01-20,35.694,448.548,https://www.eia.gov/petroleum/supply/weekly/archive/2023/2023_01_25/csv/table9.csv,35.694,448.548,,0.001,448.548,0.0,0.0,0.0
2023_02_01,2023-01-27,38.009,452.688,https://www.eia.gov/petroleum/supply/weekly/archive/2023/2023_02_01/csv/table9.csv,38.009,452.688,,0.001,452.688,0.0,0.0,0.0
2023_02_08,2023-02-03,39.052,455.111,https://www.eia.gov/petroleum/supply/weekly/archive/2023/2023_02_08/csv/table9.csv,39.052,455.111,,0.001,455.111,0.0,0.0,0.0
2023_02_15,2023-02-10,39.711,471.394,https://www.eia.gov/petroleum/supply/weekly/archive/2023/2023_02_15/csv/table9.csv,39.711,471.394,,0.001,471.394,0.0,0.0,0.0
2023_02_23,2023-02-17,40.411,479.041,https://www.eia.gov/petroleum/supply/weekly/archive/2023/2023_02_23/csv/table9.csv,40.411,479.041,,0.001,479.041,0.0,0.0,0.0
2023_03_01,2023-02-24,40.718,480.207,https://www.eia.gov/petroleum/supply/weekly/archive/2023/2023_03_01/csv/table9.csv,40.718,480.207,,0.001,480.207,0.0,0.0,0.0
2023_03_08,2023-03-03,39.828,478.513,https://www.eia.gov/petroleum/supply/weekly/archive/2023/2023_03_08/csv/table9.csv,39.828,478.513,,0.001,478.513,0.0,0.0,0.0
2023_03_15,2023-03-10,37.912,480.063,https://www.eia.gov/petroleum/supply/weekly/archive/2023/2023_03_15/csv/table9.csv,37.912,480.063,,0.001,480.063,0.0,0.0,0.0
2023_03_22,2023-03-17,36.849,481.18,https://www.eia.gov/petroleum/supply/weekly/archive/2023/2023_03_22/csv/table9.csv,36.849,481.18,,0.001,481.18,0.0,0.0,0.0
2023_03_29,2023-03-24,35.217,473.691,https://www.eia.gov/petroleum/supply/weekly/archive/2023/2023_03_29/csv/table9.csv,35.217,473.691,,0.001,473.691,0.0,0.0,0.0
2023_04_05,2023-03-31,34.247,469.952,https://www.eia.gov/petroleum/supply/weekly/archive/2023/2023_04_05/csv/table9.csv,34.247,469.952,,0.001,469.952,0.0,0.0,0.0
2023_04_12,2023-04-07,33.838,470.549,https://www.eia.gov/petroleum/supply/weekly/archive/2023/2023_04_12/csv/table9.csv,33.838,470.549,,0.001,470.549,0.0,0.0,0.0
2023_04_19,2023-04-14,32.75,465.968,https://www.eia.gov/petroleum/supply/weekly/archive/2023/2023_04_19/csv/table9.csv,32.75,465.968,,0.001,465.968,0.0,0.0,0.0
2023_04_26,2023-04-21,33.069,460.914,https://www.eia.gov/petroleum/supply/weekly/archive/2023/2023_04_26/csv/table9.csv,33.069,460.914,,0.001,460.914,0.0,0.0,0.0
2023_05_03,2023-04-28,33.61,459.633,https://www.eia.gov/petroleum/supply/weekly/archive/2023/2023_05_03/csv/table9.csv,33.61,459.633,,0.001,459.633,0.0,0.0,0.0
2023_05_10,2023-05-05,34.007,462.584,https://www.eia.gov/petroleum/supply/weekly/archive/2023/2023_05_10/csv/table9.csv,34.007,462.584,,0.001,462.584,0.0,0.0,0.0
2023_05_17,2023-05-12,35.468,467.624,https://www.eia.gov/petroleum/supply/weekly/archive/2023/2023_05_17/csv/table9.csv,35.468,467.624,,0.001,467.624,0.0,0.0,0.0
2023_05_24,2023-05-19,37.23,455.168,https://www.eia.gov/petroleum/supply/weekly/archive/2023/2023_05_24/csv/table9.csv,37.23,455.168,,0.001,455.168,0.0,0.0,0.0
2023_06_01,2023-05-26,38.858,459.657,https://www.eia.gov/petroleum/supply/weekly/archive/2023/2023_06_01/csv/table9.csv,38.858,459.657,,0.001,459.657,0.0,0.0,0.0
2023_06_07,2023-06-02,40.579,459.205,https://www.eia.gov/petroleum/supply/weekly/archive/2023/2023_06_07/csv/table9.csv,40.579,459.205,,0.001,459.205,0.0,0.0,0.0
2023_06_14,2023-06-09,42.133,467.124,https://www.eia.gov/petroleum/supply/weekly/archive/2023/2023_06_14/csv/table9.csv,42.133,467.124,,0.001,467.124,0.0,0.0,0.0
2023_06_22,2023-06-16,42.035,463.293,https://www.eia.gov/petroleum/supply/weekly/archive/2023/2023_06_22/csv/table9.csv,42.035,463.293,,0.001,463.293,0.0,0.0,0.0
2023_06_28,2023-06-23,43.244,453.69,https://www.eia.gov/petroleum/supply/weekly/archive/2023/2023_06_28/csv/table9.csv,43.244,453.69,,0.001,453.69,0.0,0.0,0.0
2023_07_06,2023-06-30,42.844,452.182,https://www.eia.gov/petroleum/supply/weekly/archive/2023/2023_07_06/csv/table9.csv,42.844,452.182,,0.001,452.182,0.0,0.0,0.0
2023_07_12,2023-07-07,41.239,458.128,https://www.eia.gov/petroleum/supply/weekly/archive/2023/2023_07_12/csv/table9.csv,41.239,458.128,,0.001,458.128,0.0,0.0,0.0
2023_07_19,2023-07-14,38.348,457.42,https://www.eia.gov/petroleum/supply/weekly/archive/2023/2023_07_19/csv/table9.csv,38.348,457.42,,0.001,457.42,0.0,0.0,0.0
2023_07_26,2023-07-21,35.739,456.82,https://www.eia.gov/petroleum/supply/weekly/archive/2023/2023_07_26/csv/table9.csv,35.739,456.82,,0.001,456.82,0.0,0.0,0.0
2023_08_02,2023-07-28,34.48,439.771,https://www.eia.gov/petroleum/supply/weekly/archive/2023/2023_08_02/csv/table9.csv,34.48,439.771,,0.001,439.771,0.0,0.0,0.0
2023_08_09,2023-08-04,34.639,445.622,https://www.eia.gov/petroleum/supply/weekly/archive/2023/2023_08_09/csv/table9.csv,34.639,445.622,,0.001,445.622,0.0,0.0,0.0
2023_08_16,2023-08-11,33.802,439.662,https://www.eia.gov/petroleum/supply/weekly/archive/2023/2023_08_16/csv/table9.csv,33.802,439.662,,0.001,439.662,0.0,0.0,0.0
2023_08_23,2023-08-18,30.669,433.528,https://www.eia.gov/petroleum/supply/weekly/archive/2023/2023_08_23/csv/table9.csv,30.669,433.528,,0.001,433.528,0.0,0.0,0.0
2023_08_30,2023-08-25,29.165,422.944,https://www.eia.gov/petroleum/supply/weekly/archive/2023/2023_08_30/csv/table9.csv,29.165,422.944,,0.001,422.944,0.0,0.0,0.0
2023_09_07,2023-09-01,27.415,416.637,https://www.eia.gov/petroleum/supply/weekly/archive/2023/2023_09_07/csv/table9.csv,27.415,416.637,,0.001,416.637,0.0,0.0,0.0
2023_09_13,2023-09-08,24.965,420.592,https://www.eia.gov/petroleum/supply/weekly/archive/2023/2023_09_13/csv/table9.csv,24.965,420.592,,0.001,420.592,0.0,0.0,0.0
2023_09_20,2023-09-15,22.901,418.456,https://www.eia.gov/petroleum/supply/weekly/archive/2023/2023_09_20/csv/table9.csv,22.901,418.456,,0.001,418.456,0.0,0.0,0.0
2023_09_27,2023-09-22,21.958,416.287,https://www.eia.gov/petroleum/supply/weekly/archive/2023/2023_09_27/csv/table9.csv,21.958,416.287,,0.001,416.287,0.0,0.0,0.0
2023_10_04,2023-09-29,22.09,414.063,https://www.eia.gov/petroleum/supply/weekly/archive/2023/2023_10_04/csv/table9.csv,22.09,414.063,,0.001,414.063,0.0,0.0,0.0
2023_10_12,2023-10-06,21.771,424.239,https://www.eia.gov/petroleum/supply/weekly/archive/2023/2023_10_12/csv/table9.csv,21.771,424.239,,0.001,424.239,0.0,0.0,0.0
2023_10_18,2023-10-13,21.013,419.748,https://www.eia.gov/petroleum/supply/weekly/archive/2023/2023_10_18/csv/table9.csv,21.013,419.748,,0.001,419.748,0.0,0.0,0.0
2023_10_25,2023-10-20,21.226,421.12,https://www.eia.gov/petroleum/supply/weekly/archive/2023/2023_10_25/csv/table9.csv,21.226,421.12,,0.001,421.12,0.0,0.0,0.0
2023_11_01,2023-10-27,21.498,421.893,https://www.eia.gov/petroleum/supply/weekly/archive/2023/2023_11_01/csv/table9.csv,21.498,421.893,,0.001,421.893,0.0,0.0,0.0
2023_11_03_data,2023-11-03,23.085,435.762,https://www.eia.gov/petroleum/supply/weekly/archive/2023/2023_11_03_data/csv/table9.csv,23.085,435.762,,0.001,435.762,0.0,0.0,0.0
2023_11_15,2023-11-10,25.01,439.354,https://www.eia.gov/petroleum/supply/weekly/archive/2023/2023_11_15/csv/table9.csv,25.01,439.354,,0.001,439.354,0.0,0.0,0.0
2023_11_22,2023-11-17,25.868,448.054,https://www.eia.gov/petroleum/supply/weekly/archive/2023/2023_11_22/csv/table9.csv,25.868,448.054,,0.001,448.054,0.0,0.0,0.0
2023_11_29,2023-11-24,27.722,449.664,https://www.eia.gov/petroleum/supply/weekly/archive/2023/2023_11_29/csv/table9.csv,27.722,449.664,,0.001,449.664,0.0,0.0,0.0
2023_12_06,2023-12-01,29.551,445.031,https://www.eia.gov/petroleum/supply/weekly/archive/2023/2023_12_06/csv/table9.csv,29.551,445.031,,0.001,445.031,0.0,0.0,0.0
2023_12_13,2023-12-08,30.779,440.773,https://www.eia.gov/petroleum/supply/weekly/archive/2023/2023_12_13/csv/table9.csv,30.779,440.773,,0.001,440.773,0.0,0.0,0.0
2023_12_20,2023-12-15,32.465,443.682,https://www.eia.gov/petroleum/supply/weekly/archive/2023/2023_12_20/csv/table9.csv,32.465,443.682,,0.001,443.682,0.0,0.0,0.0
2023_12_28,2023-12-22,33.973,436.568,https://www.eia.gov/petroleum/supply/weekly/archive/2023/2023_12_28/csv/table9.csv,33.973,436.568,,0.001,436.568,0.0,0.0,0.0
2024_01_04,2023-12-29,34.679,431.065,https://www.eia.gov/petroleum/supply/weekly/archive/2024/2024_01_04/csv/table9.csv,34.679,431.065,,0.001,431.065,0.0,0.0,0.0
2024_01_10,2024-01-05,34.173,432.403,https://www.eia.gov/petroleum/supply/weekly/archive/2024/2024_01_10/csv/table9.csv,34.173,432.403,,0.001,432.403,0.0,0.0,0.0
2024_01_18,2024-01-12,32.074,429.911,https://www.eia.gov/petroleum/supply/weekly/archive/2024/2024_01_18/csv/table9.csv,32.074,429.911,,0.001,429.911,0.0,0.0,0.0
2024_01_24,2024-01-19,30.066,420.678,https://www.eia.gov/petroleum/supply/weekly/archive/2024/2024_01_24/csv/table9.csv,30.066,420.678,,0.001,420.678,0.0,0.0,0.0
2024_01_31,2024-01-26,28.094,421.912,https://www.eia.gov/petroleum/supply/weekly/archive/2024/2024_01_31/csv/table9.csv,28.094,421.912,,0.001,421.912,0.0,0.0,0.0
2024_02_07,2024-02-02,28.061,427.432,https://www.eia.gov/petroleum/supply/weekly/archive/2024/2024_02_07/csv/table9.csv,28.061,427.432,,0.001,427.432,0.0,0.0,0.0
2024_02_14,2024-02-09,28.771,439.45,https://www.eia.gov/petroleum/supply/weekly/archive/2024/2024_02_14/csv/table9.csv,28.771,439.45,,0.001,439.45,0.0,0.0,0.0
2024_02_22,2024-02-16,29.512,442.964,https://www.eia.gov/petroleum/supply/weekly/archive/2024/2024_02_22/csv/table9.csv,29.512,442.964,,0.001,442.964,0.0,0.0,0.0
2024_02_28,2024-02-23,30.97,447.163,https://www.eia.gov/petroleum/supply/weekly/archive/2024/2024_02_28/csv/table9.csv,30.97,447.163,,0.001,447.163,0.0,0.0,0.0
2024_03_06,2024-03-01,31.671,448.53,https://www.eia.gov/petroleum/supply/weekly/archive/2024/2024_03_06/csv/table9.csv,31.671,448.53,,0.001,448.53,0.0,0.0,0.0
2024_03_13,2024-03-08,31.451,446.994,https://www.eia.gov/petroleum/supply/weekly/archive/2024/2024_03_13/csv/table9.csv,31.451,446.994,,0.001,446.994,0.0,0.0,0.0
2024_03_20,2024-03-15,31.433,445.042,https://www.eia.gov/petroleum/supply/weekly/archive/2024/2024_03_20/csv/table9.csv,31.433,445.042,,0.001,445.042,0.0,0.0,0.0
2024_03_27,2024-03-22,33.54,448.207,https://www.eia.gov/petroleum/supply/weekly/archive/2024/2024_03_27/csv/table9.csv,33.54,448.207,,0.001,448.207,0.0,0.0,0.0
2024_04_03,2024-03-29,33.163,451.417,https://www.eia.gov/petroleum/supply/weekly/archive/2024/2024_04_03/csv/table9.csv,33.163,451.417,,0.001,451.417,0.0,0.0,0.0
2024_04_10,2024-04-05,32.993,457.258,https://www.eia.gov/petroleum/supply/weekly/archive/2024/2024_04_10/csv/table9.csv,32.993,457.258,,0.001,457.258,0.0,0.0,0.0
2024_04_17,2024-04-12,33.026,459.993,https://www.eia.gov/petroleum/supply/weekly/archive/2024/2024_04_17/csv/table9.csv,33.026,459.993,,0.001,459.993,0.0,0.0,0.0
2024_04_24,2024-04-19,32.367,453.625,https://www.eia.gov/petroleum/supply/weekly/archive/2024/2024_04_24/csv/table9.csv,32.367,453.625,,0.001,453.625,0.0,0.0,0.0
2024_05_01,2024-04-26,33.456,460.89,https://www.eia.gov/petroleum/supply/weekly/archive/2024/2024_05_01/csv/table9.csv,33.456,460.89,,0.001,460.89,0.0,0.0,0.0
2024_05_08,2024-05-03,35.336,459.528,https://www.eia.gov/petroleum/supply/weekly/archive/2024/2024_05_08/csv/table9.csv,35.336,459.528,,0.001,459.528,0.0,0.0,0.0
2024_05_15,2024-05-10,34.995,457.02,https://www.eia.gov/petroleum/supply/weekly/archive/2024/2024_05_15/csv/table9.csv,34.995,457.02,,0.001,457.02,0.0,0.0,0.0
2024_05_22,2024-05-17,36.32,458.845,https://www.eia.gov/petroleum/supply/weekly/archive/2024/2024_05_22/csv/table9.csv,36.32,458.845,,0.001,458.845,0.0,0.0,0.0
2024_05_30,2024-05-24,34.554,454.689,https://www.eia.gov/petroleum/supply/weekly/archive/2024/2024_05_30/csv/table9.csv,34.554,454.689,,0.001,454.689,0.0,0.0,0.0
2024_06_05,2024-05-31,35.408,455.922,https://www.eia.gov/petroleum/supply/weekly/archive/2024/2024_06_05/csv/table9.csv,35.408,455.922,,0.001,455.922,0.0,0.0,0.0
2024_06_12,2024-06-07,33.815,459.652,https://www.eia.gov/petroleum/supply/weekly/archive/2024/2024_06_12/csv/table9.csv,33.815,459.652,,0.001,459.652,0.0,0.0,0.0
2024_06_20,2024-06-14,34.122,457.105,https://www.eia.gov/petroleum/supply/weekly/archive/2024/2024_06_20/csv/table9.csv,34.122,457.105,,0.001,457.105,0.0,0.0,0.0
2024_06_26,2024-06-21,33.896,460.696,https://www.eia.gov/petroleum/supply/weekly/archive/2024/2024_06_26/csv/table9.csv,33.896,460.696,,0.001,460.696,0.0,0.0,0.0
2024_07_03,2024-06-28,34.241,448.539,https://www.eia.gov/petroleum/supply/weekly/archive/2024/2024_07_03/csv/table9.csv,34.241,448.539,,0.001,448.539,0.0,0.0,0.0
2024_07_10,2024-07-05,33.539,445.096,https://www.eia.gov/petroleum/supply/weekly/archive/2024/2024_07_10/csv/table9.csv,33.539,445.096,,0.001,445.096,0.0,0.0,0.0
2024_07_17,2024-07-12,32.664,440.226,https://www.eia.gov/petroleum/supply/weekly/archive/2024/2024_07_17/csv/table9.csv,32.664,440.226,,0.001,440.226,0.0,0.0,0.0
2024_07_24,2024-07-19,30.956,436.485,https://www.eia.gov/petroleum/supply/weekly/archive/2024/2024_07_24/csv/table9.csv,30.956,436.485,,0.001,436.485,0.0,0.0,0.0
2024_07_31,2024-07-26,29.85,433.049,https://www.eia.gov/petroleum/supply/weekly/archive/2024/2024_07_31/csv/table9.csv,29.85,433.049,,0.001,433.049,0.0,0.0,0.0
2024_08_07,2024-08-02,30.429,429.321,https://www.eia.gov/petroleum/supply/weekly/archive/2024/2024_08_07/csv/table9.csv,30.429,429.321,,0.001,429.321,0.0,0.0,0.0
2024_08_14,2024-08-09,28.764,430.678,https://www.eia.gov/petroleum/supply/weekly/archive/2024/2024_08_14/csv/table9.csv,28.764,430.678,,0.001,430.678,0.0,0.0,0.0
2024_08_21,2024-08-16,28.204,426.029,https://www.eia.gov/petroleum/supply/weekly/archive/2024/2024_08_21/csv/table9.csv,28.204,426.029,,0.001,426.029,0.0,0.0,0.0
2024_08_28,2024-08-23,27.536,425.183,https://www.eia.gov/petroleum/supply/weekly/archive/2024/2024_08_28/csv/table9.csv,27.536,425.183,,0.001,425.183,0.0,0.0,0.0
2024_09_05,2024-08-30,26.394,418.31,https://www.eia.gov/petroleum/supply/weekly/archive/2024/2024_09_05/csv/table9.csv,26.394,418.31,,0.001,418.31,0.0,0.0,0.0
2024_09_11,2024-09-06,24.69,419.143,https://www.eia.gov/petroleum/supply/weekly/archive/2024/2024_09_11/csv/table9.csv,24.69,419.143,,0.001,419.143,0.0,0.0,0.0
2024_09_18,2024-09-13,22.711,417.513,https://www.eia.gov/petroleum/supply/weekly/archive/2024/2024_09_18/csv/table9.csv,22.711,417.513,,0.001,417.513,0.0,0.0,0.0
2024_09_25,2024-09-20,22.827,413.042,https://www.eia.gov/petroleum/supply/weekly/archive/2024/2024_09_25/csv/table9.csv,22.827,413.042,,0.001,413.042,0.0,0.0,0.0
2024_10_02,2024-09-27,23.667,416.931,https://www.eia.gov/petroleum/supply/weekly/archive/2024/2024_10_02/csv/table9.csv,23.667,416.931,,0.001,416.931,0.0,0.0,0.0
2024_10_09,2024-10-04,24.914,422.741,https://www.eia.gov/petroleum/supply/weekly/archive/2024/2024_10_09/csv/table9.csv,24.914,422.741,,0.001,422.741,0.0,0.0,0.0
2024_10_17,2024-10-11,25.022,420.55,https://www.eia.gov/petroleum/supply/weekly/archive/2024/2024_10_17/csv/table9.csv,25.022,420.55,,0.001,420.55,0.0,0.0,0.0
2024_10_23,2024-10-18,24.676,426.024,https://www.eia.gov/petroleum/supply/weekly/archive/2024/2024_10_23/csv/table9.csv,24.676,426.024,,0.001,426.024,0.0,0.0,0.0
2024_10_30,2024-10-25,25.357,425.509,https://www.eia.gov/petroleum/supply/weekly/archive/2024/2024_10_30/csv/table9.csv,25.357,425.509,,0.001,425.509,0.0,0.0,0.0
2024_11_06,2024-11-01,25.879,427.658,https://www.eia.gov/petroleum/supply/weekly/archive/2024/2024_11_06/csv/table9.csv,25.879,427.658,,0.001,427.658,0.0,0.0,0.0
2024_11_14,2024-11-08,25.191,429.747,https://www.eia.gov/petroleum/supply/weekly/archive/2024/2024_11_14/csv/table9.csv,25.191,429.747,,0.001,429.747,0.0,0.0,0.0
2024_11_20,2024-11-15,25.051,430.292,https://www.eia.gov/petroleum/supply/weekly/archive/2024/2024_11_20/csv/table9.csv,25.051,430.292,,0.001,430.292,0.0,0.0,0.0
2024_11_27,2024-11-22,24.142,428.448,https://www.eia.gov/petroleum/supply/weekly/archive/2024/2024_11_27/csv/table9.csv,24.142,428.448,,0.001,428.448,0.0,0.0,0.0
2024_12_04,2024-11-29,24.192,423.375,https://www.eia.gov/petroleum/supply/weekly/archive/2024/2024_12_04/csv/table9.csv,24.192,423.375,,0.001,423.375,0.0,0.0,0.0
2024_12_11,2024-12-06,22.894,421.95,https://www.eia.gov/petroleum/supply/weekly/archive/2024/2024_12_11/csv/table9.csv,22.894,421.95,,0.001,421.95,0.0,0.0,0.0
2024_12_18,2024-12-13,23.002,421.016,https://www.eia.gov/petroleum/supply/weekly/archive/2024/2024_12_18/csv/table9.csv,23.002,421.016,,0.001,421.016,0.0,0.0,0.0
2024_12_27,2024-12-20,22.682,416.779,https://www.eia.gov/petroleum/supply/weekly/archive/2024/2024_12_27/csv/table9.csv,22.682,416.779,,0.001,416.779,0.0,0.0,0.0
2025_01_02,2024-12-27,22.54,415.601,https://www.eia.gov/petroleum/supply/weekly/archive/2025/2025_01_02/csv/table9.csv,22.54,415.601,,0.001,415.601,0.0,0.0,0.0
2025_01_08,2025-01-03,20.038,414.642,https://www.eia.gov/petroleum/supply/weekly/archive/2025/2025_01_08/csv/table9.csv,20.038,414.642,,0.001,414.642,0.0,0.0,0.0
2025_01_15,2025-01-10,20.803,412.68,https://www.eia.gov/petroleum/supply/weekly/archive/2025/2025_01_15/csv/table9.csv,20.803,412.68,,0.001,412.68,0.0,0.0,0.0
2025_01_23,2025-01-17,20.655,411.663,https://www.eia.gov/petroleum/supply/weekly/archive/2025/2025_01_23/csv/table9.csv,20.655,411.663,,0.001,411.663,0.0,0.0,0.0
2025_01_29,2025-01-24,20.981,415.126,https://www.eia.gov/petroleum/supply/weekly/archive/2025/2025_01_29/csv/table9.csv,20.981,415.126,,0.001,415.126,0.0,0.0,0.0
2025_02_05,2025-01-31,20.947,423.79,https://www.eia.gov/petroleum/supply/weekly/archive/2025/2025_02_05/csv/table9.csv,20.947,423.79,,0.001,423.79,0.0,0.0,0.0
2025_02_12,2025-02-07,21.819,427.86,https://www.eia.gov/petroleum/supply/weekly/archive/2025/2025_02_12/csv/table9.csv,21.819,427.86,,0.001,427.86,0.0,0.0,0.0
2025_02_20,2025-02-14,23.291,432.493,https://www.eia.gov/petroleum/supply/weekly/archive/2025/2025_02_20/csv/table9.csv,23.291,432.493,,0.001,432.493,0.0,0.0,0.0
2025_02_26,2025-02-21,24.573,430.161,https://www.eia.gov/petroleum/supply/weekly/archive/2025/2025_02_26/csv/table9.csv,24.573,430.161,,0.001,430.161,0.0,0.0,0.0
2025_03_05,2025-02-28,25.697,433.775,https://www.eia.gov/petroleum/supply/weekly/archive/2025/2025_03_05/csv/table9.csv,25.697,433.775,,0.001,433.775,0.0,0.0,0.0
2025_03_12,2025-03-07,24.469,435.223,https://www.eia.gov/petroleum/supply/weekly/archive/2025/2025_03_12/csv/table9.csv,24.469,435.223,,0.001,435.223,0.0,0.0,0.0
2025_03_19,2025-03-14,23.46,436.968,https://www.eia.gov/petroleum/supply/weekly/archive/2025/2025_03_19/csv/table9.csv,23.46,436.968,,0.001,436.968,0.0,0.0,0.0
2025_03_26,2025-03-21,22.705,433.627,https://www.eia.gov/petroleum/supply/weekly/archive/2025/2025_03_26/csv/table9.csv,22.705,433.627,,0.001,433.627,0.0,0.0,0.0
2025_04_02,2025-03-28,25.078,439.792,https://www.eia.gov/petroleum/supply/weekly/archive/2025/2025_04_02/csv/table9.csv,25.078,439.792,,0.001,439.792,0.0,0.0,0.0
2025_04_09,2025-04-04,25.759,442.345,https://www.eia.gov/petroleum/supply/weekly/archive/2025/2025_04_09/csv/table9.csv,25.759,442.345,,0.001,442.345,0.0,0.0,0.0
2025_04_16,2025-04-11,25.105,442.86,https://www.eia.gov/petroleum/supply/weekly/archive/2025/2025_04_16/csv/table9.csv,25.105,442.86,,0.001,442.86,0.0,0.0,0.0
2025_04_23,2025-04-18,25.019,443.104,https://www.eia.gov/petroleum/supply/weekly/archive/2025/2025_04_23/csv/table9.csv,25.019,443.104,,0.001,443.104,0.0,0.0,0.0
2025_04_30,2025-04-25,25.701,440.408,https://www.eia.gov/petroleum/supply/weekly/archive/2025/2025_04_30/csv/table9.csv,25.701,440.408,,0.001,440.408,0.0,0.0,0.0
2025_05_07,2025-05-02,24.961,438.376,https://www.eia.gov/petroleum/supply/weekly/archive/2025/2025_05_07/csv/table9.csv,24.961,438.376,,0.001,438.376,0.0,0.0,0.0
2025_05_14,2025-05-09,23.892,441.83,https://www.eia.gov/petroleum/supply/weekly/archive/2025/2025_05_14/csv/table9.csv,23.892,441.83,,0.001,441.83,0.0,0.0,0.0
2025_05_21,2025-05-16,23.435,443.158,https://www.eia.gov/petroleum/supply/weekly/archive/2025/2025_05_21/csv/table9.csv,23.435,443.158,,0.001,443.158,0.0,0.0,0.0
2025_05_29,2025-05-23,23.51,440.363,https://www.eia.gov/petroleum/supply/weekly/archive/2025/2025_05_29/csv/table9.csv,23.51,440.363,,0.001,440.363,0.0,0.0,0.0
2025_06_04,2025-05-30,24.086,436.059,https://www.eia.gov/petroleum/supply/weekly/archive/2025/2025_06_04/csv/table9.csv,24.086,436.059,,0.001,436.059,0.0,0.0,0.0
2025_06_11,2025-06-06,23.683,432.415,https://www.eia.gov/petroleum/supply/weekly/archive/2025/2025_06_11/csv/table9.csv,23.683,432.415,,0.001,432.415,0.0,0.0,0.0
2025_06_18,2025-06-13,22.688,420.942,https://www.eia.gov/petroleum/supply/weekly/archive/2025/2025_06_18/csv/table9.csv,22.688,420.942,,0.001,420.942,0.0,0.0,0.0
2025_06_25,2025-06-20,22.224,415.106,https://www.eia.gov/petroleum/supply/weekly/archive/2025/2025_06_25/csv/table9.csv,22.224,415.106,,0.001,415.106,0.0,0.0,0.0
2025_07_02,2025-06-27,20.731,418.951,https://www.eia.gov/petroleum/supply/weekly/archive/2025/2025_07_02/csv/table9.csv,20.731,418.951,,0.001,418.951,0.0,0.0,0.0
2025_07_09,2025-07-04,21.195,426.021,https://www.eia.gov/petroleum/supply/weekly/archive/2025/2025_07_09/csv/table9.csv,21.195,426.021,,0.001,426.021,0.0,0.0,0.0
2025_07_16,2025-07-11,21.408,422.162,https://www.eia.gov/petroleum/supply/weekly/archive/2025/2025_07_16/csv/table9.csv,21.408,422.162,,0.001,422.162,0.0,0.0,0.0
2025_07_23,2025-07-18,21.863,418.993,https://www.eia.gov/petroleum/supply/weekly/archive/2025/2025_07_23/csv/table9.csv,21.863,418.993,,0.001,418.993,0.0,0.0,0.0
2025_07_30,2025-07-25,22.553,426.691,https://www.eia.gov/petroleum/supply/weekly/archive/2025/2025_07_30/csv/table9.csv,22.553,426.691,,0.001,426.691,0.0,0.0,0.0
2025_08_06,2025-08-01,23.006,423.662,https://www.eia.gov/petroleum/supply/weekly/archive/2025/2025_08_06/csv/table9.csv,23.006,423.662,,0.001,423.662,0.0,0.0,0.0
2025_08_13,2025-08-08,23.051,426.698,https://www.eia.gov/petroleum/supply/weekly/archive/2025/2025_08_13/csv/table9.csv,23.051,426.698,,0.001,426.698,0.0,0.0,0.0
2025_08_20,2025-08-15,23.47,420.684,https://www.eia.gov/petroleum/supply/weekly/archive/2025/2025_08_20/csv/table9.csv,23.47,420.684,,0.001,420.684,0.0,0.0,0.0
2025_08_27,2025-08-22,22.632,418.292,https://www.eia.gov/petroleum/supply/weekly/archive/2025/2025_08_27/csv/table9.csv,22.632,418.292,,0.001,418.292,0.0,0.0,0.0
2025_09_04,2025-08-29,24.222,420.707,https://www.eia.gov/petroleum/supply/weekly/archive/2025/2025_09_04/csv/table9.csv,24.222,420.707,,0.001,420.707,0.0,0.0,0.0
2025_09_10,2025-09-05,23.857,424.646,https://www.eia.gov/petroleum/supply/weekly/archive/2025/2025_09_10/csv/table9.csv,23.857,424.646,,0.001,424.646,0.0,0.0,0.0
2025_09_17,2025-09-12,23.561,415.361,https://www.eia.gov/petroleum/supply/weekly/archive/2025/2025_09_17/csv/table9.csv,23.561,415.361,,0.001,415.361,0.0,0.0,0.0
2025_09_24,2025-09-19,23.738,414.754,https://www.eia.gov/petroleum/supply/weekly/archive/2025/2025_09_24/csv/table9.csv,23.738,414.754,,0.001,414.754,0.0,0.0,0.0
2025_10_01,2025-09-26,23.467,416.546,https://www.eia.gov/petroleum/supply/weekly/archive/2025/2025_10_01/csv/table9.csv,23.467,416.546,,0.001,416.546,0.0,0.0,0.0
2025_10_08,2025-10-03,22.704,420.261,https://www.eia.gov/petroleum/supply/weekly/archive/2025/2025_10_08/csv/table9.csv,22.704,420.261,,0.001,420.261,0.0,0.0,0.0
2025_10_16,2025-10-10,22.001,423.785,https://www.eia.gov/petroleum/supply/weekly/archive/2025/2025_10_16/csv/table9.csv,22.001,423.785,,0.001,423.785,0.0,0.0,0.0
2025_10_22,2025-10-17,21.231,422.824,https://www.eia.gov/petroleum/supply/weekly/archive/2025/2025_10_22/csv/table9.csv,21.231,422.824,,0.001,422.824,0.0,0.0,0.0
2025_10_29,2025-10-24,22.565,415.966,https://www.eia.gov/petroleum/supply/weekly/archive/2025/2025_10_29/csv/table9.csv,22.565,415.966,,0.001,415.966,0.0,0.0,0.0
2025_11_05,2025-10-31,22.865,421.168,https://www.eia.gov/petroleum/supply/weekly/archive/2025/2025_11_05/csv/table9.csv,22.865,421.168,,0.001,421.168,0.0,0.0,0.0
2025_11_13,2025-11-07,22.519,427.581,https://www.eia.gov/petroleum/supply/weekly/archive/2025/2025_11_13/csv/table9.csv,22.519,427.581,,0.001,427.581,0.0,0.0,0.0
2025_11_19,2025-11-14,21.821,424.155,https://www.eia.gov/petroleum/supply/weekly/archive/2025/2025_11_19/csv/table9.csv,21.821,424.155,,0.001,424.155,0.0,0.0,0.0
2025_11_26,2025-11-21,21.753,426.929,https://www.eia.gov/petroleum/supply/weekly/archive/2025/2025_11_26/csv/table9.csv,21.753,426.929,,0.001,426.929,0.0,0.0,0.0
2025_12_03,2025-11-28,21.296,427.503,https://www.eia.gov/petroleum/supply/weekly/archive/2025/2025_12_03/csv/table9.csv,21.296,427.503,,0.001,427.503,0.0,0.0,0.0
2025_12_10,2025-12-05,21.604,425.691,https://www.eia.gov/petroleum/supply/weekly/archive/2025/2025_12_10/csv/table9.csv,21.604,425.691,,0.001,425.691,0.0,0.0,0.0
2025_12_17,2025-12-12,20.862,424.417,https://www.eia.gov/petroleum/supply/weekly/archive/2025/2025_12_17/csv/table9.csv,20.862,424.417,,0.001,424.417,0.0,0.0,0.0
2025_12_29,2025-12-19,21.569,424.822,https://www.eia.gov/petroleum/supply/weekly/archive/2025/2025_12_29/csv/table9.csv,21.569,424.822,,0.001,424.822,0.0,0.0,0.0
2025_12_31,2025-12-26,22.112,422.888,https://www.eia.gov/petroleum/supply/weekly/archive/2025/2025_12_31/csv/table9.csv,22.112,422.888,,0.001,422.888,0.0,0.0,0.0
2026_01_07,2026-01-02,22.84,419.056,https://www.eia.gov/petroleum/supply/weekly/archive/2026/2026_01_07/csv/table9.csv,22.84,419.056,,0.001,419.056,0.0,0.0,0.0
2026_01_14,2026-01-09,23.585,422.447,https://www.eia.gov/petroleum/supply/weekly/archive/2026/2026_01_14/csv/table9.csv,23.585,422.447,,0.001,422.447,0.0,0.0,0.0
2026_01_22,2026-01-16,25.063,426.049,https://www.eia.gov/petroleum/supply/weekly/archive/2026/2026_01_22/csv/table9.csv,25.063,426.049,,0.001,426.049,0.0,0.0,0.0
2026_01_28,2026-01-23,24.785,423.754,https://www.eia.gov/petroleum/supply/weekly/archive/2026/2026_01_28/csv/table9.csv,24.785,423.754,,0.001,423.754,0.0,0.0,0.0
2026_02_04,2026-01-30,24.042,420.299,https://www.eia.gov/petroleum/supply/weekly/archive/2026/2026_02_04/csv/table9.csv,24.042,420.299,,0.001,420.299,0.0,0.0,0.0
2026_02_11,2026-02-06,25.113,428.829,https://www.eia.gov/petroleum/supply/weekly/archive/2026/2026_02_11/csv/table9.csv,25.113,428.829,,0.001,428.829,0.0,0.0,0.0
2026_02_19,2026-02-13,24.018,419.815,https://www.eia.gov/petroleum/supply/weekly/archive/2026/2026_02_19/csv/table9.csv,24.018,419.815,,0.001,419.815,0.0,0.0,0.0
2026_02_25,2026-02-20,24.899,435.804,https://www.eia.gov/petroleum/supply/weekly/archive/2026/2026_02_25/csv/table9.csv,24.899,435.804,,0.001,435.804,0.0,0.0,0.0
2026_03_04,2026-02-27,26.463,439.279,https://www.eia.gov/petroleum/supply/weekly/archive/2026/2026_03_04/csv/table9.csv,26.463,439.279,,0.001,439.279,0.0,0.0,0.0
2026_03_11,2026-03-06,26.58,443.103,https://www.eia.gov/petroleum/supply/weekly/archive/2026/2026_03_11/csv/table9.csv,26.58,443.103,,0.001,443.103,0.0,0.0,0.0
2026_03_18,2026-03-13,27.524,449.259,https://www.eia.gov/petroleum/supply/weekly/archive/2026/2026_03_18/csv/table9.csv,27.524,449.259,,0.001,449.259,0.0,0.0,0.0
2026_03_25,2026-03-20,30.945,456.185,https://www.eia.gov/petroleum/supply/weekly/archive/2026/2026_03_25/csv/table9.csv,30.945,456.185,,0.001,456.185,0.0,0.0,0.0
2026_04_01,2026-03-27,31.465,461.636,https://www.eia.gov/petroleum/supply/weekly/archive/2026/2026_04_01/csv/table9.csv,31.465,461.636,,0.001,461.636,0.0,0.0,0.0
2026_04_08,2026-04-03,31.489,464.717,https://www.eia.gov/petroleum/supply/weekly/archive/2026/2026_04_08/csv/table9.csv,31.489,464.717,,0.001,464.717,0.0,0.0,0.0
2026_04_15,2026-04-10,29.762,463.804,https://www.eia.gov/petroleum/supply/weekly/archive/2026/2026_04_15/csv/table9.csv,29.762,463.804,,0.001,463.804,0.0,0.0,0.0
2026_04_22,2026-04-17,30.568,465.729,https://www.eia.gov/petroleum/supply/weekly/archive/2026/2026_04_22/csv/table9.csv,30.568,465.729,,0.001,465.729,0.0,0.0,0.0
2026_04_29,2026-04-24,29.772,459.495,https://www.eia.gov/petroleum/supply/weekly/archive/2026/2026_04_29/csv/table9.csv,29.772,459.495,,0.001,459.495,0.0,0.0,0.0
2026_05_06,2026-05-01,29.124,457.182,https://www.eia.gov/petroleum/supply/weekly/archive/2026/2026_05_06/csv/table9.csv,29.124,457.182,,0.001,457.182,0.0,0.0,0.0
2026_05_13,2026-05-08,27.422,452.876,https://www.eia.gov/petroleum/supply/weekly/archive/2026/2026_05_13/csv/table9.csv,27.422,452.876,,0.001,452.876,0.0,0.0,0.0
2026_05_20,2026-05-15,25.818,445.013,https://www.eia.gov/petroleum/supply/weekly/archive/2026/2026_05_20/csv/table9.csv,25.818,445.013,,0.001,445.013,0.0,0.0,0.0
2026_05_28,2026-05-22,23.024,441.686,https://www.eia.gov/petroleum/supply/weekly/archive/2026/2026_05_28/csv/table9.csv,23.024,441.686,,0.001,441.686,0.0,0.0,0.0
2026_06_03,2026-05-29,22.441,433.712,https://www.eia.gov/petroleum/supply/weekly/archive/2026/2026_06_03/csv/table9.csv,22.441,433.712,,0.001,433.712,0.0,0.0,0.0
2026_06_10,2026-06-05,21.64,426.485,https://www.eia.gov/petroleum/supply/weekly/archive/2026/2026_06_10/csv/table9.csv,21.64,426.485,,0.001,426.485,0.0,0.0,0.0
2026_06_17,2026-06-12,20.034,418.222,https://www.eia.gov/petroleum/supply/weekly/archive/2026/2026_06_17/csv/table9.csv,20.034,418.222,,0.001,418.222,0.0,0.0,0.0
2026_06_24,2026-06-19,18.957,412.134,https://www.eia.gov/petroleum/supply/weekly/archive/2026/2026_06_24/csv/table9.csv,18.957,412.134,,0.001,412.134,0.0,0.0,0.0
2026_07_01,2026-06-26,19.666,408.359,https://www.eia.gov/petroleum/supply/weekly/archive/2026/2026_07_01/csv/table9.csv,19.666,408.359,,0.001,408.359,0.0,0.0,0.0
2026_07_08,2026-07-03,19.614,411.357,https://www.eia.gov/petroleum/supply/weekly/archive/2026/2026_07_08/csv/table9.csv,19.614,411.357,,0.001,411.357,0.0,0.0,0.0
2026_07_15,2026-07-10,20.044,409.665,https://www.eia.gov/petroleum/supply/weekly/archive/2026/2026_07_15/csv/table9.csv,20.044,409.665,,0.001,409.665,0.0,0.0,0.0
2026_07_22,2026-07-17,19.37,411.675,https://www.eia.gov/petroleum/supply/weekly/archive/2026/2026_07_22/csv/table9.csv,19.37,411.675,,0.001,411.675,0.0,0.0,0.0
2026_07_29,2026-07-24,18.599,404.508,https://www.eia.gov/petroleum/supply/weekly/archive/2026/2026_07_29/csv/table9.csv,18.599,404.508,,0.001,404.508,0.0,0.0,0.0
2026_08_05,2026-07-31,20.955,406.987,https://www.eia.gov/petroleum/supply/weekly/archive/2026/2026_08_05/csv/table9.csv,20.955,406.987,,0.001,406.987,0.0,0.0,0.0
2026_08_12,2026-08-07,22.566,424.41,https://www.eia.gov/petroleum/supply/weekly/archive/2026/2026_08_12/csv/table9.csv,22.566,424.41,,0.001,424.41,0.0,0.0,0.0
2026_08_19,2026-08-14,21.252,428.815,https://www.eia.gov/petroleum/supply/weekly/archive/2026/2026_08_19/csv/table9.csv,21.252,428.815,,0.001,428.815,0.0,0.0,0.0
2026_08_26,2026-08-21,22.428,428.91,https://www.eia.gov/petroleum/supply/weekly/archive/2026/2026_08_26/csv/table9.csv,22.428,428.91,,0.001,428.91,0.0,0.0,0.0
2026_09_02,2026-08-28,22.508,424.46,https://www.eia.gov/petroleum/supply/weekly/archive/2026/2026_09_02/csv/table9.csv,22.508,424.46,,0.001,424.46,0.0,0.0,0.0
2026_09_10,2026-09-04,21.824,424.069,https://www.eia.gov/petroleum/supply/weekly/archive/2026/2026_09_10/csv/table9.csv,21.824,424.069,,0.001,424.069,0.0,0.0,0.0
