report_id,week_ending,release_date,knowledge_cutoff,cushing_mbbl,us_mbbl,source_url,sha256,timestamp_quality
2011_08_03,2011-07-29,2011-08-03,2011-08-04T03:59:59+00:00,35.953,354.975,https://www.eia.gov/petroleum/supply/weekly/archive/2011/2011_08_03/csv/table9.csv,77fd141d9b906e9aa0aab765ddaf2adba73e7350b3ede492e3507da1c0597a54,release_date_only_ny_end_of_day
2011_08_10,2011-08-05,2011-08-10,2011-08-11T03:59:59+00:00,34.581,349.75,https://www.eia.gov/petroleum/supply/weekly/archive/2011/2011_08_10/csv/table9.csv,2cd5cc7ddc4942449e801a22f3fda43d0214da611a19c949ffa7905d436fb113,release_date_only_ny_end_of_day
2011_08_17,2011-08-12,2011-08-17,2011-08-18T03:59:59+00:00,33.688,353.983,https://www.eia.gov/petroleum/supply/weekly/archive/2011/2011_08_17/csv/table9.csv,87813410cf76b2c269b8be59e301e8910cfec9e5e0ccdb33bc5a29e0a5fe0454,release_date_only_ny_end_of_day
2011_08_24,2011-08-19,2011-08-24,2011-08-25T03:59:59+00:00,33.662,351.77,https://www.eia.gov/petroleum/supply/weekly/archive/2011/2011_08_24/csv/table9.csv,0c7a9472a2a7f0705859cd78730da1c3b27f9a660e311c44a34658ab8c766595,release_date_only_ny_end_of_day
2011_08_31,2011-08-26,2011-08-31,2011-09-01T03:59:59+00:00,33.085,357.051,https://www.eia.gov/petroleum/supply/weekly/archive/2011/2011_08_31/csv/table9.csv,2930a4f608acf08034544bca7d2c0f6e30a83af6e6ed58792445bbfa6fa40048,release_date_only_ny_end_of_day
2011_09_08,2011-09-02,2011-09-08,2011-09-09T03:59:59+00:00,32.689,353.088,https://www.eia.gov/petroleum/supply/weekly/archive/2011/2011_09_08/csv/table9.csv,d5576c57948280c64fe1cc2d001f75d4234033c7f5a115b7494e37b5a14b41be,release_date_only_ny_end_of_day
2011_09_14,2011-09-09,2011-09-14,2011-09-15T03:59:59+00:00,32.229,346.384,https://www.eia.gov/petroleum/supply/weekly/archive/2011/2011_09_14/csv/table9.csv,196666e65c60187795db84e03fd8b750528a862f7c184ad77297f62e73871de1,release_date_only_ny_end_of_day
2011_09_21,2011-09-16,2011-09-21,2011-09-22T03:59:59+00:00,31.998,339.048,https://www.eia.gov/petroleum/supply/weekly/archive/2011/2011_09_21/csv/table9.csv,39fd40a84b7233bc469381e717b2744ac11da40919cf5f1ed46a3809326d4253,release_date_only_ny_end_of_day
2011_09_28,2011-09-23,2011-09-28,2011-09-29T03:59:59+00:00,30.92,340.963,https://www.eia.gov/petroleum/supply/weekly/archive/2011/2011_09_28/csv/table9.csv,f2a2e2e210eb22207115bd62e76d7dcd2c350fbf3b6ab34d6e9fdda0181ec3ca,release_date_only_ny_end_of_day
2011_10_05,2011-09-30,2011-10-05,2011-10-06T03:59:59+00:00,30.089,336.284,https://www.eia.gov/petroleum/supply/weekly/archive/2011/2011_10_05/csv/table9.csv,8ffff0c391fb63570d1c98d3dd437b1b5e3592f07212f19550fea46604a420ec,release_date_only_ny_end_of_day
2011_10_13,2011-10-07,2011-10-13,2011-10-14T03:59:59+00:00,30.621,337.628,https://www.eia.gov/petroleum/supply/weekly/archive/2011/2011_10_13/csv/table9.csv,a0018cba8e26ebabb5fa19189084175cac6d5f4fbe3b17da479b959fb47bb0c0,release_date_only_ny_end_of_day
2011_10_19,2011-10-14,2011-10-19,2011-10-20T03:59:59+00:00,31.092,332.899,https://www.eia.gov/petroleum/supply/weekly/archive/2011/2011_10_19/csv/table9.csv,5fe268b37ab7563f0037afbd28fa76e9126221535aa611f50a47be8c467ae6de,release_date_only_ny_end_of_day
2011_10_26,2011-10-21,2011-10-26,2011-10-27T03:59:59+00:00,31.511,337.634,https://www.eia.gov/petroleum/supply/weekly/archive/2011/2011_10_26/csv/table9.csv,3024f49e356b3f130fa811ce189fb6ca7193da8c1bd4c095e56cb3759553c153,release_date_only_ny_end_of_day
2011_11_02,2011-10-28,2011-11-02,2011-11-03T03:59:59+00:00,32.071,339.46,https://www.eia.gov/petroleum/supply/weekly/archive/2011/2011_11_02/csv/table9.csv,00ea1f2163ce8ef5e1996bb55d572d35ae6eb87e34c8891ca0c75747374435a5,release_date_only_ny_end_of_day
2011_11_09,2011-11-04,2011-11-09,2011-11-10T04:59:59+00:00,31.139,338.09,https://www.eia.gov/petroleum/supply/weekly/archive/2011/2011_11_09/csv/table9.csv,de7875c920d94edd734c0fe7137893833d26f6f72198f7de9e00333a83925e58,release_date_only_ny_end_of_day
2011_11_16,2011-11-11,2011-11-16,2011-11-17T04:59:59+00:00,32.029,337.034,https://www.eia.gov/petroleum/supply/weekly/archive/2011/2011_11_16/csv/table9.csv,c10f7baeea5de0bf9c0434834f4f135bbd46bbc2e3c47974e70180a2e2940707,release_date_only_ny_end_of_day
2011_11_23,2011-11-18,2011-11-23,2011-11-24T04:59:59+00:00,32.016,330.815,https://www.eia.gov/petroleum/supply/weekly/archive/2011/2011_11_23/csv/table9.csv,a8c69351dd6256d110acabb78919e8f49f839f7f1d13015f9fb58504f25464f3,release_date_only_ny_end_of_day
2011_11_30,2011-11-25,2011-11-30,2011-12-01T04:59:59+00:00,31.301,334.747,https://www.eia.gov/petroleum/supply/weekly/archive/2011/2011_11_30/csv/table9.csv,8fe0936006c3f4cae86a45a921e61f83def1e598e8a88b1d597cb790dced5266,release_date_only_ny_end_of_day
2011_12_07,2011-12-02,2011-12-07,2011-12-08T04:59:59+00:00,31.105,336.083,https://www.eia.gov/petroleum/supply/weekly/archive/2011/2011_12_07/csv/table9.csv,398723a224003ee3badfc7cc66adfaf5e0600f68fb428efe1d37765acdc322b0,release_date_only_ny_end_of_day
2011_12_14,2011-12-09,2011-12-14,2011-12-15T04:59:59+00:00,31.188,334.151,https://www.eia.gov/petroleum/supply/weekly/archive/2011/2011_12_14/csv/table9.csv,bf630cc767fd3b52ad40da75f0aad30271e571eb117bbe39ea0a201c67703288,release_date_only_ny_end_of_day
2011_12_21,2011-12-16,2011-12-21,2011-12-22T04:59:59+00:00,30.198,323.581,https://www.eia.gov/petroleum/supply/weekly/archive/2011/2011_12_21/csv/table9.csv,e8bb470b2e226cb058d25e097ea2294e70bbfb2b939040b29754b2ca6186d43a,release_date_only_ny_end_of_day
2011_12_29,2011-12-23,2011-12-29,2011-12-30T04:59:59+00:00,29.909,327.48,https://www.eia.gov/petroleum/supply/weekly/archive/2011/2011_12_29/csv/table9.csv,d57a4b149a254f30a7c9f1da9215a32883020b11678112e7748ce0b5aec45479,release_date_only_ny_end_of_day
2012_01_05,2011-12-30,2012-01-05,2012-01-06T04:59:59+00:00,29.296,329.689,https://www.eia.gov/petroleum/supply/weekly/archive/2012/2012_01_05/csv/table9.csv,e3011708ffbed92c2562bb52286b757bfb1113b9d6c40f366f59e6b7d418a1e4,release_date_only_ny_end_of_day
2012_01_11,2012-01-06,2012-01-11,2012-01-12T04:59:59+00:00,29.105,334.647,https://www.eia.gov/petroleum/supply/weekly/archive/2012/2012_01_11/csv/table9.csv,ba4e4d7c5b0ec486067d14addf874fd2d902e089ede6706d24af4924953d26b1,release_date_only_ny_end_of_day
2012_01_19,2012-01-13,2012-01-19,2012-01-20T04:59:59+00:00,28.273,331.209,https://www.eia.gov/petroleum/supply/weekly/archive/2012/2012_01_19/csv/table9.csv,45318392078d73edddc59c8f2f87df4e39f682964913f0d942fce42001c73994,release_date_only_ny_end_of_day
2012_01_25,2012-01-20,2012-01-25,2012-01-26T04:59:59+00:00,28.647,334.767,https://www.eia.gov/petroleum/supply/weekly/archive/2012/2012_01_25/csv/table9.csv,4f876df8039fbb16f8c3e13cd8fa9bccc8c4dc95ba85ba2a8836bf47f2b5b8a0,release_date_only_ny_end_of_day
2012_02_01,2012-01-27,2012-02-01,2012-02-02T04:59:59+00:00,30.123,338.942,https://www.eia.gov/petroleum/supply/weekly/archive/2012/2012_02_01/csv/table9.csv,c616df856ddb970406be5de2c02074764724cacec72839b3bdcad6c909299048,release_date_only_ny_end_of_day
2012_02_08,2012-02-03,2012-02-08,2012-02-09T04:59:59+00:00,30.49,339.246,https://www.eia.gov/petroleum/supply/weekly/archive/2012/2012_02_08/csv/table9.csv,7b8b49e5faba443171621fcd511cc8c73af1b8d92485456b3d17dc64efa89a78,release_date_only_ny_end_of_day
2012_02_15,2012-02-10,2012-02-15,2012-02-16T04:59:59+00:00,32.48,339.075,https://www.eia.gov/petroleum/supply/weekly/archive/2012/2012_02_15/csv/table9.csv,a0f81785a078f8b0fe6aa82aa5f75d26b18bfff5c1a64b4a4b73946c36bce464,release_date_only_ny_end_of_day
2012_02_23,2012-02-17,2012-02-23,2012-02-24T04:59:59+00:00,32.165,340.708,https://www.eia.gov/petroleum/supply/weekly/archive/2012/2012_02_23/csv/table9.csv,581bbdc4d9fd4cb44691081d22ae8f5e90baa771f273ab047a64ca522ce7cb24,release_date_only_ny_end_of_day
2012_02_29,2012-02-24,2012-02-29,2012-03-01T04:59:59+00:00,33.813,344.868,https://www.eia.gov/petroleum/supply/weekly/archive/2012/2012_02_29/csv/table9.csv,e5e4a512e68b180dd2b6bba47192d0bb5d8e9c7de136a677e2077da0bde86982,release_date_only_ny_end_of_day
2012_03_07,2012-03-02,2012-03-07,2012-03-08T04:59:59+00:00,36.178,345.7,https://www.eia.gov/petroleum/supply/weekly/archive/2012/2012_03_07/csv/table9.csv,80bd1771f982d3cac1c621b88340a370dd9d7310842e2154dcd39f2081b1131c,release_date_only_ny_end_of_day
2012_03_14,2012-03-09,2012-03-14,2012-03-15T03:59:59+00:00,38.697,347.45,https://www.eia.gov/petroleum/supply/weekly/archive/2012/2012_03_14/csv/table9.csv,d16632d7984bfd588478028c3c26db6b30d8ef2686874918bac2914cdce9d0ee,release_date_only_ny_end_of_day
2012_03_21,2012-03-16,2012-03-21,2012-03-22T03:59:59+00:00,38.521,346.288,https://www.eia.gov/petroleum/supply/weekly/archive/2012/2012_03_21/csv/table9.csv,0bc0d3107cfd10d3418012cbfc5773e1e1d3b4cc400a342382e2592d35ba9750,release_date_only_ny_end_of_day
2012_03_28,2012-03-23,2012-03-28,2012-03-29T03:59:59+00:00,39.564,353.39,https://www.eia.gov/petroleum/supply/weekly/archive/2012/2012_03_28/csv/table9.csv,82470ac19704d836aabfa592cc6ef0f7bdf25bd9b47192f54454ae92b4eeaa6a,release_date_only_ny_end_of_day
2012_04_04,2012-03-30,2012-04-04,2012-04-05T03:59:59+00:00,40.293,362.399,https://www.eia.gov/petroleum/supply/weekly/archive/2012/2012_04_04/csv/table9.csv,cf2d61adfdaf3e4f8b27edc360579bc4dc373553ef5e4ec3f2f430cbd9a0d11a,release_date_only_ny_end_of_day
2012_04_11,2012-04-06,2012-04-11,2012-04-12T03:59:59+00:00,40.585,365.19,https://www.eia.gov/petroleum/supply/weekly/archive/2012/2012_04_11/csv/table9.csv,c36a0c3a90c602744ad0fe1f3ad25b3ba2790fd0fbe47a5eea337f37a092371d,release_date_only_ny_end_of_day
2012_04_18,2012-04-13,2012-04-18,2012-04-19T03:59:59+00:00,41.177,369.046,https://www.eia.gov/petroleum/supply/weekly/archive/2012/2012_04_18/csv/table9.csv,fe421bbdbfaa0b1db4df2a632df538439835801febfa3305597b6f8dee494ee6,release_date_only_ny_end_of_day
2012_04_25,2012-04-20,2012-04-25,2012-04-26T03:59:59+00:00,41.751,373.024,https://www.eia.gov/petroleum/supply/weekly/archive/2012/2012_04_25/csv/table9.csv,635f4f11544d3ad826a7039941a057c0b0875c59ecc2ccf7665eba5038d50df5,release_date_only_ny_end_of_day
2012_05_02,2012-04-27,2012-05-02,2012-05-03T03:59:59+00:00,42.964,375.864,https://www.eia.gov/petroleum/supply/weekly/archive/2012/2012_05_02/csv/table9.csv,42310733083f0c5bfeefe310de5d8005c1f24a5d9dc953d56f489fcb774ffa20,release_date_only_ny_end_of_day
2012_05_09,2012-05-04,2012-05-09,2012-05-10T03:59:59+00:00,44.127,379.516,https://www.eia.gov/petroleum/supply/weekly/archive/2012/2012_05_09/csv/table9.csv,507dc613a2a96a15a855f1f78e1aac0ba0a7db0c3afd2154b08e04f342e157e3,release_date_only_ny_end_of_day
2012_05_16,2012-05-11,2012-05-16,2012-05-17T03:59:59+00:00,45.127,381.644,https://www.eia.gov/petroleum/supply/weekly/archive/2012/2012_05_16/csv/table9.csv,f5c81d13c79fd7579a647033d05f7de2ac9c6f83ba1bc7a93b632ea26840bb3a,release_date_only_ny_end_of_day
2012_05_23,2012-05-18,2012-05-23,2012-05-24T03:59:59+00:00,46.795,382.527,https://www.eia.gov/petroleum/supply/weekly/archive/2012/2012_05_23/csv/table9.csv,184c1610323a674e76db1b3e09ff5a8ebc4f1f9dfe1bf0a86e216f14d1634778,release_date_only_ny_end_of_day
2012_05_31,2012-05-25,2012-05-31,2012-06-01T03:59:59+00:00,46.849,384.74,https://www.eia.gov/petroleum/supply/weekly/archive/2012/2012_05_31/csv/table9.csv,07decbd8eae7518ce611e2e6d962c1221fd57939c72aa2481a9de07aed1cfcbc,release_date_only_ny_end_of_day
2012_06_06,2012-06-01,2012-06-06,2012-06-07T03:59:59+00:00,47.775,384.629,https://www.eia.gov/petroleum/supply/weekly/archive/2012/2012_06_06/csv/table9.csv,e3683021c78750fc59ff05360a137e91b1375408af1d84e68ee6605c394f0f5c,release_date_only_ny_end_of_day
2012_06_13,2012-06-08,2012-06-13,2012-06-14T03:59:59+00:00,47.395,384.438,https://www.eia.gov/petroleum/supply/weekly/archive/2012/2012_06_13/csv/table9.csv,b9c2ddac7707c0120471d55a7f742e5cde06056dee1c2169f1a4dd46ebcf5591,release_date_only_ny_end_of_day
2012_06_20,2012-06-15,2012-06-20,2012-06-21T03:59:59+00:00,47.755,387.299,https://www.eia.gov/petroleum/supply/weekly/archive/2012/2012_06_20/csv/table9.csv,24a6873e3eda2a1a9c7c2c36a6e590e5bf48259c2baeb081bfd57f12ed727b5a,release_date_only_ny_end_of_day
2012_06_27,2012-06-22,2012-06-27,2012-06-28T03:59:59+00:00,47.416,387.166,https://www.eia.gov/petroleum/supply/weekly/archive/2012/2012_06_27/csv/table9.csv,c044a5bb3015c7da03eb79ae9cc0eaeaa2f2c2666286c70b52bb82c2e76bfb3e,release_date_only_ny_end_of_day
2012_07_05,2012-06-29,2012-07-05,2012-07-06T03:59:59+00:00,47.641,382.896,https://www.eia.gov/petroleum/supply/weekly/archive/2012/2012_07_05/csv/table9.csv,091e93761479ad3bc7836717c6deec20c6e5d83b8febce2836deb040c9bfa18a,release_date_only_ny_end_of_day
2012_07_11,2012-07-06,2012-07-11,2012-07-12T03:59:59+00:00,46.782,378.2,https://www.eia.gov/petroleum/supply/weekly/archive/2012/2012_07_11/csv/table9.csv,46e26ca2f42043931f250650ed24426da6903387cf20ee9cd15c65b9d767533a,release_date_only_ny_end_of_day
2012_07_18,2012-07-13,2012-07-18,2012-07-19T03:59:59+00:00,46.282,377.391,https://www.eia.gov/petroleum/supply/weekly/archive/2012/2012_07_18/csv/table9.csv,dd4672d1d44469a514e621834bbb6448985ad510811fcec583df47c1b2b17e40,release_date_only_ny_end_of_day
2012_07_25,2012-07-20,2012-07-25,2012-07-26T03:59:59+00:00,46.485,380.108,https://www.eia.gov/petroleum/supply/weekly/archive/2012/2012_07_25/csv/table9.csv,81922597c0685061174721bc20b67cd568fa6baf94ab58e34bf38329f38dc315,release_date_only_ny_end_of_day
2012_08_01,2012-07-27,2012-08-01,2012-08-02T03:59:59+00:00,45.1,373.586,https://www.eia.gov/petroleum/supply/weekly/archive/2012/2012_08_01/csv/table9.csv,8e1e7b125422b782f268c1b4b06fa45347cbd079ad79dfde8ffce5da9b584ee9,release_date_only_ny_end_of_day
2012_08_08,2012-08-03,2012-08-08,2012-08-09T03:59:59+00:00,44.298,369.857,https://www.eia.gov/petroleum/supply/weekly/archive/2012/2012_08_08/csv/table9.csv,da3d6d6d0f6ad2a78fd9fbbf46d241951ac8f969d22203d34c564cc199ddb587,release_date_only_ny_end_of_day
2012_08_15,2012-08-10,2012-08-15,2012-08-16T03:59:59+00:00,45.197,366.158,https://www.eia.gov/petroleum/supply/weekly/archive/2012/2012_08_15/csv/table9.csv,9b54fab3e41ebff2f519207ff4da9d5aea89e6c938b2759128c669a1a9800d9c,release_date_only_ny_end_of_day
2012_08_22,2012-08-17,2012-08-22,2012-08-23T03:59:59+00:00,45.242,360.746,https://www.eia.gov/petroleum/supply/weekly/archive/2012/2012_08_22/csv/table9.csv,bec216c9f03fbfce69b18669477e8c8ce2324d9749be72602299f69a37a15006,release_date_only_ny_end_of_day
2012_08_29,2012-08-24,2012-08-29,2012-08-30T03:59:59+00:00,44.821,364.524,https://www.eia.gov/petroleum/supply/weekly/archive/2012/2012_08_29/csv/table9.csv,3bc373b34b9f01a0875033e0b837c092e67d8b465f58bc2396a379ccd3333f41,release_date_only_ny_end_of_day
2012_09_06,2012-08-31,2012-09-06,2012-09-07T03:59:59+00:00,44.915,357.098,https://www.eia.gov/petroleum/supply/weekly/archive/2012/2012_09_06/csv/table9.csv,ce774cf07aec7f17792b7fa8697575bd08f873f7df09ec9b1379b0214b501878,release_date_only_ny_end_of_day
2012_09_12,2012-09-07,2012-09-12,2012-09-13T03:59:59+00:00,44.087,359.092,https://www.eia.gov/petroleum/supply/weekly/archive/2012/2012_09_12/csv/table9.csv,6209595b5fa13d207b705c0f289d5957e180410ae74af8fe6f44be1bc76e8961,release_date_only_ny_end_of_day
2012_09_19,2012-09-14,2012-09-19,2012-09-20T03:59:59+00:00,43.813,367.626,https://www.eia.gov/petroleum/supply/weekly/archive/2012/2012_09_19/csv/table9.csv,be3716ff006ad7dd54ff41bb8c52c91917619fc4997b973cf0edb015c5056d7f,release_date_only_ny_end_of_day
2012_09_26,2012-09-21,2012-09-26,2012-09-27T03:59:59+00:00,43.73,365.18,https://www.eia.gov/petroleum/supply/weekly/archive/2012/2012_09_26/csv/table9.csv,b9595dae8a0844dba5d81a45057e8eb68a17487ce5d148ebbbddf86ea92af522,release_date_only_ny_end_of_day
2012_10_03,2012-09-28,2012-10-03,2012-10-04T03:59:59+00:00,43.865,364.698,https://www.eia.gov/petroleum/supply/weekly/archive/2012/2012_10_03/csv/table9.csv,835012c3dd2a5d13d5781cdcdbe24ebda7ffad475439581e8ce4cf397ef75d34,release_date_only_ny_end_of_day
2012_10_11,2012-10-05,2012-10-11,2012-10-12T03:59:59+00:00,44.165,366.37,https://www.eia.gov/petroleum/supply/weekly/archive/2012/2012_10_11/csv/table9.csv,28c8b3147e9047cb5eb5640c55b516451cadac94b3e9946ebe593f4e97efe495,release_date_only_ny_end_of_day
2012_10_17,2012-10-12,2012-10-17,2012-10-18T03:59:59+00:00,44.025,369.23,https://www.eia.gov/petroleum/supply/weekly/archive/2012/2012_10_17/csv/table9.csv,04c9f27600327dd6b9f2dc78975f86c399803feaa72b8856d7bdd286e59525a0,release_date_only_ny_end_of_day
2012_10_24,2012-10-19,2012-10-24,2012-10-25T03:59:59+00:00,44.065,375.126,https://www.eia.gov/petroleum/supply/weekly/archive/2012/2012_10_24/csv/table9.csv,517774c2d5d08e80387bee00508e4bb3b01fda72da98c7949ca1a7c01f5c819b,release_date_only_ny_end_of_day
2012_11_01,2012-10-26,2012-11-01,2012-11-02T03:59:59+00:00,43.394,373.081,https://www.eia.gov/petroleum/supply/weekly/archive/2012/2012_11_01/csv/table9.csv,02afbd014e2f2a655b2888012b9a60d276bf2e0ca1909569c44df823f7aebd96,release_date_only_ny_end_of_day
2012_11_07,2012-11-02,2012-11-07,2012-11-08T04:59:59+00:00,42.966,374.847,https://www.eia.gov/petroleum/supply/weekly/archive/2012/2012_11_07/csv/table9.csv,3f0ba57258aa95e599dd8a52f8a1983dab07a8be4977b9e7624c170adbe5c763,release_date_only_ny_end_of_day
2012_11_15,2012-11-09,2012-11-15,2012-11-16T04:59:59+00:00,43.681,375.936,https://www.eia.gov/petroleum/supply/weekly/archive/2012/2012_11_15/csv/table9.csv,70fad2d7b30e4fa33a7df5e9db3b40fbcf409c8cad57d9b1117fa12c826653c4,release_date_only_ny_end_of_day
2012_11_21,2012-11-16,2012-11-21,2012-11-22T04:59:59+00:00,45.15,374.47,https://www.eia.gov/petroleum/supply/weekly/archive/2012/2012_11_21/csv/table9.csv,cd86bdf8729565144945e487f1a416fa718cdfa674283832ce367b037c9da92a,release_date_only_ny_end_of_day
2012_11_28,2012-11-23,2012-11-28,2012-11-29T04:59:59+00:00,45.857,374.123,https://www.eia.gov/petroleum/supply/weekly/archive/2012/2012_11_28/csv/table9.csv,1929d91f7c161460e76075c07e628593c2c70a10c4cdf85b8a3eef937e72d0bb,release_date_only_ny_end_of_day
2012_12_05,2012-11-30,2012-12-05,2012-12-06T04:59:59+00:00,45.631,371.766,https://www.eia.gov/petroleum/supply/weekly/archive/2012/2012_12_05/csv/table9.csv,8d96fa137e39565ee36293e4d2ab2ceee6e2726f43f3cdf6a6b7bc95f52d5a80,release_date_only_ny_end_of_day
2012_12_12,2012-12-07,2012-12-12,2012-12-13T04:59:59+00:00,46.818,372.609,https://www.eia.gov/petroleum/supply/weekly/archive/2012/2012_12_12/csv/table9.csv,b1db78ca76f5fbecb3c83d5bc7625fb4d1b46d683afb48ea6d80d4aed22ba0bd,release_date_only_ny_end_of_day
2012_12_19,2012-12-14,2012-12-19,2012-12-20T04:59:59+00:00,46.963,371.645,https://www.eia.gov/petroleum/supply/weekly/archive/2012/2012_12_19/csv/table9.csv,8178dda6537d377d18241307133ebed5912efab18908921a6b6b02e95a296bb1,release_date_only_ny_end_of_day
2012_12_28,2012-12-21,2012-12-28,2012-12-29T04:59:59+00:00,49.177,371.059,https://www.eia.gov/petroleum/supply/weekly/archive/2012/2012_12_28/csv/table9.csv,47b586da0a2a658c1a3d960a4d3eac0eb537644c6dbac96529c26ed97c126a5a,release_date_only_ny_end_of_day
2013_01_04,2012-12-28,2013-01-04,2013-01-05T04:59:59+00:00,49.75,359.939,https://www.eia.gov/petroleum/supply/weekly/archive/2013/2013_01_04/csv/table9.csv,72d8db1e5ca357f75f8b7c4c1a4d48de3fda898145ec7276d06ebf924a341625,release_date_only_ny_end_of_day
2013_01_09,2013-01-04,2013-01-09,2013-01-10T04:59:59+00:00,50.082,361.253,https://www.eia.gov/petroleum/supply/weekly/archive/2013/2013_01_09/csv/table9.csv,9817acb6cd0a37825afc4e42f578c852d26d256696db413782bb2a294d733d43,release_date_only_ny_end_of_day
2013_01_16,2013-01-11,2013-01-16,2013-01-17T04:59:59+00:00,51.862,360.302,https://www.eia.gov/petroleum/supply/weekly/archive/2013/2013_01_16/csv/table9.csv,8631998c97201d8198e7c23d77e1b7cb0ca0e4a455497170d7d969b9c1e6ffe7,release_date_only_ny_end_of_day
2013_01_24,2013-01-18,2013-01-24,2013-01-25T04:59:59+00:00,51.391,363.115,https://www.eia.gov/petroleum/supply/weekly/archive/2013/2013_01_24/csv/table9.csv,af2c3f9705d9a0fa739926d26d0354e212c916dad9668d6a3c5c4cbcbfa7eccb,release_date_only_ny_end_of_day
2013_01_30,2013-01-25,2013-01-30,2013-01-31T04:59:59+00:00,51.675,369.062,https://www.eia.gov/petroleum/supply/weekly/archive/2013/2013_01_30/csv/table9.csv,e4bf89e60f666069bd20bb9fd2409321ca61bf16acc6341e6b2d5cde3274098f,release_date_only_ny_end_of_day
2013_02_06,2013-02-01,2013-02-06,2013-02-07T04:59:59+00:00,51.36,371.685,https://www.eia.gov/petroleum/supply/weekly/archive/2013/2013_02_06/csv/table9.csv,e4819e539469d2414e0e3be8ce71c5b47040c1540d7879a09c427753c71d46b2,release_date_only_ny_end_of_day
2013_02_13,2013-02-08,2013-02-13,2013-02-14T04:59:59+00:00,50.242,372.245,https://www.eia.gov/petroleum/supply/weekly/archive/2013/2013_02_13/csv/table9.csv,dc28d3de7d73256c57030bd825b435c2d9989cb0d7595b32f14792d6b7332b7a,release_date_only_ny_end_of_day
2013_02_21,2013-02-15,2013-02-21,2013-02-22T04:59:59+00:00,50.659,376.388,https://www.eia.gov/petroleum/supply/weekly/archive/2013/2013_02_21/csv/table9.csv,b43d97e157d2ada6e703ec035956aa655e5953d9395ca614a931cf197525affd,release_date_only_ny_end_of_day
2013_02_27,2013-02-22,2013-02-27,2013-02-28T04:59:59+00:00,50.584,377.518,https://www.eia.gov/petroleum/supply/weekly/archive/2013/2013_02_27/csv/table9.csv,69765a778ee610635cd80c650548cb67d2a695cf0b98d757cf08f4d9a2ea4d4e,release_date_only_ny_end_of_day
2013_03_06,2013-03-01,2013-03-06,2013-03-07T04:59:59+00:00,50.841,381.351,https://www.eia.gov/petroleum/supply/weekly/archive/2013/2013_03_06/csv/table9.csv,714ac99dfad5aa1bee480983f6505fe8ffdf6611eb0a4cbc3e1b01bb6e27c24f,release_date_only_ny_end_of_day
2013_03_13,2013-03-08,2013-03-13,2013-03-14T03:59:59+00:00,49.315,383.975,https://www.eia.gov/petroleum/supply/weekly/archive/2013/2013_03_13/csv/table9.csv,1c73f774bd631cda91f0b456af245a7a423e33b297a8baec59143836eb6f8cc7,release_date_only_ny_end_of_day
2013_03_20,2013-03-15,2013-03-20,2013-03-21T03:59:59+00:00,49.029,382.661,https://www.eia.gov/petroleum/supply/weekly/archive/2013/2013_03_20/csv/table9.csv,f2335b114738047f67e7b3c5a06890206fcec30ee36432cbeec6648841c52de5,release_date_only_ny_end_of_day
2013_03_27,2013-03-22,2013-03-27,2013-03-28T03:59:59+00:00,49.468,385.917,https://www.eia.gov/petroleum/supply/weekly/archive/2013/2013_03_27/csv/table9.csv,2aac06bd0cf4bacf76f1aba7d29fef0dd7eb6a70aa49654563cdd7d6a9ed1504,release_date_only_ny_end_of_day
2013_04_03,2013-03-29,2013-04-03,2013-04-04T03:59:59+00:00,49.181,388.624,https://www.eia.gov/petroleum/supply/weekly/archive/2013/2013_04_03/csv/table9.csv,8ce83c683eeffed4eaabe25e106d6128210ae945b5fc8b28e84cb90303e19c48,release_date_only_ny_end_of_day
2013_04_10,2013-04-05,2013-04-10,2013-04-11T03:59:59+00:00,50.07,388.874,https://www.eia.gov/petroleum/supply/weekly/archive/2013/2013_04_10/csv/table9.csv,1b0d647fa4a189b436aa18b16b1328cd0b2c470442e42e21336d2f804d720c5f,release_date_only_ny_end_of_day
2013_04_17,2013-04-12,2013-04-17,2013-04-18T03:59:59+00:00,51.148,387.641,https://www.eia.gov/petroleum/supply/weekly/archive/2013/2013_04_17/csv/table9.csv,8924bcbca1c0f982dc86da5e4fc07eac5cb1ddc702d00660ef5f66abce58a816,release_date_only_ny_end_of_day
2013_04_24,2013-04-19,2013-04-24,2013-04-25T03:59:59+00:00,51.183,388.588,https://www.eia.gov/petroleum/supply/weekly/archive/2013/2013_04_24/csv/table9.csv,1a649d6ae595cdbfbe7807e4feabe405aa9f29931c7c8b4efcf7fd69dec66933,release_date_only_ny_end_of_day
2013_05_01,2013-04-26,2013-05-01,2013-05-02T03:59:59+00:00,49.801,395.284,https://www.eia.gov/petroleum/supply/weekly/archive/2013/2013_05_01/csv/table9.csv,044dcf8d3a0f9935b55ea066659b7dce147bb8288977165243ec169f49956a5e,release_date_only_ny_end_of_day
2013_05_08,2013-05-03,2013-05-08,2013-05-09T03:59:59+00:00,49.149,395.514,https://www.eia.gov/petroleum/supply/weekly/archive/2013/2013_05_08/csv/table9.csv,d263bd1ced8b220dacfb3b1ceb29189416209aee0adde44ec0934286ba935f8b,release_date_only_ny_end_of_day
2013_05_15,2013-05-10,2013-05-15,2013-05-16T03:59:59+00:00,49.724,394.89,https://www.eia.gov/petroleum/supply/weekly/archive/2013/2013_05_15/csv/table9.csv,b3483da5fe5c513f65c78be86acdf9084036985383e1ff585d93435fd73b8f16,release_date_only_ny_end_of_day
2013_05_22,2013-05-17,2013-05-22,2013-05-23T03:59:59+00:00,50.173,394.552,https://www.eia.gov/petroleum/supply/weekly/archive/2013/2013_05_22/csv/table9.csv,4b74006f73029ac57d31f855fec8042fb2981326827907dbb682e5266d4cf9ef,release_date_only_ny_end_of_day
2013_05_30,2013-05-24,2013-05-30,2013-05-31T03:59:59+00:00,50.508,397.552,https://www.eia.gov/petroleum/supply/weekly/archive/2013/2013_05_30/csv/table9.csv,21099aa0efe0a1941532829f23a43e5e3d332c18494e4979f06409a5dbbe38af,release_date_only_ny_end_of_day
2013_06_05,2013-05-31,2013-06-05,2013-06-06T03:59:59+00:00,50.024,391.285,https://www.eia.gov/petroleum/supply/weekly/archive/2013/2013_06_05/csv/table9.csv,aa2e0fe9fcb1b495f213bd73d37019d18d9ad1b7d12060873a82b3c1ab19c07a,release_date_only_ny_end_of_day
2013_06_12,2013-06-07,2013-06-12,2013-06-13T03:59:59+00:00,49.265,393.808,https://www.eia.gov/petroleum/supply/weekly/archive/2013/2013_06_12/csv/table9.csv,a3541b15529b8c2de3e209f3131ede009f810f7cb2b96e0c6a5a2dcbaf3bb74b,release_date_only_ny_end_of_day
2013_06_19,2013-06-14,2013-06-19,2013-06-20T03:59:59+00:00,48.596,394.121,https://www.eia.gov/petroleum/supply/weekly/archive/2013/2013_06_19/csv/table9.csv,f1fba8fcfacb2635c82509a68b6af7e65bc5d45a075a78cbc46fcfd56e9e4ec6,release_date_only_ny_end_of_day
2013_06_26,2013-06-21,2013-06-26,2013-06-27T03:59:59+00:00,49.26,394.139,https://www.eia.gov/petroleum/supply/weekly/archive/2013/2013_06_26/csv/table9.csv,289371a4470873aef5391c596dab444c8dafbd39a33fd22052bae4eb297d4ece,release_date_only_ny_end_of_day
2013_07_03,2013-06-28,2013-07-03,2013-07-04T03:59:59+00:00,49.652,383.792,https://www.eia.gov/petroleum/supply/weekly/archive/2013/2013_07_03/csv/table9.csv,06be035b7b8efbefbe811ee57079a5e440f8049ed3ddb0ca03f1811817f03c69,release_date_only_ny_end_of_day
2013_07_10,2013-07-05,2013-07-10,2013-07-11T03:59:59+00:00,46.965,373.918,https://www.eia.gov/petroleum/supply/weekly/archive/2013/2013_07_10/csv/table9.csv,6fe12655635b8db9693c7a9b8d5975ba23b91736fc408eb4dbd4f4ce22155e54,release_date_only_ny_end_of_day
2013_07_17,2013-07-12,2013-07-17,2013-07-18T03:59:59+00:00,46.083,367.016,https://www.eia.gov/petroleum/supply/weekly/archive/2013/2013_07_17/csv/table9.csv,6c2e0100a2901680883e028f7a96d1ffcdbef214a0c897f875c9a36d18880eba,release_date_only_ny_end_of_day
2013_07_24,2013-07-19,2013-07-24,2013-07-25T03:59:59+00:00,44.023,364.191,https://www.eia.gov/petroleum/supply/weekly/archive/2013/2013_07_24/csv/table9.csv,b3842bc87bfb02697ceb7a2365f5fc899131a6dc7da23fa9709c79e9805ad20a,release_date_only_ny_end_of_day
2013_07_31,2013-07-26,2013-07-31,2013-08-01T03:59:59+00:00,42.119,364.622,https://www.eia.gov/petroleum/supply/weekly/archive/2013/2013_07_31/csv/table9.csv,6ecacf458e835e21b38f0245dab4f6dbf7a28fb0e910f371fbf4ad211dca8ae7,release_date_only_ny_end_of_day
2013_08_07,2013-08-02,2013-08-07,2013-08-08T03:59:59+00:00,39.874,363.302,https://www.eia.gov/petroleum/supply/weekly/archive/2013/2013_08_07/csv/table9.csv,ef13b4e70336955dc93cf9a72b4a3eb4b4036920512e3468067f9498a89158e5,release_date_only_ny_end_of_day
2013_08_14,2013-08-09,2013-08-14,2013-08-15T03:59:59+00:00,38.515,360.49,https://www.eia.gov/petroleum/supply/weekly/archive/2013/2013_08_14/csv/table9.csv,7e54be1402c99db9a5704de4451ca8c92f1d522f94a1154e46e759fc66b69a9d,release_date_only_ny_end_of_day
2013_08_21,2013-08-16,2013-08-21,2013-08-22T03:59:59+00:00,37.425,359.062,https://www.eia.gov/petroleum/supply/weekly/archive/2013/2013_08_21/csv/table9.csv,2ecda142cc7b4196c0d3b3acd40986c6205c1d5cffef7aa08a460e4115126a57,release_date_only_ny_end_of_day
2013_08_28,2013-08-23,2013-08-28,2013-08-29T03:59:59+00:00,36.588,362.048,https://www.eia.gov/petroleum/supply/weekly/archive/2013/2013_08_28/csv/table9.csv,e8def8bb6ed8c61fd29fa09545ce56b0f7b60dd14cd621ded7b53cfb18404e43,release_date_only_ny_end_of_day
2013_09_05,2013-08-30,2013-09-05,2013-09-06T03:59:59+00:00,34.759,360.212,https://www.eia.gov/petroleum/supply/weekly/archive/2013/2013_09_05/csv/table9.csv,2fa965847cb9d6a0bed5ace12e65c15d78119c971690e7037ccdbe6b861525ba,release_date_only_ny_end_of_day
2013_09_11,2013-09-06,2013-09-11,2013-09-12T03:59:59+00:00,34.12,359.993,https://www.eia.gov/petroleum/supply/weekly/archive/2013/2013_09_11/csv/table9.csv,7bb8a170507cc4237a2330204f14843a7b027d76cf047caf50d2f1b5f8843094,release_date_only_ny_end_of_day
2013_09_18,2013-09-13,2013-09-18,2013-09-19T03:59:59+00:00,33.259,355.625,https://www.eia.gov/petroleum/supply/weekly/archive/2013/2013_09_18/csv/table9.csv,7b093a29c133a6ffd70c17bccc086277adfcadc2272f4f8cca23eba08a5966fe,release_date_only_ny_end_of_day
2013_09_25,2013-09-20,2013-09-25,2013-09-26T03:59:59+00:00,32.847,358.26,https://www.eia.gov/petroleum/supply/weekly/archive/2013/2013_09_25/csv/table9.csv,a0f28934df3950f86dadf72c0ae5e47e2c91212e266edd8cd904ceffb33bcf3e,release_date_only_ny_end_of_day
2013_10_02,2013-09-27,2013-10-02,2013-10-03T03:59:59+00:00,32.788,363.732,https://www.eia.gov/petroleum/supply/weekly/archive/2013/2013_10_02/csv/table9.csv,4b1254a36bc4138aaa1e42deed6a63375483041a236b473e163664a5bc18526d,release_date_only_ny_end_of_day
2013_10_09,2013-10-04,2013-10-09,2013-10-10T03:59:59+00:00,32.62,370.539,https://www.eia.gov/petroleum/supply/weekly/archive/2013/2013_10_09/csv/table9.csv,f8fde7e8a29820e9a8bf4419eecef967e6e938b548c1ffe1ecf7ebf7cc1b602b,release_date_only_ny_end_of_day
2013_10_21,2013-10-11,2013-10-21,2013-10-22T03:59:59+00:00,32.986,374.538,https://www.eia.gov/petroleum/supply/weekly/archive/2013/2013_10_21/csv/table9.csv,9b1d1ef98414feaf48005e96e9c24561e7484a1a8961854d17b2b6731304c527,release_date_only_ny_end_of_day
2013_10_23,2013-10-18,2013-10-23,2013-10-24T03:59:59+00:00,33.344,379.784,https://www.eia.gov/petroleum/supply/weekly/archive/2013/2013_10_23/csv/table9.csv,a0e55bfff108f2289bf2ebfab4914ed071cd9ebe4c5c8bb4d6f939f8fd253f68,release_date_only_ny_end_of_day
2013_10_30,2013-10-25,2013-10-30,2013-10-31T03:59:59+00:00,35.522,383.871,https://www.eia.gov/petroleum/supply/weekly/archive/2013/2013_10_30/csv/table9.csv,28b2c135d1a8d95c2bd40faefb5c83dc8216c867d328e7abd7e385f5ac939175,release_date_only_ny_end_of_day
2013_11_06,2013-11-01,2013-11-06,2013-11-07T04:59:59+00:00,36.513,385.448,https://www.eia.gov/petroleum/supply/weekly/archive/2013/2013_11_06/csv/table9.csv,7a2bff2a672d24fcec65fc8a4c38e34b75ed55482c0fefa071dfadb431e9e656,release_date_only_ny_end_of_day
2013_11_14,2013-11-08,2013-11-14,2013-11-15T04:59:59+00:00,38.204,388.088,https://www.eia.gov/petroleum/supply/weekly/archive/2013/2013_11_14/csv/table9.csv,ee765a7724151046b94894ee3205f760431749a948819ca211d387b9192bfb4c,release_date_only_ny_end_of_day
2013_11_20,2013-11-15,2013-11-20,2013-11-21T04:59:59+00:00,39.94,388.463,https://www.eia.gov/petroleum/supply/weekly/archive/2013/2013_11_20/csv/table9.csv,864da3069e6beed09cfc4ad8b36c82dc578fc3cd96e3cfbf97484cfc0392d5ca,release_date_only_ny_end_of_day
2013_11_27,2013-11-22,2013-11-27,2013-11-28T04:59:59+00:00,40.616,391.416,https://www.eia.gov/petroleum/supply/weekly/archive/2013/2013_11_27/csv/table9.csv,90d53c4f3b80a6a6d44706e70fc2fabd1b5d12a4f054ba92163f816674ca82db,release_date_only_ny_end_of_day
2013_12_04,2013-11-29,2013-12-04,2013-12-05T04:59:59+00:00,40.598,385.831,https://www.eia.gov/petroleum/supply/weekly/archive/2013/2013_12_04/csv/table9.csv,e434a28d6363fe676647ad69ebe493b6258a655372262f90a05f4f7eeaff7b6e,release_date_only_ny_end_of_day
2013_12_11,2013-12-06,2013-12-11,2013-12-12T04:59:59+00:00,41.223,375.246,https://www.eia.gov/petroleum/supply/weekly/archive/2013/2013_12_11/csv/table9.csv,77823512236777d925e544e5f3fc4431d7204801f81dd60dd66160665ddf5b43,release_date_only_ny_end_of_day
2013_12_18,2013-12-13,2013-12-18,2013-12-19T04:59:59+00:00,40.623,372.305,https://www.eia.gov/petroleum/supply/weekly/archive/2013/2013_12_18/csv/table9.csv,fa3de686ef9035dc39f30d64ce2bd6ad36148e00d3248ad8ec1df84d053d0867,release_date_only_ny_end_of_day
2013_12_27,2013-12-20,2013-12-27,2013-12-28T04:59:59+00:00,40.177,367.574,https://www.eia.gov/petroleum/supply/weekly/archive/2013/2013_12_27/csv/table9.csv,5d7d908e4624470963d38087f4cf42eb5f7ce403133c33272fcfd8120458e9fb,release_date_only_ny_end_of_day
2014_01_03,2013-12-27,2014-01-03,2014-01-04T04:59:59+00:00,39.625,360.567,https://www.eia.gov/petroleum/supply/weekly/archive/2014/2014_01_03/csv/table9.csv,e8ae013ff2d1c5bba5e1e24dcdae0fef1c8a4cc978d047928578aa3eb6fce33f,release_date_only_ny_end_of_day
2014_01_08,2014-01-03,2014-01-08,2014-01-09T04:59:59+00:00,40.725,357.892,https://www.eia.gov/petroleum/supply/weekly/archive/2014/2014_01_08/csv/table9.csv,d7e65b35839e3cdd894837084c55df3d176e41183f94dde03624a3267b4e96d4,release_date_only_ny_end_of_day
2014_01_15,2014-01-10,2014-01-15,2014-01-16T04:59:59+00:00,40.87,350.234,https://www.eia.gov/petroleum/supply/weekly/archive/2014/2014_01_15/csv/table9.csv,7f501f28527d5d3017452e80e05fa3c29fb3b67ba0397ab0845a61ed358616b3,release_date_only_ny_end_of_day
2014_01_23,2014-01-17,2014-01-23,2014-01-24T04:59:59+00:00,41.592,351.224,https://www.eia.gov/petroleum/supply/weekly/archive/2014/2014_01_23/csv/table9.csv,530742b6636f9e06fc291e6bb3f8e9a260dd56f868cbc671390b2c9154e6b739,release_date_only_ny_end_of_day
2014_01_29,2014-01-24,2014-01-29,2014-01-30T04:59:59+00:00,41.829,357.645,https://www.eia.gov/petroleum/supply/weekly/archive/2014/2014_01_29/csv/table9.csv,f525e1ec94e5e239873c558e86b4536baa5e67de47174b456633335176e172fa,release_date_only_ny_end_of_day
2014_02_05,2014-01-31,2014-02-05,2014-02-06T04:59:59+00:00,40.276,358.085,https://www.eia.gov/petroleum/supply/weekly/archive/2014/2014_02_05/csv/table9.csv,fd5056206fd5b60ab891c1cc809c6ac1b0da753b120a6470f7b2632c2c7f22fe,release_date_only_ny_end_of_day
2014_02_12,2014-02-07,2014-02-12,2014-02-13T04:59:59+00:00,37.603,361.352,https://www.eia.gov/petroleum/supply/weekly/archive/2014/2014_02_12/csv/table9.csv,a1492a93b6c2b8a260664df7d5fbc7e52f652c7534e1558623c64085a081b03a,release_date_only_ny_end_of_day
2014_02_20,2014-02-14,2014-02-20,2014-02-21T04:59:59+00:00,35.87,362.325,https://www.eia.gov/petroleum/supply/weekly/archive/2014/2014_02_20/csv/table9.csv,547afcddcaa723c6b1287efef6f20cce7ff7d384bc6f6cfdcbb07d56e3ebae37,release_date_only_ny_end_of_day
2014_02_26,2014-02-21,2014-02-26,2014-02-27T04:59:59+00:00,34.792,362.393,https://www.eia.gov/petroleum/supply/weekly/archive/2014/2014_02_26/csv/table9.csv,e2fa071c09c362ec5ab1fa189d43c0930ea6a4bd928e942fe13e84d4761806c2,release_date_only_ny_end_of_day
2014_03_05,2014-02-28,2014-03-05,2014-03-06T04:59:59+00:00,32.132,363.822,https://www.eia.gov/petroleum/supply/weekly/archive/2014/2014_03_05/csv/table9.csv,913baef56afc694a37e71d1139470068bb8e2332039fc1aee657a8bc6624f1b2,release_date_only_ny_end_of_day
2014_03_12,2014-03-07,2014-03-12,2014-03-13T03:59:59+00:00,30.791,370.002,https://www.eia.gov/petroleum/supply/weekly/archive/2014/2014_03_12/csv/table9.csv,900e5448a4926793a79efe624376001da12aa2e1795bae3b66a2efc0f401c4ef,release_date_only_ny_end_of_day
2014_03_19,2014-03-14,2014-03-19,2014-03-20T03:59:59+00:00,29.802,375.852,https://www.eia.gov/petroleum/supply/weekly/archive/2014/2014_03_19/csv/table9.csv,c3cca2ae09192606bc91d5f7ed07e6a6fcabcefdd5eb32f207a8282ba036a3e1,release_date_only_ny_end_of_day
2014_03_26,2014-03-21,2014-03-26,2014-03-27T03:59:59+00:00,28.477,382.471,https://www.eia.gov/petroleum/supply/weekly/archive/2014/2014_03_26/csv/table9.csv,bd271332f82bc5433d009b31dea2f74e071e4f3472f92638da64744ebe7f6a8e,release_date_only_ny_end_of_day
2014_04_02,2014-03-28,2014-04-02,2014-04-03T03:59:59+00:00,27.254,380.092,https://www.eia.gov/petroleum/supply/weekly/archive/2014/2014_04_02/csv/table9.csv,277e3e7344ad6113f620cd640103d9895617b2bd5f93ce17e8141c0cc2624467,release_date_only_ny_end_of_day
2014_04_09,2014-04-04,2014-04-09,2014-04-10T03:59:59+00:00,27.599,384.122,https://www.eia.gov/petroleum/supply/weekly/archive/2014/2014_04_09/csv/table9.csv,5f141858da74e6ce551c4a2169add5bfd1c15b1b349447ff172c7fdbfe3c1d8f,release_date_only_ny_end_of_day
2014_04_16,2014-04-11,2014-04-16,2014-04-17T03:59:59+00:00,26.828,394.135,https://www.eia.gov/petroleum/supply/weekly/archive/2014/2014_04_16/csv/table9.csv,fb264bd477ea0422099c44a1b72fb016a96787472e5c285a2956aa03448915d5,release_date_only_ny_end_of_day
2014_04_23,2014-04-18,2014-04-23,2014-04-24T03:59:59+00:00,26.04,397.659,https://www.eia.gov/petroleum/supply/weekly/archive/2014/2014_04_23/csv/table9.csv,8f144c0ce152db1ccb9806e4cc829d034b4450575f54bc8edba3cbd37099ed51,release_date_only_ny_end_of_day
2014_04_30,2014-04-25,2014-04-30,2014-05-01T03:59:59+00:00,25.428,399.357,https://www.eia.gov/petroleum/supply/weekly/archive/2014/2014_04_30/csv/table9.csv,22933d1fe8c38c9033205aada3993bf958c680d641843757c3d2947d8bb0e155,release_date_only_ny_end_of_day
2014_05_07,2014-05-02,2014-05-07,2014-05-08T03:59:59+00:00,24.033,397.576,https://www.eia.gov/petroleum/supply/weekly/archive/2014/2014_05_07/csv/table9.csv,7f507fce4564a1111f3c94e50615ba113b791cd0e8b2b2302ee1650d5a1a7443,release_date_only_ny_end_of_day
2014_05_14,2014-05-09,2014-05-14,2014-05-15T03:59:59+00:00,23.441,398.523,https://www.eia.gov/petroleum/supply/weekly/archive/2014/2014_05_14/csv/table9.csv,c4f932c4f1a7aa6adecdad9b3835e27e7925c61c9fdfed817de8b9ddc5d837c3,release_date_only_ny_end_of_day
2014_05_21,2014-05-16,2014-05-21,2014-05-22T03:59:59+00:00,23.216,391.297,https://www.eia.gov/petroleum/supply/weekly/archive/2014/2014_05_21/csv/table9.csv,372326fde018a2b7a9a21332eae0158666944bc2a785d0990e3fd93ffdd35b03,release_date_only_ny_end_of_day
2014_05_29,2014-05-23,2014-05-29,2014-05-30T03:59:59+00:00,21.691,392.954,https://www.eia.gov/petroleum/supply/weekly/archive/2014/2014_05_29/csv/table9.csv,e53f6effa1411bbe10a4e62dbd79ad63c6163b414f744acd93a6462cab3f4839,release_date_only_ny_end_of_day
2014_06_04,2014-05-30,2014-06-04,2014-06-05T03:59:59+00:00,21.37,389.523,https://www.eia.gov/petroleum/supply/weekly/archive/2014/2014_06_04/csv/table9.csv,69cdb1719280a5d2244989524cc0ece3d5ffa08cf8533bf64abaa842a209c2a3,release_date_only_ny_end_of_day
2014_06_11,2014-06-06,2014-06-11,2014-06-12T03:59:59+00:00,21.172,386.927,https://www.eia.gov/petroleum/supply/weekly/archive/2014/2014_06_11/csv/table9.csv,ee0b2bdfcc602b92a294d08bea86e6a52cb7ac4edbb9243109243a3a261e1dc4,release_date_only_ny_end_of_day
2014_06_18,2014-06-13,2014-06-18,2014-06-19T03:59:59+00:00,21.419,386.348,https://www.eia.gov/petroleum/supply/weekly/archive/2014/2014_06_18/csv/table9.csv,fb00a7be227b87635978dba2b228f12db0dd325717c5588396c5ef3a76c67db6,release_date_only_ny_end_of_day
2014_06_25,2014-06-20,2014-06-25,2014-06-26T03:59:59+00:00,21.835,388.09,https://www.eia.gov/petroleum/supply/weekly/archive/2014/2014_06_25/csv/table9.csv,b3e81562bfd3500f08c929312e5e7238ca3b604ec3be8af9d5578a90c8a3afa2,release_date_only_ny_end_of_day
2014_07_02,2014-06-27,2014-07-02,2014-07-03T03:59:59+00:00,20.476,384.935,https://www.eia.gov/petroleum/supply/weekly/archive/2014/2014_07_02/csv/table9.csv,cc0282a9b1d86097f0b9b555661b3e23c696b6438a1f428990bd3d3c303fab90,release_date_only_ny_end_of_day
2014_07_09,2014-07-04,2014-07-09,2014-07-10T03:59:59+00:00,20.923,382.565,https://www.eia.gov/petroleum/supply/weekly/archive/2014/2014_07_09/csv/table9.csv,0b56b95a5d09b98decfa0740e9adcca6c9f4ae8ba3614a3e0592c1377b243629,release_date_only_ny_end_of_day
2014_07_16,2014-07-11,2014-07-16,2014-07-17T03:59:59+00:00,20.273,375.04,https://www.eia.gov/petroleum/supply/weekly/archive/2014/2014_07_16/csv/table9.csv,369304b48dd0bd8117f8ee0332c2c317461a3bdf7e0a093c33e84c53601a54a1,release_date_only_ny_end_of_day
2014_07_23,2014-07-18,2014-07-23,2014-07-24T03:59:59+00:00,18.823,371.071,https://www.eia.gov/petroleum/supply/weekly/archive/2014/2014_07_23/csv/table9.csv,dd142f756acfe6909b29514645e3fa32817c1dc02032f898fc0d9e96fe71b6d3,release_date_only_ny_end_of_day
2014_07_30,2014-07-25,2014-07-30,2014-07-31T03:59:59+00:00,17.899,367.374,https://www.eia.gov/petroleum/supply/weekly/archive/2014/2014_07_30/csv/table9.csv,9a3f670ad6b6267026a757e5f05bb0e6f85375a40ba3487df19455c35fa4de88,release_date_only_ny_end_of_day
2014_08_06,2014-08-01,2014-08-06,2014-08-07T03:59:59+00:00,17.982,365.618,https://www.eia.gov/petroleum/supply/weekly/archive/2014/2014_08_06/csv/table9.csv,a178a90e55e20e31cbc91856d11e48c32602244b608078afd525b4e6d89aa436,release_date_only_ny_end_of_day
2014_08_13,2014-08-08,2014-08-13,2014-08-14T03:59:59+00:00,18.4,367.019,https://www.eia.gov/petroleum/supply/weekly/archive/2014/2014_08_13/csv/table9.csv,668af3cbb6e573c14548794baf6fa7d82519332462f81ef25e1cf65f6a2bfdae,release_date_only_ny_end_of_day
2014_08_20,2014-08-15,2014-08-20,2014-08-21T03:59:59+00:00,20.155,362.545,https://www.eia.gov/petroleum/supply/weekly/archive/2014/2014_08_20/csv/table9.csv,8feb59a639a0108fea98393a37406e83780426470083d2d74f0550ea925773df,release_date_only_ny_end_of_day
2014_08_27,2014-08-22,2014-08-27,2014-08-28T03:59:59+00:00,20.663,360.475,https://www.eia.gov/petroleum/supply/weekly/archive/2014/2014_08_27/csv/table9.csv,8c74c6a305864421bb65ba275c371abb5fb44c61fc87a7a9aceec871de8db60e,release_date_only_ny_end_of_day
2014_09_04,2014-08-29,2014-09-04,2014-09-05T03:59:59+00:00,20.278,359.57,https://www.eia.gov/petroleum/supply/weekly/archive/2014/2014_09_04/csv/table9.csv,c5f5638b666b19056d4b837e35447db66c12e4243f7b09f9c622558cfee166c3,release_date_only_ny_end_of_day
2014_09_10,2014-09-05,2014-09-10,2014-09-11T03:59:59+00:00,20.356,358.598,https://www.eia.gov/petroleum/supply/weekly/archive/2014/2014_09_10/csv/table9.csv,2194f91f43e19c1cf0e480ba77c23963f4c2220d8334177ff70e7ca3f566b4cd,release_date_only_ny_end_of_day
2014_09_17,2014-09-12,2014-09-17,2014-09-18T03:59:59+00:00,19.999,362.271,https://www.eia.gov/petroleum/supply/weekly/archive/2014/2014_09_17/csv/table9.csv,847075e640ce1534df257617a4677d1db941dfcc2dcb0e9b78fa838db0ba7be2,release_date_only_ny_end_of_day
2014_09_24,2014-09-19,2014-09-24,2014-09-25T03:59:59+00:00,20.19,357.998,https://www.eia.gov/petroleum/supply/weekly/archive/2014/2014_09_24/csv/table9.csv,46a4d5fc6b7d6354bdeb4c3b1c9118c81592b33f8b24153e8c35a128827dfb3a,release_date_only_ny_end_of_day
2014_10_01,2014-09-26,2014-10-01,2014-10-02T03:59:59+00:00,20.505,356.635,https://www.eia.gov/petroleum/supply/weekly/archive/2014/2014_10_01/csv/table9.csv,c3182b53a9f894bdf6489763a846605a5762f8bbaa438096d4cef734c6cd0b4b,release_date_only_ny_end_of_day
2014_10_08,2014-10-03,2014-10-08,2014-10-09T03:59:59+00:00,18.929,361.65,https://www.eia.gov/petroleum/supply/weekly/archive/2014/2014_10_08/csv/table9.csv,f973672beff6ca5552a7ff9b778ca140b663da0c08bb602ae1c2cfaff8145f48,release_date_only_ny_end_of_day
2014_10_16,2014-10-10,2014-10-16,2014-10-17T03:59:59+00:00,19.645,370.573,https://www.eia.gov/petroleum/supply/weekly/archive/2014/2014_10_16/csv/table9.csv,805bce93ab77bd2279ca1611293452771ba7907e7d1103c64073da4845694bc2,release_date_only_ny_end_of_day
2014_10_22,2014-10-17,2014-10-22,2014-10-23T03:59:59+00:00,20.598,377.684,https://www.eia.gov/petroleum/supply/weekly/archive/2014/2014_10_22/csv/table9.csv,f0d64328e472d39069705eb25a266e4ac004154c21d988eb6f77cb7de236f3a5,release_date_only_ny_end_of_day
2014_10_29,2014-10-24,2014-10-29,2014-10-30T03:59:59+00:00,21.374,379.745,https://www.eia.gov/petroleum/supply/weekly/archive/2014/2014_10_29/csv/table9.csv,626c55107bc487544f774b5d2ad24af85a2b6de9adadd79b17d433f663069d0b,release_date_only_ny_end_of_day
2014_11_05,2014-10-31,2014-11-05,2014-11-06T04:59:59+00:00,20.823,380.205,https://www.eia.gov/petroleum/supply/weekly/archive/2014/2014_11_05/csv/table9.csv,0f47345346ee1b87195ed4f0ee65655b815aa38e8219f11d85ac73c439abbe2e,release_date_only_ny_end_of_day
2014_11_13,2014-11-07,2014-11-13,2014-11-14T04:59:59+00:00,22.527,378.47,https://www.eia.gov/petroleum/supply/weekly/archive/2014/2014_11_13/csv/table9.csv,d339b49ff5f6a80559c8af4bf85629a61838144d3c969cf95a3850031d22ddc0,release_date_only_ny_end_of_day
2014_11_19,2014-11-14,2014-11-19,2014-11-20T04:59:59+00:00,23.245,381.078,https://www.eia.gov/petroleum/supply/weekly/archive/2014/2014_11_19/csv/table9.csv,82d3528a8fdc3479103f9d65ee1b29a16951458041413527b5f6fa432bb41793,release_date_only_ny_end_of_day
2014_11_26,2014-11-21,2014-11-26,2014-11-27T04:59:59+00:00,24.579,383.024,https://www.eia.gov/petroleum/supply/weekly/archive/2014/2014_11_26/csv/table9.csv,d0202837d356beafade2c3cc878b6cb40b7be55030c6bb53e9ff7eec06240dba,release_date_only_ny_end_of_day
2014_12_03,2014-11-28,2014-12-03,2014-12-04T04:59:59+00:00,23.885,379.335,https://www.eia.gov/petroleum/supply/weekly/archive/2014/2014_12_03/csv/table9.csv,2c1444069ca8781ce83d8514b93f7f10132827319be1d960e7942f7cc4ff35c3,release_date_only_ny_end_of_day
2014_12_10,2014-12-05,2014-12-10,2014-12-11T04:59:59+00:00,24.905,380.789,https://www.eia.gov/petroleum/supply/weekly/archive/2014/2014_12_10/csv/table9.csv,053e2db05ae69d09e83ab5c2291208df495f0fb1a2a434d3c3a95e4336296f78,release_date_only_ny_end_of_day
2014_12_17,2014-12-12,2014-12-17,2014-12-18T04:59:59+00:00,27.825,379.942,https://www.eia.gov/petroleum/supply/weekly/archive/2014/2014_12_17/csv/table9.csv,60902d17b54482d3b902f3b768fb0579bc1eb0126b9d0ce63b7f0f1a0d35f321,release_date_only_ny_end_of_day
2014_12_24,2014-12-19,2014-12-24,2014-12-25T04:59:59+00:00,28.798,387.209,https://www.eia.gov/petroleum/supply/weekly/archive/2014/2014_12_24/csv/table9.csv,2fcd00bb5e2d160975c62f6db61947f96bf9704b5474b73e5bd13688c13ca81b,release_date_only_ny_end_of_day
2014_12_31,2014-12-26,2014-12-31,2015-01-01T04:59:59+00:00,30.793,385.455,https://www.eia.gov/petroleum/supply/weekly/archive/2014/2014_12_31/csv/table9.csv,020fdbb7b2965a27390fcf4c65938951619c468a7a0b5fe63f6d5ef67127551a,release_date_only_ny_end_of_day
2015_01_07,2015-01-02,2015-01-07,2015-01-08T04:59:59+00:00,32.098,382.393,https://www.eia.gov/petroleum/supply/weekly/archive/2015/2015_01_07/csv/table9.csv,171a7c21677d993d5a4ccbfc939cb9cf863766907c812c6e9d99a4810c88c71d,release_date_only_ny_end_of_day
2015_01_14,2015-01-09,2015-01-14,2015-01-15T04:59:59+00:00,33.874,387.782,https://www.eia.gov/petroleum/supply/weekly/archive/2015/2015_01_14/csv/table9.csv,e080369a256f4064fb6091ae7370902b9bf517faf6b769eeea880a0321e5905b,release_date_only_ny_end_of_day
2015_01_22,2015-01-16,2015-01-22,2015-01-23T04:59:59+00:00,36.783,397.853,https://www.eia.gov/petroleum/supply/weekly/archive/2015/2015_01_22/csv/table9.csv,ddae7b4a238d9c408319b0fc5ac3bab884a2077d2c943345e5c4ba3a3c9e0787,release_date_only_ny_end_of_day
2015_01_28,2015-01-23,2015-01-28,2015-01-29T04:59:59+00:00,38.868,406.727,https://www.eia.gov/petroleum/supply/weekly/archive/2015/2015_01_28/csv/table9.csv,c71487069988ad8d8001ff74277b25bf66b29218796d037bf559ab220345b582,release_date_only_ny_end_of_day
2015_02_04,2015-01-30,2015-02-04,2015-02-05T04:59:59+00:00,41.384,413.06,https://www.eia.gov/petroleum/supply/weekly/archive/2015/2015_02_04/csv/table9.csv,10c8a8779fafabb202f845ee529b8719e8ffa3fbec7ec9514f7d0190f32710b9,release_date_only_ny_end_of_day
2015_02_11,2015-02-06,2015-02-11,2015-02-12T04:59:59+00:00,42.598,417.928,https://www.eia.gov/petroleum/supply/weekly/archive/2015/2015_02_11/csv/table9.csv,5a5c832f228893d14270189047f70dcc49e0e1eb62de32e3c0999720bf8350de,release_date_only_ny_end_of_day
2015_02_19,2015-02-13,2015-02-19,2015-02-20T04:59:59+00:00,46.261,425.644,https://www.eia.gov/petroleum/supply/weekly/archive/2015/2015_02_19/csv/table9.csv,28b6d05acf755e12c35a2ccd8b080631359aea5ffce422f76f34db82a7077e78,release_date_only_ny_end_of_day
2015_02_25,2015-02-20,2015-02-25,2015-02-26T04:59:59+00:00,48.68,434.071,https://www.eia.gov/petroleum/supply/weekly/archive/2015/2015_02_25/csv/table9.csv,4a40e79b90690ebd2e25e9e366d7e357a59a9ae4b806bc6c4a5b452e4f935572,release_date_only_ny_end_of_day
2015_03_04,2015-02-27,2015-03-04,2015-03-05T04:59:59+00:00,49.216,444.374,https://www.eia.gov/petroleum/supply/weekly/archive/2015/2015_03_04/csv/table9.csv,c8a9d423b2898ade9966ec84b175c26417617845ad8b65f8eea3fd43e32e146d,release_date_only_ny_end_of_day
2015_03_11,2015-03-06,2015-03-11,2015-03-12T03:59:59+00:00,51.538,448.886,https://www.eia.gov/petroleum/supply/weekly/archive/2015/2015_03_11/csv/table9.csv,3386db97b6b4454bae6248619d28a800eee2eb4dab96fcb8442e9ff732079068,release_date_only_ny_end_of_day
2015_03_18,2015-03-13,2015-03-18,2015-03-19T03:59:59+00:00,54.403,458.508,https://www.eia.gov/petroleum/supply/weekly/archive/2015/2015_03_18/csv/table9.csv,294a7b5b716a35cdf65d759f43ea25b65a83f4e2dd2578762304618e1d61fb69,release_date_only_ny_end_of_day
2015_03_25,2015-03-20,2015-03-25,2015-03-26T03:59:59+00:00,56.314,466.678,https://www.eia.gov/petroleum/supply/weekly/archive/2015/2015_03_25/csv/table9.csv,4ac8532ffb0333e0a95e20f8104532e0013feb5c8ec819253b54766e8a66b62c,release_date_only_ny_end_of_day
2015_04_01,2015-03-27,2015-04-01,2015-04-02T03:59:59+00:00,58.943,471.444,https://www.eia.gov/petroleum/supply/weekly/archive/2015/2015_04_01/csv/table9.csv,4f194b812d6a6183f4dcb9ab3645c3fedf32dda6ff5e03202ce7df3ed36107e2,release_date_only_ny_end_of_day
2015_04_08,2015-04-03,2015-04-08,2015-04-09T03:59:59+00:00,60.175,482.393,https://www.eia.gov/petroleum/supply/weekly/archive/2015/2015_04_08/csv/table9.csv,e473bfde0bbc67a20299eed4e7dd74372f80d2dbdfd13822726566fcd5d887be,release_date_only_ny_end_of_day
2015_04_15,2015-04-10,2015-04-15,2015-04-16T03:59:59+00:00,61.462,483.687,https://www.eia.gov/petroleum/supply/weekly/archive/2015/2015_04_15/csv/table9.csv,185909f3197841d722ca01e0d35a5bfaf38ab04a05958498d2e38f590ac6295a,release_date_only_ny_end_of_day
2015_04_22,2015-04-17,2015-04-22,2015-04-23T03:59:59+00:00,62.2,489.002,https://www.eia.gov/petroleum/supply/weekly/archive/2015/2015_04_22/csv/table9.csv,ac270fb82e4341de6330479bff415bb0264f0d71ee2440a97939fe92fe055968,release_date_only_ny_end_of_day
2015_04_29,2015-04-24,2015-04-29,2015-04-30T03:59:59+00:00,61.686,490.912,https://www.eia.gov/petroleum/supply/weekly/archive/2015/2015_04_29/csv/table9.csv,317833dc52bda1b3dcc2e41aa46f13f2a766e05bb55cae817233fa9c9621b460,release_date_only_ny_end_of_day
2015_05_06,2015-05-01,2015-05-06,2015-05-07T03:59:59+00:00,61.674,487.03,https://www.eia.gov/petroleum/supply/weekly/archive/2015/2015_05_06/csv/table9.csv,e34d4a206010b42783bce8863c53632a12ffd3679d2c9c327c47ea902c97b744,release_date_only_ny_end_of_day
2015_05_13,2015-05-08,2015-05-13,2015-05-14T03:59:59+00:00,60.684,484.839,https://www.eia.gov/petroleum/supply/weekly/archive/2015/2015_05_13/csv/table9.csv,a325882a0077266821b2a4f2846e7eddd75777936ecce04dff5fb5e28afcc97a,release_date_only_ny_end_of_day
2015_05_20,2015-05-15,2015-05-20,2015-05-21T03:59:59+00:00,60.443,482.165,https://www.eia.gov/petroleum/supply/weekly/archive/2015/2015_05_20/csv/table9.csv,a090f245e3269768e70c926b256995f0d49e828e6ff26286ee96ff641957a5ef,release_date_only_ny_end_of_day
2015_05_28,2015-05-22,2015-05-28,2015-05-29T03:59:59+00:00,60.01,479.363,https://www.eia.gov/petroleum/supply/weekly/archive/2015/2015_05_28/csv/table9.csv,702ad44c69661bf9d23669bec21c28d71b1157b0e277f22d16dea7c9fb645a62,release_date_only_ny_end_of_day
2015_06_03,2015-05-29,2015-06-03,2015-06-04T03:59:59+00:00,59.027,477.415,https://www.eia.gov/petroleum/supply/weekly/archive/2015/2015_06_03/csv/table9.csv,61cccc3c1f2c2cb7ba1216c198e514ea665a70b2c0399a78a0a7a3aeed436c81,release_date_only_ny_end_of_day
2015_06_10,2015-06-05,2015-06-10,2015-06-11T03:59:59+00:00,58.003,470.603,https://www.eia.gov/petroleum/supply/weekly/archive/2015/2015_06_10/csv/table9.csv,3774d8cfe5636ef01ac1c715858ebfa22574b198ccc0b9929c3d625ea9487137,release_date_only_ny_end_of_day
2015_06_17,2015-06-12,2015-06-17,2015-06-18T03:59:59+00:00,58.115,467.927,https://www.eia.gov/petroleum/supply/weekly/archive/2015/2015_06_17/csv/table9.csv,0e340c8c66910db50074236c1453ee792ed6d3a1cdbfb163641643e7032b9c9d,release_date_only_ny_end_of_day
2015_06_24,2015-06-19,2015-06-24,2015-06-25T03:59:59+00:00,56.245,462.993,https://www.eia.gov/petroleum/supply/weekly/archive/2015/2015_06_24/csv/table9.csv,3eff3b14071d3d69d6b9594795fa271d7ca1190a6b7c099f9144b6af797da0aa,release_date_only_ny_end_of_day
2015_07_01,2015-06-26,2015-07-01,2015-07-02T03:59:59+00:00,56.368,465.379,https://www.eia.gov/petroleum/supply/weekly/archive/2015/2015_07_01/csv/table9.csv,3c6f6e25d28435f668ba7c897c5850d1189697e06f5a9bbbe9a98ab71818086a,release_date_only_ny_end_of_day
2015_07_08,2015-07-03,2015-07-08,2015-07-09T03:59:59+00:00,56.667,465.763,https://www.eia.gov/petroleum/supply/weekly/archive/2015/2015_07_08/csv/table9.csv,5f9d492bf3802c1dcadd2ca322e960b80f4314cd7f106306af6b23d44e08dffa,release_date_only_ny_end_of_day
2015_07_15,2015-07-10,2015-07-15,2015-07-16T03:59:59+00:00,57.105,461.417,https://www.eia.gov/petroleum/supply/weekly/archive/2015/2015_07_15/csv/table9.csv,c78922cb83ef329ce454c98ec0a49e4594cb33b74b6cd11cd6a8f48aadf9dded,release_date_only_ny_end_of_day
2015_07_22,2015-07-17,2015-07-22,2015-07-23T03:59:59+00:00,57.918,463.885,https://www.eia.gov/petroleum/supply/weekly/archive/2015/2015_07_22/csv/table9.csv,2e35f64f2c6ccf48c8f06dcfa1b9017144dd7226e806f03a4358e1f9c1f9878d,release_date_only_ny_end_of_day
2015_07_29,2015-07-24,2015-07-29,2015-07-30T03:59:59+00:00,57.706,459.682,https://www.eia.gov/petroleum/supply/weekly/archive/2015/2015_07_29/csv/table9.csv,9a27a18722aa2d049978cd734d7b17b23540479b1932c29ea45d3177aa8b011c,release_date_only_ny_end_of_day
2015_08_05,2015-07-31,2015-08-05,2015-08-06T03:59:59+00:00,57.164,455.275,https://www.eia.gov/petroleum/supply/weekly/archive/2015/2015_08_05/csv/table9.csv,cbeb7754b1f3b9a709c2f4483fa4485334bf7efe242193d812c473a569bfa363,release_date_only_ny_end_of_day
2015_08_12,2015-08-07,2015-08-12,2015-08-13T03:59:59+00:00,57.113,453.593,https://www.eia.gov/petroleum/supply/weekly/archive/2015/2015_08_12/csv/table9.csv,75ba72b910b68ce7c34b2368133b37725cf5e3cd449311dec25864e496b053c8,release_date_only_ny_end_of_day
2015_08_19,2015-08-14,2015-08-19,2015-08-20T03:59:59+00:00,57.439,456.213,https://www.eia.gov/petroleum/supply/weekly/archive/2015/2015_08_19/csv/table9.csv,b03a05d7a6597bcbdc036b3f883a8d4fd5c4cf288172a4190c173d6c5d3b9d9c,release_date_only_ny_end_of_day
2015_08_26,2015-08-21,2015-08-26,2015-08-27T03:59:59+00:00,57.695,450.761,https://www.eia.gov/petroleum/supply/weekly/archive/2015/2015_08_26/csv/table9.csv,fe5d1b1b70683dc7d3a46358ab17eef0dd554f85700746d1b423a329afc06d22,release_date_only_ny_end_of_day
2015_09_02,2015-08-28,2015-09-02,2015-09-03T03:59:59+00:00,57.307,455.428,https://www.eia.gov/petroleum/supply/weekly/archive/2015/2015_09_02/csv/table9.csv,e325c311829f1b18519b2eab1bb7e82ef759652df4d8e74b5989466a24ddaf13,release_date_only_ny_end_of_day
2015_09_10,2015-09-04,2015-09-10,2015-09-11T03:59:59+00:00,56.41,457.998,https://www.eia.gov/petroleum/supply/weekly/archive/2015/2015_09_10/csv/table9.csv,f8f2cf5ce22905a9582c721dd4da7d013137d0962f56ef22b2b6dcb45ce9e68f,release_date_only_ny_end_of_day
2015_09_16,2015-09-11,2015-09-16,2015-09-17T03:59:59+00:00,54.504,455.894,https://www.eia.gov/petroleum/supply/weekly/archive/2015/2015_09_16/csv/table9.csv,62bfd25d3c25d582ab2d9f25be6ffa6576b8420903c3da744815cb9433686b00,release_date_only_ny_end_of_day
2015_09_23,2015-09-18,2015-09-23,2015-09-24T03:59:59+00:00,54.042,453.969,https://www.eia.gov/petroleum/supply/weekly/archive/2015/2015_09_23/csv/table9.csv,36c2474fb923413af8900f21ae6fcc9250856985ed6c22f2d58e5aecdc623e61,release_date_only_ny_end_of_day
2015_09_30,2015-09-25,2015-09-30,2015-10-01T03:59:59+00:00,52.974,457.924,https://www.eia.gov/petroleum/supply/weekly/archive/2015/2015_09_30/csv/table9.csv,8f28ee499d31a837d22f133b5ae4553c66bc1dc56239d5bbd8421b9f0bbc29cf,release_date_only_ny_end_of_day
2015_10_07,2015-10-02,2015-10-07,2015-10-08T03:59:59+00:00,53.072,460.997,https://www.eia.gov/petroleum/supply/weekly/archive/2015/2015_10_07/csv/table9.csv,c9c57e0ef6cbffa23d043ef4f98786e6b6c8d865627392696ee14b9c139b6c88,release_date_only_ny_end_of_day
2015_10_15,2015-10-09,2015-10-15,2015-10-16T03:59:59+00:00,54.197,468.559,https://www.eia.gov/petroleum/supply/weekly/archive/2015/2015_10_15/csv/table9.csv,472de1f3d416442f69a055b0dd3331c59c5ceaadd716d62b6a64125eecfc2c9b,release_date_only_ny_end_of_day
2015_10_21,2015-10-16,2015-10-21,2015-10-22T03:59:59+00:00,54.119,476.587,https://www.eia.gov/petroleum/supply/weekly/archive/2015/2015_10_21/csv/table9.csv,91b743fd7537eb5660a04fbd592f9140b894f8eceed216caee842fcb435957d8,release_date_only_ny_end_of_day
2015_10_28,2015-10-23,2015-10-28,2015-10-29T03:59:59+00:00,53.334,479.963,https://www.eia.gov/petroleum/supply/weekly/archive/2015/2015_10_28/csv/table9.csv,46370703589505464369598ee214b0d9575c251a5006ce02e724ccb5e2eb9a30,release_date_only_ny_end_of_day
2015_11_04,2015-10-30,2015-11-04,2015-11-05T04:59:59+00:00,53.122,482.81,https://www.eia.gov/petroleum/supply/weekly/archive/2015/2015_11_04/csv/table9.csv,f1f2a53ca0ef39a65f6b5e69393fe2d4135226ecf0176caf8d26f4c3d901e114,release_date_only_ny_end_of_day
2015_11_12,2015-11-06,2015-11-12,2015-11-13T04:59:59+00:00,55.359,487.034,https://www.eia.gov/petroleum/supply/weekly/archive/2015/2015_11_12/csv/table9.csv,89ae21746666f2e82dcd407c1e7820f7f7a2a81d267a11c684a904dda6cdc7d9,release_date_only_ny_end_of_day
2015_11_18,2015-11-13,2015-11-18,2015-11-19T04:59:59+00:00,56.854,487.286,https://www.eia.gov/petroleum/supply/weekly/archive/2015/2015_11_18/csv/table9.csv,76c25e7a4eafcbcbd0309a72e8eb76d40ff221cc050f083b49d2600d6ff10c6e,release_date_only_ny_end_of_day
2015_11_25,2015-11-20,2015-11-25,2015-11-26T04:59:59+00:00,58.598,488.247,https://www.eia.gov/petroleum/supply/weekly/archive/2015/2015_11_25/csv/table9.csv,a51108fecf09ea8895af2a381c29171cf435e9752c1e93378bb67dad853188af,release_date_only_ny_end_of_day
2015_12_02,2015-11-27,2015-12-02,2015-12-03T04:59:59+00:00,59.026,489.424,https://www.eia.gov/petroleum/supply/weekly/archive/2015/2015_12_02/csv/table9.csv,42ec875f9853a84e999c63700699df03df172b86e91ea0480fdcbc1d2ac61889,release_date_only_ny_end_of_day
2015_12_09,2015-12-04,2015-12-09,2015-12-10T04:59:59+00:00,59.449,485.856,https://www.eia.gov/petroleum/supply/weekly/archive/2015/2015_12_09/csv/table9.csv,9b8a6d77ba508aa8c63377765dc03d51b531c56ea218af77eacdcec07ce92dea,release_date_only_ny_end_of_day
2015_12_16,2015-12-11,2015-12-16,2015-12-17T04:59:59+00:00,60.056,490.657,https://www.eia.gov/petroleum/supply/weekly/archive/2015/2015_12_16/csv/table9.csv,6afeb66ce8b38639a8f9f25b5be3476d4f64033665f87c2ef92bae919ad2a865,release_date_only_ny_end_of_day
2015_12_23,2015-12-18,2015-12-23,2015-12-24T04:59:59+00:00,62.101,484.78,https://www.eia.gov/petroleum/supply/weekly/archive/2015/2015_12_23/csv/table9.csv,44836701bc6fbb55965543a22feaea71ab2e6cf85dec6726a931329d3c964442,release_date_only_ny_end_of_day
2015_12_30,2015-12-25,2015-12-30,2015-12-31T04:59:59+00:00,62.993,487.409,https://www.eia.gov/petroleum/supply/weekly/archive/2015/2015_12_30/csv/table9.csv,01cfe4e7567e3ae3f97d7403481ae6e68fda3aff50337934b3d8faf07bfbfd20,release_date_only_ny_end_of_day
2016_01_06,2016-01-01,2016-01-06,2016-01-07T04:59:59+00:00,63.91,482.324,https://www.eia.gov/petroleum/supply/weekly/archive/2016/2016_01_06/csv/table9.csv,e52d5760f41941b80201b405ab6be7e1d6b6ae807c10e5fa47a5b8188f919bd6,release_date_only_ny_end_of_day
2016_01_13,2016-01-08,2016-01-13,2016-01-14T04:59:59+00:00,64.007,482.558,https://www.eia.gov/petroleum/supply/weekly/archive/2016/2016_01_13/csv/table9.csv,338c89c1a59ff126fd5d61ab3147f94ab96554d63cadc39f9fe39c18a6042859,release_date_only_ny_end_of_day
2016_01_21,2016-01-15,2016-01-21,2016-01-22T04:59:59+00:00,64.198,486.537,https://www.eia.gov/petroleum/supply/weekly/archive/2016/2016_01_21/csv/table9.csv,0ef9a58910608b42832a07cf4504cdee4d3c54890205ea36ed25df7360d3cd5b,release_date_only_ny_end_of_day
2016_01_27,2016-01-22,2016-01-27,2016-01-28T04:59:59+00:00,63.427,494.92,https://www.eia.gov/petroleum/supply/weekly/archive/2016/2016_01_27/csv/table9.csv,db25e51cc5a2e2fd1df2719efc80af9360ffb736c72b3b6c53248fdbf2dff485,release_date_only_ny_end_of_day
2016_02_03,2016-01-29,2016-02-03,2016-02-04T04:59:59+00:00,64.174,502.712,https://www.eia.gov/petroleum/supply/weekly/archive/2016/2016_02_03/csv/table9.csv,1d8e0eede5bfb79df25f0d24d582e1b0906ff0683a4132ecf36034e155f073b0,release_date_only_ny_end_of_day
2016_02_10,2016-02-05,2016-02-10,2016-02-11T04:59:59+00:00,64.697,501.958,https://www.eia.gov/petroleum/supply/weekly/archive/2016/2016_02_10/csv/table9.csv,4943fbf49136a3d9789d67af9018061051c9b51ef73a5b7808844a6b5067f384,release_date_only_ny_end_of_day
2016_02_18,2016-02-12,2016-02-18,2016-02-19T04:59:59+00:00,64.733,504.105,https://www.eia.gov/petroleum/supply/weekly/archive/2016/2016_02_18/csv/table9.csv,4c11df68b8867db4a654f089634674649bf16a918c40478147c84992098f2c52,release_date_only_ny_end_of_day
2016_02_24,2016-02-19,2016-02-24,2016-02-25T04:59:59+00:00,65.066,507.607,https://www.eia.gov/petroleum/supply/weekly/archive/2016/2016_02_24/csv/table9.csv,d354bd8a0e72c800144b4d23ad46253e4534e65c4adcbb982ba8cabcba51609c,release_date_only_ny_end_of_day
2016_03_02,2016-02-26,2016-03-02,2016-03-03T04:59:59+00:00,66.256,517.981,https://www.eia.gov/petroleum/supply/weekly/archive/2016/2016_03_02/csv/table9.csv,cbe37b8873cd21f01f9a8d5b14e99e916d7f394e604d9a6bf319124297afac51,release_date_only_ny_end_of_day
2016_03_09,2016-03-04,2016-03-09,2016-03-10T04:59:59+00:00,66.946,521.861,https://www.eia.gov/petroleum/supply/weekly/archive/2016/2016_03_09/csv/table9.csv,f2befb25ef778e09e94582949036dfee6b7e11a67df20f563085d179aebd6d23,release_date_only_ny_end_of_day
2016_03_16,2016-03-11,2016-03-16,2016-03-17T03:59:59+00:00,67.491,523.178,https://www.eia.gov/petroleum/supply/weekly/archive/2016/2016_03_16/csv/table9.csv,83d8149b493cf2de8b77a04aa7a3d6b6f2e5ebdeaa48e1965513fa7b7b8db40d,release_date_only_ny_end_of_day
2016_03_23,2016-03-18,2016-03-23,2016-03-24T03:59:59+00:00,66.233,532.535,https://www.eia.gov/petroleum/supply/weekly/archive/2016/2016_03_23/csv/table9.csv,26ca000ab12233f9d9d41e1fe5d180f0e4a6ef84c239310e0b792b24a73d1a72,release_date_only_ny_end_of_day
2016_03_30,2016-03-25,2016-03-30,2016-03-31T03:59:59+00:00,65.961,534.834,https://www.eia.gov/petroleum/supply/weekly/archive/2016/2016_03_30/csv/table9.csv,dd464bb2bd62c4f4cb46487c42bc5a14d2734d52523e2628e319660feef60941,release_date_only_ny_end_of_day
2016_04_06,2016-04-01,2016-04-06,2016-04-07T03:59:59+00:00,66.318,529.897,https://www.eia.gov/petroleum/supply/weekly/archive/2016/2016_04_06/csv/table9.csv,700b0ad968f9e5bc821f4d739c4841069060d96fd3fe1b6dc6f1c2c071545908,release_date_only_ny_end_of_day
2016_04_13,2016-04-08,2016-04-13,2016-04-14T03:59:59+00:00,64.551,536.531,https://www.eia.gov/petroleum/supply/weekly/archive/2016/2016_04_13/csv/table9.csv,3f98dde5e19ac57516b19067b8beb4c879bc74af0f0da0aa121f09facc347b4a,release_date_only_ny_end_of_day
2016_04_20,2016-04-15,2016-04-20,2016-04-21T03:59:59+00:00,64.303,538.611,https://www.eia.gov/petroleum/supply/weekly/archive/2016/2016_04_20/csv/table9.csv,4827c47639a164b2459417b378a29d2f636603244a1f7732504893481a784187,release_date_only_ny_end_of_day
2016_04_27,2016-04-22,2016-04-27,2016-04-28T03:59:59+00:00,66.049,540.61,https://www.eia.gov/petroleum/supply/weekly/archive/2016/2016_04_27/csv/table9.csv,ceb0e35ef59fbe4f2f64fcee815f2f55a00eb1fe912c89818331ef3206d4d8b9,release_date_only_ny_end_of_day
2016_05_04,2016-04-29,2016-05-04,2016-05-05T03:59:59+00:00,66.292,543.394,https://www.eia.gov/petroleum/supply/weekly/archive/2016/2016_05_04/csv/table9.csv,a9551ac1fa18276925ad3b5d6d7bb37a3320a65d83d12755b14b6751ab67a5bd,release_date_only_ny_end_of_day
2016_05_11,2016-05-06,2016-05-11,2016-05-12T03:59:59+00:00,67.812,539.984,https://www.eia.gov/petroleum/supply/weekly/archive/2016/2016_05_11/csv/table9.csv,55c836ffe1fbbe05453c8eff6d6a8e3ed469cca586cf51adeb688985ecbdb786,release_date_only_ny_end_of_day
2016_05_18,2016-05-13,2016-05-18,2016-05-19T03:59:59+00:00,68.273,541.294,https://www.eia.gov/petroleum/supply/weekly/archive/2016/2016_05_18/csv/table9.csv,b44a90f0d768e9c6293c3410b5bf3970cf05009623184a4981229c562391c564,release_date_only_ny_end_of_day
2016_05_25,2016-05-20,2016-05-25,2016-05-26T03:59:59+00:00,67.624,537.068,https://www.eia.gov/petroleum/supply/weekly/archive/2016/2016_05_25/csv/table9.csv,11d873da47d582821ec1610294afb60c31aeadfdb17c258b1aa98e421fb4d59f,release_date_only_ny_end_of_day
2016_06_02,2016-05-27,2016-06-02,2016-06-03T03:59:59+00:00,66.92,535.702,https://www.eia.gov/petroleum/supply/weekly/archive/2016/2016_06_02/csv/table9.csv,f3a3b300c0e14d22e8d3d2ddc0770f0d0f08bf11bab1c16c535b88949197b9d0,release_date_only_ny_end_of_day
2016_06_08,2016-06-03,2016-06-08,2016-06-09T03:59:59+00:00,65.557,532.476,https://www.eia.gov/petroleum/supply/weekly/archive/2016/2016_06_08/csv/table9.csv,719f3449b163107651d280912a511f503937ebcc15b5df85625286a06942123b,release_date_only_ny_end_of_day
2016_06_15,2016-06-10,2016-06-15,2016-06-16T03:59:59+00:00,66.461,531.543,https://www.eia.gov/petroleum/supply/weekly/archive/2016/2016_06_15/csv/table9.csv,f563cd5a2b132ca1f231785c88049a9cfee605b419b5e8dc6d87ec2ee9445e9c,release_date_only_ny_end_of_day
2016_06_22,2016-06-17,2016-06-22,2016-06-23T03:59:59+00:00,65.181,530.626,https://www.eia.gov/petroleum/supply/weekly/archive/2016/2016_06_22/csv/table9.csv,4bc3fbcb11e40ea2e276465f6eb8688b9c1a7f78ebe391f17d459449efb82d4d,release_date_only_ny_end_of_day
2016_06_29,2016-06-24,2016-06-29,2016-06-30T03:59:59+00:00,64.23,526.573,https://www.eia.gov/petroleum/supply/weekly/archive/2016/2016_06_29/csv/table9.csv,e3019ac3a4c6b55cc1e29675b2d5ab807ceeb3f5a32394da1c2a177609faa82b,release_date_only_ny_end_of_day
2016_07_07,2016-07-01,2016-07-07,2016-07-08T03:59:59+00:00,64.148,524.35,https://www.eia.gov/petroleum/supply/weekly/archive/2016/2016_07_07/csv/table9.csv,02b72dd42a0c9aaf6fd428721fa91caf378ca3bc631ca44cdebbcd996a2bdfba,release_date_only_ny_end_of_day
2016_07_13,2016-07-08,2016-07-13,2016-07-14T03:59:59+00:00,63.916,521.804,https://www.eia.gov/petroleum/supply/weekly/archive/2016/2016_07_13/csv/table9.csv,602ce64cb87cfeff8d0d34eba1b017f8808e88acd831fe7111a327a6bb02d5a4,release_date_only_ny_end_of_day
2016_07_20,2016-07-15,2016-07-20,2016-07-21T03:59:59+00:00,64.105,519.462,https://www.eia.gov/petroleum/supply/weekly/archive/2016/2016_07_20/csv/table9.csv,7067e2e5d1d93f165483d15b11ee182970d601875e768f6485fe16268a271d54,release_date_only_ny_end_of_day
2016_07_27,2016-07-22,2016-07-27,2016-07-28T03:59:59+00:00,65.215,521.133,https://www.eia.gov/petroleum/supply/weekly/archive/2016/2016_07_27/csv/table9.csv,64718d2cc813a056855bdded57c2f929cf870bbf9d96bed7ab5cecd01fe0680c,release_date_only_ny_end_of_day
2016_08_03,2016-07-29,2016-08-03,2016-08-04T03:59:59+00:00,64.092,522.546,https://www.eia.gov/petroleum/supply/weekly/archive/2016/2016_08_03/csv/table9.csv,2d42f896db1375ca9763da6f14b4d5ddb587052a18688e99cf857bf354af09d8,release_date_only_ny_end_of_day
2016_08_10,2016-08-05,2016-08-10,2016-08-11T03:59:59+00:00,65.255,523.601,https://www.eia.gov/petroleum/supply/weekly/archive/2016/2016_08_10/csv/table9.csv,0f911d67a6c8e2004b60ae3af552390946d0ae166b45538bfd46b1273896e261,release_date_only_ny_end_of_day
2016_08_17,2016-08-12,2016-08-17,2016-08-18T03:59:59+00:00,64.531,521.093,https://www.eia.gov/petroleum/supply/weekly/archive/2016/2016_08_17/csv/table9.csv,5cb6e1163053d85cbc353b5184e0a5158a32f319062b096b99cbebd8c51e1bab,release_date_only_ny_end_of_day
2016_08_24,2016-08-19,2016-08-24,2016-08-25T03:59:59+00:00,64.906,523.594,https://www.eia.gov/petroleum/supply/weekly/archive/2016/2016_08_24/csv/table9.csv,9af5de3761850cc5d156ae44659464b196e549c487f36acbd3571bb8e09b7139,release_date_only_ny_end_of_day
2016_08_31,2016-08-26,2016-08-31,2016-09-01T03:59:59+00:00,63.867,525.87,https://www.eia.gov/petroleum/supply/weekly/archive/2016/2016_08_31/csv/table9.csv,9d67e5ebc27607961b696fde39704cede45419395751a034484cdb5cb917e2be,release_date_only_ny_end_of_day
2016_09_08,2016-09-02,2016-09-08,2016-09-09T03:59:59+00:00,63.433,511.357,https://www.eia.gov/petroleum/supply/weekly/archive/2016/2016_09_08/csv/table9.csv,9ae86919d3279c700d67a69aa5a9911c33cc4e969bbae626d8add001b0b8c861,release_date_only_ny_end_of_day
2016_09_14,2016-09-09,2016-09-14,2016-09-15T03:59:59+00:00,62.188,510.798,https://www.eia.gov/petroleum/supply/weekly/archive/2016/2016_09_14/csv/table9.csv,82e5f6ffa136f3fee3f7e886baf56b19ec288fd1ad45c649c2d42536ae1619ec,release_date_only_ny_end_of_day
2016_09_21,2016-09-16,2016-09-21,2016-09-22T03:59:59+00:00,62.714,504.598,https://www.eia.gov/petroleum/supply/weekly/archive/2016/2016_09_21/csv/table9.csv,ecd08b37d2b4060febf008acc80a6424748aac3db0262a2f9b0663b0493272db,release_date_only_ny_end_of_day
2016_09_28,2016-09-23,2016-09-28,2016-09-29T03:59:59+00:00,62.083,502.716,https://www.eia.gov/petroleum/supply/weekly/archive/2016/2016_09_28/csv/table9.csv,cfe23592c835991d5ec00b1f2dc995beda2a6a06b04c82fd009a996e3646df4c,release_date_only_ny_end_of_day
2016_10_05,2016-09-30,2016-10-05,2016-10-06T03:59:59+00:00,62.652,499.74,https://www.eia.gov/petroleum/supply/weekly/archive/2016/2016_10_05/csv/table9.csv,d2af87b0614e74a682e3b863dcf205b2089da0929e1a725bb4627d3042079dea,release_date_only_ny_end_of_day
2016_10_13,2016-10-07,2016-10-13,2016-10-14T03:59:59+00:00,61.334,473.958,https://www.eia.gov/petroleum/supply/weekly/archive/2016/2016_10_13/csv/table9.csv,1f75c2a6267236ee6a46007f8e03fd1219139d1b9414cb78e1f0fb83e11dc0bc,release_date_only_ny_end_of_day
2016_10_19,2016-10-14,2016-10-19,2016-10-20T03:59:59+00:00,59.699,468.711,https://www.eia.gov/petroleum/supply/weekly/archive/2016/2016_10_19/csv/table9.csv,09f1b589af4b66630a9908846a902a22dbc2753ef9786cd3d2ff74915bf069f3,release_date_only_ny_end_of_day
2016_10_26,2016-10-21,2016-10-26,2016-10-27T03:59:59+00:00,58.362,468.158,https://www.eia.gov/petroleum/supply/weekly/archive/2016/2016_10_26/csv/table9.csv,a142aac1f439173abf6bfd7c2951da76c0d19143cf0c847224906fae01ec724f,release_date_only_ny_end_of_day
2016_11_02,2016-10-28,2016-11-02,2016-11-03T03:59:59+00:00,58.451,482.578,https://www.eia.gov/petroleum/supply/weekly/archive/2016/2016_11_02/csv/table9.csv,a606328acb2240e1e7032fa65b3dbe1548dbd2a8616f6e6043b762c22a9d3674,release_date_only_ny_end_of_day
2016_11_09,2016-11-04,2016-11-09,2016-11-10T04:59:59+00:00,58.479,485.01,https://www.eia.gov/petroleum/supply/weekly/archive/2016/2016_11_09/csv/table9.csv,09b3242aeb1ef28a8a8df714d12c48dfb3f14371c2c6e625b992d24b209c290d,release_date_only_ny_end_of_day
2016_11_16,2016-11-11,2016-11-16,2016-11-17T04:59:59+00:00,59.17,490.284,https://www.eia.gov/petroleum/supply/weekly/archive/2016/2016_11_16/csv/table9.csv,fdef500fbc91b74cd7a10056bef713ae750feedbc70ca4464e6b0989b813f8b8,release_date_only_ny_end_of_day
2016_11_23,2016-11-18,2016-11-23,2016-11-24T04:59:59+00:00,59.083,489.029,https://www.eia.gov/petroleum/supply/weekly/archive/2016/2016_11_23/csv/table9.csv,990ba95e235b2a93d9e343b4e0ec3a3b1faceae06de3d5bb598aa9fc1540dd29,release_date_only_ny_end_of_day
2016_11_30,2016-11-25,2016-11-30,2016-12-01T04:59:59+00:00,61.502,488.145,https://www.eia.gov/petroleum/supply/weekly/archive/2016/2016_11_30/csv/table9.csv,fc95f1b6c822f9bfe5c96513b338600ca57202209d2f5d96440ded57d810781d,release_date_only_ny_end_of_day
2016_12_07,2016-12-02,2016-12-07,2016-12-08T04:59:59+00:00,65.285,485.756,https://www.eia.gov/petroleum/supply/weekly/archive/2016/2016_12_07/csv/table9.csv,6515c325d05d8fea7d8343f4ea1cc48a5f7f4cf2141cccc8ad6da6d52dc3dbc5,release_date_only_ny_end_of_day
2016_12_14,2016-12-09,2016-12-14,2016-12-15T04:59:59+00:00,66.508,483.193,https://www.eia.gov/petroleum/supply/weekly/archive/2016/2016_12_14/csv/table9.csv,2859644718f16cb53ec0cf60dc001197744d7d72592a3c88187b8b6c35fc9c7d,release_date_only_ny_end_of_day
2016_12_21,2016-12-16,2016-12-21,2016-12-22T04:59:59+00:00,66.263,485.449,https://www.eia.gov/petroleum/supply/weekly/archive/2016/2016_12_21/csv/table9.csv,540427faf88fbe0ff13d65b9ef435d3805fde7f19abf7207ae6a0db6637f1c96,release_date_only_ny_end_of_day
2016_12_29,2016-12-23,2016-12-29,2016-12-30T04:59:59+00:00,66.435,486.063,https://www.eia.gov/petroleum/supply/weekly/archive/2016/2016_12_29/csv/table9.csv,31a1aafbcc0c1db86a1e5108685fb6c660abd15ca527f9e2f87e1113a9952194,release_date_only_ny_end_of_day
2017_01_05,2016-12-30,2017-01-05,2017-01-06T04:59:59+00:00,67.509,479.012,https://www.eia.gov/petroleum/supply/weekly/archive/2017/2017_01_05/csv/table9.csv,7f9c4fed6911370dd8d603eb4e951f0c2f67f2e4c6bce761c407f96e6923410f,release_date_only_ny_end_of_day
2017_01_11,2017-01-06,2017-01-11,2017-01-12T04:59:59+00:00,66.93,483.109,https://www.eia.gov/petroleum/supply/weekly/archive/2017/2017_01_11/csv/table9.csv,df200f4922e0759a83bb66e39ef7923daacd1f958c22fde2404141014cc7c062,release_date_only_ny_end_of_day
2017_01_19,2017-01-13,2017-01-19,2017-01-20T04:59:59+00:00,65.656,485.456,https://www.eia.gov/petroleum/supply/weekly/archive/2017/2017_01_19/csv/table9.csv,3995a6217abc08344faa30e29c5cb91c1238b5ec61df09f4ad8c8321e80545af,release_date_only_ny_end_of_day
2017_01_25,2017-01-20,2017-01-25,2017-01-26T04:59:59+00:00,65.372,488.296,https://www.eia.gov/petroleum/supply/weekly/archive/2017/2017_01_25/csv/table9.csv,43a559dde337347cf5f8bff99552fcfbc5d9fd2543d5c45d697c9afd0e54c0cf,release_date_only_ny_end_of_day
2017_02_01,2017-01-27,2017-02-01,2017-02-02T04:59:59+00:00,64.127,494.762,https://www.eia.gov/petroleum/supply/weekly/archive/2017/2017_02_01/csv/table9.csv,490dc36612e50b8ec3b707bed45b77153f15929525a1de9d6417ef259bc64685,release_date_only_ny_end_of_day
2017_02_08,2017-02-03,2017-02-08,2017-02-09T04:59:59+00:00,65.27,508.592,https://www.eia.gov/petroleum/supply/weekly/archive/2017/2017_02_08/csv/table9.csv,be519aa23b08f50932328e28620d95f69a1cc8b91c9703a495feb0bb6924cec0,release_date_only_ny_end_of_day
2017_02_15,2017-02-10,2017-02-15,2017-02-16T04:59:59+00:00,64.568,518.119,https://www.eia.gov/petroleum/supply/weekly/archive/2017/2017_02_15/csv/table9.csv,1f2c827afad03203307e8615332a6e83e5ea2af9ec0634eb14fee08ea6232112,release_date_only_ny_end_of_day
2017_02_23,2017-02-17,2017-02-23,2017-02-24T04:59:59+00:00,63.04,518.683,https://www.eia.gov/petroleum/supply/weekly/archive/2017/2017_02_23/csv/table9.csv,b058dba5ccf674b29aa61deed5a55fd686b773c77aa82a6a7246645d447ae5a1,release_date_only_ny_end_of_day
2017_03_01,2017-02-24,2017-03-01,2017-03-02T04:59:59+00:00,63.535,520.184,https://www.eia.gov/petroleum/supply/weekly/archive/2017/2017_03_01/csv/table9.csv,2ba1c52f83ad38820f80fc6ddd341a20be1b48a1e5c0e46ddbd8f606c1858b09,release_date_only_ny_end_of_day
2017_03_08,2017-03-03,2017-03-08,2017-03-09T04:59:59+00:00,64.402,528.393,https://www.eia.gov/petroleum/supply/weekly/archive/2017/2017_03_08/csv/table9.csv,b2b2206b0ddf7ce5ca3b4c99cb34e2c7dcdab00f96d4a1c0f3cbcbc5dd2d703b,release_date_only_ny_end_of_day
2017_03_15,2017-03-10,2017-03-15,2017-03-16T03:59:59+00:00,66.532,528.156,https://www.eia.gov/petroleum/supply/weekly/archive/2017/2017_03_15/csv/table9.csv,33142a1f0be72d881bfbf8204d6a83e751ca5da0d923d0737e2030e6dcac5788,release_date_only_ny_end_of_day
2017_03_22,2017-03-17,2017-03-22,2017-03-23T03:59:59+00:00,67.951,533.11,https://www.eia.gov/petroleum/supply/weekly/archive/2017/2017_03_22/csv/table9.csv,c4b5de91b2170ad3274a98cccc3ce8c6287d7f53e67f570cd089fece67fa4b44,release_date_only_ny_end_of_day
2017_03_29,2017-03-24,2017-03-29,2017-03-30T03:59:59+00:00,67.731,533.977,https://www.eia.gov/petroleum/supply/weekly/archive/2017/2017_03_29/csv/table9.csv,90ceb09db37c86063fca21696df9df9aa168cfafac72200a83dd7c95d4285dc9,release_date_only_ny_end_of_day
2017_04_05,2017-03-31,2017-04-05,2017-04-06T03:59:59+00:00,69.144,535.543,https://www.eia.gov/petroleum/supply/weekly/archive/2017/2017_04_05/csv/table9.csv,3f7ab3deb128a8da8b9d7b5c9b2bf51614a15801b8d41e6786d29d18732ca310,release_date_only_ny_end_of_day
2017_04_12,2017-04-07,2017-04-12,2017-04-13T03:59:59+00:00,69.42,533.377,https://www.eia.gov/petroleum/supply/weekly/archive/2017/2017_04_12/csv/table9.csv,7b73a0a0643f9db694ac5844faa1dba373cb33eae5cbdee8ab3bdd794396aacd,release_date_only_ny_end_of_day
2017_04_19,2017-04-14,2017-04-19,2017-04-20T03:59:59+00:00,68.642,532.343,https://www.eia.gov/petroleum/supply/weekly/archive/2017/2017_04_19/csv/table9.csv,c78d7f7de2168eda536a3a8b10c80bb7099d8e06b4bde5788a0987dab93faf9a,release_date_only_ny_end_of_day
2017_04_26,2017-04-21,2017-04-26,2017-04-27T03:59:59+00:00,67.439,528.702,https://www.eia.gov/petroleum/supply/weekly/archive/2017/2017_04_26/csv/table9.csv,66ed2e08f39e916e1e83b3f9f7d6f6e20d89697042eb2065866f8273b09eac20,release_date_only_ny_end_of_day
2017_05_03,2017-04-28,2017-05-03,2017-05-04T03:59:59+00:00,66.711,527.772,https://www.eia.gov/petroleum/supply/weekly/archive/2017/2017_05_03/csv/table9.csv,da32b90a86a87854dda17a34c62d097ea94fbcbc38e0a552cb5115763df898ec,release_date_only_ny_end_of_day
2017_05_10,2017-05-05,2017-05-10,2017-05-11T03:59:59+00:00,66.273,522.525,https://www.eia.gov/petroleum/supply/weekly/archive/2017/2017_05_10/csv/table9.csv,3bd0ae2ecbea650cd5e1142c4c657351ef2613c938ac8e9a942528e879de7f3b,release_date_only_ny_end_of_day
2017_05_17,2017-05-12,2017-05-17,2017-05-18T03:59:59+00:00,66.308,520.772,https://www.eia.gov/petroleum/supply/weekly/archive/2017/2017_05_17/csv/table9.csv,575ca5ee60f8554110d8d2c6193502a70fb9b19b67340f37dab17b1223c59635,release_date_only_ny_end_of_day
2017_05_24,2017-05-19,2017-05-24,2017-05-25T03:59:59+00:00,65.567,516.34,https://www.eia.gov/petroleum/supply/weekly/archive/2017/2017_05_24/csv/table9.csv,c31a41bf58defe03e9a68598430f34f8e82449cc8e021e73a3bd30279cdd806b,release_date_only_ny_end_of_day
2017_06_01,2017-05-26,2017-06-01,2017-06-02T03:59:59+00:00,64.82,509.912,https://www.eia.gov/petroleum/supply/weekly/archive/2017/2017_06_01/csv/table9.csv,857d54b4ca57e61ce3133da97296e8d2ff66dfdf55f1f2462bbd839777b875ad,release_date_only_ny_end_of_day
2017_06_07,2017-06-02,2017-06-07,2017-06-08T03:59:59+00:00,63.376,513.207,https://www.eia.gov/petroleum/supply/weekly/archive/2017/2017_06_07/csv/table9.csv,b190462425720f528c009d4067e00c779fe1dfbe3845c6a7891c15191642e367,release_date_only_ny_end_of_day
2017_06_14,2017-06-09,2017-06-14,2017-06-15T03:59:59+00:00,62.22,511.546,https://www.eia.gov/petroleum/supply/weekly/archive/2017/2017_06_14/csv/table9.csv,d6517770feb1ce9d1586e8c0a3b92c21546542701efd3ee49cc31fa60b6eeda8,release_date_only_ny_end_of_day
2017_06_21,2017-06-16,2017-06-21,2017-06-22T03:59:59+00:00,61.14,509.095,https://www.eia.gov/petroleum/supply/weekly/archive/2017/2017_06_21/csv/table9.csv,b791465b8a2f45d0b72f1f52d7747ed144a7cdfdbc2c1c4cd50c45b85c518e13,release_date_only_ny_end_of_day
2017_06_28,2017-06-23,2017-06-28,2017-06-29T03:59:59+00:00,60.843,509.213,https://www.eia.gov/petroleum/supply/weekly/archive/2017/2017_06_28/csv/table9.csv,2104aee271c40fefddf98c67b81f2102dc19ef1786c3732e8dd53a712e0f5883,release_date_only_ny_end_of_day
2017_07_06,2017-06-30,2017-07-06,2017-07-07T03:59:59+00:00,59.509,502.914,https://www.eia.gov/petroleum/supply/weekly/archive/2017/2017_07_06/csv/table9.csv,587b6dbfa2b1de8259d1d216f6b9b0df09d2114d78ca6b5097198e175beae08d,release_date_only_ny_end_of_day
2017_07_12,2017-07-07,2017-07-12,2017-07-13T03:59:59+00:00,57.561,495.35,https://www.eia.gov/petroleum/supply/weekly/archive/2017/2017_07_12/csv/table9.csv,10c8ae77fa585e623810aa5bb2c08ba9c38ee388ca02c037ed3cf8a646e24ef2,release_date_only_ny_end_of_day
2017_07_19,2017-07-14,2017-07-19,2017-07-20T03:59:59+00:00,57.538,490.623,https://www.eia.gov/petroleum/supply/weekly/archive/2017/2017_07_19/csv/table9.csv,14ac2f2d97e174539a800e29e18a647b246570352f7dbe50d6e0fd28ec4f47d7,release_date_only_ny_end_of_day
2017_07_26,2017-07-21,2017-07-26,2017-07-27T03:59:59+00:00,55.839,483.415,https://www.eia.gov/petroleum/supply/weekly/archive/2017/2017_07_26/csv/table9.csv,1b46393ab1bec8ee01c3c59367d43ffc9d4eae6df48fec90457304e5e7412a79,release_date_only_ny_end_of_day
2017_08_02,2017-07-28,2017-08-02,2017-08-03T03:59:59+00:00,55.8,481.888,https://www.eia.gov/petroleum/supply/weekly/archive/2017/2017_08_02/csv/table9.csv,2fe3d240e6203020df6269acf7b26d6810c7c15fdc385e6034dcd4696c5f5c07,release_date_only_ny_end_of_day
2017_08_09,2017-08-04,2017-08-09,2017-08-10T03:59:59+00:00,56.369,475.437,https://www.eia.gov/petroleum/supply/weekly/archive/2017/2017_08_09/csv/table9.csv,0c9866c9a988b3fec379ca246990c4819ac69b15bbb2aa0771ebd15b7196e079,release_date_only_ny_end_of_day
2017_08_16,2017-08-11,2017-08-16,2017-08-17T03:59:59+00:00,57.047,466.492,https://www.eia.gov/petroleum/supply/weekly/archive/2017/2017_08_16/csv/table9.csv,18dc204b0451d1f72c25fa037fc9b931ecc38496c08f30c6883c600a5daf7792,release_date_only_ny_end_of_day
2017_08_23,2017-08-18,2017-08-23,2017-08-24T03:59:59+00:00,56.544,463.165,https://www.eia.gov/petroleum/supply/weekly/archive/2017/2017_08_23/csv/table9.csv,9be3008fac3999e88e9c4f76b4d3e8f441b68c4f01ff34fdc067dd84e0b9be3d,release_date_only_ny_end_of_day
2017_08_30,2017-08-25,2017-08-30,2017-08-31T03:59:59+00:00,57.233,457.773,https://www.eia.gov/petroleum/supply/weekly/archive/2017/2017_08_30/csv/table9.csv,ac8e8b97b8c6f22484c040b9e4fcd6cf8a074b8436d033a31db9ce9caee24c64,release_date_only_ny_end_of_day
2017_09_07,2017-09-01,2017-09-07,2017-09-08T03:59:59+00:00,58.03,462.353,https://www.eia.gov/petroleum/supply/weekly/archive/2017/2017_09_07/csv/table9.csv,d00c5f29090268a94dbdd8b6b3a586d93baa967d641a0a03e231c366e7f3426d,release_date_only_ny_end_of_day
2017_09_13,2017-09-08,2017-09-13,2017-09-14T03:59:59+00:00,59.053,468.241,https://www.eia.gov/petroleum/supply/weekly/archive/2017/2017_09_13/csv/table9.csv,de931fe6249a04757cda6b3ba5ab67fc948d7c9394e032c46ac8e68b6c088ec5,release_date_only_ny_end_of_day
2017_09_20,2017-09-15,2017-09-20,2017-09-21T03:59:59+00:00,59.756,472.832,https://www.eia.gov/petroleum/supply/weekly/archive/2017/2017_09_20/csv/table9.csv,faa935a206bfc04f6f0e529923ba6ff165660dd00ab036d7f6071e7404dc9fc8,release_date_only_ny_end_of_day
2017_09_27,2017-09-22,2017-09-27,2017-09-28T03:59:59+00:00,60.937,470.986,https://www.eia.gov/petroleum/supply/weekly/archive/2017/2017_09_27/csv/table9.csv,a3c39459712d44e61f539e21df2be6ec699ad8b4ec9aa2f0a73b66fcb80e981b,release_date_only_ny_end_of_day
2017_10_04,2017-09-29,2017-10-04,2017-10-05T03:59:59+00:00,62.462,464.963,https://www.eia.gov/petroleum/supply/weekly/archive/2017/2017_10_04/csv/table9.csv,ceaec2421db1f44be8ce446fedd6cd45a4c91c2d346d097945d35104846dbdae,release_date_only_ny_end_of_day
2017_10_12,2017-10-06,2017-10-12,2017-10-13T03:59:59+00:00,63.784,462.216,https://www.eia.gov/petroleum/supply/weekly/archive/2017/2017_10_12/csv/table9.csv,80f1504c935f1dfd5d5e83b31d24d31688ea475168412fdeee8e66d1049b00b7,release_date_only_ny_end_of_day
2017_10_18,2017-10-13,2017-10-18,2017-10-19T03:59:59+00:00,63.986,456.485,https://www.eia.gov/petroleum/supply/weekly/archive/2017/2017_10_18/csv/table9.csv,be6232aa62f414d66adc692165438c3615d8684ce9935154952d76e97c8b944a,release_date_only_ny_end_of_day
2017_10_25,2017-10-20,2017-10-25,2017-10-26T03:59:59+00:00,63.749,457.341,https://www.eia.gov/petroleum/supply/weekly/archive/2017/2017_10_25/csv/table9.csv,0ac5dc0bd5d2b3c6198f9648579a62a66572022b7655baad1d25db0439d7f7cc,release_date_only_ny_end_of_day
2017_11_01,2017-10-27,2017-11-01,2017-11-02T03:59:59+00:00,63.839,454.906,https://www.eia.gov/petroleum/supply/weekly/archive/2017/2017_11_01/csv/table9.csv,88e81735ee3ff2e83050e20d195204e01aefaa8e045112a6f25d66dcc04ecd66,release_date_only_ny_end_of_day
2017_11_08,2017-11-03,2017-11-08,2017-11-09T04:59:59+00:00,64.559,457.143,https://www.eia.gov/petroleum/supply/weekly/archive/2017/2017_11_08/csv/table9.csv,63ea575b1502dc790ca97fdcac843bec5ad139f3340781e590f0ed4bd4c70a7e,release_date_only_ny_end_of_day
2017_11_15,2017-11-10,2017-11-15,2017-11-16T04:59:59+00:00,63.055,458.997,https://www.eia.gov/petroleum/supply/weekly/archive/2017/2017_11_15/csv/table9.csv,8c9d3791a11525056bc91fe032f1273428b8da18bdfc3bce407a20aa359358b4,release_date_only_ny_end_of_day
2017_11_22,2017-11-17,2017-11-22,2017-11-23T04:59:59+00:00,61.228,457.142,https://www.eia.gov/petroleum/supply/weekly/archive/2017/2017_11_22/csv/table9.csv,9b287585e323a5e5b51e72d37cf2f82803607a03812d584cc07485878f0a9889,release_date_only_ny_end_of_day
2017_11_29,2017-11-24,2017-11-29,2017-11-30T04:59:59+00:00,58.314,453.713,https://www.eia.gov/petroleum/supply/weekly/archive/2017/2017_11_29/csv/table9.csv,f1fced85684c8df78e5461d63dcb339c3b9637fa29f009300425cf5e4e77be96,release_date_only_ny_end_of_day
2017_12_06,2017-12-01,2017-12-06,2017-12-07T04:59:59+00:00,55.561,448.103,https://www.eia.gov/petroleum/supply/weekly/archive/2017/2017_12_06/csv/table9.csv,ed4a826230de5788fcc9e98d9b4997edd18046d79f24df1af9b8866a4c60d802,release_date_only_ny_end_of_day
2017_12_13,2017-12-08,2017-12-13,2017-12-14T04:59:59+00:00,52.244,442.986,https://www.eia.gov/petroleum/supply/weekly/archive/2017/2017_12_13/csv/table9.csv,7ba9e3f8c08eb08c1f7729453266b9748174bc6f7d25762e63b6e65519cac092,release_date_only_ny_end_of_day
2017_12_20,2017-12-15,2017-12-20,2017-12-21T04:59:59+00:00,52.998,436.491,https://www.eia.gov/petroleum/supply/weekly/archive/2017/2017_12_20/csv/table9.csv,b6a9278c3a2a042242f2ea7f3d68d0b4f970d7a484eaf25aeaa303cf0adaf86a,release_date_only_ny_end_of_day
2017_12_28,2017-12-22,2017-12-28,2017-12-29T04:59:59+00:00,51.414,431.882,https://www.eia.gov/petroleum/supply/weekly/archive/2017/2017_12_28/csv/table9.csv,23387fdc5af0bb97583ead2f5e84145a0107e6ebcb337f83e6cc0eeafa579ef5,release_date_only_ny_end_of_day
2018_01_04,2017-12-29,2018-01-04,2018-01-05T04:59:59+00:00,48.973,424.463,https://www.eia.gov/petroleum/supply/weekly/archive/2018/2018_01_04/csv/table9.csv,42875f06b2334d7fed33b3d49ec7a8a268d09b00dd8b8cf824d1a6882aef6773,release_date_only_ny_end_of_day
2018_01_10,2018-01-05,2018-01-10,2018-01-11T04:59:59+00:00,46.578,419.515,https://www.eia.gov/petroleum/supply/weekly/archive/2018/2018_01_10/csv/table9.csv,d077f3bd36eaadeec90c0f4926a84cba02b08f95f6ee52deb22bcfb6b89d241c,release_date_only_ny_end_of_day
2018_01_18,2018-01-12,2018-01-18,2018-01-19T04:59:59+00:00,42.394,412.654,https://www.eia.gov/petroleum/supply/weekly/archive/2018/2018_01_18/csv/table9.csv,7c8224e7074a455c3b4ffb2d53c872bf146e9c8185f74305b1fc26518fc9c71e,release_date_only_ny_end_of_day
2018_01_24,2018-01-19,2018-01-24,2018-01-25T04:59:59+00:00,39.244,411.583,https://www.eia.gov/petroleum/supply/weekly/archive/2018/2018_01_24/csv/table9.csv,a9b1a851ec0e85d927b41a00e227e85bd67047d31143a59ae3d2f15926abbee2,release_date_only_ny_end_of_day
2018_01_31,2018-01-26,2018-01-31,2018-02-01T04:59:59+00:00,37.02,418.359,https://www.eia.gov/petroleum/supply/weekly/archive/2018/2018_01_31/csv/table9.csv,ced9aa7253104df320f51f8c600323b3bda18af6275a1daba0bc750ab5eb593c,release_date_only_ny_end_of_day
2018_02_07,2018-02-02,2018-02-07,2018-02-08T04:59:59+00:00,36.309,420.254,https://www.eia.gov/petroleum/supply/weekly/archive/2018/2018_02_07/csv/table9.csv,18a995cb10d60ad084811fd8aa00dff4e5845101dbeb76351fc54d5ec4c56baa,release_date_only_ny_end_of_day
2018_02_14,2018-02-09,2018-02-14,2018-02-15T04:59:59+00:00,32.667,422.095,https://www.eia.gov/petroleum/supply/weekly/archive/2018/2018_02_14/csv/table9.csv,2fe07d9470af00453a9951164ad49b753cc9da7f712fd5fc9790900f81ededc8,release_date_only_ny_end_of_day
2018_02_22,2018-02-16,2018-02-22,2018-02-23T04:59:59+00:00,30.003,420.479,https://www.eia.gov/petroleum/supply/weekly/archive/2018/2018_02_22/csv/table9.csv,2b2bf180745375888d2071b0a776c94f934208210fe375e20023447c2797fa2c,release_date_only_ny_end_of_day
2018_02_28,2018-02-23,2018-02-28,2018-03-01T04:59:59+00:00,28.785,423.498,https://www.eia.gov/petroleum/supply/weekly/archive/2018/2018_02_28/csv/table9.csv,c3d34cad5d98e30e211ca4b17618e0da4aff832ffb78a88563e232032f9b5abb,release_date_only_ny_end_of_day
2018_03_07,2018-03-02,2018-03-07,2018-03-08T04:59:59+00:00,28.18,425.906,https://www.eia.gov/petroleum/supply/weekly/archive/2018/2018_03_07/csv/table9.csv,9bb9ecfbbdbdfeeb38a7852ba02cc1643540547e6eae40cc8f6b9a918741b728,release_date_only_ny_end_of_day
2018_03_14,2018-03-09,2018-03-14,2018-03-15T03:59:59+00:00,28.518,430.928,https://www.eia.gov/petroleum/supply/weekly/archive/2018/2018_03_14/csv/table9.csv,02dcb0c2d175b5335ca89d41edda587a7bc6f2872197a58f48c154977e1fc5eb,release_date_only_ny_end_of_day
2018_03_21,2018-03-16,2018-03-21,2018-03-22T03:59:59+00:00,29.423,428.306,https://www.eia.gov/petroleum/supply/weekly/archive/2018/2018_03_21/csv/table9.csv,836ec9e97484ee90d9bcf34ca7cbb5dcca2a7b336fd2ae3acc3a170411decdcc,release_date_only_ny_end_of_day
2018_03_28,2018-03-23,2018-03-28,2018-03-29T03:59:59+00:00,31.227,429.949,https://www.eia.gov/petroleum/supply/weekly/archive/2018/2018_03_28/csv/table9.csv,d5cb0b9b35b4ee49b13de9d9d6d2a21e492589faa5f147f46549573fa8ffc972,release_date_only_ny_end_of_day
2018_04_04,2018-03-30,2018-04-04,2018-04-05T03:59:59+00:00,34.893,425.332,https://www.eia.gov/petroleum/supply/weekly/archive/2018/2018_04_04/csv/table9.csv,6b8418e546dcf803527a188eeb5f3f18489fb608913a102e2e3336037446582d,release_date_only_ny_end_of_day
2018_04_11,2018-04-06,2018-04-11,2018-04-12T03:59:59+00:00,36.022,428.638,https://www.eia.gov/petroleum/supply/weekly/archive/2018/2018_04_11/csv/table9.csv,8dea9e9efdcc0001292c3d506bab9046be5799c9ae4752acfa9169c4032db7e7,release_date_only_ny_end_of_day
2018_04_18,2018-04-13,2018-04-18,2018-04-19T03:59:59+00:00,34.907,427.567,https://www.eia.gov/petroleum/supply/weekly/archive/2018/2018_04_18/csv/table9.csv,e24a3371fee80e88a206f973dfd6c7ec9953d9816900f2dca1d7b151f181bab4,release_date_only_ny_end_of_day
2018_04_25,2018-04-20,2018-04-25,2018-04-26T03:59:59+00:00,35.366,429.737,https://www.eia.gov/petroleum/supply/weekly/archive/2018/2018_04_25/csv/table9.csv,4d159afe2604b4e6381aeda2d62a7418e83fbf8794430601b0079c1f049d28bc,release_date_only_ny_end_of_day
2018_05_02,2018-04-27,2018-05-02,2018-05-03T03:59:59+00:00,35.782,435.955,https://www.eia.gov/petroleum/supply/weekly/archive/2018/2018_05_02/csv/table9.csv,d1b6e078138994992ffac1f724a1990c3b6c886045d16d9f19203ccc1f970833,release_date_only_ny_end_of_day
2018_05_09,2018-05-04,2018-05-09,2018-05-10T03:59:59+00:00,37.17,433.758,https://www.eia.gov/petroleum/supply/weekly/archive/2018/2018_05_09/csv/table9.csv,87618d3d613145c29c3b43267a72463ccbd8d595b8edef5861297ff4f50c370e,release_date_only_ny_end_of_day
2018_05_16,2018-05-11,2018-05-16,2018-05-17T03:59:59+00:00,37.223,432.354,https://www.eia.gov/petroleum/supply/weekly/archive/2018/2018_05_16/csv/table9.csv,86018843d39494f3be3a7f75289a74c54720522d2510ac532017ead839935287,release_date_only_ny_end_of_day
2018_05_23,2018-05-18,2018-05-23,2018-05-24T03:59:59+00:00,36.1,438.132,https://www.eia.gov/petroleum/supply/weekly/archive/2018/2018_05_23/csv/table9.csv,1808f4010c65f6113f84565addd6e9b3ee9e57db2a22cf808124f2288cf5f081,release_date_only_ny_end_of_day
2018_05_31,2018-05-25,2018-05-31,2018-06-01T03:59:59+00:00,35.544,434.512,https://www.eia.gov/petroleum/supply/weekly/archive/2018/2018_05_31/csv/table9.csv,7e5fbab40644efb53917a30bb10ea09f70eb19974378a9b58761c43d5b0dd6b7,release_date_only_ny_end_of_day
2018_06_06,2018-06-01,2018-06-06,2018-06-07T03:59:59+00:00,34.589,436.584,https://www.eia.gov/petroleum/supply/weekly/archive/2018/2018_06_06/csv/table9.csv,4453e6c4111b218df7f5c875d71ea9270c8591cc82fcb3fd74bf6b24754c91bd,release_date_only_ny_end_of_day
2018_06_13,2018-06-08,2018-06-13,2018-06-14T03:59:59+00:00,33.902,432.441,https://www.eia.gov/petroleum/supply/weekly/archive/2018/2018_06_13/csv/table9.csv,2c07b67587be7c1ca715e890a70d982468664384126e9501f18fac4637fd2775,release_date_only_ny_end_of_day
2018_06_20,2018-06-15,2018-06-20,2018-06-21T03:59:59+00:00,32.606,426.527,https://www.eia.gov/petroleum/supply/weekly/archive/2018/2018_06_20/csv/table9.csv,2a93ae67cf1225f137d6adc5ee6f696bda8630a739240fb832dd9cf6c712fb4e,release_date_only_ny_end_of_day
2018_06_27,2018-06-22,2018-06-27,2018-06-28T03:59:59+00:00,29.893,416.636,https://www.eia.gov/petroleum/supply/weekly/archive/2018/2018_06_27/csv/table9.csv,efc433a1a2025c3417fbb92d2b7a537615d5ec2e91e3541c3be32e4b1934ff49,release_date_only_ny_end_of_day
2018_07_05,2018-06-29,2018-07-05,2018-07-06T03:59:59+00:00,27.78,417.881,https://www.eia.gov/petroleum/supply/weekly/archive/2018/2018_07_05/csv/table9.csv,af710b5e7bbf6f5de23b4a6fd332e5eba053793c31966923085cd649cef636f7,release_date_only_ny_end_of_day
2018_07_11,2018-07-06,2018-07-11,2018-07-12T03:59:59+00:00,25.718,405.248,https://www.eia.gov/petroleum/supply/weekly/archive/2018/2018_07_11/csv/table9.csv,c5131c5ed7545d861d91e7659e80b3e5cc738270a76b6c85de184eb11693c131,release_date_only_ny_end_of_day
2018_07_18,2018-07-13,2018-07-18,2018-07-19T03:59:59+00:00,24.858,411.084,https://www.eia.gov/petroleum/supply/weekly/archive/2018/2018_07_18/csv/table9.csv,7ae79fc56c6d85557aaaf950a1a354fbd125bd033f0394002326878449dc0477,release_date_only_ny_end_of_day
2018_07_25,2018-07-20,2018-07-25,2018-07-26T03:59:59+00:00,23.731,404.937,https://www.eia.gov/petroleum/supply/weekly/archive/2018/2018_07_25/csv/table9.csv,05089d31c1647699d14ccaf1935fb8ff102e6382e9e208de39cc413896ecbdac,release_date_only_ny_end_of_day
2018_08_01,2018-07-27,2018-08-01,2018-08-02T03:59:59+00:00,22.393,408.74,https://www.eia.gov/petroleum/supply/weekly/archive/2018/2018_08_01/csv/table9.csv,b9309cd6b76a09ce98fe5cb16ebe06663d044103d8d70d92fe29c0b4d3c9d90d,release_date_only_ny_end_of_day
2018_08_08,2018-08-03,2018-08-08,2018-08-09T03:59:59+00:00,21.803,407.389,https://www.eia.gov/petroleum/supply/weekly/archive/2018/2018_08_08/csv/table9.csv,e0aa9ebfeddf3d97dc440a98e5e65e4eeda92a4491601dff940e955a8eb442ce,release_date_only_ny_end_of_day
2018_08_15,2018-08-10,2018-08-15,2018-08-16T03:59:59+00:00,23.446,414.194,https://www.eia.gov/petroleum/supply/weekly/archive/2018/2018_08_15/csv/table9.csv,92e615883c73aacb35ade4924773c1d895624136c88dee8cf9487a865e1f9115,release_date_only_ny_end_of_day
2018_08_22,2018-08-17,2018-08-22,2018-08-23T03:59:59+00:00,24.218,408.358,https://www.eia.gov/petroleum/supply/weekly/archive/2018/2018_08_22/csv/table9.csv,c7cc1f08246a67e9d930d3d5ed5e065ad4f19f885cf56a3f7d8eae06205c84dc,release_date_only_ny_end_of_day
2018_08_29,2018-08-24,2018-08-29,2018-08-30T03:59:59+00:00,24.276,405.792,https://www.eia.gov/petroleum/supply/weekly/archive/2018/2018_08_29/csv/table9.csv,dc991bff66f1984aa2086ce1f224e4aeee3e0ef814390254c1ac985510cc3df7,release_date_only_ny_end_of_day
2018_09_06,2018-08-31,2018-09-06,2018-09-07T03:59:59+00:00,24.825,401.49,https://www.eia.gov/petroleum/supply/weekly/archive/2018/2018_09_06/csv/table9.csv,735ad42f5d6ea14017ac73fff68bba7c2eb8775d61ff84231085b06dbbc8aa22,release_date_only_ny_end_of_day
2018_09_12,2018-09-07,2018-09-12,2018-09-13T03:59:59+00:00,23.583,396.194,https://www.eia.gov/petroleum/supply/weekly/archive/2018/2018_09_12/csv/table9.csv,6986f5f3684a97081ffd1a9a50581b56310e2aeb5b70740b63c851efbc0f2e67,release_date_only_ny_end_of_day
2018_09_19,2018-09-14,2018-09-19,2018-09-20T03:59:59+00:00,22.333,394.137,https://www.eia.gov/petroleum/supply/weekly/archive/2018/2018_09_19/csv/table9.csv,754da532e37ee05d59970f376961a8770fc4551f37ba56b3dbb9fc7445eeae2e,release_date_only_ny_end_of_day
2018_09_26,2018-09-21,2018-09-26,2018-09-27T03:59:59+00:00,22.794,395.989,https://www.eia.gov/petroleum/supply/weekly/archive/2018/2018_09_26/csv/table9.csv,960b1592197cab2e9f64af7abf8624f758d9556f652fa47a758bd352d666f5ad,release_date_only_ny_end_of_day
2018_10_03,2018-09-28,2018-10-03,2018-10-04T03:59:59+00:00,24.493,403.964,https://www.eia.gov/petroleum/supply/weekly/archive/2018/2018_10_03/csv/table9.csv,7f49dbc41dde7b0a87edbbbe3a485008ec1b8f6934fe07f753220578f17c0050,release_date_only_ny_end_of_day
2018_10_11,2018-10-05,2018-10-11,2018-10-12T03:59:59+00:00,26.852,409.951,https://www.eia.gov/petroleum/supply/weekly/archive/2018/2018_10_11/csv/table9.csv,a6b057521f0ee6dcb923a5d699eab53f62f47b77de7f75f8c2f4d5785e839fe1,release_date_only_ny_end_of_day
2018_10_17,2018-10-12,2018-10-17,2018-10-18T03:59:59+00:00,28.628,416.441,https://www.eia.gov/petroleum/supply/weekly/archive/2018/2018_10_17/csv/table9.csv,1dd47cc66256e40b5b1f95026070ac2967e98527c13c73a5a2d8a71a5da24e06,release_date_only_ny_end_of_day
2018_10_24,2018-10-19,2018-10-24,2018-10-25T03:59:59+00:00,29.999,422.787,https://www.eia.gov/petroleum/supply/weekly/archive/2018/2018_10_24/csv/table9.csv,38acd110ff8579f2b959f2ea7db9d2f202ef1733dc9833353952d122f40e4125,release_date_only_ny_end_of_day
2018_10_31,2018-10-26,2018-10-31,2018-11-01T03:59:59+00:00,31.877,426.004,https://www.eia.gov/petroleum/supply/weekly/archive/2018/2018_10_31/csv/table9.csv,5e28b42b426154052a5cd94ec0cc51ac976fd13b02e9f4bff1c3aae9b555d761,release_date_only_ny_end_of_day
2018_11_07,2018-11-02,2018-11-07,2018-11-08T04:59:59+00:00,34.296,431.787,https://www.eia.gov/petroleum/supply/weekly/archive/2018/2018_11_07/csv/table9.csv,7ab29176100c0b77bb0fbd468dd8a6de8d37d0e88a5a6ad6e356a8f7d8e4eade,release_date_only_ny_end_of_day
2018_11_15,2018-11-09,2018-11-15,2018-11-16T04:59:59+00:00,35.463,442.057,https://www.eia.gov/petroleum/supply/weekly/archive/2018/2018_11_15/csv/table9.csv,ea8b548fbb70dbc0a95de346aa23bd8bb254414e6b2e1ea6d1b01d085d269555,release_date_only_ny_end_of_day
2018_11_21,2018-11-16,2018-11-21,2018-11-22T04:59:59+00:00,35.347,446.908,https://www.eia.gov/petroleum/supply/weekly/archive/2018/2018_11_21/csv/table9.csv,26294d9ab3b801779ff895d8b491965de80ca788eb6b374041088f216f53f409,release_date_only_ny_end_of_day
2018_11_28,2018-11-23,2018-11-28,2018-11-29T04:59:59+00:00,36.524,450.485,https://www.eia.gov/petroleum/supply/weekly/archive/2018/2018_11_28/csv/table9.csv,524020cb11ec65dbc130a16ac2419022a02ddbce3879a11f053ca0c90a2e54c9,release_date_only_ny_end_of_day
2018_12_06,2018-11-30,2018-12-06,2018-12-07T04:59:59+00:00,38.253,443.162,https://www.eia.gov/petroleum/supply/weekly/archive/2018/2018_12_06/csv/table9.csv,817dfcdc37b8478c4b0603fe27c36642ef5970edba120cc004daf9c834e4f59d,release_date_only_ny_end_of_day
2018_12_12,2018-12-07,2018-12-12,2018-12-13T04:59:59+00:00,39.401,441.954,https://www.eia.gov/petroleum/supply/weekly/archive/2018/2018_12_12/csv/table9.csv,7baca21a6f285001833a24eec46dbabd29865a0866c47d26b79d9c0a91d77a22,release_date_only_ny_end_of_day
2018_12_19,2018-12-14,2018-12-19,2018-12-20T04:59:59+00:00,40.492,441.457,https://www.eia.gov/petroleum/supply/weekly/archive/2018/2018_12_19/csv/table9.csv,dc2811c3806e66a4be0ae3e25cbe602c5f94f896ed5aa241b40b3a18135ae7a2,release_date_only_ny_end_of_day
2018_12_28,2018-12-21,2018-12-28,2018-12-29T04:59:59+00:00,41.291,441.411,https://www.eia.gov/petroleum/supply/weekly/archive/2018/2018_12_28/csv/table9.csv,293b2e12229f00f166c5c108ab3f59336fd8c403a259313f8f5d5d97ad46540f,release_date_only_ny_end_of_day
2019_01_04,2018-12-28,2019-01-04,2019-01-05T04:59:59+00:00,41.932,441.418,https://www.eia.gov/petroleum/supply/weekly/archive/2019/2019_01_04/csv/table9.csv,a6e43528a28f9dabed876da7349834c29b26df64e577eed6679725a50c3ff718,release_date_only_ny_end_of_day
2019_01_09,2019-01-04,2019-01-09,2019-01-10T04:59:59+00:00,42.262,439.738,https://www.eia.gov/petroleum/supply/weekly/archive/2019/2019_01_09/csv/table9.csv,b5c632a3444b97c95acd60bbcf5ceb2e39ded7af185e821a5ce09c50f565176f,release_date_only_ny_end_of_day
2019_01_16,2019-01-11,2019-01-16,2019-01-17T04:59:59+00:00,41.519,437.055,https://www.eia.gov/petroleum/supply/weekly/archive/2019/2019_01_16/csv/table9.csv,69970c527090e18583475afca747fc13d9e24c5a3f27e30c925bc4e84265cff8,release_date_only_ny_end_of_day
2019_01_24,2019-01-18,2019-01-24,2019-01-25T04:59:59+00:00,41.329,445.025,https://www.eia.gov/petroleum/supply/weekly/archive/2019/2019_01_24/csv/table9.csv,6532a01fe9c73f9e11f1c4a698d11e8aacf8d9341ad6d07744f92dd82874ebc3,release_date_only_ny_end_of_day
2019_01_30,2019-01-25,2019-01-30,2019-01-31T04:59:59+00:00,41.184,445.944,https://www.eia.gov/petroleum/supply/weekly/archive/2019/2019_01_30/csv/table9.csv,9296aeca0533f3da950ffca416f8f9ad80096db5b780f6a13330a811d40ae94f,release_date_only_ny_end_of_day
2019_02_06,2019-02-01,2019-02-06,2019-02-07T04:59:59+00:00,42.625,447.207,https://www.eia.gov/petroleum/supply/weekly/archive/2019/2019_02_06/csv/table9.csv,17701529afe5a031d13a2ea28bf5127092c1ca385032a1477dfe925228e37519,release_date_only_ny_end_of_day
2019_02_13,2019-02-08,2019-02-13,2019-02-14T04:59:59+00:00,41.609,450.84,https://www.eia.gov/petroleum/supply/weekly/archive/2019/2019_02_13/csv/table9.csv,7cd4153feb26dd40a1ad1c8d9489a6159c9e09cc1706ee5f957cd27c307ab940,release_date_only_ny_end_of_day
2019_02_21,2019-02-15,2019-02-21,2019-02-22T04:59:59+00:00,45.022,454.512,https://www.eia.gov/petroleum/supply/weekly/archive/2019/2019_02_21/csv/table9.csv,b8e496708658cf642984df3f358523fc5c3220c9b33243f60e2a255dd1c2b10e,release_date_only_ny_end_of_day
2019_02_27,2019-02-22,2019-02-27,2019-02-28T04:59:59+00:00,46.65,445.865,https://www.eia.gov/petroleum/supply/weekly/archive/2019/2019_02_27/csv/table9.csv,a36b7eae0614abd6ab561cbf6dcfefb285b9bd4e9a71881d92342ff29731636b,release_date_only_ny_end_of_day
2019_03_06,2019-03-01,2019-03-06,2019-03-07T04:59:59+00:00,47.523,452.934,https://www.eia.gov/petroleum/supply/weekly/archive/2019/2019_03_06/csv/table9.csv,b3746df872f8b947d5a46ef8d14825d7cbbacffd704f2d3f46c972c82926e26f,release_date_only_ny_end_of_day
2019_03_13,2019-03-08,2019-03-13,2019-03-14T03:59:59+00:00,46.851,449.072,https://www.eia.gov/petroleum/supply/weekly/archive/2019/2019_03_13/csv/table9.csv,8bfa6207c467038347e8eb100b848fa1ec209dfdd9b2b7e6b0c0980c7aeaafdd,release_date_only_ny_end_of_day
2019_03_20,2019-03-15,2019-03-20,2019-03-21T03:59:59+00:00,46.383,439.483,https://www.eia.gov/petroleum/supply/weekly/archive/2019/2019_03_20/csv/table9.csv,aa833ef5219d474befdc4f43fc4d4b18e7272ad80d0200f40cd390eb207db9cc,release_date_only_ny_end_of_day
2019_03_27,2019-03-22,2019-03-27,2019-03-28T03:59:59+00:00,46.924,442.283,https://www.eia.gov/petroleum/supply/weekly/archive/2019/2019_03_27/csv/table9.csv,8e7c5cfb0c755e7e5a0951235e5ad916dd5f72f307ede3cf74a4178d81fb76ff,release_date_only_ny_end_of_day
2019_04_03,2019-03-29,2019-04-03,2019-04-04T03:59:59+00:00,47.125,449.521,https://www.eia.gov/petroleum/supply/weekly/archive/2019/2019_04_03/csv/table9.csv,e104995457c2597218625bd98005755d72ec0576bac981eb41b7796fb2d758f4,release_date_only_ny_end_of_day
2019_04_10,2019-04-05,2019-04-10,2019-04-11T03:59:59+00:00,45.992,456.55,https://www.eia.gov/petroleum/supply/weekly/archive/2019/2019_04_10/csv/table9.csv,51aadfeab78dfa7378021363280726947321f395262003d4a68f2e00b8884781,release_date_only_ny_end_of_day
2019_04_17,2019-04-12,2019-04-17,2019-04-18T03:59:59+00:00,44.449,455.154,https://www.eia.gov/petroleum/supply/weekly/archive/2019/2019_04_17/csv/table9.csv,ad96e6e00eca399bc119001da0303151859b2399ec7398c38fbe75f7ad73c412,release_date_only_ny_end_of_day
2019_04_24,2019-04-19,2019-04-24,2019-04-25T03:59:59+00:00,44.912,460.633,https://www.eia.gov/petroleum/supply/weekly/archive/2019/2019_04_24/csv/table9.csv,35369a04c6146b1fec72670258193460c6b6d0a0cea1302b0e74fc40fd735491,release_date_only_ny_end_of_day
2019_05_01,2019-04-26,2019-05-01,2019-05-02T03:59:59+00:00,45.177,470.567,https://www.eia.gov/petroleum/supply/weekly/archive/2019/2019_05_01/csv/table9.csv,4cb4450ca008c2659791ff54cabec5abdb2ae03392c2d0b25c5a15aa7ead3465,release_date_only_ny_end_of_day
2019_05_08,2019-05-03,2019-05-08,2019-05-09T03:59:59+00:00,45.998,466.604,https://www.eia.gov/petroleum/supply/weekly/archive/2019/2019_05_08/csv/table9.csv,c26d80996db5d289b6b0f82f351ebfcd56edeb7810d14cdd030ea1085bc24dc1,release_date_only_ny_end_of_day
2019_05_15,2019-05-10,2019-05-15,2019-05-16T03:59:59+00:00,47.803,472.035,https://www.eia.gov/petroleum/supply/weekly/archive/2019/2019_05_15/csv/table9.csv,fa819bc415b7faada4c49b0a571f56671ffdc618e7716fdc2a7483466091c829,release_date_only_ny_end_of_day
2019_05_22,2019-05-17,2019-05-22,2019-05-23T03:59:59+00:00,49.069,476.775,https://www.eia.gov/petroleum/supply/weekly/archive/2019/2019_05_22/csv/table9.csv,8e024c920cf7fb9f692943ee897a87c9dab64c5c13b360e0d232ad85c8118e42,release_date_only_ny_end_of_day
2019_05_30,2019-05-24,2019-05-30,2019-05-31T03:59:59+00:00,49.053,476.493,https://www.eia.gov/petroleum/supply/weekly/archive/2019/2019_05_30/csv/table9.csv,4328c6d9b9b3c907c3bbaa7e2d3bdf67161dcf5509ae801b1f16196281f26c80,release_date_only_ny_end_of_day
2019_06_05,2019-05-31,2019-06-05,2019-06-06T03:59:59+00:00,50.844,483.264,https://www.eia.gov/petroleum/supply/weekly/archive/2019/2019_06_05/csv/table9.csv,1268e60e5d8aa81853419268dae7210035e3647a5f46e43729d49422ff16aa3b,release_date_only_ny_end_of_day
2019_06_12,2019-06-07,2019-06-12,2019-06-13T03:59:59+00:00,52.94,485.47,https://www.eia.gov/petroleum/supply/weekly/archive/2019/2019_06_12/csv/table9.csv,5bc0aad6f0a222445cf4246556c787edbba2a7c852974934561bb43e4bbf4f01,release_date_only_ny_end_of_day
2019_06_19,2019-06-14,2019-06-19,2019-06-20T03:59:59+00:00,53.582,482.364,https://www.eia.gov/petroleum/supply/weekly/archive/2019/2019_06_19/csv/table9.csv,d8ea9173416baaa9101b20a03faa211193aeb9c6aaf5c9c63ecdbecbb465f8d4,release_date_only_ny_end_of_day
2019_06_26,2019-06-21,2019-06-26,2019-06-27T03:59:59+00:00,51.836,469.576,https://www.eia.gov/petroleum/supply/weekly/archive/2019/2019_06_26/csv/table9.csv,c28848a17af89c36f2089eb2414d4ff092f6a74a1f96cbae13a49a7de2a73e99,release_date_only_ny_end_of_day
2019_07_03,2019-06-28,2019-07-03,2019-07-04T03:59:59+00:00,52.5,468.5,https://www.eia.gov/petroleum/supply/weekly/archive/2019/2019_07_03/pdf/table4.pdf,4830314aec71e723fc0d71b3fc205ecc60790ef1cb900198d88620e1a6215f51,release_date_only_ny_end_of_day
2019_07_10,2019-07-05,2019-07-10,2019-07-11T03:59:59+00:00,52.178,458.992,https://www.eia.gov/petroleum/supply/weekly/archive/2019/2019_07_10/csv/table9.csv,4c52771031392c2bc9c2df8760f83d105531dd4ef7fc806a681d702ca65d6944,release_date_only_ny_end_of_day
2019_07_17,2019-07-12,2019-07-17,2019-07-18T03:59:59+00:00,50.827,455.876,https://www.eia.gov/petroleum/supply/weekly/archive/2019/2019_07_17/csv/table9.csv,d47bdf4ca6994b344b741eaa4a5c622f62e71cbe4f713063c9a9af17e34c1893,release_date_only_ny_end_of_day
2019_07_24,2019-07-19,2019-07-24,2019-07-25T03:59:59+00:00,50.398,445.041,https://www.eia.gov/petroleum/supply/weekly/archive/2019/2019_07_24/csv/table9.csv,ae3cabe8dbc0acde47844b8074c7045fb9593e8d249372477739bdd17bacf4b8,release_date_only_ny_end_of_day
2019_07_31,2019-07-26,2019-07-31,2019-08-01T03:59:59+00:00,48.865,436.545,https://www.eia.gov/petroleum/supply/weekly/archive/2019/2019_07_31/csv/table9.csv,5d9d707f173a34fdf255aeb77b3df00de6a1e7af96bb503a359565b87419a919,release_date_only_ny_end_of_day
2019_08_07,2019-08-02,2019-08-07,2019-08-08T03:59:59+00:00,47.361,438.93,https://www.eia.gov/petroleum/supply/weekly/archive/2019/2019_08_07/csv/table9.csv,e29bd4c1738100194d59267480f34ee8ac5fd57f7b2bc7878c4e4171318aea51,release_date_only_ny_end_of_day
2019_08_14,2019-08-09,2019-08-14,2019-08-15T03:59:59+00:00,44.821,440.51,https://www.eia.gov/petroleum/supply/weekly/archive/2019/2019_08_14/csv/table9.csv,d9c0bf5537bacdf9472e7ec410abb2c8db0ffb85b520f0b888488cf8e23df825,release_date_only_ny_end_of_day
2019_08_21,2019-08-16,2019-08-21,2019-08-22T03:59:59+00:00,42.336,437.778,https://www.eia.gov/petroleum/supply/weekly/archive/2019/2019_08_21/csv/table9.csv,634ea5af9b8289035a4f459e4ecfcc7301572c76fe1318ff61d8c42903ed5045,release_date_only_ny_end_of_day
2019_08_28,2019-08-23,2019-08-28,2019-08-29T03:59:59+00:00,40.356,427.751,https://www.eia.gov/petroleum/supply/weekly/archive/2019/2019_08_28/csv/table9.csv,6dc955f882f448b7fc83de963953c8486ce62424400c624aea92f040bf2f39ac,release_date_only_ny_end_of_day
2019_09_05,2019-08-30,2019-09-05,2019-09-06T03:59:59+00:00,40.126,422.98,https://www.eia.gov/petroleum/supply/weekly/archive/2019/2019_09_05/csv/table9.csv,a667119e2f9b559d5c1935151671fd2c9f17beb0ba1e4576cb8f6c27dffff724,release_date_only_ny_end_of_day
2019_09_11,2019-09-06,2019-09-11,2019-09-12T03:59:59+00:00,39.328,416.068,https://www.eia.gov/petroleum/supply/weekly/archive/2019/2019_09_11/csv/table9.csv,a1411601edd681c1ecb16d528b41da7f8fc8f8edbdfd67d707c9603dc4e107bb,release_date_only_ny_end_of_day
2019_09_18,2019-09-13,2019-09-18,2019-09-19T03:59:59+00:00,38.681,417.126,https://www.eia.gov/petroleum/supply/weekly/archive/2019/2019_09_18/csv/table9.csv,79256cec56d0f2d997556c6a6bf0234263e701dbfb1f2e8ac84c4baf757baf3b,release_date_only_ny_end_of_day
2019_09_25,2019-09-20,2019-09-25,2019-09-26T03:59:59+00:00,40.937,419.538,https://www.eia.gov/petroleum/supply/weekly/archive/2019/2019_09_25/csv/table9.csv,29405d02d96b8e3a15c9302e3b4c58ffb782dd13a661a32d5f7b1fafdc2d7f94,release_date_only_ny_end_of_day
2019_10_02,2019-09-27,2019-10-02,2019-10-03T03:59:59+00:00,40.736,422.642,https://www.eia.gov/petroleum/supply/weekly/archive/2019/2019_10_02/csv/table9.csv,2b0337aa287fc017e4fbfadd896510e492579f82d060c564a6b4d7456425710c,release_date_only_ny_end_of_day
2019_10_09,2019-10-04,2019-10-09,2019-10-10T03:59:59+00:00,41.677,425.569,https://www.eia.gov/petroleum/supply/weekly/archive/2019/2019_10_09/csv/table9.csv,ec2100345c6de8f9c3e0de2ef3d8487772786b01b8bcc2318c38e3ca0b86f835,release_date_only_ny_end_of_day
2019_10_17,2019-10-11,2019-10-17,2019-10-18T03:59:59+00:00,42.953,434.85,https://www.eia.gov/petroleum/supply/weekly/archive/2019/2019_10_17/csv/table9.csv,0265be85256058d7027e73d8e603d28ecca1c0e879970f397a90610200a09385,release_date_only_ny_end_of_day
2019_10_23,2019-10-18,2019-10-23,2019-10-24T03:59:59+00:00,44.459,433.151,https://www.eia.gov/petroleum/supply/weekly/archive/2019/2019_10_23/csv/table9.csv,f20e6bf6f29a3beef0b89be0f6d04d3bfc36251c5ddf00d14510aa2808e329a9,release_date_only_ny_end_of_day
2019_10_30,2019-10-25,2019-10-30,2019-10-31T03:59:59+00:00,46.031,438.853,https://www.eia.gov/petroleum/supply/weekly/archive/2019/2019_10_30/csv/table9.csv,d86909561503ffa2bfc9e014d0ecc5ded5f145d56bd550486b7d237abce164f6,release_date_only_ny_end_of_day
2019_11_06,2019-11-01,2019-11-06,2019-11-07T04:59:59+00:00,47.745,446.782,https://www.eia.gov/petroleum/supply/weekly/archive/2019/2019_11_06/csv/table9.csv,c12c9f4e040a6b3af0741650782b7a0fa2e192c65cfe96cb583a68d4cf526cb3,release_date_only_ny_end_of_day
2019_11_14,2019-11-08,2019-11-14,2019-11-15T04:59:59+00:00,46.516,449.001,https://www.eia.gov/petroleum/supply/weekly/archive/2019/2019_11_14/csv/table9.csv,0cd44ec369c11a15ed6578ec2a90a34f915a5ea6ca864d7c8aea10cfd0bd88fc,release_date_only_ny_end_of_day
2019_11_20,2019-11-15,2019-11-20,2019-11-21T04:59:59+00:00,44.221,450.38,https://www.eia.gov/petroleum/supply/weekly/archive/2019/2019_11_20/csv/table9.csv,860e7da04b3751d980c3a0059ec07f4792002b1cdb786a5203daddb6259f5c0f,release_date_only_ny_end_of_day
2019_11_27,2019-11-22,2019-11-27,2019-11-28T04:59:59+00:00,44.124,451.952,https://www.eia.gov/petroleum/supply/weekly/archive/2019/2019_11_27/csv/table9.csv,dd115c368eae751fd19cd693c759c2adfa5f1bd986426fc04c599f08fa349bac,release_date_only_ny_end_of_day
2019_12_04,2019-11-29,2019-12-04,2019-12-05T04:59:59+00:00,43.822,447.096,https://www.eia.gov/petroleum/supply/weekly/archive/2019/2019_12_04/csv/table9.csv,d019cc85f81d1fc979511b46f00c4d4b74eefe3f0f85f95f3c7e519fb9f47967,release_date_only_ny_end_of_day
2019_12_11,2019-12-06,2019-12-11,2019-12-12T04:59:59+00:00,40.429,447.918,https://www.eia.gov/petroleum/supply/weekly/archive/2019/2019_12_11/csv/table9.csv,67e74dd7b3f2b813b77bb1b01564099769bd22fae028d23bd6ce9d2d8e5540e3,release_date_only_ny_end_of_day
2019_12_18,2019-12-13,2019-12-18,2019-12-19T04:59:59+00:00,40.164,446.833,https://www.eia.gov/petroleum/supply/weekly/archive/2019/2019_12_18/csv/table9.csv,4b74897a0e67f207439d6eb44626c210238e75b86190a3e151ab305c3fc8ca3c,release_date_only_ny_end_of_day
2019_12_27,2019-12-20,2019-12-27,2019-12-28T04:59:59+00:00,37.771,441.359,https://www.eia.gov/petroleum/supply/weekly/archive/2019/2019_12_27/csv/table9.csv,53b23f52a2c002e39bd5d0d82a5173d0a86a073b7e35fd28a672ddc0607ebf44,release_date_only_ny_end_of_day
2020_01_03,2019-12-27,2020-01-03,2020-01-04T04:59:59+00:00,36.322,429.896,https://www.eia.gov/petroleum/supply/weekly/archive/2020/2020_01_03/csv/table9.csv,75cfb1bbc58a0f6af276fb7eb5e415d4b340433823babde2740166e3f518e43a,release_date_only_ny_end_of_day
2020_01_08,2020-01-03,2020-01-08,2020-01-09T04:59:59+00:00,35.501,431.06,https://www.eia.gov/petroleum/supply/weekly/archive/2020/2020_01_08/csv/table9.csv,849de3ae44a2974c5208c2d7f2290d5368f5c76360a15c09eec7c96aec5f502d,release_date_only_ny_end_of_day
2020_01_15,2020-01-10,2020-01-15,2020-01-16T04:59:59+00:00,35.843,428.511,https://www.eia.gov/petroleum/supply/weekly/archive/2020/2020_01_15/csv/table9.csv,209c69aca2a6ee50d169227127c5cc39f41453d7e2fe6b598d6dca760aad5053,release_date_only_ny_end_of_day
2020_01_23,2020-01-17,2020-01-23,2020-01-24T04:59:59+00:00,34.882,428.106,https://www.eia.gov/petroleum/supply/weekly/archive/2020/2020_01_23/csv/table9.csv,d9b4cb018dda7d8ba144bb4f072d7faa503252a866292f2adc7f697d2b943ed7,release_date_only_ny_end_of_day
2020_01_29,2020-01-24,2020-01-29,2020-01-30T04:59:59+00:00,35.64,431.654,https://www.eia.gov/petroleum/supply/weekly/archive/2020/2020_01_29/csv/table9.csv,42ec5b63441752d46d26780d1a3b1c651eca31d02b70d11f544c9f2408266d9d,release_date_only_ny_end_of_day
2020_02_05,2020-01-31,2020-02-05,2020-02-06T04:59:59+00:00,36.708,435.009,https://www.eia.gov/petroleum/supply/weekly/archive/2020/2020_02_05/csv/table9.csv,17f81f380a909145bad2460684aa6261152dd44e1f8104d02f185bfc8bfc452f,release_date_only_ny_end_of_day
2020_02_12,2020-02-07,2020-02-12,2020-02-13T04:59:59+00:00,38.376,442.468,https://www.eia.gov/petroleum/supply/weekly/archive/2020/2020_02_12/csv/table9.csv,b7785522959817c1a820abc8ddecd002443b14767a989adf44328599e4f72508,release_date_only_ny_end_of_day
2020_02_20,2020-02-14,2020-02-20,2020-02-21T04:59:59+00:00,38.243,442.883,https://www.eia.gov/petroleum/supply/weekly/archive/2020/2020_02_20/csv/table9.csv,d83ed8ef6e3e67129da202279c1de02fb3ea5550adeb0d8108e47cfb86b75cdb,release_date_only_ny_end_of_day
2020_02_26,2020-02-21,2020-02-26,2020-02-27T04:59:59+00:00,39.149,443.335,https://www.eia.gov/petroleum/supply/weekly/archive/2020/2020_02_26/csv/table9.csv,f41339423001d6a982faa14752ccbb90c4e412610668c25694bfd3866ccde8a8,release_date_only_ny_end_of_day
2020_03_04,2020-02-28,2020-03-04,2020-03-05T04:59:59+00:00,37.178,444.119,https://www.eia.gov/petroleum/supply/weekly/archive/2020/2020_03_04/csv/table9.csv,0af6cc4196e4ed5523138c6775d713bf1726eb3a496cec349d18c77dfa8c422c,release_date_only_ny_end_of_day
2020_03_11,2020-03-06,2020-03-11,2020-03-12T03:59:59+00:00,37.882,451.783,https://www.eia.gov/petroleum/supply/weekly/archive/2020/2020_03_11/csv/table9.csv,79cb19d327224fb521648c3e7ff8564655be3c5af78a3438bae74ad83b97288b,release_date_only_ny_end_of_day
2020_03_18,2020-03-13,2020-03-18,2020-03-19T03:59:59+00:00,38.445,453.737,https://www.eia.gov/petroleum/supply/weekly/archive/2020/2020_03_18/csv/table9.csv,b4c8c2b48fa7ed26007e0ead21b647285819c1d5b43a3a07490df8d3a32b6f69,release_date_only_ny_end_of_day
2020_03_25,2020-03-20,2020-03-25,2020-03-26T03:59:59+00:00,39.303,455.36,https://www.eia.gov/petroleum/supply/weekly/archive/2020/2020_03_25/csv/table9.csv,e5d75a19b4595b403de92e238c9e88e5bee04d9c6b854cd01de0874c26668cc9,release_date_only_ny_end_of_day
2020_04_01,2020-03-27,2020-04-01,2020-04-02T03:59:59+00:00,42.824,469.193,https://www.eia.gov/petroleum/supply/weekly/archive/2020/2020_04_01/csv/table9.csv,623bcc7bbb1aca82259cdfb34a45765bb5d0bcc2892a2b1403242aceb0263c9f,release_date_only_ny_end_of_day
2020_04_08,2020-04-03,2020-04-08,2020-04-09T03:59:59+00:00,49.241,484.37,https://www.eia.gov/petroleum/supply/weekly/archive/2020/2020_04_08/csv/table9.csv,ea6348e6e9af55a2ec44c8304c058113353018252efe2d66c41ef5c044da0882,release_date_only_ny_end_of_day
2020_04_15,2020-04-10,2020-04-15,2020-04-16T03:59:59+00:00,54.965,503.618,https://www.eia.gov/petroleum/supply/weekly/archive/2020/2020_04_15/csv/table9.csv,8a0551232cfa1ae6bd39bfd74a968931cd259cab446a127e5033c6e07aebf3d7,release_date_only_ny_end_of_day
2020_04_22,2020-04-17,2020-04-22,2020-04-23T03:59:59+00:00,59.741,518.64,https://www.eia.gov/petroleum/supply/weekly/archive/2020/2020_04_22/csv/table9.csv,be4a03c78882d093d62d66bf3ee096060885521291151c3cca38c0bda70474a9,release_date_only_ny_end_of_day
2020_04_29,2020-04-24,2020-04-29,2020-04-30T03:59:59+00:00,63.378,527.631,https://www.eia.gov/petroleum/supply/weekly/archive/2020/2020_04_29/csv/table9.csv,ae8ca2eff3e151a385b726895be76aad9e509f2ecb210d1533270bf730b1856e,release_date_only_ny_end_of_day
2020_05_06,2020-05-01,2020-05-06,2020-05-07T03:59:59+00:00,65.446,532.221,https://www.eia.gov/petroleum/supply/weekly/archive/2020/2020_05_06/csv/table9.csv,3008c469911e8467a629713a10a1069d3e21de9bb7d7d2ffd14f30aa38aebda6,release_date_only_ny_end_of_day
2020_05_13,2020-05-08,2020-05-13,2020-05-14T03:59:59+00:00,62.444,531.476,https://www.eia.gov/petroleum/supply/weekly/archive/2020/2020_05_13/csv/table9.csv,d38fe3807578c1316c59e8a325115a290b5dd84be3303b4ee77fe3079b242066,release_date_only_ny_end_of_day
2020_05_20,2020-05-15,2020-05-20,2020-05-21T03:59:59+00:00,56.857,526.494,https://www.eia.gov/petroleum/supply/weekly/archive/2020/2020_05_20/csv/table9.csv,de368f6551d7f8273bc7f2baba125e3b49e97a535f00765c1e67e5f961e13b06,release_date_only_ny_end_of_day
2020_05_28,2020-05-22,2020-05-28,2020-05-29T03:59:59+00:00,53.462,534.422,https://www.eia.gov/petroleum/supply/weekly/archive/2020/2020_05_28/csv/table9.csv,b8ba5a6bf2e74162c3233bf1ca69a7ca28efb7b6b4335843e9c6a3cbb7db8a3a,release_date_only_ny_end_of_day
2020_06_03,2020-05-29,2020-06-03,2020-06-04T03:59:59+00:00,51.723,532.345,https://www.eia.gov/petroleum/supply/weekly/archive/2020/2020_06_03/csv/table9.csv,b95525a9241f574d7660b3e6247aac7279cefab0ac6535df70fb8b264147bc8c,release_date_only_ny_end_of_day
2020_06_10,2020-06-05,2020-06-10,2020-06-11T03:59:59+00:00,49.444,538.065,https://www.eia.gov/petroleum/supply/weekly/archive/2020/2020_06_10/csv/table9.csv,5df7b314e3559665e5be5d29c2cc4d3c146a309b1c59a27629b21529c336bb0e,release_date_only_ny_end_of_day
2020_06_17,2020-06-12,2020-06-17,2020-06-18T03:59:59+00:00,46.836,539.28,https://www.eia.gov/petroleum/supply/weekly/archive/2020/2020_06_17/csv/table9.csv,674d31154b667529c65fc855abe49bb16eefee228405cf4ceead99479696d323,release_date_only_ny_end_of_day
2020_06_24,2020-06-19,2020-06-24,2020-06-25T03:59:59+00:00,45.845,540.722,https://www.eia.gov/petroleum/supply/weekly/archive/2020/2020_06_24/csv/table9.csv,ee51cae527df0f729701f8dfe210cc45dca69839ecd0f20ecd014a10bab37e8f,release_date_only_ny_end_of_day
2020_07_01,2020-06-26,2020-07-01,2020-07-02T03:59:59+00:00,45.582,533.527,https://www.eia.gov/petroleum/supply/weekly/archive/2020/2020_07_01/csv/table9.csv,a6f3143e0df4875ccd9a21dbf82684716de0417005aabde1defc8c381f8d29b2,release_date_only_ny_end_of_day
2020_07_08,2020-07-03,2020-07-08,2020-07-09T03:59:59+00:00,47.788,539.181,https://www.eia.gov/petroleum/supply/weekly/archive/2020/2020_07_08/csv/table9.csv,d57ab88b8d25d2aa7c6585af261abcbd35fafd28f9725577b2fb298ab0f9ad97,release_date_only_ny_end_of_day
2020_07_15,2020-07-10,2020-07-15,2020-07-16T03:59:59+00:00,48.737,531.688,https://www.eia.gov/petroleum/supply/weekly/archive/2020/2020_07_15/csv/table9.csv,1b9dc73c6dfe143d31ab2a5c4199fe3aeefeae38e35b434c5ea9f109d39375ff,release_date_only_ny_end_of_day
2020_07_22,2020-07-17,2020-07-22,2020-07-23T03:59:59+00:00,50.112,536.58,https://www.eia.gov/petroleum/supply/weekly/archive/2020/2020_07_22/csv/table9.csv,cf391315b9958c769d05da3a3b7b9944ffa767af84576a0338362312b3be67c3,release_date_only_ny_end_of_day
2020_07_29,2020-07-24,2020-07-29,2020-07-30T03:59:59+00:00,51.421,525.969,https://www.eia.gov/petroleum/supply/weekly/archive/2020/2020_07_29/csv/table9.csv,4420b1adc9a4e005652f6d61c1e5054a6eae89226e6257f0af25d49c43c56f69,release_date_only_ny_end_of_day
2020_08_05,2020-07-31,2020-08-05,2020-08-06T03:59:59+00:00,51.953,518.596,https://www.eia.gov/petroleum/supply/weekly/archive/2020/2020_08_05/csv/table9.csv,819f8580baab367375818e689386a6c2c9a9c81acae8199f6b08d6cdbc5bd8a3,release_date_only_ny_end_of_day
2020_08_12,2020-08-07,2020-08-12,2020-08-13T03:59:59+00:00,53.289,514.084,https://www.eia.gov/petroleum/supply/weekly/archive/2020/2020_08_12/csv/table9.csv,4ccd74b4815967fe8127e71acc64e8ef8d39ea8c83d02b7ffc493344a35a2872,release_date_only_ny_end_of_day
2020_08_19,2020-08-14,2020-08-19,2020-08-20T03:59:59+00:00,52.682,512.452,https://www.eia.gov/petroleum/supply/weekly/archive/2020/2020_08_19/csv/table9.csv,77529de0d48aefd1c3df7862b9de1db9855add67938fb4104abd8e0dcefcdbb9,release_date_only_ny_end_of_day
2020_08_26,2020-08-21,2020-08-26,2020-08-27T03:59:59+00:00,52.403,507.763,https://www.eia.gov/petroleum/supply/weekly/archive/2020/2020_08_26/csv/table9.csv,2c6f909a901e12c4f86f9b7201aa9da88a9c189d3b80c52af2b018e02ec0346d,release_date_only_ny_end_of_day
2020_09_02,2020-08-28,2020-09-02,2020-09-03T03:59:59+00:00,52.513,498.401,https://www.eia.gov/petroleum/supply/weekly/archive/2020/2020_09_02/csv/table9.csv,98b70e804f4da0137dc0a224bb8b87cf862c6e704fadce4f1f451d6c1eb84bab,release_date_only_ny_end_of_day
2020_09_10,2020-09-04,2020-09-10,2020-09-11T03:59:59+00:00,54.351,500.434,https://www.eia.gov/petroleum/supply/weekly/archive/2020/2020_09_10/csv/table9.csv,c28b9407145a5320ab7801f5adf04edd6b89d5eb73a03ca63a93cecf0075b634,release_date_only_ny_end_of_day
2020_09_16,2020-09-11,2020-09-16,2020-09-17T03:59:59+00:00,54.277,496.045,https://www.eia.gov/petroleum/supply/weekly/archive/2020/2020_09_16/csv/table9.csv,1f119319a04877669a91d593b9b359bbded5ce80cfa0f29d7cb6a859e0d60bf5,release_date_only_ny_end_of_day
2020_09_23,2020-09-18,2020-09-23,2020-09-24T03:59:59+00:00,54.281,494.406,https://www.eia.gov/petroleum/supply/weekly/archive/2020/2020_09_23/csv/table9.csv,c681a16735b830cd8734933fc319445a00c165cd65e2e01a056f1df1e129e1e9,release_date_only_ny_end_of_day
2020_09_30,2020-09-25,2020-09-30,2020-10-01T03:59:59+00:00,56.066,492.426,https://www.eia.gov/petroleum/supply/weekly/archive/2020/2020_09_30/csv/table9.csv,4d88f62d200e4b01ba944b33d62163f17d0a8d7a33330d8edc96f643ef111547,release_date_only_ny_end_of_day
2020_10_07,2020-10-02,2020-10-07,2020-10-08T03:59:59+00:00,56.536,492.927,https://www.eia.gov/petroleum/supply/weekly/archive/2020/2020_10_07/csv/table9.csv,1b2cd9861a0ad7641f43ba3234beb4a298c155cd446f3060245ddbb612fa0a13,release_date_only_ny_end_of_day
2020_10_15,2020-10-09,2020-10-15,2020-10-16T03:59:59+00:00,59.442,489.109,https://www.eia.gov/petroleum/supply/weekly/archive/2020/2020_10_15/csv/table9.csv,8c1a76b3439d1cf1dcc203f3a1c6c6d2372b0f59ec9479b378bb05e2f9747fa7,release_date_only_ny_end_of_day
2020_10_21,2020-10-16,2020-10-21,2020-10-22T03:59:59+00:00,60.417,488.107,https://www.eia.gov/petroleum/supply/weekly/archive/2020/2020_10_21/csv/table9.csv,292c7ba38477f58d999ffa1d66f9973f76cee1f89f7aa1a1090a5198d06392a6,release_date_only_ny_end_of_day
2020_10_28,2020-10-23,2020-10-28,2020-10-29T03:59:59+00:00,59.995,492.427,https://www.eia.gov/petroleum/supply/weekly/archive/2020/2020_10_28/csv/table9.csv,1e4e2bc8e42cc37b41f5e714a2bb40c877cd90eb31ae17b413138a2502cf0b80,release_date_only_ny_end_of_day
2020_11_04,2020-10-30,2020-11-04,2020-11-05T04:59:59+00:00,60.931,484.429,https://www.eia.gov/petroleum/supply/weekly/archive/2020/2020_11_04/csv/table9.csv,d17fb4d843fd8ddd751138aea39e535fffca70620ce05f95491ac12c7203751f,release_date_only_ny_end_of_day
2020_11_12,2020-11-06,2020-11-12,2020-11-13T04:59:59+00:00,60.413,488.706,https://www.eia.gov/petroleum/supply/weekly/archive/2020/2020_11_12/csv/table9.csv,813f0ae5d9a0d2f9152a7621fb47c8f0f9c8e31393ddd810599a740aa6c8e348,release_date_only_ny_end_of_day
2020_11_18,2020-11-13,2020-11-18,2020-11-19T04:59:59+00:00,61.613,489.475,https://www.eia.gov/petroleum/supply/weekly/archive/2020/2020_11_18/csv/table9.csv,20bf6f36df75d58cb4bd23bf19e0073e60a495da217bff71e87a039bcff5986d,release_date_only_ny_end_of_day
2020_11_25,2020-11-20,2020-11-25,2020-11-26T04:59:59+00:00,59.892,488.721,https://www.eia.gov/petroleum/supply/weekly/archive/2020/2020_11_25/csv/table9.csv,0dff41b2c7dc0e3bc46c7b250c98ef81012c1f93cdda80d1b77d8ec263b8aad0,release_date_only_ny_end_of_day
2020_12_02,2020-11-27,2020-12-02,2020-12-03T04:59:59+00:00,59.575,488.042,https://www.eia.gov/petroleum/supply/weekly/archive/2020/2020_12_02/csv/table9.csv,c670e18cfa254acdfbe9343d37e8eb58b4293e71db551d85e0c6e8c01cc6ad6b,release_date_only_ny_end_of_day
2020_12_09,2020-12-04,2020-12-09,2020-12-10T04:59:59+00:00,58.211,503.231,https://www.eia.gov/petroleum/supply/weekly/archive/2020/2020_12_09/csv/table9.csv,5e7a810617b810447297807b5de48bb79c8c39d3e8eea9f72f4fd7aa71901c06,release_date_only_ny_end_of_day
2020_12_16,2020-12-11,2020-12-16,2020-12-17T04:59:59+00:00,58.409,500.096,https://www.eia.gov/petroleum/supply/weekly/archive/2020/2020_12_16/csv/table9.csv,ce77a33b4fc526e608f038431343a3c453b7b666be1f90c35668147f75e200ce,release_date_only_ny_end_of_day
2020_12_23,2020-12-18,2020-12-23,2020-12-24T04:59:59+00:00,58.383,499.534,https://www.eia.gov/petroleum/supply/weekly/archive/2020/2020_12_23/csv/table9.csv,39a5a89c2871dd0c1542a43fc5e2c3243d439ed3a6dd541772e66006ef4a3272,release_date_only_ny_end_of_day
2020_12_30,2020-12-25,2020-12-30,2020-12-31T04:59:59+00:00,58.41,493.469,https://www.eia.gov/petroleum/supply/weekly/archive/2020/2020_12_30/csv/table9.csv,1ceec7ff137bcaf50c4c1679b4f6468c3178b770ecc1c858c3f6d39e57b6a916,release_date_only_ny_end_of_day
2021_01_06,2021-01-01,2021-01-06,2021-01-07T04:59:59+00:00,59.202,485.459,https://www.eia.gov/petroleum/supply/weekly/archive/2021/2021_01_06/csv/table9.csv,5ea0ddce971bb09e6bfb8c9dc5f3142df2d91e5ddd70b771bf75dc3d0e3e9950,release_date_only_ny_end_of_day
2021_01_13,2021-01-08,2021-01-13,2021-01-14T04:59:59+00:00,57.227,482.211,https://www.eia.gov/petroleum/supply/weekly/archive/2021/2021_01_13/csv/table9.csv,cca67db3aad5d3cb7e864f675c481b8001e5739d18f20a985f9147d03dafe374,release_date_only_ny_end_of_day
2021_01_22,2021-01-15,2021-01-22,2021-01-23T04:59:59+00:00,52.5,486.563,https://www.eia.gov/petroleum/supply/weekly/archive/2021/2021_01_22/csv/table9.csv,4dff5562bd10757209a875e38c77ab47ad1a45190b233d874ee8bd20d8d1cd5c,release_date_only_ny_end_of_day
2021_01_27,2021-01-22,2021-01-27,2021-01-28T04:59:59+00:00,50.219,476.653,https://www.eia.gov/petroleum/supply/weekly/archive/2021/2021_01_27/csv/table9.csv,9fa0e95c2b15c8c515b51f5eb9a3a10fbde13d994eec9fa3e8a4cb78fda62c87,release_date_only_ny_end_of_day
2021_02_03,2021-01-29,2021-02-03,2021-02-04T04:59:59+00:00,48.702,475.659,https://www.eia.gov/petroleum/supply/weekly/archive/2021/2021_02_03/csv/table9.csv,7df63cba753fe42715ce4c2121bf961bdf687e407f7484ed3a85332a8adb7449,release_date_only_ny_end_of_day
2021_02_10,2021-02-05,2021-02-10,2021-02-11T04:59:59+00:00,48.044,469.014,https://www.eia.gov/petroleum/supply/weekly/archive/2021/2021_02_10/csv/table9.csv,bc16e652cb8af203fc6291d3173c708fc2764448286e259e043435dea483581f,release_date_only_ny_end_of_day
2021_02_18,2021-02-12,2021-02-18,2021-02-19T04:59:59+00:00,45.016,461.757,https://www.eia.gov/petroleum/supply/weekly/archive/2021/2021_02_18/csv/table9.csv,44e8ef318c1d3302f5598d66f3259cdffee40a4cdadf174cc6f5aa26389a12b8,release_date_only_ny_end_of_day
2021_02_24,2021-02-19,2021-02-24,2021-02-25T04:59:59+00:00,47.823,463.042,https://www.eia.gov/petroleum/supply/weekly/archive/2021/2021_02_24/csv/table9.csv,8323de30469a2b867c630ac0a5a6ad176158359880df103db0ac3c53c5333892,release_date_only_ny_end_of_day
2021_03_03,2021-02-26,2021-03-03,2021-03-04T04:59:59+00:00,48.308,484.605,https://www.eia.gov/petroleum/supply/weekly/archive/2021/2021_03_03/csv/table9.csv,078f6e6da92f1c7db2a2570c4ff8fbac48fe59c4169a3a7fcecdaaaa98f78601,release_date_only_ny_end_of_day
2021_03_10,2021-03-05,2021-03-10,2021-03-11T04:59:59+00:00,48.834,498.403,https://www.eia.gov/petroleum/supply/weekly/archive/2021/2021_03_10/csv/table9.csv,1c708329ab1d53bc4f74f56c34a04200a92a28e8a6471bd23377253f9d0afd65,release_date_only_ny_end_of_day
2021_03_17,2021-03-12,2021-03-17,2021-03-18T03:59:59+00:00,48.21,500.799,https://www.eia.gov/petroleum/supply/weekly/archive/2021/2021_03_17/csv/table9.csv,3f04e935137e1726e26b1688a1ce339fe7f550f1a967f70e42a3175f7b21aa2c,release_date_only_ny_end_of_day
2021_03_24,2021-03-19,2021-03-24,2021-03-25T03:59:59+00:00,46.275,502.711,https://www.eia.gov/petroleum/supply/weekly/archive/2021/2021_03_24/csv/table9.csv,d15e839f7e8520bf60b9047fd6a462a0a125b47a6d100523633c45e5fea28b44,release_date_only_ny_end_of_day
2021_03_31,2021-03-26,2021-03-31,2021-04-01T03:59:59+00:00,47.057,501.835,https://www.eia.gov/petroleum/supply/weekly/archive/2021/2021_03_31/csv/table9.csv,495c949419f6f95749fb6625ac59872bc6a126c8f133a71c8ec0387dfb04caf4,release_date_only_ny_end_of_day
2021_04_07,2021-04-02,2021-04-07,2021-04-08T03:59:59+00:00,46.322,498.313,https://www.eia.gov/petroleum/supply/weekly/archive/2021/2021_04_07/csv/table9.csv,ec330566a09e024eae43186a3107b399d742f3a1cbabd2dfb612387c49648c38,release_date_only_ny_end_of_day
2021_04_14,2021-04-09,2021-04-14,2021-04-15T03:59:59+00:00,46.668,492.423,https://www.eia.gov/petroleum/supply/weekly/archive/2021/2021_04_14/csv/table9.csv,0d4c8719dedd889103b903c1adc7d0cdc5c34e7268f7c4b3b6809922fea8fb5d,release_date_only_ny_end_of_day
2021_04_21,2021-04-16,2021-04-21,2021-04-22T03:59:59+00:00,45.35,493.017,https://www.eia.gov/petroleum/supply/weekly/archive/2021/2021_04_21/csv/table9.csv,0cd78063fd9b6838383a21c48d3d27b2e5f7305b947e9d43209dd759ac627bdc,release_date_only_ny_end_of_day
2021_04_28,2021-04-23,2021-04-28,2021-04-29T03:59:59+00:00,46.072,493.107,https://www.eia.gov/petroleum/supply/weekly/archive/2021/2021_04_28/csv/table9.csv,32957a906e51d747708c94759a07dfa60b82a02ae023396b5bf815dfdd91c066,release_date_only_ny_end_of_day
2021_05_05,2021-04-30,2021-05-05,2021-05-06T03:59:59+00:00,46.326,485.117,https://www.eia.gov/petroleum/supply/weekly/archive/2021/2021_05_05/csv/table9.csv,2465658e34a28375ca3317bdca927c511dbd1aedeb4fb2d1dd9af270cef7ee1f,release_date_only_ny_end_of_day
2021_05_12,2021-05-07,2021-05-12,2021-05-13T03:59:59+00:00,45.905,484.691,https://www.eia.gov/petroleum/supply/weekly/archive/2021/2021_05_12/csv/table9.csv,4eafe3890ff8c1ea3af775352e1ab77d116ebfd633bd434d9eba159236d4c35a,release_date_only_ny_end_of_day
2021_05_19,2021-05-14,2021-05-19,2021-05-20T03:59:59+00:00,45.763,486.011,https://www.eia.gov/petroleum/supply/weekly/archive/2021/2021_05_19/csv/table9.csv,f4bc7288558d8692ec65c248c01b76d9eed997aad56f93345a74111c1bd1782b,release_date_only_ny_end_of_day
2021_05_26,2021-05-21,2021-05-26,2021-05-27T03:59:59+00:00,44.755,484.349,https://www.eia.gov/petroleum/supply/weekly/archive/2021/2021_05_26/csv/table9.csv,f26493fc5c16a46d7acfc485ced591accad798dc225f8ab0bcd489e068e9d0b7,release_date_only_ny_end_of_day
2021_06_03,2021-05-28,2021-06-03,2021-06-04T03:59:59+00:00,45.539,479.27,https://www.eia.gov/petroleum/supply/weekly/archive/2021/2021_06_03/csv/table9.csv,3f9eba55ead7610538872ff6a5925a9720449c053e2405c49943bee93870d9e6,release_date_only_ny_end_of_day
2021_06_09,2021-06-04,2021-06-09,2021-06-10T03:59:59+00:00,45.704,474.029,https://www.eia.gov/petroleum/supply/weekly/archive/2021/2021_06_09/csv/table9.csv,ca464b9b0a273cb6ab9cbc10d8d630759014855ce14734d2a79eaa5f3fd857a2,release_date_only_ny_end_of_day
2021_06_16,2021-06-11,2021-06-16,2021-06-17T03:59:59+00:00,43.554,466.674,https://www.eia.gov/petroleum/supply/weekly/archive/2021/2021_06_16/csv/table9.csv,c658d790518726fb5321b64c6b2d4284e9995cd4858bc077b979c71f288dc47a,release_date_only_ny_end_of_day
2021_06_23,2021-06-18,2021-06-23,2021-06-24T03:59:59+00:00,41.721,459.06,https://www.eia.gov/petroleum/supply/weekly/archive/2021/2021_06_23/csv/table9.csv,df3261e67ca9a9961de471db9f10ac119c12e1dfc5652db0d5f9d0f1dc62bab8,release_date_only_ny_end_of_day
2021_06_30,2021-06-25,2021-06-30,2021-07-01T03:59:59+00:00,40.261,452.342,https://www.eia.gov/petroleum/supply/weekly/archive/2021/2021_06_30/csv/table9.csv,3071f129cfd4a4588315cff6ce584b770ebaf0fd03e48f3916f9a7f1d9574f0a,release_date_only_ny_end_of_day
2021_07_08,2021-07-02,2021-07-08,2021-07-09T03:59:59+00:00,39.647,445.476,https://www.eia.gov/petroleum/supply/weekly/archive/2021/2021_07_08/csv/table9.csv,03b759fb8b863a640f0038f422c8ebecf8755ef0f630d3102fdab8ac47ea9941,release_date_only_ny_end_of_day
2021_07_14,2021-07-09,2021-07-14,2021-07-15T03:59:59+00:00,38.058,437.58,https://www.eia.gov/petroleum/supply/weekly/archive/2021/2021_07_14/csv/table9.csv,cbc387ba40781af4bef6e41b8307b1cd353dd7f9aaec723e597f24d5721ea543,release_date_only_ny_end_of_day
2021_07_21,2021-07-16,2021-07-21,2021-07-22T03:59:59+00:00,36.711,439.687,https://www.eia.gov/petroleum/supply/weekly/archive/2021/2021_07_21/csv/table9.csv,774bd0025c4b4d1f2d7a932702e0780a97c9fb5625f5c020985b55b476d9bb06,release_date_only_ny_end_of_day
2021_07_28,2021-07-23,2021-07-28,2021-07-29T03:59:59+00:00,35.443,435.598,https://www.eia.gov/petroleum/supply/weekly/archive/2021/2021_07_28/csv/table9.csv,df3ace02d9f7a43d08a7324714b256a7ecbed4d77c811d1a929434d38feced21,release_date_only_ny_end_of_day
2021_08_04,2021-07-30,2021-08-04,2021-08-05T03:59:59+00:00,34.9,439.225,https://www.eia.gov/petroleum/supply/weekly/archive/2021/2021_08_04/csv/table9.csv,cdc93340eeb190497c8e345c45b23eb41643fb03bd5103fcc0ae3f77332bb190,release_date_only_ny_end_of_day
2021_08_11,2021-08-06,2021-08-11,2021-08-12T03:59:59+00:00,34.575,438.777,https://www.eia.gov/petroleum/supply/weekly/archive/2021/2021_08_11/csv/table9.csv,99edb83635cf7b8185a2e600264db8d797e2a626a30815be4e2ed1c2066a4753,release_date_only_ny_end_of_day
2021_08_18,2021-08-13,2021-08-18,2021-08-19T03:59:59+00:00,33.595,435.544,https://www.eia.gov/petroleum/supply/weekly/archive/2021/2021_08_18/csv/table9.csv,3d7b24c5b50b9171e1525f68aabf0b04ab5a0b39b908ae86ec18959549269f1d,release_date_only_ny_end_of_day
2021_08_25,2021-08-20,2021-08-25,2021-08-26T03:59:59+00:00,33.665,432.564,https://www.eia.gov/petroleum/supply/weekly/archive/2021/2021_08_25/csv/table9.csv,336daa7865d15bf746774e715a2e733f5185e3e0a45ab544fe0adf6e1ae10540,release_date_only_ny_end_of_day
2021_09_01,2021-08-27,2021-09-01,2021-09-02T03:59:59+00:00,34.501,425.395,https://www.eia.gov/petroleum/supply/weekly/archive/2021/2021_09_01/csv/table9.csv,838df90304024b599d39ed5f138baefdc4e2009adf6ca90a008ac8856723a066,release_date_only_ny_end_of_day
2021_09_09,2021-09-03,2021-09-09,2021-09-10T03:59:59+00:00,36.419,423.867,https://www.eia.gov/petroleum/supply/weekly/archive/2021/2021_09_09/csv/table9.csv,45c6a3f175c1cf45d51da5718f41267de742dc34e9d33ceb05ca07ac9a0a3c9b,release_date_only_ny_end_of_day
2021_09_15,2021-09-10,2021-09-15,2021-09-16T03:59:59+00:00,35.316,417.445,https://www.eia.gov/petroleum/supply/weekly/archive/2021/2021_09_15/csv/table9.csv,6900f4a4cfdf7877f37d0c19e7bd61d93ffdb293e3de0de9f6c37fa6c0e10874,release_date_only_ny_end_of_day
2021_09_22,2021-09-17,2021-09-22,2021-09-23T03:59:59+00:00,33.84,413.964,https://www.eia.gov/petroleum/supply/weekly/archive/2021/2021_09_22/csv/table9.csv,d963322c76690d9da728bb3100efb1ab4eb6bd80641e4f30a86f692a47be9015,release_date_only_ny_end_of_day
2021_09_29,2021-09-24,2021-09-29,2021-09-30T03:59:59+00:00,33.971,418.542,https://www.eia.gov/petroleum/supply/weekly/archive/2021/2021_09_29/csv/table9.csv,c6c12d8cd4469ef3164c691f412c127fc73fb01dcda34f2272de151f721bb1f2,release_date_only_ny_end_of_day
2021_10_06,2021-10-01,2021-10-06,2021-10-07T03:59:59+00:00,35.519,420.887,https://www.eia.gov/petroleum/supply/weekly/archive/2021/2021_10_06/csv/table9.csv,fb352d9c0e4fa2880696299ea2ba51069e1a776ce3d1f247ced731ea62ee98d5,release_date_only_ny_end_of_day
2021_10_14,2021-10-08,2021-10-14,2021-10-15T03:59:59+00:00,33.551,426.975,https://www.eia.gov/petroleum/supply/weekly/archive/2021/2021_10_14/csv/table9.csv,ebe49b0953f8a8181a5f5f5924e8599f48dd1231ddb0efd2a54e939bfef985a7,release_date_only_ny_end_of_day
2021_10_20,2021-10-15,2021-10-20,2021-10-21T03:59:59+00:00,31.231,426.544,https://www.eia.gov/petroleum/supply/weekly/archive/2021/2021_10_20/csv/table9.csv,48a8d1e8536b630acbe2340709bc6efc7027cb7061f08931ebbb50de0ae3285c,release_date_only_ny_end_of_day
2021_10_27,2021-10-22,2021-10-27,2021-10-28T03:59:59+00:00,27.332,430.812,https://www.eia.gov/petroleum/supply/weekly/archive/2021/2021_10_27/csv/table9.csv,e9c6a82dea0af2ca2cc4ecd2f86ed23de1217f45e7e405301e18f2f7308e953f,release_date_only_ny_end_of_day
2021_11_03,2021-10-29,2021-11-03,2021-11-04T03:59:59+00:00,26.416,434.102,https://www.eia.gov/petroleum/supply/weekly/archive/2021/2021_11_03/csv/table9.csv,6125dca63d5eeee624eef7a981d70bf796cf2e9c25ca9395f6aea0c0b385907f,release_date_only_ny_end_of_day
2021_11_10,2021-11-05,2021-11-10,2021-11-11T04:59:59+00:00,26.382,435.104,https://www.eia.gov/petroleum/supply/weekly/archive/2021/2021_11_10/csv/table9.csv,a19b27b6dda72cf2eca3a7bde9d56992b30e50ceba4a4758bbb8966d8c38f5a7,release_date_only_ny_end_of_day
2021_11_17,2021-11-12,2021-11-17,2021-11-18T04:59:59+00:00,26.598,433.003,https://www.eia.gov/petroleum/supply/weekly/archive/2021/2021_11_17/csv/table9.csv,d4bd2affbbf327534216fc742466fc1e38437fd987f4c454b2c165e0d79ae4a4,release_date_only_ny_end_of_day
2021_11_24,2021-11-19,2021-11-24,2021-11-25T04:59:59+00:00,27.385,434.02,https://www.eia.gov/petroleum/supply/weekly/archive/2021/2021_11_24/csv/table9.csv,207a0662635c042ac554f9634fcfa2939de1d40dd58c443b41fbfa1df6a36742,release_date_only_ny_end_of_day
2021_12_01,2021-11-26,2021-12-01,2021-12-02T04:59:59+00:00,28.544,433.111,https://www.eia.gov/petroleum/supply/weekly/archive/2021/2021_12_01/csv/table9.csv,7be1d979a87b4c467799c6c369b570539c5ebd00d13d831670afaf47fbcbe04a,release_date_only_ny_end_of_day
2021_12_08,2021-12-03,2021-12-08,2021-12-09T04:59:59+00:00,30.917,432.87,https://www.eia.gov/petroleum/supply/weekly/archive/2021/2021_12_08/csv/table9.csv,fafb61b5158cf294b25a519dc528688ab1f6e104807cecb7c1e594b827d82c30,release_date_only_ny_end_of_day
2021_12_15,2021-12-10,2021-12-15,2021-12-16T04:59:59+00:00,32.211,428.286,https://www.eia.gov/petroleum/supply/weekly/archive/2021/2021_12_15/csv/table9.csv,153b5c84fb6ec3ab05561544dfcc6b92b49615b20664d53f7d5a1a4b395eebcd,release_date_only_ny_end_of_day
2021_12_22,2021-12-17,2021-12-22,2021-12-23T04:59:59+00:00,33.674,423.571,https://www.eia.gov/petroleum/supply/weekly/archive/2021/2021_12_22/csv/table9.csv,7a3634d7793b1a1e31c19c5b6678f23426db912e7452adbac89026186c54f4ad,release_date_only_ny_end_of_day
2021_12_29,2021-12-24,2021-12-29,2021-12-30T04:59:59+00:00,34.729,419.995,https://www.eia.gov/petroleum/supply/weekly/archive/2021/2021_12_29/csv/table9.csv,4cb8ad074a914dc4ff646c7fe51ea199576251df8810299f8a1fd8199d994be4,release_date_only_ny_end_of_day
2022_01_05,2021-12-31,2022-01-05,2022-01-06T04:59:59+00:00,37.306,417.851,https://www.eia.gov/petroleum/supply/weekly/archive/2022/2022_01_05/csv/table9.csv,e3c64537f6dd538e8f9e6457270f50b473b7b09daabef5b099ddf3321bf0b06d,release_date_only_ny_end_of_day
2022_01_12,2022-01-07,2022-01-12,2022-01-13T04:59:59+00:00,34.838,413.298,https://www.eia.gov/petroleum/supply/weekly/archive/2022/2022_01_12/csv/table9.csv,8679dc1f206666f7cb5161f6d580f5a10aeed15ccb38a90099913ed57e834590,release_date_only_ny_end_of_day
2022_01_20,2022-01-14,2022-01-20,2022-01-21T04:59:59+00:00,33.524,413.813,https://www.eia.gov/petroleum/supply/weekly/archive/2022/2022_01_20/csv/table9.csv,5f2972f74e3d877dcc6ff23c1e17067af0a30e2ad40dea11cfb48e237f69aa5d,release_date_only_ny_end_of_day
2022_01_26,2022-01-21,2022-01-26,2022-01-27T04:59:59+00:00,31.701,416.19,https://www.eia.gov/petroleum/supply/weekly/archive/2022/2022_01_26/csv/table9.csv,54c938fe33013897b36f9efed2636326f48f9e7a05a184ec7c82f2e66959985a,release_date_only_ny_end_of_day
2022_02_02,2022-01-28,2022-02-02,2022-02-03T04:59:59+00:00,30.528,415.143,https://www.eia.gov/petroleum/supply/weekly/archive/2022/2022_02_02/csv/table9.csv,e3f7a5c9b9e176a4abe4969c72b6755bbd7275d6d4af32c28144cc7c297ed0be,release_date_only_ny_end_of_day
2022_02_09,2022-02-04,2022-02-09,2022-02-10T04:59:59+00:00,27.727,410.387,https://www.eia.gov/petroleum/supply/weekly/archive/2022/2022_02_09/csv/table9.csv,ef1101b7f0c7ba4f9e7e3e1c95441e500790adc710330ed7508d06e224840159,release_date_only_ny_end_of_day
2022_02_16,2022-02-11,2022-02-16,2022-02-17T04:59:59+00:00,25.827,411.508,https://www.eia.gov/petroleum/supply/weekly/archive/2022/2022_02_16/csv/table9.csv,d85c4fe650568545b52d2aabc09cbaecda8eecf852fcc1719b7a42607d3fd135,release_date_only_ny_end_of_day
2022_02_24,2022-02-18,2022-02-24,2022-02-25T04:59:59+00:00,23.778,416.022,https://www.eia.gov/petroleum/supply/weekly/archive/2022/2022_02_24/csv/table9.csv,c66ca7291462954523d3c78fc8392c79688797846e3b72d93d85bdbf8ee428f8,release_date_only_ny_end_of_day
2022_03_02,2022-02-25,2022-03-02,2022-03-03T04:59:59+00:00,22.806,413.425,https://www.eia.gov/petroleum/supply/weekly/archive/2022/2022_03_02/csv/table9.csv,80768932ae9d6f3fe3bc11651b9d1b0fdc1542ab5fc3bb0800e1dddd3e3ba1dd,release_date_only_ny_end_of_day
2022_03_09,2022-03-04,2022-03-09,2022-03-10T04:59:59+00:00,22.221,411.562,https://www.eia.gov/petroleum/supply/weekly/archive/2022/2022_03_09/csv/table9.csv,2d93e3addba703ab266dba56a5c77c83f84b86557f62d1e3486155b09bf37a1b,release_date_only_ny_end_of_day
2022_03_16,2022-03-11,2022-03-16,2022-03-17T03:59:59+00:00,24.007,415.907,https://www.eia.gov/petroleum/supply/weekly/archive/2022/2022_03_16/csv/table9.csv,a6c7b520e13cc445f02bc385167ead28cd3314de0e2ef6c6f9d4f5ae8f4c703f,release_date_only_ny_end_of_day
2022_03_23,2022-03-18,2022-03-23,2022-03-24T03:59:59+00:00,25.242,413.399,https://www.eia.gov/petroleum/supply/weekly/archive/2022/2022_03_23/csv/table9.csv,584d1e7f814db670e72f9f122a0abc43390ba40b57052d50b0c07712990fa892,release_date_only_ny_end_of_day
2022_03_30,2022-03-25,2022-03-30,2022-03-31T03:59:59+00:00,24.233,409.95,https://www.eia.gov/petroleum/supply/weekly/archive/2022/2022_03_30/csv/table9.csv,4af7db22be95425ec182779cb33fa88d6452f5fae8a0cac77c7e1428699252ba,release_date_only_ny_end_of_day
2022_04_06,2022-04-01,2022-04-06,2022-04-07T03:59:59+00:00,25.887,412.371,https://www.eia.gov/petroleum/supply/weekly/archive/2022/2022_04_06/csv/table9.csv,2b735e15476ec67f1da2637c9edb8f2e6fe91cdea0a1fcd63a6206e7a23bd025,release_date_only_ny_end_of_day
2022_04_13,2022-04-08,2022-04-13,2022-04-14T03:59:59+00:00,26.337,421.753,https://www.eia.gov/petroleum/supply/weekly/archive/2022/2022_04_13/csv/table9.csv,d28e57aa98d5b5a3fa08cf548a106e887d44348ca9e138448d36e0dbc28cf7e4,release_date_only_ny_end_of_day
2022_04_20,2022-04-15,2022-04-20,2022-04-21T03:59:59+00:00,26.152,413.733,https://www.eia.gov/petroleum/supply/weekly/archive/2022/2022_04_20/csv/table9.csv,2a5be1b165cf48b5f7ad1042e60aa7d96beefdc49b7b141b23df2a85bec33d12,release_date_only_ny_end_of_day
2022_04_27,2022-04-22,2022-04-27,2022-04-28T03:59:59+00:00,27.45,414.424,https://www.eia.gov/petroleum/supply/weekly/archive/2022/2022_04_27/csv/table9.csv,366df863e7aa8e15ba86d89d3b0390870aff8ff593d8cc0081cdb7ccd58e12e9,release_date_only_ny_end_of_day
2022_05_04,2022-04-29,2022-05-04,2022-05-05T03:59:59+00:00,28.829,415.727,https://www.eia.gov/petroleum/supply/weekly/archive/2022/2022_05_04/csv/table9.csv,20ed6f90183ea7d9045aa6f06240455af19009642773f7a4a41069aaa43b1ec2,release_date_only_ny_end_of_day
2022_05_11,2022-05-06,2022-05-11,2022-05-12T03:59:59+00:00,28.242,424.214,https://www.eia.gov/petroleum/supply/weekly/archive/2022/2022_05_11/csv/table9.csv,11dcc7299c1ad1530c0b1cee5dd23bf60bbee857437e24ca01c29b23f11a09a2,release_date_only_ny_end_of_day
2022_05_18,2022-05-13,2022-05-18,2022-05-19T03:59:59+00:00,25.839,420.82,https://www.eia.gov/petroleum/supply/weekly/archive/2022/2022_05_18/csv/table9.csv,13073519f8f2249fafec6f13073c6a560e0befcc7912a7990420fd7a812b3c25,release_date_only_ny_end_of_day
2022_05_25,2022-05-20,2022-05-25,2022-05-26T03:59:59+00:00,24.778,419.801,https://www.eia.gov/petroleum/supply/weekly/archive/2022/2022_05_25/csv/table9.csv,b173e8e33d189d80c46b15444a0d915fc9efdc060eefd167034b15580ae6e97a,release_date_only_ny_end_of_day
2022_06_02,2022-05-27,2022-06-02,2022-06-03T03:59:59+00:00,25.034,414.733,https://www.eia.gov/petroleum/supply/weekly/archive/2022/2022_06_02/csv/table9.csv,83c5cab623c3342cad6f85e28c1d0542f609ba0b2ec12668294e43a91da9ee38,release_date_only_ny_end_of_day
2022_06_08,2022-06-03,2022-06-08,2022-06-09T03:59:59+00:00,23.441,416.758,https://www.eia.gov/petroleum/supply/weekly/archive/2022/2022_06_08/csv/table9.csv,65d2d3b5c567ea72399b47cbbbcf3314bc6dd18123b073bad12a40b96467c545,release_date_only_ny_end_of_day
2022_06_15,2022-06-10,2022-06-15,2022-06-16T03:59:59+00:00,22.615,418.714,https://www.eia.gov/petroleum/supply/weekly/archive/2022/2022_06_15/csv/table9.csv,eeed3a61aec5058195cc0bd65000fb48de228296f252730335135869b7385ed9,release_date_only_ny_end_of_day
2022_06_17_data,2022-06-17,2022-06-29,2022-06-30T03:59:59+00:00,22.043,418.328,https://www.eia.gov/petroleum/supply/weekly/archive/2022/2022_06_17_data/csv/table9.csv,ccb91179d7210dba52ca72096deab9f545ed06b80153b711b28a80d990de6479,release_date_only_ny_end_of_day
2022_06_29,2022-06-24,2022-06-29,2022-06-30T03:59:59+00:00,21.261,415.566,https://www.eia.gov/petroleum/supply/weekly/archive/2022/2022_06_29/csv/table9.csv,8e73837da7badf3a0cec7d5954b392b46c80155d1aaaa08f66367fe855cea25a,release_date_only_ny_end_of_day
2022_07_07,2022-07-01,2022-07-07,2022-07-08T03:59:59+00:00,21.33,423.8,https://www.eia.gov/petroleum/supply/weekly/archive/2022/2022_07_07/csv/table9.csv,38a6b589a8205f2f78b008d7b2135721368d9359201e176814dea84a90f795f5,release_date_only_ny_end_of_day
2022_07_13,2022-07-08,2022-07-13,2022-07-14T03:59:59+00:00,21.646,427.054,https://www.eia.gov/petroleum/supply/weekly/archive/2022/2022_07_13/csv/table9.csv,eb9687f5c0fb9f3e22ebe89a33ca625faa675ed107b73013acc7e21172c5576f,release_date_only_ny_end_of_day
2022_07_20,2022-07-15,2022-07-20,2022-07-21T03:59:59+00:00,22.789,426.609,https://www.eia.gov/petroleum/supply/weekly/archive/2022/2022_07_20/csv/table9.csv,27461ede5a0981ee1a2d441c9370c88930fefbd93fa316e483b5168c33835b00,release_date_only_ny_end_of_day
2022_07_27,2022-07-22,2022-07-27,2022-07-28T03:59:59+00:00,23.54,422.086,https://www.eia.gov/petroleum/supply/weekly/archive/2022/2022_07_27/csv/table9.csv,33cfdb07b9aa38cdfeafb6acab1b8359d912d8204018490886aa175b827325cd,release_date_only_ny_end_of_day
2022_08_03,2022-07-29,2022-08-03,2022-08-04T03:59:59+00:00,24.466,426.553,https://www.eia.gov/petroleum/supply/weekly/archive/2022/2022_08_03/csv/table9.csv,9d36ec04839f82c71ee6c7959c6de9ac33bff13d539ae54bf00ecc581092c84d,release_date_only_ny_end_of_day
2022_08_10,2022-08-05,2022-08-10,2022-08-11T03:59:59+00:00,25.189,432.01,https://www.eia.gov/petroleum/supply/weekly/archive/2022/2022_08_10/csv/table9.csv,38ede723bb79dd79cf3c5c67ce7b97444f9d2b6bf1263c40001c0c1ca054e68b,release_date_only_ny_end_of_day
2022_08_17,2022-08-12,2022-08-17,2022-08-18T03:59:59+00:00,25.381,424.954,https://www.eia.gov/petroleum/supply/weekly/archive/2022/2022_08_17/csv/table9.csv,9a4d17553f4ff90d7f8919f95e41dfc48bcf3f570b7ba8bd4fee7e67f537427a,release_date_only_ny_end_of_day
2022_08_24,2022-08-19,2022-08-24,2022-08-25T03:59:59+00:00,25.807,421.672,https://www.eia.gov/petroleum/supply/weekly/archive/2022/2022_08_24/csv/table9.csv,263aab3f8e1b3a3db6941380f5b4c1918e75ec51383ceab6bd1db82dc965c707,release_date_only_ny_end_of_day
2022_08_31,2022-08-26,2022-08-31,2022-09-01T03:59:59+00:00,25.284,418.346,https://www.eia.gov/petroleum/supply/weekly/archive/2022/2022_08_31/csv/table9.csv,bb026a1ff99f66c85c0b05e84cdbfe42287b4d3f8a5038e853b76ddc49fbfcb6,release_date_only_ny_end_of_day
2022_09_08,2022-09-02,2022-09-08,2022-09-09T03:59:59+00:00,24.783,427.191,https://www.eia.gov/petroleum/supply/weekly/archive/2022/2022_09_08/csv/table9.csv,45592252e3e25d69cdad8a0c8cb9c47825bab0920d9f65183a4d9da2bfa531ec,release_date_only_ny_end_of_day
2022_09_14,2022-09-09,2022-09-14,2022-09-15T03:59:59+00:00,24.648,429.633,https://www.eia.gov/petroleum/supply/weekly/archive/2022/2022_09_14/csv/table9.csv,5239acbf061860c593a6ec0d66f755dac35beabfeff535a35f96b1f501918c7f,release_date_only_ny_end_of_day
2022_09_21,2022-09-16,2022-09-21,2022-09-22T03:59:59+00:00,24.991,430.774,https://www.eia.gov/petroleum/supply/weekly/archive/2022/2022_09_21/csv/table9.csv,82b6c6aa39e261bc9e5a287e4fb62b6bdf0293ab42ac94aa6f6f8902a56411b7,release_date_only_ny_end_of_day
2022_09_28,2022-09-23,2022-09-28,2022-09-29T03:59:59+00:00,25.683,430.559,https://www.eia.gov/petroleum/supply/weekly/archive/2022/2022_09_28/csv/table9.csv,792a65497781c80cc989f1d73b40070068f372068ca8c05483023a7a9dc4ec54,release_date_only_ny_end_of_day
2022_10_05,2022-09-30,2022-10-05,2022-10-06T03:59:59+00:00,25.956,429.203,https://www.eia.gov/petroleum/supply/weekly/archive/2022/2022_10_05/csv/table9.csv,4d5bd8e52abb2b2ea36c9f62b830dcd51e8f951c3a7f04daeadd5002df5eefe5,release_date_only_ny_end_of_day
2022_10_13,2022-10-07,2022-10-13,2022-10-14T03:59:59+00:00,25.647,439.082,https://www.eia.gov/petroleum/supply/weekly/archive/2022/2022_10_13/csv/table9.csv,253adebd6093586fe66cfda5afd051adcb641ee4e16d436eae93fdc7abf95078,release_date_only_ny_end_of_day
2022_10_19,2022-10-14,2022-10-19,2022-10-20T03:59:59+00:00,26.23,437.357,https://www.eia.gov/petroleum/supply/weekly/archive/2022/2022_10_19/csv/table9.csv,fb152762eccf4834517123a373b013a6c6833a6ff7e6d3d90bb18399864beb99,release_date_only_ny_end_of_day
2022_10_26,2022-10-21,2022-10-26,2022-10-27T03:59:59+00:00,26.897,439.945,https://www.eia.gov/petroleum/supply/weekly/archive/2022/2022_10_26/csv/table9.csv,1d1c9427a8721be72a5a40c1e7b22e578c8cacc72bc2199eccebf291b50a10c4,release_date_only_ny_end_of_day
2022_11_02,2022-10-28,2022-11-02,2022-11-03T03:59:59+00:00,28.164,436.83,https://www.eia.gov/petroleum/supply/weekly/archive/2022/2022_11_02/csv/table9.csv,734610cc5afe74b41d88a25afb0658c06df30b2332071c1f271ab90c56e68839,release_date_only_ny_end_of_day
2022_11_09,2022-11-04,2022-11-09,2022-11-10T04:59:59+00:00,27.241,440.755,https://www.eia.gov/petroleum/supply/weekly/archive/2022/2022_11_09/csv/table9.csv,f13d308df0bbcbb5bd43c017aacfcc9efd7a40b65a1b7ffa7c84a69fbf0a560d,release_date_only_ny_end_of_day
2022_11_16,2022-11-11,2022-11-16,2022-11-17T04:59:59+00:00,25.617,435.355,https://www.eia.gov/petroleum/supply/weekly/archive/2022/2022_11_16/csv/table9.csv,39164d62e3d70bc5eee521fed0db090c6dd29d19c76206f315795e06742cc11f,release_date_only_ny_end_of_day
2022_11_23,2022-11-18,2022-11-23,2022-11-24T04:59:59+00:00,24.73,431.665,https://www.eia.gov/petroleum/supply/weekly/archive/2022/2022_11_23/csv/table9.csv,3068ef3788572d4933cf8f7906da92c861de77d4ad94d98e37049dfd72852e0a,release_date_only_ny_end_of_day
2022_11_30,2022-11-25,2022-11-30,2022-12-01T04:59:59+00:00,24.315,419.084,https://www.eia.gov/petroleum/supply/weekly/archive/2022/2022_11_30/csv/table9.csv,ead45fd72f42f2051d6154fae8b2ee8b69bd6aa2cb4affde21804f1d0c749ece,release_date_only_ny_end_of_day
2022_12_07,2022-12-02,2022-12-07,2022-12-08T04:59:59+00:00,23.942,413.898,https://www.eia.gov/petroleum/supply/weekly/archive/2022/2022_12_07/csv/table9.csv,378c8d3c5b2aafe0d031ac64162508693c64c1155d42990a25edea5a31ec82c7,release_date_only_ny_end_of_day
2022_12_14,2022-12-09,2022-12-14,2022-12-15T04:59:59+00:00,24.368,424.129,https://www.eia.gov/petroleum/supply/weekly/archive/2022/2022_12_14/csv/table9.csv,f3a3d42d00ebcde6b9f5e9cc4be7f6642f9d928cad03ce66407cdbe65288ee3d,release_date_only_ny_end_of_day
2022_12_21,2022-12-16,2022-12-21,2022-12-22T04:59:59+00:00,25.221,418.234,https://www.eia.gov/petroleum/supply/weekly/archive/2022/2022_12_21/csv/table9.csv,05481d6caa3029d6f770c359bd1e9218240791ebfd60fcfab970097292185e60,release_date_only_ny_end_of_day
2022_12_29,2022-12-23,2022-12-29,2022-12-30T04:59:59+00:00,25.026,418.952,https://www.eia.gov/petroleum/supply/weekly/archive/2022/2022_12_29/csv/table9.csv,69f5caf3470c1a5898bb4ac6f49614033ecb8cd8fdbf7e93b33fe9b6f09e98dc,release_date_only_ny_end_of_day
2023_01_05,2022-12-30,2023-01-05,2023-01-06T04:59:59+00:00,25.27,420.646,https://www.eia.gov/petroleum/supply/weekly/archive/2023/2023_01_05/csv/table9.csv,4982e643ea5a61fdf06d966f6eff8cfbb43cf897161673f90538a6eefa8a579b,release_date_only_ny_end_of_day
2023_01_11,2023-01-06,2023-01-11,2023-01-12T04:59:59+00:00,27.781,439.607,https://www.eia.gov/petroleum/supply/weekly/archive/2023/2023_01_11/csv/table9.csv,13be1d6d16abc55bca26f009ba2ec85929eed5fdcd8a417742edc4e04a48907c,release_date_only_ny_end_of_day
2023_01_19,2023-01-13,2023-01-19,2023-01-20T04:59:59+00:00,31.427,448.015,https://www.eia.gov/petroleum/supply/weekly/archive/2023/2023_01_19/csv/table9.csv,989000d6df782f350ab3f0a37813cefb7bae7166a28a747950836175715f11b5,release_date_only_ny_end_of_day
2023_01_25,2023-01-20,2023-01-25,2023-01-26T04:59:59+00:00,35.694,448.548,https://www.eia.gov/petroleum/supply/weekly/archive/2023/2023_01_25/csv/table9.csv,535fa6d4dbf5ab84416e816c172f791698ece7ce05fe2afeb7b822fd326121ef,release_date_only_ny_end_of_day
2023_02_01,2023-01-27,2023-02-01,2023-02-02T04:59:59+00:00,38.009,452.688,https://www.eia.gov/petroleum/supply/weekly/archive/2023/2023_02_01/csv/table9.csv,81ca8ac52927bc3f3e097c8417a1249bb347ccc641aa2b112def8a32b0d6864f,release_date_only_ny_end_of_day
2023_02_08,2023-02-03,2023-02-08,2023-02-09T04:59:59+00:00,39.052,455.111,https://www.eia.gov/petroleum/supply/weekly/archive/2023/2023_02_08/csv/table9.csv,9a3d62336530a4b2cd6f1e60c1d8d949d0329c0a969028ec734f92501e97e237,release_date_only_ny_end_of_day
2023_02_15,2023-02-10,2023-02-15,2023-02-16T04:59:59+00:00,39.711,471.394,https://www.eia.gov/petroleum/supply/weekly/archive/2023/2023_02_15/csv/table9.csv,745a9961945b64b2ca95eda8f6b1f7c7fa05d112a1041aa255946a1b3e9a8a5c,release_date_only_ny_end_of_day
2023_02_23,2023-02-17,2023-02-23,2023-02-24T04:59:59+00:00,40.411,479.041,https://www.eia.gov/petroleum/supply/weekly/archive/2023/2023_02_23/csv/table9.csv,6b6e7b6fb1ed9ec6510e6b4cfa7929db0d89d3f9319071ebe086a8721a8e808f,release_date_only_ny_end_of_day
2023_03_01,2023-02-24,2023-03-01,2023-03-02T04:59:59+00:00,40.718,480.207,https://www.eia.gov/petroleum/supply/weekly/archive/2023/2023_03_01/csv/table9.csv,bd707c19e09337f750eb4ac029d2c715477b8e069d032069ef42bd4e09c3c3c0,release_date_only_ny_end_of_day
2023_03_08,2023-03-03,2023-03-08,2023-03-09T04:59:59+00:00,39.828,478.513,https://www.eia.gov/petroleum/supply/weekly/archive/2023/2023_03_08/csv/table9.csv,7b9f15c2001604a937784b65dbb8c8ccdce58f446e8042190433b16f94009623,release_date_only_ny_end_of_day
2023_03_15,2023-03-10,2023-03-15,2023-03-16T03:59:59+00:00,37.912,480.063,https://www.eia.gov/petroleum/supply/weekly/archive/2023/2023_03_15/csv/table9.csv,50fe1419cbdf7b1e157c61ac7f895326bf99a756aa99afad2c24c704a0f8c722,release_date_only_ny_end_of_day
2023_03_22,2023-03-17,2023-03-22,2023-03-23T03:59:59+00:00,36.849,481.18,https://www.eia.gov/petroleum/supply/weekly/archive/2023/2023_03_22/csv/table9.csv,3e2c3e1c64abbcf3bdf216753182ac3e244097ef5afbba87f9d84e58a9d8b09e,release_date_only_ny_end_of_day
2023_03_29,2023-03-24,2023-03-29,2023-03-30T03:59:59+00:00,35.217,473.691,https://www.eia.gov/petroleum/supply/weekly/archive/2023/2023_03_29/csv/table9.csv,bd21b4abdb27d752ac1a6acd4fa94a9499d61c71dcb9a7dbd1fca58c9a32bf12,release_date_only_ny_end_of_day
2023_04_05,2023-03-31,2023-04-05,2023-04-06T03:59:59+00:00,34.247,469.952,https://www.eia.gov/petroleum/supply/weekly/archive/2023/2023_04_05/csv/table9.csv,e9d09b0c42181f4d6eb2e0bb048f3ae9082adc4060adfc30b458f955fa51383c,release_date_only_ny_end_of_day
2023_04_12,2023-04-07,2023-04-12,2023-04-13T03:59:59+00:00,33.838,470.549,https://www.eia.gov/petroleum/supply/weekly/archive/2023/2023_04_12/csv/table9.csv,784ec78e916b31c44d1c46ed90ab3704ec2f24f24ae7942fa143270e3dadb386,release_date_only_ny_end_of_day
2023_04_19,2023-04-14,2023-04-19,2023-04-20T03:59:59+00:00,32.75,465.968,https://www.eia.gov/petroleum/supply/weekly/archive/2023/2023_04_19/csv/table9.csv,ff6e364572a8af93339a8dd10a1030eb383829c82f793b4119bf45da64e645df,release_date_only_ny_end_of_day
2023_04_26,2023-04-21,2023-04-26,2023-04-27T03:59:59+00:00,33.069,460.914,https://www.eia.gov/petroleum/supply/weekly/archive/2023/2023_04_26/csv/table9.csv,d77a4d0fbe21aa255e011797b655a8d0c2ff44096604ead1a3193a96be2c131f,release_date_only_ny_end_of_day
2023_05_03,2023-04-28,2023-05-03,2023-05-04T03:59:59+00:00,33.61,459.633,https://www.eia.gov/petroleum/supply/weekly/archive/2023/2023_05_03/csv/table9.csv,aa071cb7dd7025de347f2a3999811e4959828301134998f9ad3c0d1e780174fc,release_date_only_ny_end_of_day
2023_05_10,2023-05-05,2023-05-10,2023-05-11T03:59:59+00:00,34.007,462.584,https://www.eia.gov/petroleum/supply/weekly/archive/2023/2023_05_10/csv/table9.csv,a3f0fbd11b8e3d94bf292c46796323be27d114616ad0e4a0be16ce518e622982,release_date_only_ny_end_of_day
2023_05_17,2023-05-12,2023-05-17,2023-05-18T03:59:59+00:00,35.468,467.624,https://www.eia.gov/petroleum/supply/weekly/archive/2023/2023_05_17/csv/table9.csv,f827e449e94607e136e5d1e0b0ae59f8a79ce5843d28b1f945ed2576bf710b74,release_date_only_ny_end_of_day
2023_05_24,2023-05-19,2023-05-24,2023-05-25T03:59:59+00:00,37.23,455.168,https://www.eia.gov/petroleum/supply/weekly/archive/2023/2023_05_24/csv/table9.csv,345a485c501757ba424f1e30049c49e5eb424079bd3efa73f88356d569af6b5f,release_date_only_ny_end_of_day
2023_06_01,2023-05-26,2023-06-01,2023-06-02T03:59:59+00:00,38.858,459.657,https://www.eia.gov/petroleum/supply/weekly/archive/2023/2023_06_01/csv/table9.csv,e3493b2d96e78a277f5ca57fcf57cd6598dcf642f469edcd44eb432c9948dfa2,release_date_only_ny_end_of_day
2023_06_07,2023-06-02,2023-06-07,2023-06-08T03:59:59+00:00,40.579,459.205,https://www.eia.gov/petroleum/supply/weekly/archive/2023/2023_06_07/csv/table9.csv,aba91ba46543b169f108ca84ae3c2d2a3381a82ca4966a1cc0cb59e688b5f35d,release_date_only_ny_end_of_day
2023_06_14,2023-06-09,2023-06-14,2023-06-15T03:59:59+00:00,42.133,467.124,https://www.eia.gov/petroleum/supply/weekly/archive/2023/2023_06_14/csv/table9.csv,9802d2fa3c24115da000d8d7ef194a182373639bb937544482996cbbd0fb35e5,release_date_only_ny_end_of_day
2023_06_22,2023-06-16,2023-06-22,2023-06-23T03:59:59+00:00,42.035,463.293,https://www.eia.gov/petroleum/supply/weekly/archive/2023/2023_06_22/csv/table9.csv,7fdbf0ab1c53897e4a097905fb967a2e293c5eff5dfea13066ff54b8bcb1614b,release_date_only_ny_end_of_day
2023_06_28,2023-06-23,2023-06-28,2023-06-29T03:59:59+00:00,43.244,453.69,https://www.eia.gov/petroleum/supply/weekly/archive/2023/2023_06_28/csv/table9.csv,73f43b8a53701c791b8f42b7f7d161e289aeab838d502f5f639f019c79071750,release_date_only_ny_end_of_day
2023_07_06,2023-06-30,2023-07-06,2023-07-07T03:59:59+00:00,42.844,452.182,https://www.eia.gov/petroleum/supply/weekly/archive/2023/2023_07_06/csv/table9.csv,e3f35cfbeb4a759cd44de982057ad9b961b0906baae6296f7421fd140466849b,release_date_only_ny_end_of_day
2023_07_12,2023-07-07,2023-07-12,2023-07-13T03:59:59+00:00,41.239,458.128,https://www.eia.gov/petroleum/supply/weekly/archive/2023/2023_07_12/csv/table9.csv,1026a11cd6005dc1c76d0ac70d3bf9ea8ffd82ea3cbd82d69e7162fb46b209be,release_date_only_ny_end_of_day
2023_07_19,2023-07-14,2023-07-19,2023-07-20T03:59:59+00:00,38.348,457.42,https://www.eia.gov/petroleum/supply/weekly/archive/2023/2023_07_19/csv/table9.csv,87ac900be03d63c51bd6e2128ebd83940f0a14473a3d82f7dc87b26055964491,release_date_only_ny_end_of_day
2023_07_26,2023-07-21,2023-07-26,2023-07-27T03:59:59+00:00,35.739,456.82,https://www.eia.gov/petroleum/supply/weekly/archive/2023/2023_07_26/csv/table9.csv,96fbe2a12e30b62fdae71aa057fae3b7e87ba866c4b906f1917a2762a6e681e4,release_date_only_ny_end_of_day
2023_08_02,2023-07-28,2023-08-02,2023-08-03T03:59:59+00:00,34.48,439.771,https://www.eia.gov/petroleum/supply/weekly/archive/2023/2023_08_02/csv/table9.csv,edf168d73762fbe9757cf4497e669bcee9e2f9583df0e2d6fc4f3c3129ed1a72,release_date_only_ny_end_of_day
2023_08_09,2023-08-04,2023-08-09,2023-08-10T03:59:59+00:00,34.639,445.622,https://www.eia.gov/petroleum/supply/weekly/archive/2023/2023_08_09/csv/table9.csv,15013cb81a6367d71e017e569e2cbe421b48c580feca8a1cd9af6b1b9fd045ed,release_date_only_ny_end_of_day
2023_08_16,2023-08-11,2023-08-16,2023-08-17T03:59:59+00:00,33.802,439.662,https://www.eia.gov/petroleum/supply/weekly/archive/2023/2023_08_16/csv/table9.csv,b603ac729842423bcfbdf1555acb72ff7aaa818cb1443f38e6aea1e1ca8c5aed,release_date_only_ny_end_of_day
2023_08_23,2023-08-18,2023-08-23,2023-08-24T03:59:59+00:00,30.669,433.528,https://www.eia.gov/petroleum/supply/weekly/archive/2023/2023_08_23/csv/table9.csv,a1fdf12e3b9d6ddc95d5b8567c1bc4b70732e4bd0563315179df2f00ad803007,release_date_only_ny_end_of_day
2023_08_30,2023-08-25,2023-08-30,2023-08-31T03:59:59+00:00,29.165,422.944,https://www.eia.gov/petroleum/supply/weekly/archive/2023/2023_08_30/csv/table9.csv,b7dad2e053d4c9c823f9f87ceeeb2b7de24cc9a1d9549bd1bf7b593b3811d9a3,release_date_only_ny_end_of_day
2023_09_07,2023-09-01,2023-09-07,2023-09-08T03:59:59+00:00,27.415,416.637,https://www.eia.gov/petroleum/supply/weekly/archive/2023/2023_09_07/csv/table9.csv,50c7f7030382ea947749f56762ad11f4d2be267bf910ff184ed7e23e896480fb,release_date_only_ny_end_of_day
2023_09_13,2023-09-08,2023-09-13,2023-09-14T03:59:59+00:00,24.965,420.592,https://www.eia.gov/petroleum/supply/weekly/archive/2023/2023_09_13/csv/table9.csv,7fae7d7183c564a00a3a8bf691aef8b47f6768d147a40ad383db3cfde8849c16,release_date_only_ny_end_of_day
2023_09_20,2023-09-15,2023-09-20,2023-09-21T03:59:59+00:00,22.901,418.456,https://www.eia.gov/petroleum/supply/weekly/archive/2023/2023_09_20/csv/table9.csv,d1a5e838db1409f12542ef6a416382be29e5dc607f1e6694adb2c52242b5a49b,release_date_only_ny_end_of_day
2023_09_27,2023-09-22,2023-09-27,2023-09-28T03:59:59+00:00,21.958,416.287,https://www.eia.gov/petroleum/supply/weekly/archive/2023/2023_09_27/csv/table9.csv,b69c6b1704b2ad42a6904b071de9f5ec3fc213f48bcfd9bd7da38e4db764a9e7,release_date_only_ny_end_of_day
2023_10_04,2023-09-29,2023-10-04,2023-10-05T03:59:59+00:00,22.09,414.063,https://www.eia.gov/petroleum/supply/weekly/archive/2023/2023_10_04/csv/table9.csv,07acb34d565ea092c008c25e3a498c9db135f28a85e7041d4b891d010c32908b,release_date_only_ny_end_of_day
2023_10_12,2023-10-06,2023-10-12,2023-10-13T03:59:59+00:00,21.771,424.239,https://www.eia.gov/petroleum/supply/weekly/archive/2023/2023_10_12/csv/table9.csv,35f99992f97bf1d341614a955ec38c82e11a4f3573c62d010f3fcdb5735121ff,release_date_only_ny_end_of_day
2023_10_18,2023-10-13,2023-10-18,2023-10-19T03:59:59+00:00,21.013,419.748,https://www.eia.gov/petroleum/supply/weekly/archive/2023/2023_10_18/csv/table9.csv,602984dc0d4b1800e1cac9bfef52a66b7fa5f4eee823642b317b6c0884c2d173,release_date_only_ny_end_of_day
2023_10_25,2023-10-20,2023-10-25,2023-10-26T03:59:59+00:00,21.226,421.12,https://www.eia.gov/petroleum/supply/weekly/archive/2023/2023_10_25/csv/table9.csv,de250be30836d818f4ea06ebc12efedb3e5b5fd8a7512dfe4e12d8e442eb7595,release_date_only_ny_end_of_day
2023_11_01,2023-10-27,2023-11-01,2023-11-02T03:59:59+00:00,21.498,421.893,https://www.eia.gov/petroleum/supply/weekly/archive/2023/2023_11_01/csv/table9.csv,cf59eb4dc146fb72789a6b0a7014c77b48dfb57514d14faaa6b554f5bcd8277f,release_date_only_ny_end_of_day
2023_11_03_data,2023-11-03,2023-11-15,2023-11-16T04:59:59+00:00,23.085,435.762,https://www.eia.gov/petroleum/supply/weekly/archive/2023/2023_11_03_data/csv/table9.csv,5582d2bab98b23c8ce54675e7bfbff1274823befa59dcf624b8bac25c6bb6fe1,release_date_only_ny_end_of_day
2023_11_15,2023-11-10,2023-11-15,2023-11-16T04:59:59+00:00,25.01,439.354,https://www.eia.gov/petroleum/supply/weekly/archive/2023/2023_11_15/csv/table9.csv,019f0069074e29051713b528d31c4cd86110b25c387792df9048447f37410281,release_date_only_ny_end_of_day
2023_11_22,2023-11-17,2023-11-22,2023-11-23T04:59:59+00:00,25.868,448.054,https://www.eia.gov/petroleum/supply/weekly/archive/2023/2023_11_22/csv/table9.csv,cd755663b0a2ec93e2afdc6e48e9062fd65091b370adcaf37d30d63303735a67,release_date_only_ny_end_of_day
2023_11_29,2023-11-24,2023-11-29,2023-11-30T04:59:59+00:00,27.722,449.664,https://www.eia.gov/petroleum/supply/weekly/archive/2023/2023_11_29/csv/table9.csv,7a45a8b2e9145bf01e67e080d73ac28f558a589a716c2ee6df851ab570925005,release_date_only_ny_end_of_day
2023_12_06,2023-12-01,2023-12-06,2023-12-07T04:59:59+00:00,29.551,445.031,https://www.eia.gov/petroleum/supply/weekly/archive/2023/2023_12_06/csv/table9.csv,16fed9c5e6b6cf894228a5273a45bc44c61ba9edddb473298d2130dd8ce362d0,release_date_only_ny_end_of_day
2023_12_13,2023-12-08,2023-12-13,2023-12-14T04:59:59+00:00,30.779,440.773,https://www.eia.gov/petroleum/supply/weekly/archive/2023/2023_12_13/csv/table9.csv,bf66249ce84b14ab69d96353b65017ac1887f55cf19c74d5a489d9dfcbe684ee,release_date_only_ny_end_of_day
2023_12_20,2023-12-15,2023-12-20,2023-12-21T04:59:59+00:00,32.465,443.682,https://www.eia.gov/petroleum/supply/weekly/archive/2023/2023_12_20/csv/table9.csv,02cbabfbff8dc610da36a38af802572f0abe813aef0b8deeb746fb8a8ce51223,release_date_only_ny_end_of_day
2023_12_28,2023-12-22,2023-12-28,2023-12-29T04:59:59+00:00,33.973,436.568,https://www.eia.gov/petroleum/supply/weekly/archive/2023/2023_12_28/csv/table9.csv,e2924f8bc7129fe2a3eaeab5c8f61be1deee366bd972965abd4bb78c3e6a58e1,release_date_only_ny_end_of_day
2024_01_04,2023-12-29,2024-01-04,2024-01-05T04:59:59+00:00,34.679,431.065,https://www.eia.gov/petroleum/supply/weekly/archive/2024/2024_01_04/csv/table9.csv,b7e93cd68009e4aa4882e78f5b0dcdb98fa709c49d9fb041891e6aa3db942026,release_date_only_ny_end_of_day
2024_01_10,2024-01-05,2024-01-10,2024-01-11T04:59:59+00:00,34.173,432.403,https://www.eia.gov/petroleum/supply/weekly/archive/2024/2024_01_10/csv/table9.csv,2055effb4d21f9de226946ff31cf9f03e5150c08f65d79fe0d46345ae6e05118,release_date_only_ny_end_of_day
2024_01_18,2024-01-12,2024-01-18,2024-01-19T04:59:59+00:00,32.074,429.911,https://www.eia.gov/petroleum/supply/weekly/archive/2024/2024_01_18/csv/table9.csv,23cb2585c0ebb6b1ec1e4a02b3a7301bf90465d2f766374761f040d3bbe9b834,release_date_only_ny_end_of_day
2024_01_24,2024-01-19,2024-01-24,2024-01-25T04:59:59+00:00,30.066,420.678,https://www.eia.gov/petroleum/supply/weekly/archive/2024/2024_01_24/csv/table9.csv,e5229b295d828e212a19cfe440d1c30d5dd878e4d94df6c8f4643230793caa28,release_date_only_ny_end_of_day
2024_01_31,2024-01-26,2024-01-31,2024-02-01T04:59:59+00:00,28.094,421.912,https://www.eia.gov/petroleum/supply/weekly/archive/2024/2024_01_31/csv/table9.csv,f531596d9d1011adc8270a1af8d5081e23c4a709f1842931c24e9cf3e918f60e,release_date_only_ny_end_of_day
2024_02_07,2024-02-02,2024-02-07,2024-02-08T04:59:59+00:00,28.061,427.432,https://www.eia.gov/petroleum/supply/weekly/archive/2024/2024_02_07/csv/table9.csv,1af05c6e7d78299df87f10342f71768158d97d3d8dbbfc8ce9ff1c4d4ba24cc0,release_date_only_ny_end_of_day
2024_02_14,2024-02-09,2024-02-14,2024-02-15T04:59:59+00:00,28.771,439.45,https://www.eia.gov/petroleum/supply/weekly/archive/2024/2024_02_14/csv/table9.csv,494d4dc3b6c76eb915f73b8941b3f362c1584fa0d69d13568a95bc0efad9337b,release_date_only_ny_end_of_day
2024_02_22,2024-02-16,2024-02-22,2024-02-23T04:59:59+00:00,29.512,442.964,https://www.eia.gov/petroleum/supply/weekly/archive/2024/2024_02_22/csv/table9.csv,819436455513337be29090a76e245a7b723094fe416747220af0246f3d3a63a9,release_date_only_ny_end_of_day
2024_02_28,2024-02-23,2024-02-28,2024-02-29T04:59:59+00:00,30.97,447.163,https://www.eia.gov/petroleum/supply/weekly/archive/2024/2024_02_28/csv/table9.csv,12f17eccdb4c8357fb58897fa5cb036a137eca9da971aec0cb77d31a0d5386d0,release_date_only_ny_end_of_day
2024_03_06,2024-03-01,2024-03-06,2024-03-07T04:59:59+00:00,31.671,448.53,https://www.eia.gov/petroleum/supply/weekly/archive/2024/2024_03_06/csv/table9.csv,3f8f522eb54303d42e97a2893fe95120abc1c50c9a2e7005a1c3a126d91cbb07,release_date_only_ny_end_of_day
2024_03_13,2024-03-08,2024-03-13,2024-03-14T03:59:59+00:00,31.451,446.994,https://www.eia.gov/petroleum/supply/weekly/archive/2024/2024_03_13/csv/table9.csv,b5bee2ef7ef580367d12f67735a285f4c9e3d909cafe3cc03d40dd0c9782b042,release_date_only_ny_end_of_day
2024_03_20,2024-03-15,2024-03-20,2024-03-21T03:59:59+00:00,31.433,445.042,https://www.eia.gov/petroleum/supply/weekly/archive/2024/2024_03_20/csv/table9.csv,468ce06986428e51f2f47fd392c5f532e0c39c71c3ceaef7dadb8452a16c17bc,release_date_only_ny_end_of_day
2024_03_27,2024-03-22,2024-03-27,2024-03-28T03:59:59+00:00,33.54,448.207,https://www.eia.gov/petroleum/supply/weekly/archive/2024/2024_03_27/csv/table9.csv,2a5ecbc51e4a9cb8c6eab45c2619dfdc44ca58f030eed2c5f64ca52cd2792b81,release_date_only_ny_end_of_day
2024_04_03,2024-03-29,2024-04-03,2024-04-04T03:59:59+00:00,33.163,451.417,https://www.eia.gov/petroleum/supply/weekly/archive/2024/2024_04_03/csv/table9.csv,300d3fffdfca7af3242a6f119529da5d45a2ec2c78e8578ecee2dcefc22aafaa,release_date_only_ny_end_of_day
2024_04_10,2024-04-05,2024-04-10,2024-04-11T03:59:59+00:00,32.993,457.258,https://www.eia.gov/petroleum/supply/weekly/archive/2024/2024_04_10/csv/table9.csv,bd7c0550c0b559f0b87d7c1e5780e5337dea10773aaf8a8fc3ebde860b9c126d,release_date_only_ny_end_of_day
2024_04_17,2024-04-12,2024-04-17,2024-04-18T03:59:59+00:00,33.026,459.993,https://www.eia.gov/petroleum/supply/weekly/archive/2024/2024_04_17/csv/table9.csv,e6d05de5d4b45e87377826a11a7ea9e0f1b98887e427fa33b26a2db3ef7f7058,release_date_only_ny_end_of_day
2024_04_24,2024-04-19,2024-04-24,2024-04-25T03:59:59+00:00,32.367,453.625,https://www.eia.gov/petroleum/supply/weekly/archive/2024/2024_04_24/csv/table9.csv,daffa8ea2e730aa65346e17b542864adf1d6c002909021f2ff853ac0928e22b3,release_date_only_ny_end_of_day
2024_05_01,2024-04-26,2024-05-01,2024-05-02T03:59:59+00:00,33.456,460.89,https://www.eia.gov/petroleum/supply/weekly/archive/2024/2024_05_01/csv/table9.csv,9d4f6f9ce82ac3b902d0629b7f57b28d8f3fbc1db6186883d851e73ba50e0bd7,release_date_only_ny_end_of_day
2024_05_08,2024-05-03,2024-05-08,2024-05-09T03:59:59+00:00,35.336,459.528,https://www.eia.gov/petroleum/supply/weekly/archive/2024/2024_05_08/csv/table9.csv,afc35ed586f0025224255f51b500e0f8777b7821ac335729ba403bb24afdeff0,release_date_only_ny_end_of_day
2024_05_15,2024-05-10,2024-05-15,2024-05-16T03:59:59+00:00,34.995,457.02,https://www.eia.gov/petroleum/supply/weekly/archive/2024/2024_05_15/csv/table9.csv,0def96eb4df977e6fdbb4b6a1d249ad57ffc5fad9e13d583508d5af49794710c,release_date_only_ny_end_of_day
2024_05_22,2024-05-17,2024-05-22,2024-05-23T03:59:59+00:00,36.32,458.845,https://www.eia.gov/petroleum/supply/weekly/archive/2024/2024_05_22/csv/table9.csv,f3f4ca156ef19ed6d0cf8294d3f017bce4903fe5cc4542c561cb751079639903,release_date_only_ny_end_of_day
2024_05_30,2024-05-24,2024-05-30,2024-05-31T03:59:59+00:00,34.554,454.689,https://www.eia.gov/petroleum/supply/weekly/archive/2024/2024_05_30/csv/table9.csv,ad9dbe357b782e9f0a5bf295a4294edb7ecfcf227d9319b8b0bc95f3e6ddf545,release_date_only_ny_end_of_day
2024_06_05,2024-05-31,2024-06-05,2024-06-06T03:59:59+00:00,35.408,455.922,https://www.eia.gov/petroleum/supply/weekly/archive/2024/2024_06_05/csv/table9.csv,b9d05641ee40d0f38414b8ae6ee9c0c2abbc61c13e4488ff27a55984dafc4fce,release_date_only_ny_end_of_day
2024_06_12,2024-06-07,2024-06-12,2024-06-13T03:59:59+00:00,33.815,459.652,https://www.eia.gov/petroleum/supply/weekly/archive/2024/2024_06_12/csv/table9.csv,f137ede7bea151e9fa57f64a232d6a9056ef32894b8d1aa44412128f8950ec16,release_date_only_ny_end_of_day
2024_06_20,2024-06-14,2024-06-20,2024-06-21T03:59:59+00:00,34.122,457.105,https://www.eia.gov/petroleum/supply/weekly/archive/2024/2024_06_20/csv/table9.csv,a8593094f37474f93cfc900ca79bc59b7b0d3324d4537b16d125ddb31d22ec0a,release_date_only_ny_end_of_day
2024_06_26,2024-06-21,2024-06-26,2024-06-27T03:59:59+00:00,33.896,460.696,https://www.eia.gov/petroleum/supply/weekly/archive/2024/2024_06_26/csv/table9.csv,d231ec9c16e6c549975506a0d37e5849379e49c1829ef2709358e76235132105,release_date_only_ny_end_of_day
2024_07_03,2024-06-28,2024-07-03,2024-07-04T03:59:59+00:00,34.241,448.539,https://www.eia.gov/petroleum/supply/weekly/archive/2024/2024_07_03/csv/table9.csv,6a263108e62ef8662617d6069401e795b337a6a90ec93bb3450f4ec56d65592f,release_date_only_ny_end_of_day
2024_07_10,2024-07-05,2024-07-10,2024-07-11T03:59:59+00:00,33.539,445.096,https://www.eia.gov/petroleum/supply/weekly/archive/2024/2024_07_10/csv/table9.csv,fe373c83dfc328eb644d9ec62ca8b05515a4db18584dcc67afd12cf5f692b785,release_date_only_ny_end_of_day
2024_07_17,2024-07-12,2024-07-17,2024-07-18T03:59:59+00:00,32.664,440.226,https://www.eia.gov/petroleum/supply/weekly/archive/2024/2024_07_17/csv/table9.csv,284361dec1a441e5f6d19b80b0725b8aec6d41063c40fe1155f6835870b56a30,release_date_only_ny_end_of_day
2024_07_24,2024-07-19,2024-07-24,2024-07-25T03:59:59+00:00,30.956,436.485,https://www.eia.gov/petroleum/supply/weekly/archive/2024/2024_07_24/csv/table9.csv,ef987af91eb8146443935dbb527874d8a742cd8a25e19d462e545a33a344963f,release_date_only_ny_end_of_day
2024_07_31,2024-07-26,2024-07-31,2024-08-01T03:59:59+00:00,29.85,433.049,https://www.eia.gov/petroleum/supply/weekly/archive/2024/2024_07_31/csv/table9.csv,f5a99c34f3c41b14b8bde108f9ae4d7cc9e5d1055fddef3f859d69da6a35a9cf,release_date_only_ny_end_of_day
2024_08_07,2024-08-02,2024-08-07,2024-08-08T03:59:59+00:00,30.429,429.321,https://www.eia.gov/petroleum/supply/weekly/archive/2024/2024_08_07/csv/table9.csv,df13e3bfcc4803cb138e0e1aa1d7893c671e12bd697e844290eb8f22371609a4,release_date_only_ny_end_of_day
2024_08_14,2024-08-09,2024-08-14,2024-08-15T03:59:59+00:00,28.764,430.678,https://www.eia.gov/petroleum/supply/weekly/archive/2024/2024_08_14/csv/table9.csv,0a4d391d150a80061a07533e14e61fd42956312c826df8aa99c8602b84264063,release_date_only_ny_end_of_day
2024_08_21,2024-08-16,2024-08-21,2024-08-22T03:59:59+00:00,28.204,426.029,https://www.eia.gov/petroleum/supply/weekly/archive/2024/2024_08_21/csv/table9.csv,eb25cc68dc1859afba14e78a5826ab546c5e1a5aef8270cac2beff742ca09da8,release_date_only_ny_end_of_day
2024_08_28,2024-08-23,2024-08-28,2024-08-29T03:59:59+00:00,27.536,425.183,https://www.eia.gov/petroleum/supply/weekly/archive/2024/2024_08_28/csv/table9.csv,c90efcfd49f5cd9b8ff248e61fd918f2c2fa6599c728e4ef030c074fe03ea123,release_date_only_ny_end_of_day
2024_09_05,2024-08-30,2024-09-05,2024-09-06T03:59:59+00:00,26.394,418.31,https://www.eia.gov/petroleum/supply/weekly/archive/2024/2024_09_05/csv/table9.csv,3cc3dcf89150dc430bcbd9f726fa751c53ac674f3aa5b9aa779614b223811524,release_date_only_ny_end_of_day
2024_09_11,2024-09-06,2024-09-11,2024-09-12T03:59:59+00:00,24.69,419.143,https://www.eia.gov/petroleum/supply/weekly/archive/2024/2024_09_11/csv/table9.csv,a338f233a103fb41997b1fd9734f131257367bf5a8028b22afe46e7362f7eea2,release_date_only_ny_end_of_day
2024_09_18,2024-09-13,2024-09-18,2024-09-19T03:59:59+00:00,22.711,417.513,https://www.eia.gov/petroleum/supply/weekly/archive/2024/2024_09_18/csv/table9.csv,5b7b8f5b9d4860ee3b45f1c692d3e4223920ca4c0bbd56934168515ab1ad4c93,release_date_only_ny_end_of_day
2024_09_25,2024-09-20,2024-09-25,2024-09-26T03:59:59+00:00,22.827,413.042,https://www.eia.gov/petroleum/supply/weekly/archive/2024/2024_09_25/csv/table9.csv,e4da3d6622d173647b937e783b114c67a9c256b5c7b67140fa19abd7c98d08f2,release_date_only_ny_end_of_day
2024_10_02,2024-09-27,2024-10-02,2024-10-03T03:59:59+00:00,23.667,416.931,https://www.eia.gov/petroleum/supply/weekly/archive/2024/2024_10_02/csv/table9.csv,888488288e4b57e0343299d258fc850a5cff3f7b81525671f378c6423b165195,release_date_only_ny_end_of_day
2024_10_09,2024-10-04,2024-10-09,2024-10-10T03:59:59+00:00,24.914,422.741,https://www.eia.gov/petroleum/supply/weekly/archive/2024/2024_10_09/csv/table9.csv,27a177fcc0afa199749abc34bf8f0fad5d3f110a90d9cd4adac8295506d8d29f,release_date_only_ny_end_of_day
2024_10_17,2024-10-11,2024-10-17,2024-10-18T03:59:59+00:00,25.022,420.55,https://www.eia.gov/petroleum/supply/weekly/archive/2024/2024_10_17/csv/table9.csv,5cbddfc6f2fe9e86b84589211c70693b17f8c8e5dbad9bd0659d742fb0f479fc,release_date_only_ny_end_of_day
2024_10_23,2024-10-18,2024-10-23,2024-10-24T03:59:59+00:00,24.676,426.024,https://www.eia.gov/petroleum/supply/weekly/archive/2024/2024_10_23/csv/table9.csv,b5e95f8ed4cc86ab3ce9848fef0f82f91011ff19d0dd303ae6df5d896d0324bb,release_date_only_ny_end_of_day
2024_10_30,2024-10-25,2024-10-30,2024-10-31T03:59:59+00:00,25.357,425.509,https://www.eia.gov/petroleum/supply/weekly/archive/2024/2024_10_30/csv/table9.csv,1b0cd134f623d053ddd726eb63a1a23be28bd00bba31fd33479361547434bb01,release_date_only_ny_end_of_day
2024_11_06,2024-11-01,2024-11-06,2024-11-07T04:59:59+00:00,25.879,427.658,https://www.eia.gov/petroleum/supply/weekly/archive/2024/2024_11_06/csv/table9.csv,2ac528b0bdb5e574111c1ec2416d09ac9c9ce646895022e1ecb0f4015e898dfb,release_date_only_ny_end_of_day
2024_11_14,2024-11-08,2024-11-14,2024-11-15T04:59:59+00:00,25.191,429.747,https://www.eia.gov/petroleum/supply/weekly/archive/2024/2024_11_14/csv/table9.csv,0f6874c8198fe28a548122895655293a8dd3ca69699da265eb0c70f765c40f85,release_date_only_ny_end_of_day
2024_11_20,2024-11-15,2024-11-20,2024-11-21T04:59:59+00:00,25.051,430.292,https://www.eia.gov/petroleum/supply/weekly/archive/2024/2024_11_20/csv/table9.csv,16c4dc54f230c0b9b923e0c0d6f1b60ef54b9df5993cab08caeb83a3d2399982,release_date_only_ny_end_of_day
2024_11_27,2024-11-22,2024-11-27,2024-11-28T04:59:59+00:00,24.142,428.448,https://www.eia.gov/petroleum/supply/weekly/archive/2024/2024_11_27/csv/table9.csv,97be24bfd94d6d15989d04cdab0bcfcb66a2986114d279ee4b83af17e6fbc7e4,release_date_only_ny_end_of_day
2024_12_04,2024-11-29,2024-12-04,2024-12-05T04:59:59+00:00,24.192,423.375,https://www.eia.gov/petroleum/supply/weekly/archive/2024/2024_12_04/csv/table9.csv,48ce5640b048003a8fe43b9c7b1d4d19b80a762c7476f922d3547521d9043a32,release_date_only_ny_end_of_day
2024_12_11,2024-12-06,2024-12-11,2024-12-12T04:59:59+00:00,22.894,421.95,https://www.eia.gov/petroleum/supply/weekly/archive/2024/2024_12_11/csv/table9.csv,0bcd0108c2e16e4d2e0214b22065a13193440170412a6c4b2c502c4e5fafaed9,release_date_only_ny_end_of_day
2024_12_18,2024-12-13,2024-12-18,2024-12-19T04:59:59+00:00,23.002,421.016,https://www.eia.gov/petroleum/supply/weekly/archive/2024/2024_12_18/csv/table9.csv,a268502b4dd12b84ec7d9bfc66bb3b0f958f4184ee8478b4ad8fe774bc7a8ef2,release_date_only_ny_end_of_day
2024_12_27,2024-12-20,2024-12-27,2024-12-28T04:59:59+00:00,22.682,416.779,https://www.eia.gov/petroleum/supply/weekly/archive/2024/2024_12_27/csv/table9.csv,eec5f5a87fa1fe0c69508c31f3a13b523df16bd011dc192abd39f4e38c727916,release_date_only_ny_end_of_day
2025_01_02,2024-12-27,2025-01-02,2025-01-03T04:59:59+00:00,22.54,415.601,https://www.eia.gov/petroleum/supply/weekly/archive/2025/2025_01_02/csv/table9.csv,2fd5ad669b2d8efcc632b96d39bb4f33ba5b5832ee06800ba9d7bcececb93624,release_date_only_ny_end_of_day
2025_01_08,2025-01-03,2025-01-08,2025-01-09T04:59:59+00:00,20.038,414.642,https://www.eia.gov/petroleum/supply/weekly/archive/2025/2025_01_08/csv/table9.csv,36df297bc4182961c5d21636614f8175366210ea30b0e0790f5cdf88bad1ea17,release_date_only_ny_end_of_day
2025_01_15,2025-01-10,2025-01-15,2025-01-16T04:59:59+00:00,20.803,412.68,https://www.eia.gov/petroleum/supply/weekly/archive/2025/2025_01_15/csv/table9.csv,384a8ab81a3e2f1cec6ad274afff6b4f68f91698a303cb7d3ec286017142b3a2,release_date_only_ny_end_of_day
2025_01_23,2025-01-17,2025-01-23,2025-01-24T04:59:59+00:00,20.655,411.663,https://www.eia.gov/petroleum/supply/weekly/archive/2025/2025_01_23/csv/table9.csv,023f518286b78fcee9169b8d2a2b77825861ad4961829a01ae6e4a27e8489eac,release_date_only_ny_end_of_day
2025_01_29,2025-01-24,2025-01-29,2025-01-30T04:59:59+00:00,20.981,415.126,https://www.eia.gov/petroleum/supply/weekly/archive/2025/2025_01_29/csv/table9.csv,dadff06c3a6a4a8c49773175577de6fcd4a713bd0001d775aa600359b6d6891b,release_date_only_ny_end_of_day
2025_02_05,2025-01-31,2025-02-05,2025-02-06T04:59:59+00:00,20.947,423.79,https://www.eia.gov/petroleum/supply/weekly/archive/2025/2025_02_05/csv/table9.csv,0c9a015cd7ab84502d612b23fe493a171a35e21de98289d882915ddab27016a0,release_date_only_ny_end_of_day
2025_02_12,2025-02-07,2025-02-12,2025-02-13T04:59:59+00:00,21.819,427.86,https://www.eia.gov/petroleum/supply/weekly/archive/2025/2025_02_12/csv/table9.csv,5924834c4c50170b69f8bdca42be951a2d0deb4014037f425226ee300192985e,release_date_only_ny_end_of_day
2025_02_20,2025-02-14,2025-02-20,2025-02-21T04:59:59+00:00,23.291,432.493,https://www.eia.gov/petroleum/supply/weekly/archive/2025/2025_02_20/csv/table9.csv,7fe6598b5fcf7fea60947d302be3db603760b9078bc538e3e699f8b02076452b,release_date_only_ny_end_of_day
2025_02_26,2025-02-21,2025-02-26,2025-02-27T04:59:59+00:00,24.573,430.161,https://www.eia.gov/petroleum/supply/weekly/archive/2025/2025_02_26/csv/table9.csv,247f0a0ced81a2ecb81e4aadacc678915d18a8ef743185ba7a68ccecc1bfd18f,release_date_only_ny_end_of_day
2025_03_05,2025-02-28,2025-03-05,2025-03-06T04:59:59+00:00,25.697,433.775,https://www.eia.gov/petroleum/supply/weekly/archive/2025/2025_03_05/csv/table9.csv,edfa5b9a8891042416776c9174f6ccf6a065d2afd520f61a7d41b87c84efb8b7,release_date_only_ny_end_of_day
2025_03_12,2025-03-07,2025-03-12,2025-03-13T03:59:59+00:00,24.469,435.223,https://www.eia.gov/petroleum/supply/weekly/archive/2025/2025_03_12/csv/table9.csv,f0ffdf42bc8110d41edc768ee59099581df71d8c271a44e51545644efabd602f,release_date_only_ny_end_of_day
2025_03_19,2025-03-14,2025-03-19,2025-03-20T03:59:59+00:00,23.46,436.968,https://www.eia.gov/petroleum/supply/weekly/archive/2025/2025_03_19/csv/table9.csv,7da5e56b7cae686d34310f03e6d2c53a2deddefa4b88b45be7618cd2c3e64ba5,release_date_only_ny_end_of_day
2025_03_26,2025-03-21,2025-03-26,2025-03-27T03:59:59+00:00,22.705,433.627,https://www.eia.gov/petroleum/supply/weekly/archive/2025/2025_03_26/csv/table9.csv,76c74baff745ace9f63c09ec84985a156195ac6a9594501e48efbdc47218b13b,release_date_only_ny_end_of_day
2025_04_02,2025-03-28,2025-04-02,2025-04-03T03:59:59+00:00,25.078,439.792,https://www.eia.gov/petroleum/supply/weekly/archive/2025/2025_04_02/csv/table9.csv,7e74c1f7dfa504f7427d1c347e0aabd8f2fbea18675f906b22861f84b04641f3,release_date_only_ny_end_of_day
2025_04_09,2025-04-04,2025-04-09,2025-04-10T03:59:59+00:00,25.759,442.345,https://www.eia.gov/petroleum/supply/weekly/archive/2025/2025_04_09/csv/table9.csv,427b1cfdd796889fbb80048cea5a6c38077cfe9581c94008d6af9fa7fb745460,release_date_only_ny_end_of_day
2025_04_16,2025-04-11,2025-04-16,2025-04-17T03:59:59+00:00,25.105,442.86,https://www.eia.gov/petroleum/supply/weekly/archive/2025/2025_04_16/csv/table9.csv,68826f10df15094f66593da1c42fa9f121f4c4d8e58d3823e1166195658109d5,release_date_only_ny_end_of_day
2025_04_23,2025-04-18,2025-04-23,2025-04-24T03:59:59+00:00,25.019,443.104,https://www.eia.gov/petroleum/supply/weekly/archive/2025/2025_04_23/csv/table9.csv,872700498d041b7d82e65a84119bf2f64d2989578b9985d9a5ea23baddf50be6,release_date_only_ny_end_of_day
2025_04_30,2025-04-25,2025-04-30,2025-05-01T03:59:59+00:00,25.701,440.408,https://www.eia.gov/petroleum/supply/weekly/archive/2025/2025_04_30/csv/table9.csv,8d038efd5ca5dcdfff874c7871a18ebbde5bfaa3859b8ac8c81148197e86b8a4,release_date_only_ny_end_of_day
2025_05_07,2025-05-02,2025-05-07,2025-05-08T03:59:59+00:00,24.961,438.376,https://www.eia.gov/petroleum/supply/weekly/archive/2025/2025_05_07/csv/table9.csv,dccfccef6ba4eba7a31ac66c2abaf748b9ed4762972c19d50ba5db9f4750b446,release_date_only_ny_end_of_day
2025_05_14,2025-05-09,2025-05-14,2025-05-15T03:59:59+00:00,23.892,441.83,https://www.eia.gov/petroleum/supply/weekly/archive/2025/2025_05_14/csv/table9.csv,1a94512bf1871cbe8d579117586fe891e0e429b2216ac29c6120c50855071441,release_date_only_ny_end_of_day
2025_05_21,2025-05-16,2025-05-21,2025-05-22T03:59:59+00:00,23.435,443.158,https://www.eia.gov/petroleum/supply/weekly/archive/2025/2025_05_21/csv/table9.csv,06f9c659a2a84a1b3ea4480cb1eff6c2b16a59cab7e9069e7fb2318b0bb5db86,release_date_only_ny_end_of_day
2025_05_29,2025-05-23,2025-05-29,2025-05-30T03:59:59+00:00,23.51,440.363,https://www.eia.gov/petroleum/supply/weekly/archive/2025/2025_05_29/csv/table9.csv,17668dc2e6b89d666c9fb1113e22965afbaa2ad1dd89605c486ab78b87c08acb,release_date_only_ny_end_of_day
2025_06_04,2025-05-30,2025-06-04,2025-06-05T03:59:59+00:00,24.086,436.059,https://www.eia.gov/petroleum/supply/weekly/archive/2025/2025_06_04/csv/table9.csv,6f9ba5fd13b528c53d0be545ccf6dbe1e7e4eb72602f22ed9f0a0b507352418b,release_date_only_ny_end_of_day
2025_06_11,2025-06-06,2025-06-11,2025-06-12T03:59:59+00:00,23.683,432.415,https://www.eia.gov/petroleum/supply/weekly/archive/2025/2025_06_11/csv/table9.csv,e707d8b5b5bcacd58036d93b7a3cf191cabe4c771992911837f2be25370194cb,release_date_only_ny_end_of_day
2025_06_18,2025-06-13,2025-06-18,2025-06-19T03:59:59+00:00,22.688,420.942,https://www.eia.gov/petroleum/supply/weekly/archive/2025/2025_06_18/csv/table9.csv,126a3882fe5ef4036c3a7cc7ab38e049ea3b80f94b9731cc2cd8ed945944d3bf,release_date_only_ny_end_of_day
2025_06_25,2025-06-20,2025-06-25,2025-06-26T03:59:59+00:00,22.224,415.106,https://www.eia.gov/petroleum/supply/weekly/archive/2025/2025_06_25/csv/table9.csv,a91496ac4b26d9f5d145b6e7f6c48f9be26be239b2ededc678181e674b3a86fc,release_date_only_ny_end_of_day
2025_07_02,2025-06-27,2025-07-02,2025-07-03T03:59:59+00:00,20.731,418.951,https://www.eia.gov/petroleum/supply/weekly/archive/2025/2025_07_02/csv/table9.csv,082a64d314e48ecd50e2d75820bca5e2267ee00285f58ef48724cc45cae1304e,release_date_only_ny_end_of_day
2025_07_09,2025-07-04,2025-07-09,2025-07-10T03:59:59+00:00,21.195,426.021,https://www.eia.gov/petroleum/supply/weekly/archive/2025/2025_07_09/csv/table9.csv,2803c7fed778ce6ec861a2dd8d3c35db4404875c844357de1f2a57c485d777b9,release_date_only_ny_end_of_day
2025_07_16,2025-07-11,2025-07-16,2025-07-17T03:59:59+00:00,21.408,422.162,https://www.eia.gov/petroleum/supply/weekly/archive/2025/2025_07_16/csv/table9.csv,ec28d496ae7880282fd5cd838615d56df40f45c75cab66ab30921d2d33854bb2,release_date_only_ny_end_of_day
2025_07_23,2025-07-18,2025-07-23,2025-07-24T03:59:59+00:00,21.863,418.993,https://www.eia.gov/petroleum/supply/weekly/archive/2025/2025_07_23/csv/table9.csv,f5a1ced328059a0056bd4b4fc65086fbe9c130d75cac7fe098c7a470fcb8872b,release_date_only_ny_end_of_day
2025_07_30,2025-07-25,2025-07-30,2025-07-31T03:59:59+00:00,22.553,426.691,https://www.eia.gov/petroleum/supply/weekly/archive/2025/2025_07_30/csv/table9.csv,801555ffdfe9ea7d0663add8a8f5c3954093c513e5184534af9a32a259553ca5,release_date_only_ny_end_of_day
2025_08_06,2025-08-01,2025-08-06,2025-08-07T03:59:59+00:00,23.006,423.662,https://www.eia.gov/petroleum/supply/weekly/archive/2025/2025_08_06/csv/table9.csv,2ebd665671de14d36e1b9460a33941939f3ccc6a60e257176041cd80189cee36,release_date_only_ny_end_of_day
2025_08_13,2025-08-08,2025-08-13,2025-08-14T03:59:59+00:00,23.051,426.698,https://www.eia.gov/petroleum/supply/weekly/archive/2025/2025_08_13/csv/table9.csv,78bd8b7e744f8ba0fdbdb030e5aacb850de2a076dbb7972a07ecdaca5e92e2af,release_date_only_ny_end_of_day
2025_08_20,2025-08-15,2025-08-20,2025-08-21T03:59:59+00:00,23.47,420.684,https://www.eia.gov/petroleum/supply/weekly/archive/2025/2025_08_20/csv/table9.csv,6f3e3d2276db59e7c2d9b94257bbd173b76e8acf9a62ac309ee4ac76ca29c1f7,release_date_only_ny_end_of_day
2025_08_27,2025-08-22,2025-08-27,2025-08-28T03:59:59+00:00,22.632,418.292,https://www.eia.gov/petroleum/supply/weekly/archive/2025/2025_08_27/csv/table9.csv,b109e63150a53ca812e3f6692335d8a964124b4a6945938f4789a9c7471704a1,release_date_only_ny_end_of_day
2025_09_04,2025-08-29,2025-09-04,2025-09-05T03:59:59+00:00,24.222,420.707,https://www.eia.gov/petroleum/supply/weekly/archive/2025/2025_09_04/csv/table9.csv,d1e7e0afdedc533497a92ff4094f4e67d5a76d51cc33e6a5779d1053fdf26960,release_date_only_ny_end_of_day
2025_09_10,2025-09-05,2025-09-10,2025-09-11T03:59:59+00:00,23.857,424.646,https://www.eia.gov/petroleum/supply/weekly/archive/2025/2025_09_10/csv/table9.csv,9f6552697cda4c9a45406ad1daf7cd0c07feaf9b628acc01fd9102eed16746a2,release_date_only_ny_end_of_day
2025_09_17,2025-09-12,2025-09-17,2025-09-18T03:59:59+00:00,23.561,415.361,https://www.eia.gov/petroleum/supply/weekly/archive/2025/2025_09_17/csv/table9.csv,4ea42ed6f8378d0ef446b88d37cab54962e969b42c4ffb42a89a47ead1a20d75,release_date_only_ny_end_of_day
2025_09_24,2025-09-19,2025-09-24,2025-09-25T03:59:59+00:00,23.738,414.754,https://www.eia.gov/petroleum/supply/weekly/archive/2025/2025_09_24/csv/table9.csv,f3f7fc4f97aed36ff14fbac8e62f609f7779ad7e7e8580b7662f3557300b4acd,release_date_only_ny_end_of_day
2025_10_01,2025-09-26,2025-10-01,2025-10-02T03:59:59+00:00,23.467,416.546,https://www.eia.gov/petroleum/supply/weekly/archive/2025/2025_10_01/csv/table9.csv,023bbe4d52d46a092733b36dcf66093abab5a4184a3736fcd10688dab2ab9231,release_date_only_ny_end_of_day
2025_10_08,2025-10-03,2025-10-08,2025-10-09T03:59:59+00:00,22.704,420.261,https://www.eia.gov/petroleum/supply/weekly/archive/2025/2025_10_08/csv/table9.csv,05602f1eb3b815acd46a3fbf8d1e2b937d4760e3c4175d92e66637efb2b0d09a,release_date_only_ny_end_of_day
2025_10_16,2025-10-10,2025-10-16,2025-10-17T03:59:59+00:00,22.001,423.785,https://www.eia.gov/petroleum/supply/weekly/archive/2025/2025_10_16/csv/table9.csv,865ce86c3093ae29342806244a7bb13a28e7ad0e07db28a0d5788fa7e8d1a9d9,release_date_only_ny_end_of_day
2025_10_22,2025-10-17,2025-10-22,2025-10-23T03:59:59+00:00,21.231,422.824,https://www.eia.gov/petroleum/supply/weekly/archive/2025/2025_10_22/csv/table9.csv,fa805be674bd109797d3b48e449f070bc8a9696c68b6c949cec7ef7f46873b80,release_date_only_ny_end_of_day
2025_10_29,2025-10-24,2025-10-29,2025-10-30T03:59:59+00:00,22.565,415.966,https://www.eia.gov/petroleum/supply/weekly/archive/2025/2025_10_29/csv/table9.csv,34c263aed8cc8793939f0b2bf1b5385b320d40f1ee5572a7ad71763fe25e87f6,release_date_only_ny_end_of_day
2025_11_05,2025-10-31,2025-11-05,2025-11-06T04:59:59+00:00,22.865,421.168,https://www.eia.gov/petroleum/supply/weekly/archive/2025/2025_11_05/csv/table9.csv,8d6b7f5f944b45e0c48d97293224b6260a9a72d096ab0cbece76eb419c9efd39,release_date_only_ny_end_of_day
2025_11_13,2025-11-07,2025-11-13,2025-11-14T04:59:59+00:00,22.519,427.581,https://www.eia.gov/petroleum/supply/weekly/archive/2025/2025_11_13/csv/table9.csv,4556fd8a1683382da1e739a72e7495eaee35ec1e809ad3f1164ea8ef5d1ccb04,release_date_only_ny_end_of_day
2025_11_19,2025-11-14,2025-11-19,2025-11-20T04:59:59+00:00,21.821,424.155,https://www.eia.gov/petroleum/supply/weekly/archive/2025/2025_11_19/csv/table9.csv,cd54eb39f96291696e68b48fcff812027e9b31369e47d4f0b76745c7e02fe85a,release_date_only_ny_end_of_day
2025_11_26,2025-11-21,2025-11-26,2025-11-27T04:59:59+00:00,21.753,426.929,https://www.eia.gov/petroleum/supply/weekly/archive/2025/2025_11_26/csv/table9.csv,c2d6ad32c40c7e832fd9a60bee3ef6879a17f83afb502a9a4a849c42cb3d734d,release_date_only_ny_end_of_day
2025_12_03,2025-11-28,2025-12-03,2025-12-04T04:59:59+00:00,21.296,427.503,https://www.eia.gov/petroleum/supply/weekly/archive/2025/2025_12_03/csv/table9.csv,954f58c3fa727d7347f243715519ee5a9af7627fc0f23fe21186f0431f1082fa,release_date_only_ny_end_of_day
2025_12_10,2025-12-05,2025-12-10,2025-12-11T04:59:59+00:00,21.604,425.691,https://www.eia.gov/petroleum/supply/weekly/archive/2025/2025_12_10/csv/table9.csv,be65709cbb044ecc95b8a2471cfbccb8c76961abba90e0f11f358667419f7347,release_date_only_ny_end_of_day
2025_12_17,2025-12-12,2025-12-17,2025-12-18T04:59:59+00:00,20.862,424.417,https://www.eia.gov/petroleum/supply/weekly/archive/2025/2025_12_17/csv/table9.csv,43876764e3c73cdf23307aa01e4c1ad807300996127ae1b57eac7478ac1bb522,release_date_only_ny_end_of_day
2025_12_29,2025-12-19,2025-12-29,2025-12-30T04:59:59+00:00,21.569,424.822,https://www.eia.gov/petroleum/supply/weekly/archive/2025/2025_12_29/csv/table9.csv,3240f3011bfc17f0824d2a472180d58e4018bea2333ffabe8cdd9212d2673eff,release_date_only_ny_end_of_day
2025_12_31,2025-12-26,2025-12-31,2026-01-01T04:59:59+00:00,22.112,422.888,https://www.eia.gov/petroleum/supply/weekly/archive/2025/2025_12_31/csv/table9.csv,fa8d63f503fecd5ea2bc7321cdd2148c6cbf9ebf8f4bc912600cbe59a6bdb04c,release_date_only_ny_end_of_day
2026_01_07,2026-01-02,2026-01-07,2026-01-08T04:59:59+00:00,22.84,419.056,https://www.eia.gov/petroleum/supply/weekly/archive/2026/2026_01_07/csv/table9.csv,fbd88479bd476da43538020f9b062b7ba0f11c964e6f4de32ec7665560568277,release_date_only_ny_end_of_day
2026_01_14,2026-01-09,2026-01-14,2026-01-15T04:59:59+00:00,23.585,422.447,https://www.eia.gov/petroleum/supply/weekly/archive/2026/2026_01_14/csv/table9.csv,23c1073ab474ca0a3627088614c573506eacc1f98a8a96682c870a6f2092bf8a,release_date_only_ny_end_of_day
2026_01_22,2026-01-16,2026-01-22,2026-01-23T04:59:59+00:00,25.063,426.049,https://www.eia.gov/petroleum/supply/weekly/archive/2026/2026_01_22/csv/table9.csv,14fa45b067347b5da919d2da580b5d7f6402ac49f09061e5d9ad5c75be15f544,release_date_only_ny_end_of_day
2026_01_28,2026-01-23,2026-01-28,2026-01-29T04:59:59+00:00,24.785,423.754,https://www.eia.gov/petroleum/supply/weekly/archive/2026/2026_01_28/csv/table9.csv,674c28baa0646869895ef10575b36879ff65b72c5a36de090e41583216699580,release_date_only_ny_end_of_day
2026_02_04,2026-01-30,2026-02-04,2026-02-05T04:59:59+00:00,24.042,420.299,https://www.eia.gov/petroleum/supply/weekly/archive/2026/2026_02_04/csv/table9.csv,7c2149c3043069ed03016e2cce842f525f0261b829e54450e4faf2beefcfd644,release_date_only_ny_end_of_day
2026_02_11,2026-02-06,2026-02-11,2026-02-12T04:59:59+00:00,25.113,428.829,https://www.eia.gov/petroleum/supply/weekly/archive/2026/2026_02_11/csv/table9.csv,a95c64c92a8a2a1e8d5c34d78a9ba1ab6f602dec54f20d46bd458ad0a394cd11,release_date_only_ny_end_of_day
2026_02_19,2026-02-13,2026-02-19,2026-02-20T04:59:59+00:00,24.018,419.815,https://www.eia.gov/petroleum/supply/weekly/archive/2026/2026_02_19/csv/table9.csv,b307991a3d837069792fd732d85e58156e8ee48bbeb34afaf845fd57ebfe9960,release_date_only_ny_end_of_day
2026_02_25,2026-02-20,2026-02-25,2026-02-26T04:59:59+00:00,24.899,435.804,https://www.eia.gov/petroleum/supply/weekly/archive/2026/2026_02_25/csv/table9.csv,fc13384fdeb6412134e7b0f6680416774f7e3d1b5308db2e6174dbadf5f5a0b6,release_date_only_ny_end_of_day
2026_03_04,2026-02-27,2026-03-04,2026-03-05T04:59:59+00:00,26.463,439.279,https://www.eia.gov/petroleum/supply/weekly/archive/2026/2026_03_04/csv/table9.csv,3555db7ee5ee3f63fda418632fb17f6ea3e5bd5e2602d6dfe53686fa271c2d67,release_date_only_ny_end_of_day
2026_03_11,2026-03-06,2026-03-11,2026-03-12T03:59:59+00:00,26.58,443.103,https://www.eia.gov/petroleum/supply/weekly/archive/2026/2026_03_11/csv/table9.csv,d16e62967e2fb964c5c33eecda334e71c10fd1a72626ab82f544bc31b696572c,release_date_only_ny_end_of_day
2026_03_18,2026-03-13,2026-03-18,2026-03-19T03:59:59+00:00,27.524,449.259,https://www.eia.gov/petroleum/supply/weekly/archive/2026/2026_03_18/csv/table9.csv,64d4827f8d8544607e034576bf4b0e8aa3a1ba0ba7b2e606710fd94e84778f5a,release_date_only_ny_end_of_day
2026_03_25,2026-03-20,2026-03-25,2026-03-26T03:59:59+00:00,30.945,456.185,https://www.eia.gov/petroleum/supply/weekly/archive/2026/2026_03_25/csv/table9.csv,d8aa82589cee0fb8dfa79d46bda157717f731c9d6f6f4f3ac493944ae80342a9,release_date_only_ny_end_of_day
2026_04_01,2026-03-27,2026-04-01,2026-04-02T03:59:59+00:00,31.465,461.636,https://www.eia.gov/petroleum/supply/weekly/archive/2026/2026_04_01/csv/table9.csv,2c9d5ab7e53c230f88139688bbaeef26aeac8c5e96b30c0b422ab88793fb335a,release_date_only_ny_end_of_day
2026_04_08,2026-04-03,2026-04-08,2026-04-09T03:59:59+00:00,31.489,464.717,https://www.eia.gov/petroleum/supply/weekly/archive/2026/2026_04_08/csv/table9.csv,792c72bbd16be6dd4a37e7481b4a57e72c0b281e36118e2ca6947a5daa728966,release_date_only_ny_end_of_day
2026_04_15,2026-04-10,2026-04-15,2026-04-16T03:59:59+00:00,29.762,463.804,https://www.eia.gov/petroleum/supply/weekly/archive/2026/2026_04_15/csv/table9.csv,bbfffe49d5b33d326725905ecbe67b5566dc9f3fa8e89db89786ef257c2f4544,release_date_only_ny_end_of_day
2026_04_22,2026-04-17,2026-04-22,2026-04-23T03:59:59+00:00,30.568,465.729,https://www.eia.gov/petroleum/supply/weekly/archive/2026/2026_04_22/csv/table9.csv,79e1635f06db1a32a886014da9eb9b446f88841418d5bc4ffaa280ee6c1ca80f,release_date_only_ny_end_of_day
2026_04_29,2026-04-24,2026-04-29,2026-04-30T03:59:59+00:00,29.772,459.495,https://www.eia.gov/petroleum/supply/weekly/archive/2026/2026_04_29/csv/table9.csv,ef86e56a2ca18e92bacee50a4721e1537e261fc9ed184fa418c4ea1c1c11600e,release_date_only_ny_end_of_day
2026_05_06,2026-05-01,2026-05-06,2026-05-07T03:59:59+00:00,29.124,457.182,https://www.eia.gov/petroleum/supply/weekly/archive/2026/2026_05_06/csv/table9.csv,02c606a37e241d9d22dc7a995c9a74e9e384058a2e16860b1e61251559e9f293,release_date_only_ny_end_of_day
2026_05_13,2026-05-08,2026-05-13,2026-05-14T03:59:59+00:00,27.422,452.876,https://www.eia.gov/petroleum/supply/weekly/archive/2026/2026_05_13/csv/table9.csv,78478beaf71962841525416911ef39e2fabf1815d3417406cb6efbec7e399fde,release_date_only_ny_end_of_day
2026_05_20,2026-05-15,2026-05-20,2026-05-21T03:59:59+00:00,25.818,445.013,https://www.eia.gov/petroleum/supply/weekly/archive/2026/2026_05_20/csv/table9.csv,ad78244516646702b4fc2df5867d269ae464493107ecbf68c789f2b949e9e6fa,release_date_only_ny_end_of_day
2026_05_28,2026-05-22,2026-05-28,2026-05-29T03:59:59+00:00,23.024,441.686,https://www.eia.gov/petroleum/supply/weekly/archive/2026/2026_05_28/csv/table9.csv,edaac3f5d5c0121ac80fd9fa9c9deae05c352887eaa70e0edb9904df5744d481,release_date_only_ny_end_of_day
2026_06_03,2026-05-29,2026-06-03,2026-06-04T03:59:59+00:00,22.441,433.712,https://www.eia.gov/petroleum/supply/weekly/archive/2026/2026_06_03/csv/table9.csv,9a6d07293ee9ac5a16accbca16e04b76f231eb2857c698d66b85660f1eec6e2d,release_date_only_ny_end_of_day
2026_06_10,2026-06-05,2026-06-10,2026-06-11T03:59:59+00:00,21.64,426.485,https://www.eia.gov/petroleum/supply/weekly/archive/2026/2026_06_10/csv/table9.csv,6a8ace903b17b66725d76b215ceb055405065deac1b65be51d1a03c6e5af9965,release_date_only_ny_end_of_day
2026_06_17,2026-06-12,2026-06-17,2026-06-18T03:59:59+00:00,20.034,418.222,https://www.eia.gov/petroleum/supply/weekly/archive/2026/2026_06_17/csv/table9.csv,cc407e9dcb486b61eb9480b8147a6ebd3299b2e3eddfe1f36c1cc2ec6c25fdd9,release_date_only_ny_end_of_day
2026_06_24,2026-06-19,2026-06-24,2026-06-25T03:59:59+00:00,18.957,412.134,https://www.eia.gov/petroleum/supply/weekly/archive/2026/2026_06_24/csv/table9.csv,dec5de046348cce07ac0931d55e93a5921f06cfcd7f327be0afbd006f72b60d1,release_date_only_ny_end_of_day
2026_07_01,2026-06-26,2026-07-01,2026-07-02T03:59:59+00:00,19.666,408.359,https://www.eia.gov/petroleum/supply/weekly/archive/2026/2026_07_01/csv/table9.csv,12b5b5f2fd4a8f88ae9882b240d1a48ca447ceec983ae936a8b50783eba79dd9,release_date_only_ny_end_of_day
2026_07_08,2026-07-03,2026-07-08,2026-07-09T03:59:59+00:00,19.614,411.357,https://www.eia.gov/petroleum/supply/weekly/archive/2026/2026_07_08/csv/table9.csv,a668ffa3f036a825b2ef492bb58c5bcbfa6c326e1d6cc071cf3ee0a38e9c15cc,release_date_only_ny_end_of_day
2026_07_15,2026-07-10,2026-07-15,2026-07-16T03:59:59+00:00,20.044,409.665,https://www.eia.gov/petroleum/supply/weekly/archive/2026/2026_07_15/csv/table9.csv,dac9165d7bc40f0da5a7380ff504d7c7df59b3734d02725a4212c2a4797399a9,release_date_only_ny_end_of_day
2026_07_22,2026-07-17,2026-07-22,2026-07-23T03:59:59+00:00,19.37,411.675,https://www.eia.gov/petroleum/supply/weekly/archive/2026/2026_07_22/csv/table9.csv,9d79cdd2860521a7c1382eb443c73e1ee39909cdf1a4c8f9f63d1c263da762e0,release_date_only_ny_end_of_day
2026_07_29,2026-07-24,2026-07-29,2026-07-30T03:59:59+00:00,18.599,404.508,https://www.eia.gov/petroleum/supply/weekly/archive/2026/2026_07_29/csv/table9.csv,737fc140ac01733f0b57453cf3ab670481699f01b9150ea31f1995ce0b431e36,release_date_only_ny_end_of_day
2026_08_05,2026-07-31,2026-08-05,2026-08-06T03:59:59+00:00,20.955,406.987,https://www.eia.gov/petroleum/supply/weekly/archive/2026/2026_08_05/csv/table9.csv,6c47ddb026eb70c161d6830cd59f654e6724eaf6ac00a63cfce1c59f53404893,release_date_only_ny_end_of_day
2026_08_12,2026-08-07,2026-08-12,2026-08-13T03:59:59+00:00,22.566,424.41,https://www.eia.gov/petroleum/supply/weekly/archive/2026/2026_08_12/csv/table9.csv,229967c8383fb38fc77f19a455d6a775429ce57929bd588e70588ec695ceea47,release_date_only_ny_end_of_day
2026_08_19,2026-08-14,2026-08-19,2026-08-20T03:59:59+00:00,21.252,428.815,https://www.eia.gov/petroleum/supply/weekly/archive/2026/2026_08_19/csv/table9.csv,b3e50b7bf1f49f29536a4ca2711a335d0645abdb8c0584840073372488f8acf3,release_date_only_ny_end_of_day
2026_08_26,2026-08-21,2026-08-26,2026-08-27T03:59:59+00:00,22.428,428.91,https://www.eia.gov/petroleum/supply/weekly/archive/2026/2026_08_26/csv/table9.csv,8353466069baccd3b5d1283bf365120bb51a5b16329620faccf1fb78f597c350,release_date_only_ny_end_of_day
2026_09_02,2026-08-28,2026-09-02,2026-09-03T03:59:59+00:00,22.508,424.46,https://www.eia.gov/petroleum/supply/weekly/archive/2026/2026_09_02/csv/table9.csv,732378304a986fe6c44c680ac48fcc268005c7a8ef3fe00ff8e686d55bdddf1e,release_date_only_ny_end_of_day
2026_09_10,2026-09-04,2026-09-10,2026-09-11T03:59:59+00:00,21.824,424.069,https://www.eia.gov/petroleum/supply/weekly/archive/2026/2026_09_10/csv/table9.csv,2cca190aac8536edea506915fba55811923f735c640019a0bcc948c58e502fbe,release_date_only_ny_end_of_day
