trade_date,F1,F2,F3,F4
1983-03-30,,,29.35,
1983-03-31,,,29.24,
1983-04-04,29.44,,29.1,
1983-04-05,29.71,,29.35,
1983-04-06,29.92,,29.5,
1983-04-07,30.17,,29.85,
1983-04-08,30.38,,30.19,
1983-04-11,30.26,,30.0,
1983-04-12,30.83,,30.62,
1983-04-13,30.82,,30.7,
1983-04-14,30.67,,30.63,
1983-04-15,30.48,,30.31,
1983-04-18,30.75,,30.61,
1983-04-19,30.75,,30.65,
1983-04-20,30.7,,30.63,
1983-04-21,30.68,,30.65,
1983-04-22,30.75,,30.72,
1983-04-25,30.84,,30.81,
1983-04-26,30.71,,30.65,
1983-04-27,30.78,,30.75,
1983-04-28,30.74,,30.7,
1983-04-29,30.63,,30.57,
1983-05-02,30.61,,30.5,
1983-05-03,30.5,,30.4,
1983-05-04,30.42,,30.23,
1983-05-05,30.2,,30.04,
1983-05-06,30.45,,30.06,
1983-05-09,30.1,,29.7,
1983-05-10,30.31,,29.81,
1983-05-11,29.97,,29.52,
1983-05-12,29.72,,29.28,
1983-05-13,29.8,,29.3,
1983-05-16,30.12,,29.72,
1983-05-17,29.91,,29.8,
1983-05-18,29.75,,29.75,
1983-05-19,29.95,,29.75,
1983-05-20,30.3,,30.2,
1983-05-23,30.27,,30.15,
1983-05-24,30.05,,29.93,
1983-05-25,30.25,,30.04,
1983-05-26,30.31,,30.2,
1983-05-27,30.19,,30.15,
1983-05-31,30.25,,30.05,
1983-06-01,30.33,,30.15,
1983-06-02,30.4,,30.2,
1983-06-03,30.36,,30.25,
1983-06-06,30.35,,30.15,
1983-06-07,30.59,,30.39,
1983-06-08,30.6,,30.4,
1983-06-09,30.49,,30.34,
1983-06-10,30.77,,30.55,
1983-06-13,31.0,,30.8,
1983-06-14,31.0,,30.75,
1983-06-15,31.3,,31.05,
1983-06-16,31.6,,31.2,
1983-06-17,31.4,,31.12,
1983-06-20,31.42,,31.35,
1983-06-21,31.18,,31.05,
1983-06-22,30.95,,30.8,
1983-06-23,31.1,,30.95,
1983-06-24,31.2,,31.15,
1983-06-27,31.2,,31.02,
1983-06-28,31.24,,31.05,
1983-06-29,31.2,,31.05,
1983-06-30,31.38,,31.21,
1983-07-01,31.35,,31.2,
1983-07-05,31.27,,31.15,
1983-07-06,31.2,,31.05,
1983-07-07,31.4,,31.18,
1983-07-08,31.4,,31.2,
1983-07-11,31.64,,31.38,
1983-07-12,31.72,,31.47,
1983-07-13,31.87,,31.75,
1983-07-14,31.85,,31.7,
1983-07-15,31.7,,31.64,
1983-07-18,31.7,,31.55,
1983-07-19,31.62,,31.6,
1983-07-20,31.65,,31.65,
1983-07-21,31.51,,31.5,
1983-07-22,31.46,,31.42,
1983-07-25,31.4,,31.4,
1983-07-26,31.53,,31.45,
1983-07-27,31.73,,31.65,
1983-07-28,31.82,,31.72,
1983-07-29,32.0,,31.87,
1983-08-01,32.12,,32.05,
1983-08-02,32.2,,32.12,
1983-08-03,32.2,,32.1,
1983-08-04,32.14,,32.07,
1983-08-05,32.15,,32.08,
1983-08-08,32.05,,31.98,
1983-08-09,31.94,,31.84,
1983-08-10,32.14,,32.04,
1983-08-11,31.95,,31.96,
1983-08-12,31.99,,31.97,
1983-08-15,32.0,,32.04,
1983-08-16,31.98,,31.99,
1983-08-17,31.87,,31.91,
1983-08-18,31.72,,31.65,
1983-08-19,31.65,,31.58,
1983-08-22,31.53,,31.51,
1983-08-23,31.65,,31.65,
1983-08-24,31.57,,31.54,
1983-08-25,31.73,,31.7,
1983-08-26,31.8,,31.75,
1983-08-29,31.66,,31.63,
1983-08-30,31.68,,31.65,
1983-08-31,31.59,,31.53,
1983-09-01,31.6,,31.43,
1983-09-02,31.57,,31.43,
1983-09-06,31.36,,31.18,
1983-09-07,31.38,,31.18,
1983-09-08,31.34,,31.18,
1983-09-09,31.21,,31.07,
1983-09-12,31.15,,30.93,
1983-09-13,31.23,,31.11,
1983-09-14,31.4,,31.3,
1983-09-15,31.48,,31.43,
1983-09-16,31.55,,31.47,
1983-09-19,31.45,,31.33,
1983-09-20,31.33,,31.2,
1983-09-21,31.39,,31.29,
1983-09-22,31.3,,31.18,
1983-09-23,31.3,,31.23,
1983-09-26,31.22,,31.15,
1983-09-27,31.11,,31.05,
1983-09-28,30.76,,30.72,
1983-09-29,30.6,,30.56,
1983-09-30,30.36,,30.3,
1983-10-03,29.92,,29.79,
1983-10-04,30.18,,29.95,
1983-10-05,30.14,,30.07,
1983-10-06,30.26,,30.0,
1983-10-07,30.47,,30.25,
1983-10-10,30.85,,30.6,
1983-10-11,30.57,,30.35,
1983-10-12,30.52,,30.35,
1983-10-13,30.66,,30.5,
1983-10-14,30.55,,30.38,
1983-10-17,30.61,,30.43,
1983-10-18,30.68,,30.47,
1983-10-19,30.32,,30.06,
1983-10-20,30.3,,30.1,
1983-10-21,30.33,,30.1,
1983-10-24,30.44,,30.22,
1983-10-25,30.43,,30.22,
1983-10-26,30.23,,30.0,
1983-10-27,30.31,,30.05,
1983-10-28,30.26,,30.05,
1983-10-31,30.37,,30.14,
1983-11-01,30.38,,30.17,
1983-11-02,30.35,,30.16,
1983-11-03,30.42,,30.25,
1983-11-04,30.46,,30.34,
1983-11-07,30.39,,30.22,
1983-11-08,30.38,,30.2,
1983-11-09,30.38,,30.13,
1983-11-10,30.26,,29.81,
1983-11-11,30.14,,29.6,
1983-11-14,30.15,,29.54,
1983-11-15,30.17,,29.46,
1983-11-16,29.95,,29.1,
1983-11-17,28.95,,28.57,
1983-11-18,29.19,,28.8,
1983-11-21,29.14,,28.84,
1983-11-22,29.04,,28.74,
1983-11-23,29.19,,28.84,
1983-11-28,29.69,,29.45,
1983-11-29,29.39,,29.04,
1983-11-30,29.23,,28.8,
1983-12-01,29.28,,28.88,
1983-12-02,29.38,,28.92,
1983-12-05,29.3,,28.8,
1983-12-06,29.29,,28.66,
1983-12-07,29.06,,28.43,
1983-12-08,29.27,,28.77,
1983-12-09,29.31,,28.75,
1983-12-12,29.27,,28.77,
1983-12-13,29.21,,28.64,
1983-12-14,29.28,,28.62,
1983-12-15,29.11,,28.32,
1983-12-16,28.57,,27.93,
1983-12-19,28.38,,27.95,
1983-12-20,28.76,,28.34,
1983-12-21,28.88,,28.42,
1983-12-22,29.08,,28.75,
1983-12-23,29.44,,29.17,
1983-12-27,29.85,,29.6,
1983-12-28,29.98,,29.58,
1983-12-29,29.66,,29.08,
1983-12-30,29.6,,28.85,
1984-01-03,29.4,,28.63,
1984-01-04,29.5,,28.83,
1984-01-05,29.3,,28.7,
1984-01-06,29.18,,28.65,
1984-01-09,29.47,,28.89,
1984-01-10,29.45,,28.99,
1984-01-11,29.46,,28.98,
1984-01-12,29.54,,29.13,
1984-01-13,29.58,,29.31,
1984-01-16,29.72,,29.7,
1984-01-17,29.57,,29.53,
1984-01-18,29.79,,29.56,
1984-01-19,29.85,,29.58,
1984-01-20,29.89,,29.58,
1984-01-23,29.52,,29.19,
1984-01-24,29.7,,29.35,
1984-01-25,29.78,,29.43,
1984-01-26,29.95,,29.49,
1984-01-27,30.14,,29.68,
1984-01-30,29.89,,29.28,
1984-01-31,29.98,,29.52,
1984-02-01,30.3,,29.91,
1984-02-02,30.19,,29.82,
1984-02-03,30.11,,29.83,
1984-02-06,30.16,,29.83,
1984-02-07,30.04,,29.62,
1984-02-08,30.04,,29.65,
1984-02-09,29.83,,29.42,
1984-02-10,29.83,,29.42,
1984-02-13,29.63,,29.22,
1984-02-14,29.74,,29.29,
1984-02-15,29.83,,29.29,
1984-02-16,29.91,,29.44,
1984-02-17,29.9,,29.63,
1984-02-21,29.79,,29.45,
1984-02-22,29.79,,29.46,
1984-02-23,29.92,,29.61,
1984-02-24,30.1,,29.8,
1984-02-27,30.79,,30.5,
1984-02-28,30.45,,30.18,
1984-02-29,30.55,,30.27,
1984-03-01,30.73,,30.45,
1984-03-02,30.7,,30.47,
1984-03-05,30.78,,30.57,
1984-03-06,30.73,,30.47,
1984-03-07,30.75,,30.48,
1984-03-08,30.8,,30.56,
1984-03-09,30.99,,30.75,
1984-03-12,30.91,,30.69,
1984-03-13,30.86,,30.56,
1984-03-14,30.91,,30.5,
1984-03-15,30.85,,30.35,
1984-03-16,30.64,,30.16,
1984-03-19,30.49,,30.32,
1984-03-20,30.52,,30.4,
1984-03-21,30.42,,30.3,
1984-03-22,30.55,,30.31,
1984-03-23,30.61,,30.37,
1984-03-26,30.59,,30.4,
1984-03-27,30.72,,30.54,
1984-03-28,30.65,,30.45,
1984-03-29,30.86,,30.64,
1984-03-30,30.85,,30.67,
1984-04-02,30.8,,30.56,
1984-04-03,30.85,,30.64,
1984-04-04,30.81,,30.56,
1984-04-05,30.78,,30.53,
1984-04-06,30.75,,30.48,
1984-04-09,30.72,,30.46,
1984-04-10,30.78,,30.6,
1984-04-11,30.8,,30.63,
1984-04-12,30.7,,30.56,
1984-04-13,30.68,,30.54,
1984-04-16,30.69,,30.53,
1984-04-17,30.66,,30.52,
1984-04-18,30.5,,30.38,
1984-04-19,30.52,,30.4,
1984-04-23,30.57,,30.44,
1984-04-24,30.63,,30.45,
1984-04-25,30.55,,30.41,
1984-04-26,30.48,,30.36,
1984-04-27,30.43,,30.34,
1984-04-30,30.26,,30.15,
1984-05-01,30.29,,30.19,
1984-05-02,30.17,,30.14,
1984-05-03,30.16,,30.14,
1984-05-04,30.25,,30.25,
1984-05-07,30.16,,30.19,
1984-05-08,30.22,,30.22,
1984-05-09,30.34,,30.35,
1984-05-10,30.34,,30.37,
1984-05-11,30.36,,30.48,
1984-05-14,30.59,,30.73,
1984-05-15,30.6,,30.75,
1984-05-16,30.98,,31.21,
1984-05-17,30.73,,31.01,
1984-05-18,30.75,,31.15,
1984-05-21,30.93,,31.03,
1984-05-22,30.67,,30.81,
1984-05-23,30.6,,30.76,
1984-05-24,30.75,,30.88,
1984-05-25,30.88,,31.0,
1984-05-29,30.71,,30.87,
1984-05-30,30.81,,30.93,
1984-05-31,30.83,,30.82,
1984-06-01,30.7,,30.77,
1984-06-04,30.75,,30.82,
1984-06-05,30.73,,30.87,
1984-06-06,30.55,,30.7,
1984-06-07,30.4,,30.51,
1984-06-08,30.37,,30.48,
1984-06-11,30.15,,30.24,
1984-06-12,30.17,,30.26,
1984-06-13,30.1,,30.18,
1984-06-14,30.18,,30.34,
1984-06-15,30.03,,30.19,
1984-06-18,29.79,,29.92,
1984-06-19,29.87,,29.98,
1984-06-20,29.74,,29.9,
1984-06-21,29.34,,29.6,
1984-06-22,29.26,,29.56,
1984-06-25,29.55,,29.85,
1984-06-26,29.36,,29.68,
1984-06-27,29.25,,29.74,
1984-06-28,29.56,,29.9,
1984-06-29,29.75,,30.06,
1984-07-02,29.59,,29.9,
1984-07-03,29.5,,29.85,
1984-07-05,29.57,,29.91,
1984-07-06,29.65,,30.0,
1984-07-09,29.47,,29.8,
1984-07-10,29.4,,29.8,
1984-07-11,29.35,,29.79,
1984-07-12,29.08,,29.56,
1984-07-13,28.95,,29.5,
1984-07-16,28.88,,29.39,
1984-07-17,28.99,,29.4,
1984-07-18,28.82,,29.07,
1984-07-19,28.69,,28.98,
1984-07-20,28.48,,28.67,
1984-07-23,28.35,,28.54,
1984-07-24,28.15,,28.32,
1984-07-25,28.0,,28.21,
1984-07-26,27.77,,28.1,
1984-07-27,27.7,,28.02,
1984-07-30,27.64,,28.0,
1984-07-31,27.6,,28.03,
1984-08-01,28.13,,28.56,
1984-08-02,29.07,,29.45,
1984-08-03,28.78,,29.1,
1984-08-06,29.12,,29.45,
1984-08-07,29.31,,29.63,
1984-08-08,29.38,,29.73,
1984-08-09,29.35,,29.7,
1984-08-10,29.08,,29.36,
1984-08-13,29.15,,29.43,
1984-08-14,29.25,,29.57,
1984-08-15,29.19,,29.5,
1984-08-16,28.99,,29.48,
1984-08-17,29.03,,29.57,
1984-08-20,29.44,,29.76,
1984-08-21,29.69,,29.93,
1984-08-22,29.88,,30.25,
1984-08-23,29.77,,30.06,
1984-08-24,29.91,,30.21,
1984-08-27,29.86,,30.14,
1984-08-28,29.87,,30.15,
1984-08-29,29.75,,30.08,
1984-08-30,29.28,,29.76,
1984-08-31,29.23,,29.72,
1984-09-04,29.04,,29.53,
1984-09-05,28.88,,29.24,
1984-09-06,29.28,,29.7,
1984-09-07,29.22,,29.63,
1984-09-10,29.36,,29.81,
1984-09-11,29.53,,29.92,
1984-09-12,29.31,,29.71,
1984-09-13,29.35,,29.71,
1984-09-14,29.28,,29.61,
1984-09-17,29.2,,29.52,
1984-09-18,29.24,,29.63,
1984-09-19,29.62,,29.75,
1984-09-20,29.58,,29.7,
1984-09-21,29.47,,29.63,
1984-09-24,29.48,,29.65,
1984-09-25,29.55,,29.73,
1984-09-26,29.54,,29.79,
1984-09-27,29.58,,29.78,
1984-09-28,29.66,,29.87,
1984-10-01,29.69,,29.9,
1984-10-02,29.62,,29.83,
1984-10-03,29.54,,29.7,
1984-10-04,29.47,,29.62,
1984-10-05,29.4,,29.53,
1984-10-08,29.37,,29.52,
1984-10-09,29.45,,29.59,
1984-10-10,29.33,,29.46,
1984-10-11,29.28,,29.45,
1984-10-12,29.06,,29.24,
1984-10-15,28.79,,28.9,
1984-10-16,28.67,,28.79,
1984-10-17,27.85,,27.91,
1984-10-18,27.54,,27.54,
1984-10-19,27.7,,27.54,
1984-10-22,28.45,,28.17,
1984-10-23,28.36,,28.05,
1984-10-24,28.51,,28.28,
1984-10-25,28.65,,28.43,
1984-10-26,28.58,,28.33,
1984-10-29,28.41,,28.11,
1984-10-30,28.22,,27.89,
1984-10-31,28.46,,28.15,
1984-11-01,28.74,,28.43,
1984-11-02,28.65,,28.35,
1984-11-05,28.55,,28.2,
1984-11-06,28.7,,28.38,
1984-11-07,28.73,,28.47,
1984-11-08,28.68,,28.39,
1984-11-09,28.53,,28.27,
1984-11-12,28.42,,27.95,
1984-11-13,28.46,,28.04,
1984-11-14,28.44,,28.07,
1984-11-15,28.23,,27.93,
1984-11-16,28.08,,27.76,
1984-11-19,27.83,,27.49,
1984-11-20,27.85,,27.55,
1984-11-21,27.74,,27.48,
1984-11-26,27.16,,26.88,
1984-11-27,27.31,,27.03,
1984-11-28,27.32,,27.08,
1984-11-29,27.48,,27.29,
1984-11-30,27.31,,27.07,
1984-12-03,27.3,,27.06,
1984-12-04,27.52,,27.28,
1984-12-05,27.7,,27.48,
1984-12-06,27.68,,27.45,
1984-12-07,27.46,,27.18,
1984-12-10,27.45,,27.14,
1984-12-11,27.25,,27.02,
1984-12-12,26.72,,26.7,
1984-12-13,26.57,,26.79,
1984-12-14,26.45,,26.77,
1984-12-17,26.8,,26.7,
1984-12-18,26.79,,26.69,
1984-12-19,26.38,,26.18,
1984-12-20,26.33,,26.14,
1984-12-21,26.5,,26.32,
1984-12-26,26.79,,26.6,
1984-12-27,26.34,,26.07,
1984-12-28,26.41,,26.12,
1985-01-02,25.92,25.81,25.69,25.63
1985-01-03,25.84,25.79,25.68,25.65
1985-01-04,25.18,25.19,25.16,25.13
1985-01-07,25.56,25.6,25.54,25.5
1985-01-08,25.48,25.51,25.49,25.46
1985-01-09,25.43,25.43,25.36,25.37
1985-01-10,25.76,25.8,25.72,25.64
1985-01-11,25.77,25.8,25.7,25.61
1985-01-14,26.12,26.34,26.22,26.14
1985-01-15,25.91,25.89,25.8,25.75
1985-01-16,25.62,25.57,25.48,25.41
1985-01-17,25.69,25.69,25.54,25.49
1985-01-18,25.68,25.75,25.56,25.48
1985-01-21,25.97,25.76,25.62,25.58
1985-01-22,25.55,25.34,25.22,25.12
1985-01-23,25.38,25.18,25.01,24.94
1985-01-24,25.28,25.13,24.99,24.9
1985-01-25,25.25,25.08,24.91,24.82
1985-01-28,25.23,25.02,24.86,24.77
1985-01-29,25.38,25.19,25.04,24.95
1985-01-30,25.67,25.37,25.19,25.07
1985-01-31,26.41,25.83,25.63,25.55
1985-02-01,26.74,26.26,26.04,25.88
1985-02-04,26.52,26.19,25.93,25.85
1985-02-05,26.78,26.38,26.03,25.85
1985-02-06,27.07,26.68,26.19,25.93
1985-02-07,27.21,26.71,26.29,26.15
1985-02-08,27.59,26.92,26.46,26.29
1985-02-11,28.04,27.42,26.85,26.6
1985-02-12,27.36,26.56,26.0,25.79
1985-02-13,27.82,27.06,26.44,26.17
1985-02-14,27.8,27.04,26.42,26.08
1985-02-15,27.8,27.38,26.75,26.44
1985-02-19,27.29,26.7,26.42,26.23
1985-02-20,27.18,26.68,26.39,26.2
1985-02-21,27.14,26.65,26.39,26.18
1985-02-22,26.76,26.3,26.03,25.83
1985-02-25,26.44,26.05,25.77,25.58
1985-02-26,26.79,26.39,26.1,25.91
1985-02-27,26.69,26.24,25.9,25.65
1985-02-28,26.73,26.08,25.77,25.54
1985-03-01,27.2,26.61,26.29,25.98
1985-03-04,27.74,27.16,26.86,26.6
1985-03-05,27.55,27.05,26.83,26.58
1985-03-06,27.77,27.23,26.99,26.78
1985-03-07,28.08,27.59,27.33,27.1
1985-03-08,27.74,27.14,26.85,26.62
1985-03-11,27.57,26.97,26.66,26.46
1985-03-12,27.92,27.3,26.91,26.67
1985-03-13,28.06,27.46,27.03,26.74
1985-03-14,28.19,27.53,27.08,26.91
1985-03-15,28.32,27.64,27.23,26.99
1985-03-18,28.85,28.25,27.7,27.43
1985-03-19,28.8,28.19,27.66,27.3
1985-03-20,28.98,27.99,27.38,27.01
1985-03-21,28.34,27.76,27.44,27.28
1985-03-22,28.24,27.63,27.31,27.15
1985-03-25,28.09,27.5,27.23,27.07
1985-03-26,28.45,27.88,27.65,27.51
1985-03-27,28.16,27.73,27.52,27.4
1985-03-28,28.25,27.88,27.66,27.49
1985-03-29,28.29,27.81,27.62,27.36
1985-04-01,28.72,28.17,27.91,27.74
1985-04-02,28.85,28.38,28.18,27.97
1985-04-03,28.82,28.32,28.1,27.93
1985-04-04,28.9,28.38,28.17,28.01
1985-04-08,29.09,28.59,28.45,28.38
1985-04-09,29.05,28.58,28.44,28.38
1985-04-10,29.24,28.73,28.52,28.4
1985-04-11,28.94,28.28,27.96,27.79
1985-04-12,28.68,27.84,27.6,27.42
1985-04-15,29.14,28.3,27.94,27.73
1985-04-16,29.04,29.23,27.83,27.59
1985-04-17,28.95,27.9,27.4,27.15
1985-04-18,29.02,27.97,27.5,27.23
1985-04-19,29.31,28.24,27.61,27.3
1985-04-22,29.8,28.49,27.77,27.5
1985-04-23,28.32,27.61,27.28,27.07
1985-04-24,27.93,27.38,27.11,26.9
1985-04-25,27.87,27.27,27.09,26.9
1985-04-26,27.94,27.46,27.22,27.03
1985-04-29,27.66,27.12,26.91,26.8
1985-04-30,27.63,27.11,26.91,26.78
1985-05-01,27.33,26.7,26.59,26.5
1985-05-02,27.36,26.72,26.56,26.47
1985-05-03,27.29,26.66,26.52,26.49
1985-05-06,27.19,26.62,26.43,26.41
1985-05-07,27.31,26.64,26.43,26.41
1985-05-08,27.17,26.64,26.39,26.33
1985-05-09,27.58,27.02,26.71,26.62
1985-05-10,27.38,26.78,26.44,26.38
1985-05-13,27.59,27.03,26.68,26.58
1985-05-14,27.66,27.03,26.65,26.55
1985-05-15,27.79,27.05,26.59,26.44
1985-05-16,27.93,27.1,26.58,26.42
1985-05-17,27.8,26.92,26.54,26.39
1985-05-20,27.9,26.99,26.5,26.33
1985-05-21,28.0,27.14,26.61,26.43
1985-05-22,27.1,26.72,26.49,26.37
1985-05-23,27.6,27.14,26.79,26.64
1985-05-24,27.7,27.33,27.02,26.85
1985-05-28,27.57,27.19,26.94,26.76
1985-05-29,27.64,27.22,26.94,26.78
1985-05-30,27.92,27.41,27.12,26.93
1985-05-31,27.84,27.43,27.11,26.91
1985-06-03,27.48,26.93,26.62,26.44
1985-06-04,27.47,26.84,26.48,26.32
1985-06-05,27.02,26.13,25.8,25.65
1985-06-06,27.08,26.3,26.02,25.9
1985-06-07,26.92,26.15,25.82,25.67
1985-06-10,26.81,25.96,25.54,25.38
1985-06-11,26.95,26.09,25.61,25.43
1985-06-12,27.01,26.17,25.77,25.59
1985-06-13,27.41,26.51,26.05,25.83
1985-06-14,27.29,26.29,25.71,25.49
1985-06-17,27.23,26.22,25.58,25.28
1985-06-18,27.22,26.29,25.65,25.3
1985-06-19,27.3,26.58,25.97,25.55
1985-06-20,27.2,26.58,26.01,25.58
1985-06-21,26.92,26.26,25.85,25.43
1985-06-24,26.89,26.29,25.91,25.53
1985-06-25,26.75,26.13,25.74,25.44
1985-06-26,26.94,26.39,25.99,25.75
1985-06-27,27.09,26.59,26.2,25.93
1985-06-28,26.87,26.36,26.0,25.78
1985-07-01,26.68,26.08,25.69,25.4
1985-07-02,26.94,26.26,25.85,25.55
1985-07-03,26.91,26.3,25.86,25.56
1985-07-08,26.99,26.33,25.84,25.5
1985-07-09,27.45,26.84,26.33,25.9
1985-07-10,27.55,26.88,26.36,25.96
1985-07-11,27.37,26.67,26.15,25.73
1985-07-12,27.11,26.37,25.85,25.45
1985-07-15,27.31,26.4,25.86,25.51
1985-07-16,27.37,26.47,25.87,25.45
1985-07-17,27.48,26.57,25.9,25.49
1985-07-18,27.49,26.7,25.98,25.58
1985-07-19,27.4,26.68,25.98,25.55
1985-07-22,27.7,26.91,26.15,25.68
1985-07-23,27.16,26.47,25.96,25.58
1985-07-24,27.34,26.7,26.24,25.87
1985-07-25,27.31,26.76,26.28,26.0
1985-07-26,27.3,26.71,26.37,26.2
1985-07-29,27.36,26.79,26.43,26.27
1985-07-30,27.34,26.82,26.44,26.2
1985-07-31,27.12,26.46,25.97,25.66
1985-08-01,27.19,26.61,26.13,25.8
1985-08-02,27.31,26.74,26.3,25.9
1985-08-05,27.33,26.78,26.39,26.08
1985-08-06,27.26,26.69,26.36,26.09
1985-08-07,27.27,26.71,26.42,26.16
1985-08-08,27.31,26.71,26.43,26.21
1985-08-09,27.37,26.85,26.5,26.27
1985-08-12,27.58,27.15,26.82,26.57
1985-08-13,27.61,27.12,26.8,26.58
1985-08-14,27.73,27.24,26.96,26.75
1985-08-15,28.06,27.57,27.29,27.11
1985-08-16,28.03,27.54,27.25,27.02
1985-08-19,27.99,27.51,27.09,26.81
1985-08-20,28.09,27.73,27.29,27.03
1985-08-21,27.88,27.44,27.19,26.94
1985-08-22,27.97,27.55,27.26,27.01
1985-08-23,27.95,27.55,27.27,27.02
1985-08-26,28.1,27.73,27.48,27.25
1985-08-27,28.08,27.72,27.47,27.24
1985-08-28,28.1,27.76,27.46,27.24
1985-08-29,27.94,27.57,27.26,27.02
1985-08-30,28.08,27.72,27.4,27.15
1985-09-03,28.28,27.89,27.6,27.36
1985-09-04,28.27,27.79,27.45,27.22
1985-09-05,27.97,27.41,27.02,26.72
1985-09-06,27.75,27.25,26.8,26.46
1985-09-09,27.64,26.95,26.43,26.06
1985-09-10,27.89,27.18,26.71,26.35
1985-09-11,27.88,27.15,26.64,26.26
1985-09-12,28.04,27.49,27.01,26.6
1985-09-13,28.01,27.31,26.79,26.37
1985-09-16,27.92,27.27,26.68,26.23
1985-09-17,28.08,27.47,26.96,26.5
1985-09-18,28.1,27.49,26.98,26.51
1985-09-19,28.2,27.58,27.1,26.68
1985-09-20,28.72,27.96,27.47,27.01
1985-09-23,28.05,27.48,27.05,26.69
1985-09-24,28.23,27.7,27.22,26.85
1985-09-25,28.42,27.82,26.36,26.96
1985-09-26,28.9,28.39,27.84,27.42
1985-09-27,28.93,28.44,27.93,27.53
1985-09-30,29.08,28.63,28.1,27.7
1985-10-01,29.03,28.57,28.05,27.61
1985-10-02,29.26,28.83,28.31,27.83
1985-10-03,29.31,28.77,28.25,27.8
1985-10-04,29.0,28.37,27.86,27.38
1985-10-07,29.16,28.52,27.86,27.37
1985-10-08,29.27,28.62,27.96,27.47
1985-10-09,28.98,28.3,27.67,27.17
1985-10-10,28.66,27.86,27.26,26.74
1985-10-11,28.73,28.01,27.41,26.89
1985-10-14,29.06,28.45,27.83,27.32
1985-10-15,29.35,28.76,28.12,27.61
1985-10-16,29.36,28.71,28.03,27.5
1985-10-17,29.55,28.83,28.16,27.65
1985-10-18,29.52,28.72,28.03,27.5
1985-10-21,29.97,29.05,28.24,27.68
1985-10-22,30.28,28.78,27.97,27.4
1985-10-23,29.33,28.38,27.73,27.18
1985-10-24,29.59,28.66,27.98,27.39
1985-10-25,29.65,28.76,28.09,27.48
1985-10-28,30.17,29.19,28.48,27.87
1985-10-29,30.22,29.36,28.59,27.98
1985-10-30,30.12,29.2,28.44,27.75
1985-10-31,30.38,29.38,28.6,27.92
1985-11-01,30.39,29.4,28.6,27.91
1985-11-04,30.19,29.17,28.39,27.72
1985-11-05,29.96,28.86,28.1,27.46
1985-11-06,30.34,29.28,28.49,27.84
1985-11-07,30.39,29.42,28.68,28.03
1985-11-08,30.45,29.47,28.72,28.1
1985-11-11,30.69,29.75,28.99,28.36
1985-11-12,30.82,29.84,29.07,28.37
1985-11-13,31.04,29.98,29.15,28.42
1985-11-14,31.35,30.31,29.46,28.64
1985-11-15,30.97,29.85,29.0,28.23
1985-11-18,30.93,29.87,28.99,28.19
1985-11-19,31.31,30.25,29.39,28.58
1985-11-20,31.72,30.61,29.69,28.85
1985-11-21,30.82,29.99,29.19,28.54
1985-11-22,30.91,30.08,29.35,28.71
1985-11-25,31.01,30.24,29.53,28.89
1985-11-26,30.74,29.93,29.15,28.49
1985-11-27,29.75,28.94,28.16,27.5
1985-12-02,29.75,29.14,28.33,27.73
1985-12-03,29.06,28.49,27.69,27.08
1985-12-04,28.64,27.94,27.23,26.65
1985-12-05,28.88,28.11,27.46,26.91
1985-12-06,28.74,28.03,27.47,26.97
1985-12-09,27.51,27.03,26.47,25.97
1985-12-10,25.23,25.53,24.97,24.47
1985-12-11,26.78,25.79,25.19,24.72
1985-12-12,27.25,26.21,25.56,24.95
1985-12-13,27.37,26.11,25.39,24.78
1985-12-16,27.27,26.01,25.15,24.57
1985-12-17,26.42,25.09,24.27,23.7
1985-12-18,26.53,25.72,24.79,24.14
1985-12-19,26.07,25.18,24.55,24.13
1985-12-20,25.77,24.9,24.35,23.96
1985-12-23,25.57,24.68,24.13,23.74
1985-12-26,26.22,25.32,24.68,24.26
1985-12-27,26.89,25.89,25.15,24.65
1985-12-30,26.66,25.65,24.89,24.39
1985-12-31,26.3,25.29,24.5,23.95
1986-01-02,25.56,24.55,23.79,23.21
1986-01-03,25.97,25.01,24.22,23.62
1986-01-06,26.57,25.59,24.81,24.18
1986-01-07,26.2,25.2,24.38,23.75
1986-01-08,25.93,24.83,24.01,23.4
1986-01-09,25.9,24.65,23.84,23.27
1986-01-10,25.79,24.64,23.85,23.31
1986-01-13,25.08,23.72,22.99,22.64
1986-01-14,24.96,23.63,22.92,22.48
1986-01-15,25.15,23.86,23.05,22.6
1986-01-16,24.11,22.86,22.05,21.61
1986-01-17,23.55,22.6,21.9,21.6
1986-01-20,21.27,21.6,20.9,20.6
1986-01-21,20.59,20.81,20.51,20.36
1986-01-22,20.39,20.28,20.16,20.15
1986-01-23,19.82,19.88,20.17,20.28
1986-01-24,19.5,19.52,19.75,19.92
1986-01-27,20.83,20.52,20.75,20.92
1986-01-28,20.17,20.24,20.23,20.3
1986-01-29,19.66,19.71,19.79,19.84
1986-01-30,19.66,19.61,19.61,19.61
1986-01-31,18.83,18.83,18.91,18.95
1986-02-03,17.36,17.83,17.91,17.95
1986-02-04,15.44,16.33,16.41,16.45
1986-02-05,16.16,16.38,16.56,16.7
1986-02-06,16.45,16.67,16.91,17.11
1986-02-07,17.68,17.66,17.9,18.11
1986-02-10,16.78,16.74,16.81,16.9
1986-02-11,16.55,16.52,16.52,16.54
1986-02-12,15.73,15.78,15.82,15.85
1986-02-13,16.47,16.54,16.57,16.59
1986-02-14,16.01,16.23,16.34,16.36
1986-02-18,14.77,15.23,15.34,15.36
1986-02-19,15.12,15.4,15.41,15.44
1986-02-20,14.17,14.64,14.73,14.86
1986-02-21,13.53,13.73,13.9,14.07
1986-02-24,15.11,15.23,15.35,15.49
1986-02-25,14.55,14.83,15.06,15.29
1986-02-26,14.6,14.82,14.95,15.11
1986-02-27,13.95,14.25,14.46,14.68
1986-02-28,13.26,13.59,13.85,14.04
1986-03-03,12.27,12.66,12.96,13.17
1986-03-04,11.98,12.3,12.5,12.79
1986-03-05,12.09,12.32,12.47,12.67
1986-03-06,13.16,13.3,13.39,13.54
1986-03-07,12.28,12.47,12.57,12.69
1986-03-10,12.85,13.18,13.3,13.49
1986-03-11,13.1,13.41,13.64,13.84
1986-03-12,14.01,14.34,14.54,14.64
1986-03-13,12.65,13.34,13.54,13.64
1986-03-14,12.72,12.96,13.21,13.41
1986-03-17,13.2,13.57,13.76,13.95
1986-03-18,13.73,14.03,14.19,14.35
1986-03-19,13.28,13.71,13.92,14.05
1986-03-20,12.78,13.02,13.24,13.39
1986-03-21,13.94,14.17,14.28,14.44
1986-03-24,12.13,13.17,13.28,13.44
1986-03-25,12.25,12.62,12.79,12.96
1986-03-26,12.02,12.19,12.25,12.37
1986-03-27,11.44,11.61,11.75,11.89
1986-03-31,10.42,10.63,10.79,10.97
1986-04-01,11.27,11.52,11.67,11.82
1986-04-02,11.52,11.72,11.92,12.1
1986-04-03,11.75,12.0,12.18,12.36
1986-04-04,12.74,12.87,12.99,13.17
1986-04-07,14.33,13.87,13.99,14.17
1986-04-08,12.47,12.49,12.52,12.68
1986-04-09,13.0,12.96,12.97,13.04
1986-04-10,13.48,13.31,13.22,13.22
1986-04-11,13.61,13.46,13.34,13.3
1986-04-14,12.97,12.8,12.7,12.68
1986-04-15,12.7,12.52,12.41,12.46
1986-04-16,11.43,11.52,11.46,11.56
1986-04-17,11.83,11.8,11.81,11.93
1986-04-18,11.92,11.87,11.8,11.78
1986-04-21,12.57,12.26,12.12,12.06
1986-04-22,13.2,12.6,12.34,12.23
1986-04-23,13.21,12.92,12.8,12.8
1986-04-24,12.98,12.73,12.56,12.63
1986-04-25,13.39,13.19,13.04,13.1
1986-04-28,13.36,13.08,12.93,12.95
1986-04-29,13.51,13.13,12.92,12.9
1986-04-30,13.34,13.04,12.81,12.76
1986-05-01,13.81,13.48,13.23,13.16
1986-05-02,14.73,14.33,14.04,13.96
1986-05-05,14.33,13.9,13.61,13.5
1986-05-06,14.32,13.91,13.67,13.58
1986-05-07,15.21,14.77,14.49,14.36
1986-05-08,15.74,15.2,14.87,14.73
1986-05-09,15.86,15.26,14.95,14.76
1986-05-12,15.77,15.15,14.88,14.7
1986-05-13,15.89,15.21,14.85,14.7
1986-05-14,15.51,14.93,14.56,14.38
1986-05-15,15.68,15.15,14.75,14.5
1986-05-16,16.16,15.59,15.11,14.87
1986-05-19,17.16,16.51,16.03,15.73
1986-05-20,16.04,15.51,15.03,14.73
1986-05-21,14.82,14.34,14.08,13.94
1986-05-22,15.16,14.65,14.37,14.21
1986-05-23,15.59,15.02,14.69,14.5
1986-05-27,15.1,14.54,14.24,14.09
1986-05-28,14.83,14.36,14.1,14.0
1986-05-29,14.54,14.15,13.99,13.93
1986-05-30,14.3,13.9,13.7,13.66
1986-06-02,13.81,13.35,13.16,13.09
1986-06-03,13.87,13.36,13.2,13.22
1986-06-04,13.1,12.8,12.82,12.86
1986-06-05,13.23,13.14,13.16,13.19
1986-06-06,12.76,12.69,12.78,12.86
1986-06-09,12.63,12.61,12.72,12.81
1986-06-10,12.56,12.53,12.6,12.67
1986-06-11,13.49,13.42,13.46,13.5
1986-06-12,13.66,13.43,13.48,13.5
1986-06-13,13.81,13.52,13.52,13.55
1986-06-16,13.66,13.22,13.17,13.21
1986-06-17,13.74,13.24,13.15,13.14
1986-06-18,13.65,12.96,12.85,12.86
1986-06-19,13.76,13.04,12.93,12.95
1986-06-20,14.69,12.94,12.75,12.77
1986-06-23,13.0,12.8,12.77,12.81
1986-06-24,12.88,12.75,12.75,12.79
1986-06-25,13.26,13.03,13.03,13.09
1986-06-26,13.14,12.96,12.95,13.0
1986-06-27,13.4,13.3,13.27,13.32
1986-06-30,12.78,12.65,12.65,12.73
1986-07-01,12.38,12.26,12.28,12.39
1986-07-02,11.99,11.96,12.0,12.12
1986-07-07,11.19,11.16,11.27,11.44
1986-07-08,11.22,11.28,11.42,11.61
1986-07-09,10.77,10.61,10.83,11.03
1986-07-10,11.25,10.99,11.1,11.27
1986-07-11,11.13,10.54,10.65,10.78
1986-07-14,11.04,10.61,10.58,10.71
1986-07-15,12.11,11.51,11.38,11.48
1986-07-16,12.61,12.12,12.02,12.08
1986-07-17,12.4,11.48,11.41,11.46
1986-07-18,12.86,11.84,11.71,11.74
1986-07-21,13.09,12.08,11.89,11.95
1986-07-22,11.07,11.26,11.21,11.35
1986-07-23,10.85,10.86,11.05,11.25
1986-07-24,11.05,11.03,11.21,11.41
1986-07-25,10.9,10.84,10.95,11.13
1986-07-28,11.07,10.96,11.1,11.28
1986-07-29,11.41,11.4,11.53,11.66
1986-07-30,11.73,11.55,11.71,11.85
1986-07-31,11.15,11.06,11.15,11.28
1986-08-01,11.55,11.38,11.46,11.59
1986-08-04,13.29,12.38,12.46,12.59
1986-08-05,15.02,13.88,13.96,14.09
1986-08-06,14.97,14.64,14.61,14.62
1986-08-07,15.32,15.08,15.05,15.05
1986-08-08,14.83,14.65,14.52,14.49
1986-08-11,14.91,14.63,14.5,14.44
1986-08-12,15.35,15.24,15.17,15.12
1986-08-13,15.28,15.36,15.32,15.28
1986-08-14,15.42,15.48,15.46,15.43
1986-08-15,15.82,15.91,15.78,15.68
1986-08-18,15.61,15.65,15.59,15.54
1986-08-19,14.87,15.16,15.14,15.16
1986-08-20,15.26,15.56,15.52,15.54
1986-08-21,15.46,15.47,15.5,15.45
1986-08-22,15.49,15.5,15.48,15.45
1986-08-25,15.51,15.52,15.52,15.49
1986-08-26,15.83,15.79,15.75,15.67
1986-08-27,15.79,15.79,15.78,15.68
1986-08-28,15.81,15.82,15.8,15.7
1986-08-29,15.9,15.86,15.85,15.75
1986-09-02,16.46,16.45,16.34,16.15
1986-09-03,16.13,16.22,16.15,15.99
1986-09-04,16.21,16.26,16.23,16.1
1986-09-05,16.37,16.46,16.4,16.28
1986-09-08,15.62,15.63,15.56,15.43
1986-09-09,15.27,15.34,15.28,15.11
1986-09-10,14.88,14.87,14.81,14.65
1986-09-11,14.99,15.03,14.95,14.85
1986-09-12,15.06,15.09,15.04,14.9
1986-09-15,14.34,14.47,14.43,14.33
1986-09-16,13.97,14.07,14.06,14.0
1986-09-17,14.0,14.16,14.18,14.13
1986-09-18,14.56,14.72,14.79,14.71
1986-09-19,14.48,14.74,14.79,14.65
1986-09-22,13.97,14.29,14.42,14.34
1986-09-23,14.45,14.58,14.51,14.41
1986-09-24,14.57,14.7,14.63,14.53
1986-09-25,14.27,14.41,14.36,14.28
1986-09-26,14.43,14.61,14.53,14.45
1986-09-29,14.89,15.1,15.03,14.95
1986-09-30,14.77,14.93,14.85,14.8
1986-10-01,15.16,15.35,15.26,15.21
1986-10-02,15.36,15.61,15.55,15.51
1986-10-03,14.87,15.12,15.13,15.15
1986-10-06,14.82,15.12,15.17,15.19
1986-10-07,15.4,15.69,15.75,15.78
1986-10-08,15.41,15.68,15.77,15.8
1986-10-09,15.1,15.37,15.48,15.52
1986-10-10,14.93,15.14,15.24,15.26
1986-10-13,14.37,14.53,14.63,14.63
1986-10-14,14.6,14.8,14.82,14.8
1986-10-15,14.85,15.08,15.07,15.03
1986-10-16,14.53,14.79,14.79,14.76
1986-10-17,14.8,15.12,15.21,15.23
1986-10-20,15.13,15.51,15.71,15.74
1986-10-21,15.19,15.68,15.87,15.9
1986-10-22,15.19,15.44,15.52,15.52
1986-10-23,15.08,15.27,15.35,15.33
1986-10-24,15.02,15.25,15.31,15.3
1986-10-27,14.41,14.56,14.64,14.61
1986-10-28,14.13,14.33,14.4,14.37
1986-10-29,13.73,13.88,13.97,13.98
1986-10-30,15.04,14.87,14.97,14.98
1986-10-31,15.27,15.42,15.5,15.5
1986-11-03,14.71,14.98,15.12,15.17
1986-11-04,14.96,15.19,15.32,15.33
1986-11-05,14.96,15.22,15.33,15.36
1986-11-06,15.08,15.32,15.42,15.42
1986-11-07,15.17,15.32,15.32,15.32
1986-11-10,15.34,15.43,15.38,15.33
1986-11-11,15.41,15.58,15.58,15.54
1986-11-12,15.35,15.49,15.52,15.49
1986-11-13,15.51,15.67,15.68,15.65
1986-11-14,15.64,15.76,15.75,15.69
1986-11-17,15.62,15.63,15.6,15.52
1986-11-18,15.59,15.67,15.63,15.53
1986-11-19,15.48,15.62,15.6,15.51
1986-11-20,15.08,15.32,15.42,15.38
1986-11-21,15.38,15.45,15.42,15.38
1986-11-24,14.99,15.09,15.09,15.08
1986-11-25,14.95,15.04,15.04,15.03
1986-11-26,15.0,15.12,15.13,15.11
1986-12-01,15.31,15.46,15.47,15.46
1986-12-02,15.19,15.32,15.34,15.32
1986-12-03,15.12,15.23,15.25,15.22
1986-12-04,15.2,15.31,15.3,15.26
1986-12-05,15.13,15.26,15.25,15.21
1986-12-08,15.03,15.13,15.15,15.14
1986-12-09,15.0,15.1,15.1,15.09
1986-12-10,15.13,15.24,15.28,15.28
1986-12-11,15.5,15.68,15.69,15.68
1986-12-12,16.1,16.29,16.33,16.31
1986-12-15,16.36,16.58,16.68,16.66
1986-12-16,16.1,16.39,16.5,16.5
1986-12-17,15.86,16.11,16.25,16.3
1986-12-18,16.06,16.38,16.59,16.65
1986-12-19,16.21,16.39,16.54,16.61
1986-12-22,17.22,17.38,17.38,17.32
1986-12-23,16.91,17.01,16.96,16.88
1986-12-24,17.27,17.39,17.39,17.37
1986-12-29,17.65,17.8,17.8,17.75
1986-12-30,17.65,17.79,17.73,17.67
1986-12-31,17.94,17.97,17.93,17.85
1987-01-02,18.13,18.12,18.0,17.88
1987-01-05,17.95,17.87,17.72,17.56
1987-01-06,18.22,18.16,18.0,17.83
1987-01-07,18.25,18.23,18.07,17.88
1987-01-08,18.57,18.56,18.4,18.21
1987-01-09,18.77,18.77,18.6,18.39
1987-01-12,19.01,18.96,18.76,18.51
1987-01-13,18.89,18.81,18.59,18.3
1987-01-14,19.13,18.87,18.54,18.21
1987-01-15,19.14,18.81,18.5,18.19
1987-01-16,19.1,18.79,18.47,18.2
1987-01-19,18.7,18.58,18.38,18.15
1987-01-20,18.72,18.85,18.64,18.4
1987-01-21,18.69,18.52,18.32,18.09
1987-01-22,18.87,18.69,18.45,18.19
1987-01-23,18.76,18.59,18.36,18.1
1987-01-26,18.64,18.44,18.25,18.03
1987-01-27,18.47,18.36,18.17,17.95
1987-01-28,18.58,18.46,18.3,18.1
1987-01-29,18.66,18.55,18.37,18.16
1987-01-30,18.75,18.58,18.4,18.19
1987-02-02,18.54,18.42,18.3,18.12
1987-02-03,18.36,18.27,18.18,18.03
1987-02-04,18.26,18.19,18.12,17.99
1987-02-05,18.58,18.54,18.42,18.25
1987-02-06,18.44,18.4,18.31,18.18
1987-02-09,18.34,18.27,18.18,18.03
1987-02-10,18.45,18.34,18.25,18.07
1987-02-11,18.06,17.88,17.86,17.74
1987-02-12,17.98,17.91,17.82,17.7
1987-02-13,17.85,17.79,17.73,17.63
1987-02-17,17.79,17.66,17.58,17.51
1987-02-18,17.4,17.29,17.21,17.15
1987-02-19,17.44,17.31,17.22,17.15
1987-02-20,17.77,17.64,17.55,17.44
1987-02-23,17.08,16.98,16.89,16.83
1987-02-24,16.73,16.64,16.56,16.51
1987-02-25,16.4,16.39,16.31,16.29
1987-02-26,16.78,16.7,16.61,16.57
1987-02-27,16.6,16.49,16.41,16.38
1987-03-02,16.39,16.36,16.31,16.28
1987-03-03,17.35,17.29,17.22,17.16
1987-03-04,17.51,17.45,17.39,17.31
1987-03-05,17.75,17.69,17.61,17.52
1987-03-06,18.13,17.99,17.85,17.73
1987-03-09,18.04,17.93,17.78,17.62
1987-03-10,18.12,18.0,17.85,17.67
1987-03-11,18.35,18.15,17.92,17.68
1987-03-12,18.39,18.21,17.99,17.78
1987-03-13,18.36,18.17,17.94,17.73
1987-03-16,18.64,18.39,18.11,17.88
1987-03-17,18.87,18.51,18.22,17.99
1987-03-18,18.69,18.18,17.9,17.66
1987-03-19,18.6,18.36,18.11,17.87
1987-03-20,18.67,18.31,18.08,17.86
1987-03-23,18.27,18.05,17.85,17.72
1987-03-24,18.71,18.35,18.12,17.97
1987-03-25,18.47,18.17,17.97,17.84
1987-03-26,18.63,18.31,18.1,17.95
1987-03-27,18.62,18.35,18.13,17.97
1987-03-30,18.69,18.44,18.24,18.08
1987-03-31,18.83,18.53,18.3,18.15
1987-04-01,18.78,18.48,18.27,18.14
1987-04-02,18.91,18.57,18.32,18.19
1987-04-03,18.7,18.39,18.14,18.02
1987-04-06,18.67,18.34,18.07,17.94
1987-04-07,18.84,18.49,18.19,18.04
1987-04-08,18.65,18.3,18.05,17.9
1987-04-09,18.59,18.25,17.99,17.84
1987-04-10,18.11,17.7,17.5,17.41
1987-04-13,18.01,17.71,17.53,17.47
1987-04-14,17.98,17.68,17.5,17.45
1987-04-15,18.47,18.13,17.94,17.84
1987-04-16,18.64,18.11,17.83,17.71
1987-04-20,18.65,18.15,17.84,17.67
1987-04-21,19.03,18.4,18.05,17.84
1987-04-22,18.39,18.02,17.8,17.69
1987-04-23,18.59,18.32,18.09,17.97
1987-04-24,18.68,18.36,18.1,17.96
1987-04-27,18.83,18.45,18.19,18.0
1987-04-28,18.84,18.49,18.25,18.09
1987-04-29,18.6,18.3,18.09,17.95
1987-04-30,18.73,18.38,18.13,17.97
1987-05-01,18.83,18.49,18.23,18.05
1987-05-04,18.92,18.64,18.35,18.17
1987-05-05,19.05,18.71,18.45,18.29
1987-05-06,19.23,18.88,18.68,18.56
1987-05-07,19.13,18.82,18.7,18.63
1987-05-08,19.26,18.94,18.84,18.71
1987-05-11,19.41,19.11,19.0,18.93
1987-05-12,19.27,18.93,18.8,18.74
1987-05-13,19.41,19.01,18.81,18.72
1987-05-14,19.56,19.15,18.92,18.81
1987-05-15,19.8,19.32,19.05,18.93
1987-05-18,19.89,19.29,19.0,18.85
1987-05-19,19.87,19.32,19.0,18.85
1987-05-20,19.03,18.74,18.63,18.59
1987-05-21,19.24,18.96,18.82,18.76
1987-05-22,19.35,19.02,18.85,18.76
1987-05-26,19.42,19.12,18.98,18.89
1987-05-27,19.37,19.08,18.94,18.86
1987-05-28,19.26,18.98,18.88,18.82
1987-05-29,19.38,19.14,19.0,18.9
1987-06-01,19.56,19.22,19.06,18.96
1987-06-02,19.69,19.31,19.13,19.03
1987-06-03,19.86,19.47,19.28,19.18
1987-06-04,19.81,19.43,19.27,19.2
1987-06-05,19.79,19.49,19.33,19.27
1987-06-08,19.9,19.69,19.56,19.53
1987-06-09,19.82,19.63,19.54,19.49
1987-06-10,19.82,19.65,19.55,19.49
1987-06-11,19.85,19.57,19.45,19.39
1987-06-12,19.91,19.64,19.5,19.44
1987-06-15,20.06,19.77,19.59,19.49
1987-06-16,20.27,19.87,19.68,19.58
1987-06-17,20.39,19.86,19.6,19.49
1987-06-18,20.52,19.9,19.63,19.51
1987-06-19,20.66,20.0,19.75,19.62
1987-06-22,20.48,19.56,19.31,19.17
1987-06-23,19.57,19.31,19.17,19.1
1987-06-24,19.4,19.18,19.08,19.02
1987-06-25,19.64,19.34,19.18,19.11
1987-06-26,20.24,19.97,19.85,19.77
1987-06-29,20.35,20.17,20.12,20.08
1987-06-30,20.29,20.09,20.05,20.05
1987-07-01,20.48,20.17,20.08,20.05
1987-07-02,20.61,20.27,20.14,20.09
1987-07-06,20.93,20.5,20.32,20.24
1987-07-07,20.74,20.38,20.24,20.17
1987-07-08,20.88,20.49,20.32,20.24
1987-07-09,21.23,20.72,20.49,20.39
1987-07-10,21.33,20.82,20.57,20.45
1987-07-13,21.4,20.81,20.57,20.45
1987-07-14,21.58,21.0,20.72,20.6
1987-07-15,22.15,21.35,20.99,20.83
1987-07-16,22.34,21.61,21.25,21.07
1987-07-17,22.39,21.8,21.43,21.28
1987-07-20,22.2,21.88,21.56,21.43
1987-07-21,21.7,21.47,21.19,21.03
1987-07-22,21.55,21.25,21.11,21.02
1987-07-23,21.23,20.95,20.81,20.73
1987-07-24,20.57,20.32,20.22,20.16
1987-07-27,20.49,20.19,20.09,20.0
1987-07-28,21.32,21.01,20.82,20.69
1987-07-29,21.44,21.07,20.9,20.75
1987-07-30,21.36,21.05,20.89,20.75
1987-07-31,21.37,21.03,20.85,20.71
1987-08-03,22.16,21.77,21.48,21.28
1987-08-04,21.97,21.6,21.28,21.07
1987-08-05,21.29,20.98,20.79,20.65
1987-08-06,21.14,20.92,20.78,20.68
1987-08-07,20.99,20.75,20.61,20.53
1987-08-10,20.73,20.49,20.4,20.34
1987-08-11,20.99,20.74,20.61,20.5
1987-08-12,20.99,20.71,20.57,20.46
1987-08-13,20.77,20.52,20.38,20.29
1987-08-14,20.57,20.29,20.15,20.08
1987-08-17,19.83,19.68,19.64,19.61
1987-08-18,19.9,19.71,19.63,19.59
1987-08-19,19.63,19.44,19.35,19.33
1987-08-20,19.42,19.14,19.04,19.03
1987-08-21,18.9,18.79,18.79,18.79
1987-08-24,18.6,18.53,18.56,18.59
1987-08-25,18.64,18.54,18.57,18.6
1987-08-26,19.46,19.31,19.29,19.27
1987-08-27,19.64,19.42,19.33,19.3
1987-08-28,19.39,19.17,19.1,19.07
1987-08-31,19.73,19.5,19.43,19.38
1987-09-01,19.63,19.42,19.34,19.3
1987-09-02,19.64,19.45,19.39,19.36
1987-09-03,19.5,19.34,19.3,19.29
1987-09-04,19.32,19.12,19.1,19.08
1987-09-08,18.94,18.8,18.76,18.76
1987-09-09,19.38,19.22,19.17,19.14
1987-09-10,19.67,19.46,19.39,19.34
1987-09-11,19.4,19.18,19.07,19.02
1987-09-14,19.61,19.37,19.22,19.15
1987-09-15,19.7,19.39,19.2,19.11
1987-09-16,19.73,19.39,19.2,19.11
1987-09-17,19.56,19.16,19.01,18.96
1987-09-18,19.55,19.2,19.04,18.97
1987-09-21,19.73,19.42,19.26,19.2
1987-09-22,19.25,19.3,19.16,19.1
1987-09-23,19.68,19.56,19.49,19.45
1987-09-24,19.65,19.45,19.35,19.3
1987-09-25,19.46,19.31,19.21,19.16
1987-09-28,19.45,19.32,19.23,19.18
1987-09-29,19.54,19.43,19.33,19.28
1987-09-30,19.59,19.48,19.38,19.32
1987-10-01,19.62,19.53,19.44,19.38
1987-10-02,19.86,19.77,19.7,19.64
1987-10-05,19.82,19.73,19.64,19.56
1987-10-06,19.44,19.35,19.27,19.2
1987-10-07,19.66,19.56,19.48,19.41
1987-10-08,19.59,19.49,19.39,19.31
1987-10-09,19.7,19.55,19.41,19.32
1987-10-12,19.65,19.51,19.39,19.3
1987-10-13,19.7,19.58,19.47,19.39
1987-10-14,19.77,19.65,19.55,19.47
1987-10-15,19.75,19.71,19.62,19.54
1987-10-16,20.22,20.22,20.19,20.13
1987-10-19,19.8,19.91,19.87,19.81
1987-10-20,19.87,19.84,19.8,19.74
1987-10-21,20.05,20.0,19.95,19.9
1987-10-22,20.2,20.15,20.08,20.02
1987-10-23,20.16,20.06,19.98,19.91
1987-10-26,19.99,19.86,19.77,19.69
1987-10-27,20.12,19.93,19.78,19.66
1987-10-28,20.08,19.9,19.75,19.63
1987-10-29,19.97,19.81,19.66,19.55
1987-10-30,19.96,19.84,19.71,19.61
1987-11-02,19.62,19.51,19.41,19.33
1987-11-03,19.49,19.34,19.23,19.15
1987-11-04,19.07,18.97,18.86,18.78
1987-11-05,18.98,18.92,18.86,18.8
1987-11-06,18.8,18.71,18.67,18.62
1987-11-09,18.63,18.57,18.52,18.48
1987-11-10,18.94,18.88,18.8,18.75
1987-11-11,18.9,18.83,18.74,18.69
1987-11-12,18.91,18.83,18.75,18.69
1987-11-13,18.93,18.81,18.7,18.63
1987-11-16,18.65,18.55,18.47,18.42
1987-11-17,18.4,18.37,18.32,18.3
1987-11-18,18.64,18.59,18.59,18.57
1987-11-19,18.57,18.46,18.39,18.36
1987-11-20,18.93,18.56,18.47,18.44
1987-11-23,18.78,18.67,18.61,18.54
1987-11-24,18.71,18.61,18.56,18.51
1987-11-25,18.62,18.52,18.5,18.46
1987-11-30,18.51,18.34,18.3,18.26
1987-12-01,18.46,18.32,18.24,18.2
1987-12-02,18.56,18.37,18.29,18.23
1987-12-03,18.87,18.58,18.46,18.38
1987-12-04,18.74,18.43,18.29,18.22
1987-12-07,18.25,17.99,17.86,17.82
1987-12-08,18.08,17.78,17.63,17.57
1987-12-09,18.55,18.07,17.89,17.8
1987-12-10,18.51,18.16,18.03,17.95
1987-12-11,18.31,17.99,17.86,17.8
1987-12-14,17.44,17.07,16.95,16.89
1987-12-15,16.63,16.41,16.31,16.28
1987-12-16,15.96,15.73,15.67,15.64
1987-12-17,15.84,15.71,15.59,15.55
1987-12-18,15.58,15.4,15.21,15.18
1987-12-21,15.16,15.4,15.21,15.16
1987-12-22,16.61,16.21,16.16,16.13
1987-12-23,16.64,16.52,16.46,16.42
1987-12-24,16.52,16.43,16.39,16.35
1987-12-28,16.42,16.33,16.26,16.22
1987-12-29,16.93,16.77,16.67,16.59
1987-12-30,16.89,16.74,16.63,16.55
1987-12-31,16.7,16.59,16.49,16.4
1988-01-04,17.69,17.48,17.35,17.23
1988-01-05,17.85,17.66,17.52,17.4
1988-01-06,17.82,17.61,17.47,17.36
1988-01-07,17.39,17.17,17.03,16.91
1988-01-08,17.31,17.14,17.02,16.91
1988-01-11,16.75,16.63,16.51,16.41
1988-01-12,16.63,16.47,16.34,16.25
1988-01-13,16.59,16.4,16.28,16.18
1988-01-14,17.21,17.04,16.94,16.83
1988-01-15,16.95,16.77,16.65,16.56
1988-01-18,17.33,17.3,17.17,17.07
1988-01-19,17.35,17.28,17.2,17.11
1988-01-20,17.25,17.42,17.32,17.21
1988-01-21,17.18,17.03,16.89,16.77
1988-01-22,17.01,16.88,16.74,16.62
1988-01-25,17.09,16.96,16.84,16.73
1988-01-26,17.04,16.97,16.86,16.76
1988-01-27,16.71,16.66,16.58,16.5
1988-01-28,16.96,16.91,16.8,16.69
1988-01-29,16.94,16.84,16.74,16.64
1988-02-01,16.82,16.73,16.65,16.55
1988-02-02,16.94,16.84,16.75,16.65
1988-02-03,17.14,17.05,16.96,16.86
1988-02-04,17.14,17.06,16.97,16.87
1988-02-05,17.28,17.21,17.12,17.02
1988-02-08,17.66,17.56,17.45,17.33
1988-02-09,17.42,17.36,17.28,17.17
1988-02-10,17.13,17.09,17.04,16.94
1988-02-11,17.11,17.11,17.06,16.97
1988-02-12,16.75,16.73,16.71,16.63
1988-02-16,16.67,16.66,16.61,16.51
1988-02-17,16.61,16.59,16.53,16.44
1988-02-18,16.45,16.4,16.34,16.26
1988-02-19,16.7,16.66,16.57,16.49
1988-02-22,16.62,16.48,16.37,16.28
1988-02-23,16.6,16.49,16.4,16.31
1988-02-24,16.46,16.36,16.29,16.21
1988-02-25,15.92,15.81,15.76,15.71
1988-02-26,15.78,15.71,15.66,15.61
1988-02-29,16.01,15.93,15.87,15.81
1988-03-01,15.72,15.67,15.63,15.59
1988-03-02,15.67,15.57,15.54,15.51
1988-03-03,15.5,15.42,15.38,15.34
1988-03-04,15.59,15.53,15.49,15.45
1988-03-07,15.37,15.35,15.31,15.28
1988-03-08,15.45,15.41,15.38,15.36
1988-03-09,15.49,15.45,15.42,15.4
1988-03-10,16.0,15.95,15.93,15.9
1988-03-11,16.29,16.18,16.15,16.12
1988-03-14,15.59,15.48,15.46,15.43
1988-03-15,15.68,15.57,15.55,15.52
1988-03-16,16.0,15.88,15.81,15.77
1988-03-17,16.28,16.12,15.99,15.92
1988-03-18,16.58,16.27,16.14,16.07
1988-03-21,16.49,16.31,16.19,16.12
1988-03-22,16.09,16.37,16.29,16.23
1988-03-23,16.86,16.76,16.69,16.63
1988-03-24,16.96,16.82,16.74,16.67
1988-03-25,17.03,16.92,16.85,16.79
1988-03-28,17.1,16.98,16.92,16.86
1988-03-29,16.98,16.86,16.8,16.74
1988-03-30,17.08,16.97,16.9,16.83
1988-03-31,17.08,16.98,16.91,16.84
1988-04-04,17.01,16.9,16.83,16.76
1988-04-05,16.79,16.68,16.61,16.54
1988-04-06,16.81,16.69,16.63,16.57
1988-04-07,17.06,16.95,16.88,16.81
1988-04-08,16.88,16.76,16.68,16.61
1988-04-11,17.89,17.74,17.62,17.51
1988-04-12,18.09,17.95,17.82,17.7
1988-04-13,18.12,17.98,17.88,17.78
1988-04-14,18.3,18.21,18.11,18.01
1988-04-15,18.37,18.29,18.18,18.08
1988-04-18,18.52,18.55,18.44,18.34
1988-04-19,18.03,18.14,18.05,17.95
1988-04-20,17.74,17.98,17.91,17.83
1988-04-21,18.36,18.27,18.19,18.13
1988-04-22,18.3,18.23,18.15,18.09
1988-04-25,18.4,18.34,18.27,18.21
1988-04-26,18.6,18.55,18.46,18.39
1988-04-27,18.27,18.22,18.15,18.09
1988-04-28,17.98,17.97,17.89,17.84
1988-04-29,17.99,17.94,17.89,17.84
1988-05-02,17.14,17.13,17.12,17.09
1988-05-03,17.37,17.4,17.4,17.37
1988-05-04,17.2,17.3,17.35,17.35
1988-05-05,17.39,17.46,17.47,17.44
1988-05-06,17.74,17.75,17.73,17.69
1988-05-09,17.54,17.63,17.63,17.6
1988-05-10,17.46,17.61,17.65,17.63
1988-05-11,17.49,17.64,17.7,17.7
1988-05-12,17.48,17.62,17.71,17.73
1988-05-13,17.49,17.66,17.73,17.73
1988-05-16,17.66,17.87,17.96,17.97
1988-05-17,17.76,17.9,17.95,17.95
1988-05-18,17.43,17.63,17.71,17.75
1988-05-19,17.45,17.7,17.84,17.91
1988-05-20,17.17,17.7,17.87,17.96
1988-05-23,17.35,17.52,17.66,17.74
1988-05-24,17.4,17.56,17.66,17.73
1988-05-25,17.37,17.56,17.67,17.73
1988-05-26,17.54,17.76,17.88,17.94
1988-05-27,17.43,17.67,17.78,17.84
1988-05-31,17.51,17.71,17.81,17.86
1988-06-01,17.58,17.72,17.77,17.79
1988-06-02,17.65,17.83,17.89,17.92
1988-06-03,17.5,17.68,17.76,17.8
1988-06-06,17.26,17.37,17.41,17.43
1988-06-07,17.37,17.45,17.47,17.48
1988-06-08,17.33,17.4,17.43,17.44
1988-06-09,17.07,17.12,17.13,17.15
1988-06-10,16.73,16.81,16.78,16.8
1988-06-13,16.43,16.57,16.62,16.65
1988-06-14,16.83,16.93,17.0,17.04
1988-06-15,16.53,16.62,16.65,16.68
1988-06-16,16.66,16.78,16.82,16.87
1988-06-17,16.45,16.57,16.63,16.7
1988-06-20,16.0,16.27,16.39,16.51
1988-06-21,15.89,16.36,16.5,16.62
1988-06-22,16.44,16.59,16.72,16.8
1988-06-23,16.37,16.59,16.77,16.88
1988-06-24,16.01,16.27,16.48,16.61
1988-06-27,15.86,16.1,16.3,16.42
1988-06-28,15.78,15.98,16.16,16.28
1988-06-29,15.43,15.61,15.78,15.9
1988-06-30,15.16,15.32,15.45,15.57
1988-07-01,14.94,15.14,15.27,15.38
1988-07-05,15.09,15.3,15.41,15.51
1988-07-06,15.36,15.55,15.69,15.81
1988-07-07,15.83,15.98,16.14,16.28
1988-07-08,15.46,15.63,15.79,15.95
1988-07-11,14.78,14.93,15.06,15.22
1988-07-12,14.72,14.86,14.96,15.1
1988-07-13,14.44,14.61,14.71,14.86
1988-07-14,14.76,14.94,15.07,15.22
1988-07-15,14.86,14.97,15.08,15.21
1988-07-18,15.7,15.89,15.95,16.02
1988-07-19,15.23,15.63,15.77,15.86
1988-07-20,15.66,16.05,16.23,16.33
1988-07-21,16.39,16.54,16.64,16.73
1988-07-22,16.38,16.48,16.55,16.62
1988-07-25,16.05,16.1,16.16,16.22
1988-07-26,15.96,16.04,16.09,16.2
1988-07-27,16.16,16.25,16.35,16.45
1988-07-28,16.15,16.24,16.34,16.43
1988-07-29,16.31,16.44,16.55,16.64
1988-08-01,16.08,16.2,16.3,16.4
1988-08-02,15.61,15.65,15.8,15.95
1988-08-03,15.26,15.36,15.47,15.6
1988-08-04,15.03,15.18,15.31,15.45
1988-08-05,15.26,15.49,15.61,15.73
1988-08-08,15.87,16.06,16.17,16.33
1988-08-09,15.68,15.86,15.98,16.11
1988-08-10,15.71,15.86,15.94,16.0
1988-08-11,15.76,15.93,16.07,16.17
1988-08-12,15.52,15.67,15.83,16.08
1988-08-15,15.61,15.81,15.95,16.12
1988-08-16,15.49,15.7,15.81,15.97
1988-08-17,15.47,15.66,15.78,15.93
1988-08-18,15.57,15.71,15.82,15.94
1988-08-19,15.73,15.85,15.95,16.06
1988-08-22,15.76,15.91,15.99,16.09
1988-08-23,15.7,15.78,15.85,15.85
1988-08-24,15.68,15.72,15.79,15.79
1988-08-25,15.31,15.31,15.41,15.45
1988-08-26,15.34,15.37,15.45,15.45
1988-08-29,15.22,15.25,15.31,15.34
1988-08-30,15.27,15.33,15.43,15.47
1988-08-31,15.18,15.19,15.23,15.26
1988-09-01,15.08,15.09,15.11,15.14
1988-09-02,14.79,14.8,14.82,14.85
1988-09-06,14.24,14.25,14.3,14.35
1988-09-07,14.16,14.2,14.26,14.34
1988-09-08,14.48,14.45,14.46,14.52
1988-09-09,14.18,14.05,14.05,14.08
1988-09-12,14.49,14.31,14.31,14.34
1988-09-13,14.56,14.43,14.42,14.44
1988-09-14,15.4,15.14,15.06,15.03
1988-09-15,14.9,14.69,14.59,14.56
1988-09-16,14.57,14.36,14.26,14.24
1988-09-19,14.73,14.38,14.28,14.24
1988-09-20,15.04,14.37,14.24,14.18
1988-09-21,14.56,14.35,14.27,14.24
1988-09-22,14.65,14.4,14.33,14.32
1988-09-23,14.18,13.94,13.86,13.86
1988-09-26,14.2,13.97,13.9,13.9
1988-09-27,14.14,13.84,13.76,13.75
1988-09-28,14.11,13.78,13.68,13.66
1988-09-29,13.92,13.63,13.54,13.52
1988-09-30,13.37,13.02,12.96,12.95
1988-10-03,13.06,12.74,12.66,12.66
1988-10-04,13.07,12.87,12.85,12.9
1988-10-05,12.6,12.46,12.49,12.57
1988-10-06,12.66,12.37,12.35,12.42
1988-10-07,12.94,12.65,12.62,12.68
1988-10-10,13.6,13.29,13.2,13.2
1988-10-11,13.55,13.2,13.12,13.12
1988-10-12,14.11,13.74,13.61,13.55
1988-10-13,14.21,13.8,13.63,13.56
1988-10-14,14.92,14.44,14.24,14.16
1988-10-17,15.21,14.67,14.45,14.38
1988-10-18,14.61,14.04,13.79,13.71
1988-10-19,15.4,14.82,14.57,14.49
1988-10-20,14.6,14.46,14.38,14.38
1988-10-21,14.37,14.36,14.36,14.41
1988-10-24,13.17,13.36,13.36,13.41
1988-10-25,13.26,13.26,13.31,13.38
1988-10-26,13.41,13.45,13.5,13.57
1988-10-27,13.68,13.69,13.72,13.79
1988-10-28,13.85,13.87,13.91,13.98
1988-10-31,13.58,13.56,13.59,13.66
1988-11-01,13.44,13.41,13.41,13.48
1988-11-02,13.75,13.68,13.65,13.71
1988-11-03,13.9,13.75,13.74,13.79
1988-11-04,14.04,13.8,13.77,13.78
1988-11-07,14.06,13.91,13.91,13.93
1988-11-08,13.8,13.77,13.78,13.83
1988-11-09,13.86,13.86,13.85,13.89
1988-11-10,13.98,13.95,13.94,13.97
1988-11-11,13.95,13.87,13.83,13.87
1988-11-14,14.27,14.14,14.05,14.07
1988-11-15,13.9,13.79,13.69,13.75
1988-11-16,13.67,13.55,13.41,13.43
1988-11-17,13.29,12.86,12.72,12.7
1988-11-18,13.6,12.91,12.78,12.74
1988-11-21,12.98,12.79,12.77,12.77
1988-11-22,13.86,13.75,13.69,13.69
1988-11-23,13.97,13.91,13.85,13.85
1988-11-28,15.03,14.91,14.85,14.85
1988-11-29,14.92,14.83,14.82,14.84
1988-11-30,15.32,15.14,15.07,15.05
1988-12-01,15.61,15.35,15.26,15.21
1988-12-02,15.64,15.39,15.3,15.25
1988-12-05,15.34,15.01,14.94,14.9
1988-12-06,15.46,15.13,15.03,14.98
1988-12-07,15.74,15.46,15.36,15.3
1988-12-08,15.44,15.2,15.1,15.04
1988-12-09,15.84,15.6,15.46,15.38
1988-12-12,16.06,15.72,15.54,15.43
1988-12-13,16.0,15.5,15.28,15.16
1988-12-14,16.37,15.89,15.67,15.54
1988-12-15,16.35,15.74,15.43,15.26
1988-12-16,16.72,16.05,15.66,15.5
1988-12-19,16.31,15.82,15.43,15.31
1988-12-20,17.73,16.15,15.75,15.53
1988-12-21,16.3,15.89,15.62,15.5
1988-12-22,16.49,16.07,15.82,15.7
1988-12-23,16.61,16.22,15.99,15.89
1988-12-27,16.95,16.53,16.25,16.12
1988-12-28,16.97,16.46,16.14,15.96
1988-12-29,16.77,16.24,15.91,15.73
1988-12-30,17.24,16.69,16.25,16.0
1989-01-03,17.36,16.76,16.38,16.18
1989-01-04,17.08,16.58,16.28,16.1
1989-01-05,17.42,16.89,16.54,16.32
1989-01-06,17.55,16.95,16.59,16.38
1989-01-09,17.72,17.07,16.7,16.48
1989-01-10,17.69,17.03,16.68,16.47
1989-01-11,18.14,17.39,16.97,16.71
1989-01-12,18.17,17.48,17.06,16.8
1989-01-13,18.48,17.68,17.16,16.84
1989-01-16,18.88,17.95,17.37,16.98
1989-01-17,18.95,18.08,17.55,17.21
1989-01-18,19.26,18.71,18.34,18.11
1989-01-19,19.28,18.71,18.22,17.94
1989-01-20,18.86,18.39,17.88,17.62
1989-01-23,17.33,16.9,16.72,16.55
1989-01-24,17.54,17.14,16.97,16.8
1989-01-25,18.12,17.61,17.34,17.15
1989-01-26,17.72,17.19,16.9,16.71
1989-01-27,17.74,17.17,16.87,16.67
1989-01-30,17.29,16.81,16.59,16.4
1989-01-31,17.03,16.6,16.4,16.23
1989-02-01,17.51,17.19,16.99,16.81
1989-02-02,17.73,17.37,17.14,16.9
1989-02-03,17.53,17.05,16.77,16.52
1989-02-06,17.38,16.89,16.58,16.31
1989-02-07,17.7,17.21,16.9,16.61
1989-02-08,17.49,16.99,16.69,16.42
1989-02-09,17.39,16.92,16.64,16.41
1989-02-10,17.11,16.57,16.33,16.15
1989-02-13,17.59,17.0,16.67,16.43
1989-02-14,17.42,16.81,16.45,16.19
1989-02-15,18.25,17.47,16.98,16.68
1989-02-16,18.33,17.6,17.12,16.83
1989-02-17,18.56,17.73,17.27,16.96
1989-02-21,18.59,17.63,17.14,16.87
1989-02-22,17.84,17.39,17.11,16.89
1989-02-23,17.83,17.39,17.11,16.88
1989-02-24,18.07,17.58,17.26,17.02
1989-02-27,18.14,17.65,17.33,17.07
1989-02-28,18.15,17.66,17.36,17.1
1989-03-01,18.28,17.79,17.46,17.2
1989-03-02,18.72,18.12,17.74,17.46
1989-03-03,18.56,17.93,17.52,17.24
1989-03-06,18.67,18.09,17.72,17.44
1989-03-07,18.3,17.79,17.44,17.18
1989-03-08,18.54,18.1,17.8,17.55
1989-03-09,18.52,18.08,17.77,17.52
1989-03-10,18.5,18.09,17.76,17.5
1989-03-13,19.03,18.63,18.2,17.9
1989-03-14,19.29,18.8,18.36,18.01
1989-03-15,19.77,19.19,18.72,18.33
1989-03-16,19.84,19.24,18.78,18.41
1989-03-17,20.33,19.48,18.91,18.51
1989-03-20,19.51,19.34,18.84,18.47
1989-03-21,20.05,19.49,19.08,18.74
1989-03-22,20.04,19.46,19.06,18.72
1989-03-23,20.15,19.58,19.18,18.82
1989-03-27,20.53,20.0,19.58,19.17
1989-03-28,19.91,19.33,18.91,18.52
1989-03-29,20.2,19.61,19.18,18.78
1989-03-30,20.81,20.17,19.7,19.29
1989-03-31,20.19,19.5,19.03,18.6
1989-04-03,19.95,19.24,18.72,18.29
1989-04-04,20.42,19.65,19.06,18.56
1989-04-05,19.99,19.17,18.53,18.01
1989-04-06,19.8,18.98,18.45,18.0
1989-04-07,20.02,19.21,18.7,18.29
1989-04-10,20.59,19.72,19.1,18.58
1989-04-11,20.63,19.74,19.08,18.54
1989-04-12,20.64,19.74,19.08,18.56
1989-04-13,20.29,19.38,18.68,18.2
1989-04-14,20.69,19.86,19.16,18.65
1989-04-17,21.22,20.29,19.53,18.95
1989-04-18,21.51,20.34,19.58,18.98
1989-04-19,22.61,20.81,19.86,19.18
1989-04-20,24.65,21.28,20.06,19.34
1989-04-21,21.32,20.17,19.49,19.0
1989-04-24,20.61,19.38,18.72,18.25
1989-04-25,21.41,19.86,18.99,18.43
1989-04-26,21.19,19.53,18.69,18.14
1989-04-27,20.92,19.34,18.54,18.03
1989-04-28,20.42,19.34,18.76,18.4
1989-05-01,20.66,19.45,18.88,18.52
1989-05-02,19.8,18.72,18.18,17.88
1989-05-03,20.1,19.14,18.58,18.3
1989-05-04,20.58,19.55,18.88,18.46
1989-05-05,20.02,19.06,18.45,18.09
1989-05-08,19.44,18.48,18.0,17.71
1989-05-09,19.76,18.75,18.22,17.87
1989-05-10,19.52,18.53,18.06,17.77
1989-05-11,20.06,18.83,18.24,17.88
1989-05-12,20.09,18.82,18.19,17.83
1989-05-15,20.51,18.99,18.24,17.83
1989-05-16,20.7,19.18,18.43,18.02
1989-05-17,20.13,18.68,18.04,17.65
1989-05-18,20.2,18.8,18.18,17.78
1989-05-19,20.6,18.74,18.15,17.78
1989-05-22,20.93,18.61,17.83,17.48
1989-05-23,19.04,18.16,17.71,17.46
1989-05-24,19.66,18.78,18.32,18.02
1989-05-25,19.48,18.64,18.26,18.0
1989-05-26,19.52,18.72,18.36,18.13
1989-05-30,19.95,18.96,18.48,18.15
1989-05-31,19.9,18.91,18.39,18.05
1989-06-01,19.81,18.94,18.45,18.09
1989-06-02,20.14,19.35,18.89,18.57
1989-06-05,20.52,19.74,19.29,18.96
1989-06-06,20.46,19.71,19.29,18.94
1989-06-07,19.67,18.96,18.57,18.29
1989-06-08,20.0,19.18,18.77,18.44
1989-06-09,19.88,18.85,18.41,18.14
1989-06-12,19.26,18.25,17.78,17.53
1989-06-13,19.34,18.18,17.63,17.33
1989-06-14,20.23,18.7,17.83,17.5
1989-06-15,20.57,18.96,18.08,17.67
1989-06-16,19.95,18.58,17.81,17.46
1989-06-19,20.86,18.96,17.99,17.53
1989-06-20,19.53,18.88,18.03,17.56
1989-06-21,19.31,18.46,18.01,17.72
1989-06-22,19.3,18.57,18.11,17.82
1989-06-23,19.71,18.95,18.51,18.2
1989-06-26,20.25,19.42,18.87,18.51
1989-06-27,20.48,19.63,19.07,18.7
1989-06-28,20.03,19.26,18.75,18.41
1989-06-29,20.26,19.45,18.92,18.57
1989-06-30,20.27,19.5,18.95,18.58
1989-07-05,20.79,19.89,19.27,18.86
1989-07-06,20.3,19.35,18.77,18.39
1989-07-07,20.75,19.6,18.97,18.54
1989-07-10,20.36,19.45,18.83,18.41
1989-07-11,20.53,19.55,18.91,18.5
1989-07-12,20.15,19.3,18.8,18.43
1989-07-13,20.35,19.64,19.21,18.86
1989-07-14,20.32,19.57,19.09,18.8
1989-07-17,20.45,19.92,19.49,19.2
1989-07-18,20.34,19.72,19.22,18.93
1989-07-19,19.85,19.55,19.13,18.82
1989-07-20,19.9,19.68,19.25,18.99
1989-07-21,19.51,19.19,18.98,18.83
1989-07-24,18.74,18.45,18.31,18.22
1989-07-25,18.54,18.32,18.23,18.16
1989-07-26,18.3,18.16,18.13,18.13
1989-07-27,18.12,18.02,18.0,18.03
1989-07-28,17.93,17.89,17.9,17.91
1989-07-31,18.31,18.21,18.14,18.11
1989-08-01,18.03,17.92,17.89,17.84
1989-08-02,18.28,18.08,18.0,17.94
1989-08-03,18.21,17.91,17.87,17.8
1989-08-04,18.03,17.7,17.66,17.61
1989-08-07,17.91,17.64,17.6,17.56
1989-08-08,18.12,17.85,17.73,17.67
1989-08-09,18.21,17.97,17.88,17.82
1989-08-10,18.59,18.29,18.17,18.1
1989-08-11,18.48,18.18,18.05,17.96
1989-08-14,18.58,18.22,18.02,17.9
1989-08-15,18.68,18.29,18.07,17.96
1989-08-16,18.97,18.49,18.25,18.13
1989-08-17,18.68,18.39,18.18,18.08
1989-08-18,18.8,18.43,18.23,18.11
1989-08-21,19.08,18.64,18.43,18.3
1989-08-22,19.08,18.69,18.5,18.39
1989-08-23,18.8,18.59,18.45,18.33
1989-08-24,18.61,18.4,18.25,18.15
1989-08-25,18.51,18.29,18.18,18.09
1989-08-28,18.64,18.41,18.31,18.2
1989-08-29,18.64,18.39,18.28,18.17
1989-08-30,18.83,18.63,18.51,18.4
1989-08-31,18.83,18.71,18.62,18.53
1989-09-01,18.85,18.72,18.61,18.5
1989-09-05,19.05,18.89,18.75,18.64
1989-09-06,19.28,19.08,18.94,18.8
1989-09-07,19.41,19.12,18.93,18.77
1989-09-08,19.75,19.41,19.22,18.99
1989-09-11,19.76,19.44,19.26,19.06
1989-09-12,19.7,19.37,19.18,18.99
1989-09-13,19.86,19.47,19.24,19.01
1989-09-14,19.72,19.34,19.11,18.89
1989-09-15,19.96,19.6,19.34,19.1
1989-09-18,19.88,19.6,19.29,19.04
1989-09-19,19.56,19.39,19.14,18.92
1989-09-20,19.64,19.68,19.46,19.26
1989-09-21,19.62,19.47,19.27,19.13
1989-09-22,19.28,19.12,18.99,18.86
1989-09-25,19.46,19.32,19.21,19.08
1989-09-26,19.53,19.42,19.28,19.15
1989-09-27,19.59,19.51,19.39,19.27
1989-09-28,19.86,19.67,19.51,19.37
1989-09-29,20.13,19.87,19.68,19.52
1989-10-02,20.01,19.77,19.58,19.42
1989-10-03,20.13,19.95,19.73,19.54
1989-10-04,20.15,19.93,19.7,19.49
1989-10-05,19.96,19.77,19.55,19.36
1989-10-06,19.87,19.68,19.45,19.27
1989-10-09,20.02,19.85,19.6,19.42
1989-10-10,20.17,20.0,19.75,19.56
1989-10-11,20.25,20.07,19.82,19.61
1989-10-12,20.47,20.33,20.07,19.87
1989-10-13,20.89,20.53,20.19,19.96
1989-10-16,20.59,20.31,19.96,19.74
1989-10-17,20.75,20.45,20.13,19.92
1989-10-18,20.56,20.25,19.96,19.76
1989-10-19,20.42,20.42,20.18,19.95
1989-10-20,19.98,20.15,19.95,19.75
1989-10-23,19.76,19.59,19.44,19.3
1989-10-24,19.72,19.55,19.41,19.28
1989-10-25,19.62,19.52,19.42,19.33
1989-10-26,19.38,19.28,19.18,19.09
1989-10-27,19.77,19.57,19.42,19.3
1989-10-30,19.72,19.47,19.28,19.14
1989-10-31,19.94,19.65,19.44,19.28
1989-11-01,20.07,19.78,19.58,19.42
1989-11-02,20.01,19.71,19.53,19.38
1989-11-03,20.21,19.87,19.68,19.52
1989-11-06,20.1,19.79,19.61,19.46
1989-11-07,20.02,19.79,19.6,19.46
1989-11-08,19.87,19.68,19.52,19.39
1989-11-09,19.92,19.78,19.68,19.57
1989-11-10,19.84,19.67,19.56,19.44
1989-11-13,19.59,19.49,19.38,19.27
1989-11-14,19.5,19.42,19.32,19.22
1989-11-15,19.67,19.52,19.36,19.24
1989-11-16,19.86,19.76,19.6,19.44
1989-11-17,19.91,19.83,19.67,19.49
1989-11-20,19.99,19.83,19.65,19.5
1989-11-21,19.96,19.78,19.58,19.41
1989-11-22,19.82,19.68,19.5,19.33
1989-11-24,19.82,19.7,19.55,19.38
1989-11-27,19.63,19.45,19.31,19.16
1989-11-28,19.25,19.04,18.88,18.74
1989-11-29,19.4,19.16,18.95,18.81
1989-11-30,19.89,19.67,19.47,19.31
1989-12-01,20.3,20.09,19.91,19.7
1989-12-04,20.25,20.08,19.9,19.72
1989-12-05,20.34,20.18,20.01,19.84
1989-12-06,20.47,20.28,20.11,19.94
1989-12-07,20.51,20.3,20.12,19.92
1989-12-08,20.48,20.32,20.17,19.98
1989-12-11,20.7,20.51,20.32,20.13
1989-12-12,20.65,20.41,20.18,19.94
1989-12-13,20.77,20.45,20.17,19.93
1989-12-14,20.65,20.34,20.07,19.84
1989-12-15,21.1,20.67,20.37,20.02
1989-12-18,22.22,21.43,20.88,20.45
1989-12-19,22.33,21.28,20.79,20.4
1989-12-20,21.21,20.69,20.32,20.07
1989-12-21,21.52,21.05,20.68,20.41
1989-12-22,21.29,20.78,20.41,20.14
1989-12-26,21.91,21.41,20.99,20.67
1989-12-27,21.78,21.4,21.05,20.74
1989-12-28,21.5,21.15,20.82,20.52
1989-12-29,21.82,21.49,21.16,20.83
1990-01-02,22.89,22.41,22.03,21.64
1990-01-03,23.68,22.97,22.48,22.05
1990-01-04,23.41,22.53,22.02,21.57
1990-01-05,23.08,22.03,21.45,20.99
1990-01-08,21.62,21.03,20.61,20.25
1990-01-09,22.07,21.23,20.78,20.42
1990-01-10,22.9,21.99,21.46,21.04
1990-01-11,23.14,22.17,21.62,21.16
1990-01-12,23.13,22.13,21.51,21.02
1990-01-15,22.36,21.49,20.95,20.53
1990-01-16,22.78,21.73,21.11,20.63
1990-01-17,22.1,21.26,20.7,20.3
1990-01-18,22.76,21.59,20.97,20.5
1990-01-19,23.67,22.08,21.37,20.85
1990-01-22,22.55,21.77,21.15,20.75
1990-01-23,21.6,21.02,20.63,20.26
1990-01-24,21.59,20.92,20.53,20.18
1990-01-25,22.24,21.41,20.97,20.6
1990-01-26,22.56,21.67,21.23,20.88
1990-01-29,22.8,22.01,21.56,21.18
1990-01-30,22.46,21.77,21.39,21.04
1990-01-31,22.68,21.93,21.51,21.16
1990-02-01,22.7,21.87,21.5,21.16
1990-02-02,23.02,22.31,21.94,21.59
1990-02-05,22.39,21.73,21.38,21.04
1990-02-06,22.51,21.83,21.46,21.1
1990-02-07,22.32,21.68,21.38,21.08
1990-02-08,22.09,21.65,21.37,21.09
1990-02-09,21.74,21.56,21.4,21.2
1990-02-12,22.03,21.84,21.66,21.44
1990-02-13,21.9,21.82,21.76,21.54
1990-02-14,22.07,21.95,21.81,21.61
1990-02-15,22.84,22.43,22.24,22.04
1990-02-16,22.42,22.25,22.04,21.83
1990-02-20,22.19,22.14,21.93,21.7
1990-02-21,21.74,21.6,21.4,21.13
1990-02-22,21.75,21.73,21.59,21.32
1990-02-23,21.42,21.47,21.42,21.21
1990-02-26,21.79,21.88,21.86,21.7
1990-02-27,21.58,21.65,21.64,21.52
1990-02-28,21.54,21.56,21.53,21.38
1990-03-01,21.17,21.25,21.24,21.1
1990-03-02,21.35,21.37,21.34,21.17
1990-03-05,21.58,21.69,21.7,21.55
1990-03-06,21.3,21.48,21.52,21.39
1990-03-07,20.93,21.17,21.29,21.25
1990-03-08,20.78,21.01,21.11,21.07
1990-03-09,20.43,20.65,20.81,20.78
1990-03-12,20.24,20.4,20.49,20.46
1990-03-13,20.22,20.39,20.51,20.48
1990-03-14,20.05,20.32,20.45,20.46
1990-03-15,20.38,20.68,20.8,20.8
1990-03-16,20.07,20.38,20.58,20.65
1990-03-19,19.6,19.96,20.29,20.47
1990-03-20,19.28,19.77,20.05,20.24
1990-03-21,19.96,20.2,20.36,20.43
1990-03-22,20.0,20.19,20.25,20.23
1990-03-23,20.39,20.5,20.5,20.43
1990-03-26,20.46,20.55,20.55,20.46
1990-03-27,20.48,20.66,20.67,20.6
1990-03-28,20.08,20.37,20.52,20.52
1990-03-29,20.03,20.34,20.5,20.53
1990-03-30,20.28,20.57,20.69,20.73
1990-04-02,20.48,20.8,20.98,21.03
1990-04-03,20.3,20.63,20.83,20.91
1990-04-04,19.78,20.18,20.5,20.66
1990-04-05,19.43,19.77,20.05,20.23
1990-04-06,19.15,19.56,19.86,20.08
1990-04-09,18.44,18.95,19.35,19.66
1990-04-10,17.68,18.34,18.84,19.23
1990-04-11,18.06,18.72,19.07,19.43
1990-04-12,17.78,18.51,19.01,19.34
1990-04-16,17.85,18.67,19.26,19.57
1990-04-17,17.44,18.39,19.06,19.46
1990-04-18,16.96,18.09,18.74,19.12
1990-04-19,18.06,18.87,19.41,19.68
1990-04-20,17.95,18.82,19.31,19.56
1990-04-23,19.07,19.51,19.74,19.92
1990-04-24,19.0,19.47,19.7,19.91
1990-04-25,18.66,19.17,19.48,19.71
1990-04-26,18.47,19.08,19.44,19.68
1990-04-27,18.54,19.2,19.53,19.77
1990-04-30,18.54,19.27,19.67,19.97
1990-05-01,18.81,19.52,19.9,20.17
1990-05-02,18.68,19.31,19.72,20.01
1990-05-03,17.99,18.58,19.07,19.43
1990-05-04,17.98,18.59,19.1,19.48
1990-05-07,18.27,18.86,19.29,19.64
1990-05-08,18.28,18.89,19.27,19.56
1990-05-09,18.99,19.44,19.67,19.84
1990-05-10,19.02,19.48,19.69,19.84
1990-05-11,18.95,19.34,19.58,19.78
1990-05-14,19.71,19.98,20.07,20.18
1990-05-15,19.59,19.92,20.03,20.15
1990-05-16,19.03,19.52,19.8,20.01
1990-05-17,18.87,19.57,19.9,20.11
1990-05-18,18.73,19.42,19.78,20.0
1990-05-21,18.26,19.04,19.43,19.69
1990-05-22,17.68,18.92,19.42,19.72
1990-05-23,18.14,18.77,19.2,19.57
1990-05-24,17.83,18.57,19.06,19.49
1990-05-25,17.8,18.52,19.05,19.5
1990-05-29,17.98,18.58,19.08,19.58
1990-05-30,18.08,18.64,19.13,19.62
1990-05-31,17.4,18.04,18.63,19.21
1990-06-01,17.5,18.1,18.66,19.19
1990-06-04,17.14,17.77,18.26,18.76
1990-06-05,16.68,17.39,17.86,18.31
1990-06-06,16.92,17.57,17.97,18.39
1990-06-07,16.67,17.31,17.75,18.2
1990-06-08,16.78,17.45,17.93,18.38
1990-06-11,16.82,17.43,17.88,18.32
1990-06-12,17.51,18.07,18.45,18.8
1990-06-13,17.58,18.19,18.6,18.93
1990-06-14,17.13,17.84,18.42,18.83
1990-06-15,16.62,17.59,18.12,18.55
1990-06-18,15.94,16.95,17.63,18.1
1990-06-19,15.65,16.92,17.58,18.08
1990-06-20,15.3,16.75,17.49,18.02
1990-06-21,16.94,17.54,18.02,18.39
1990-06-22,17.46,17.99,18.42,18.75
1990-06-25,17.38,17.95,18.37,18.67
1990-06-26,17.14,17.81,18.29,18.6
1990-06-27,16.68,17.41,18.0,18.37
1990-06-28,17.15,17.87,18.42,18.74
1990-06-29,17.07,17.72,18.26,18.58
1990-07-02,16.72,17.42,17.94,18.27
1990-07-03,16.8,17.44,17.9,18.23
1990-07-05,16.5,17.24,17.8,18.16
1990-07-06,16.47,17.2,17.74,18.11
1990-07-09,16.58,17.37,17.9,18.29
1990-07-10,16.94,17.71,18.23,18.6
1990-07-11,17.47,18.18,18.63,18.96
1990-07-12,18.46,19.18,19.63,19.96
1990-07-13,18.36,19.35,19.78,20.09
1990-07-16,18.67,19.85,20.33,20.57
1990-07-17,18.65,19.77,20.31,20.56
1990-07-18,18.55,19.61,20.26,20.57
1990-07-19,18.99,19.86,20.31,20.56
1990-07-20,19.61,20.06,20.42,20.62
1990-07-23,20.5,20.91,21.1,21.19
1990-07-24,20.56,21.02,21.2,21.33
1990-07-25,20.38,20.89,21.11,21.23
1990-07-26,20.3,21.0,21.31,21.44
1990-07-27,20.04,20.86,21.27,21.58
1990-07-30,20.21,20.97,21.46,21.84
1990-07-31,20.69,21.22,21.62,21.91
1990-08-01,21.54,22.1,22.42,22.48
1990-08-02,23.11,23.1,23.42,23.48
1990-08-03,24.49,24.38,24.35,24.22
1990-08-06,28.05,25.38,25.35,25.22
1990-08-07,28.31,26.88,26.85,26.71
1990-08-08,25.96,25.56,25.28,24.95
1990-08-09,25.67,25.36,24.98,24.58
1990-08-10,26.23,26.05,25.61,25.06
1990-08-13,,25.36,24.98,24.58
1990-08-14,26.42,26.33,25.86,25.43
1990-08-15,26.46,26.36,25.81,25.42
1990-08-16,27.36,27.28,26.59,26.12
1990-08-17,28.63,28.28,27.48,26.94
1990-08-20,28.56,28.59,27.96,27.48
1990-08-21,28.41,28.71,28.14,27.56
1990-08-22,31.22,29.14,28.56,28.07
1990-08-23,31.93,30.64,30.06,29.57
1990-08-24,30.91,30.06,29.22,28.58
1990-08-27,26.91,28.06,27.22,26.58
1990-08-28,27.88,27.4,26.84,26.27
1990-08-29,25.92,25.82,25.51,25.14
1990-08-30,26.77,26.54,26.13,25.65
1990-08-31,27.32,27.06,26.57,26.1
1990-09-04,29.12,28.56,28.07,27.47
1990-09-05,29.77,29.32,28.71,28.05
1990-09-06,31.43,30.87,30.15,29.35
1990-09-07,30.04,29.42,28.72,27.97
1990-09-10,31.3,30.49,29.68,28.88
1990-09-11,30.76,29.87,28.88,28.05
1990-09-12,30.97,30.21,29.25,28.47
1990-09-13,31.07,30.59,29.62,28.8
1990-09-14,31.76,31.16,30.13,29.18
1990-09-17,33.63,32.16,31.13,30.18
1990-09-18,33.41,32.67,31.66,30.6
1990-09-19,33.18,32.97,31.86,30.68
1990-09-20,34.71,33.42,32.32,31.15
1990-09-21,35.43,33.32,32.15,31.05
1990-09-24,38.25,34.82,33.65,32.55
1990-09-25,37.53,36.07,34.75,33.5
1990-09-26,38.67,37.13,35.54,34.14
1990-09-27,39.54,38.13,36.57,35.19
1990-09-28,39.51,38.31,36.75,35.4
1990-10-01,37.09,37.31,35.75,34.4
1990-10-02,33.95,35.81,34.25,32.9
1990-10-03,37.32,36.17,34.82,33.64
1990-10-04,36.93,35.82,34.38,33.14
1990-10-05,37.99,36.87,35.36,34.04
1990-10-08,38.95,37.77,36.3,34.95
1990-10-09,40.4,38.77,37.3,35.95
1990-10-10,38.69,37.3,35.85,34.46
1990-10-11,40.42,38.8,37.3,35.8
1990-10-12,39.69,38.1,36.62,35.19
1990-10-15,37.95,36.54,35.09,33.75
1990-10-16,38.89,37.45,35.97,34.62
1990-10-17,36.72,35.95,34.47,33.12
1990-10-18,36.8,35.41,33.95,32.67
1990-10-19,33.79,33.41,31.95,30.67
1990-10-22,28.38,30.41,28.95,27.67
1990-10-23,29.37,28.24,27.19,26.29
1990-10-24,31.08,30.19,29.09,28.14
1990-10-25,34.25,32.19,31.09,30.14
1990-10-26,33.01,31.87,30.54,29.44
1990-10-29,34.68,33.38,31.88,30.68
1990-10-30,34.54,33.3,31.8,30.55
1990-10-31,35.23,33.97,32.44,31.16
1990-11-01,35.17,34.0,32.4,31.05
1990-11-02,34.0,33.02,31.5,30.2
1990-11-05,31.96,32.02,30.5,29.2
1990-11-06,32.63,31.59,30.16,28.91
1990-11-07,35.31,33.09,31.66,30.41
1990-11-08,35.53,34.37,32.87,31.47
1990-11-09,33.89,32.91,31.48,30.11
1990-11-12,31.87,31.41,30.16,28.94
1990-11-13,33.12,32.17,30.92,29.62
1990-11-14,31.16,30.74,29.8,28.72
1990-11-15,31.12,30.64,29.88,28.98
1990-11-16,29.78,29.59,28.99,28.19
1990-11-19,31.5,30.72,29.74,28.74
1990-11-20,28.91,28.27,27.49,26.71
1990-11-21,29.63,28.77,27.94,27.11
1990-11-23,31.9,30.27,29.44,28.61
1990-11-26,32.95,31.83,30.58,29.33
1990-11-27,32.86,31.92,30.69,29.47
1990-11-28,33.28,32.35,31.13,29.88
1990-11-29,32.91,32.04,30.72,29.42
1990-11-30,28.85,30.54,29.22,27.92
1990-12-03,29.15,28.57,27.66,26.71
1990-12-04,30.66,29.88,28.96,27.96
1990-12-05,27.29,26.89,26.14,25.39
1990-12-06,26.4,25.95,25.24,24.54
1990-12-07,26.58,26.16,25.39,24.67
1990-12-10,26.9,26.52,25.74,24.95
1990-12-11,26.41,25.88,25.18,24.41
1990-12-12,25.35,24.66,24.1,23.35
1990-12-13,26.42,25.6,24.83,24.03
1990-12-14,26.55,25.67,24.76,23.91
1990-12-17,27.05,26.21,25.25,24.33
1990-12-18,27.86,26.92,25.81,24.81
1990-12-19,26.93,26.13,25.18,24.4
1990-12-20,26.39,25.54,24.62,23.83
1990-12-21,25.92,25.19,24.31,23.56
1990-12-26,27.22,26.27,25.25,24.35
1990-12-27,27.01,26.14,25.21,24.34
1990-12-28,27.57,26.89,25.87,24.98
1990-12-31,28.44,27.8,26.71,25.8
1991-01-02,26.49,25.9,25.21,24.3
1991-01-03,25.48,24.87,24.26,23.56
1991-01-04,24.9,24.22,23.63,23.03
1991-01-07,27.65,26.82,25.13,24.53
1991-01-08,27.17,26.3,25.46,24.71
1991-01-09,27.26,26.61,25.77,24.97
1991-01-10,27.71,26.69,25.67,24.77
1991-01-11,27.29,26.24,25.24,24.36
1991-01-14,30.78,29.69,26.74,25.86
1991-01-15,30.07,29.05,27.31,25.96
1991-01-16,32.0,30.29,27.95,26.35
1991-01-17,21.44,20.63,20.13,19.83
1991-01-18,19.25,18.99,18.78,18.63
1991-01-21,21.3,20.32,19.77,19.42
1991-01-22,24.18,21.88,21.0,20.37
1991-01-23,22.04,21.02,20.27,19.75
1991-01-24,21.71,20.63,19.84,19.32
1991-01-25,21.35,20.45,19.68,19.16
1991-01-28,20.96,20.16,19.51,19.06
1991-01-29,21.85,20.89,20.15,19.65
1991-01-30,20.97,20.16,19.48,19.0
1991-01-31,21.54,20.65,19.9,19.38
1991-02-01,21.34,20.4,19.65,19.15
1991-02-04,21.14,20.18,19.52,19.09
1991-02-05,20.66,19.77,19.21,18.79
1991-02-06,21.49,20.37,19.64,19.12
1991-02-07,21.22,19.92,19.19,18.71
1991-02-08,21.92,20.41,19.44,18.89
1991-02-11,22.47,20.96,20.02,19.39
1991-02-12,22.93,21.14,20.18,19.51
1991-02-13,22.56,20.77,19.78,19.05
1991-02-14,22.32,20.49,19.59,18.91
1991-02-15,20.88,18.94,18.09,17.6
1991-02-19,20.07,18.79,17.94,17.48
1991-02-20,20.48,19.55,18.57,18.07
1991-02-21,18.5,17.84,17.51,17.38
1991-02-22,17.91,17.52,17.35,17.35
1991-02-25,17.94,17.55,17.4,17.37
1991-02-26,18.37,18.01,17.79,17.7
1991-02-27,18.86,18.5,18.19,18.05
1991-02-28,19.16,18.76,18.42,18.24
1991-03-01,19.38,19.11,18.84,18.67
1991-03-04,20.25,19.88,19.54,19.3
1991-03-05,20.43,20.02,19.67,19.39
1991-03-06,19.73,19.51,19.24,19.02
1991-03-07,19.42,19.16,18.85,18.64
1991-03-08,19.31,19.02,18.8,18.6
1991-03-11,18.99,18.58,18.4,18.25
1991-03-12,19.68,19.31,19.04,18.86
1991-03-13,20.45,20.02,19.64,19.35
1991-03-14,20.27,19.79,19.4,19.1
1991-03-15,20.01,19.42,19.0,18.7
1991-03-18,19.76,19.0,18.63,18.37
1991-03-19,20.61,19.88,19.4,19.1
1991-03-20,20.38,20.05,19.53,19.22
1991-03-21,20.49,19.93,19.56,19.34
1991-03-22,20.1,19.69,19.37,19.16
1991-03-25,19.62,19.25,18.97,18.79
1991-03-26,19.76,19.45,19.18,19.0
1991-03-27,19.41,19.18,19.02,18.92
1991-03-28,19.63,19.48,19.37,19.29
1991-04-01,19.29,19.2,19.12,19.09
1991-04-02,19.7,19.6,19.5,19.44
1991-04-03,19.47,19.39,19.3,19.25
1991-04-04,19.98,19.86,19.69,19.57
1991-04-05,19.96,19.77,19.53,19.36
1991-04-08,20.31,20.05,19.78,19.58
1991-04-09,20.26,20.05,19.81,19.64
1991-04-10,21.05,20.73,20.41,20.19
1991-04-11,20.89,20.48,20.17,19.94
1991-04-12,21.48,20.97,20.53,20.25
1991-04-15,21.91,21.43,20.99,20.7
1991-04-16,21.64,21.24,20.85,20.59
1991-04-17,21.71,21.3,20.91,20.65
1991-04-18,21.08,20.74,20.45,20.28
1991-04-19,21.13,20.93,20.66,20.52
1991-04-22,21.62,21.32,20.99,20.8
1991-04-23,20.88,20.69,20.51,20.37
1991-04-24,20.94,20.75,20.55,20.4
1991-04-25,21.15,20.93,20.73,20.57
1991-04-26,21.28,21.04,20.81,20.64
1991-04-29,21.26,21.03,20.79,20.62
1991-04-30,20.96,20.73,20.57,20.42
1991-05-01,21.25,21.0,20.8,20.65
1991-05-02,21.17,20.91,20.71,20.56
1991-05-03,21.37,21.14,20.92,20.77
1991-05-06,21.68,21.46,21.23,21.04
1991-05-07,21.63,21.41,21.18,21.0
1991-05-08,21.78,21.66,21.47,21.31
1991-05-09,21.93,21.83,21.68,21.56
1991-05-10,21.27,21.21,21.18,21.14
1991-05-13,20.91,20.96,20.98,20.97
1991-05-14,20.74,20.87,20.9,20.91
1991-05-15,20.92,21.0,21.11,21.14
1991-05-16,20.89,20.99,21.21,21.35
1991-05-17,21.18,21.21,21.34,21.45
1991-05-20,21.37,21.29,21.37,21.46
1991-05-21,21.4,21.06,21.19,21.28
1991-05-22,20.83,20.91,21.02,21.14
1991-05-23,21.02,21.04,21.13,21.22
1991-05-24,21.19,21.22,21.28,21.34
1991-05-28,21.33,21.34,21.37,21.41
1991-05-29,21.11,21.15,21.2,21.25
1991-05-30,21.32,21.42,21.51,21.56
1991-05-31,21.13,21.23,21.31,21.36
1991-06-03,21.13,21.22,21.29,21.34
1991-06-04,21.02,21.08,21.15,21.2
1991-06-05,20.47,20.58,20.7,20.78
1991-06-06,20.33,20.42,20.58,20.7
1991-06-07,20.28,20.36,20.51,20.63
1991-06-10,19.84,19.96,20.15,20.31
1991-06-11,19.96,20.07,20.25,20.42
1991-06-12,20.05,19.96,20.36,20.31
1991-06-13,19.71,19.82,20.07,20.31
1991-06-14,19.67,19.8,20.04,20.27
1991-06-17,19.94,19.98,20.15,20.34
1991-06-18,20.13,20.07,20.1,20.22
1991-06-19,19.99,19.88,19.91,20.01
1991-06-20,20.15,20.17,20.17,20.22
1991-06-21,20.23,20.21,20.25,20.28
1991-06-24,19.98,19.99,20.05,20.11
1991-06-25,20.05,20.09,20.15,20.22
1991-06-26,20.08,20.08,20.13,20.2
1991-06-27,20.48,20.46,20.48,20.52
1991-06-28,20.56,20.54,20.52,20.52
1991-07-01,20.76,20.67,20.61,20.61
1991-07-02,20.82,20.73,20.65,20.63
1991-07-03,20.67,20.58,20.49,20.47
1991-07-05,20.89,20.78,20.65,20.57
1991-07-08,21.24,21.11,20.96,20.84
1991-07-09,21.29,21.17,21.05,20.95
1991-07-10,21.43,21.34,21.25,21.14
1991-07-11,21.29,21.17,21.05,20.95
1991-07-12,21.72,21.58,21.43,21.27
1991-07-15,21.47,21.31,21.21,21.1
1991-07-16,21.65,21.51,21.34,21.19
1991-07-17,22.14,22.01,21.76,21.59
1991-07-18,21.94,21.83,21.63,21.47
1991-07-19,22.16,22.17,21.98,21.81
1991-07-22,21.72,21.87,21.76,21.63
1991-07-23,21.32,21.24,21.19,21.09
1991-07-24,21.52,21.43,21.36,21.26
1991-07-25,21.46,21.34,21.23,21.11
1991-07-26,21.48,21.36,21.24,21.12
1991-07-29,21.35,21.26,21.19,21.1
1991-07-30,21.42,21.4,21.34,21.28
1991-07-31,21.68,21.64,21.54,21.43
1991-08-01,21.27,21.19,21.15,21.06
1991-08-02,21.32,21.29,21.22,21.12
1991-08-05,21.47,21.41,21.33,21.23
1991-08-06,21.37,21.3,21.22,21.12
1991-08-07,21.36,21.3,21.23,21.13
1991-08-08,21.58,21.48,21.35,21.2
1991-08-09,21.62,21.51,21.39,21.24
1991-08-12,21.69,21.59,21.49,21.34
1991-08-13,21.58,21.53,21.45,21.32
1991-08-14,21.27,21.28,21.27,21.25
1991-08-15,21.44,21.43,21.41,21.37
1991-08-16,21.3,21.28,21.26,21.22
1991-08-19,22.47,22.43,22.25,22.14
1991-08-20,22.27,22.4,22.28,22.11
1991-08-21,21.55,21.48,21.38,21.24
1991-08-22,21.72,21.62,21.52,21.4
1991-08-23,21.81,21.7,21.57,21.44
1991-08-26,21.97,21.87,21.73,21.59
1991-08-27,21.98,21.88,21.77,21.65
1991-08-28,21.74,21.66,21.58,21.47
1991-08-29,21.97,21.88,21.76,21.64
1991-08-30,22.26,22.14,22.0,21.85
1991-09-03,22.24,22.12,21.97,21.82
1991-09-04,21.81,21.72,21.63,21.51
1991-09-05,21.69,21.64,21.56,21.45
1991-09-06,21.57,21.55,21.5,21.41
1991-09-09,21.33,21.3,21.27,21.19
1991-09-10,21.41,21.38,21.34,21.24
1991-09-11,21.64,21.59,21.51,21.4
1991-09-12,21.53,21.49,21.4,21.28
1991-09-13,21.68,21.64,21.55,21.41
1991-09-16,21.82,21.72,21.63,21.49
1991-09-17,21.62,21.54,21.45,21.31
1991-09-18,21.84,21.76,21.65,21.49
1991-09-19,21.76,21.66,21.57,21.42
1991-09-20,21.97,21.79,21.68,21.52
1991-09-23,22.07,21.92,21.74,21.55
1991-09-24,22.19,22.1,21.92,21.73
1991-09-25,22.21,22.1,21.93,21.74
1991-09-26,22.21,22.08,21.9,21.71
1991-09-27,22.32,22.23,22.02,21.81
1991-09-30,22.23,22.13,21.98,21.78
1991-10-01,22.22,22.13,21.98,21.8
1991-10-02,22.33,22.24,22.09,21.9
1991-10-03,22.67,22.54,22.38,22.17
1991-10-04,22.61,22.47,22.3,22.09
1991-10-07,22.98,22.83,22.62,22.39
1991-10-08,22.99,22.82,22.62,22.4
1991-10-09,23.16,22.98,22.74,22.5
1991-10-10,22.98,22.81,22.6,22.38
1991-10-11,23.09,22.94,22.73,22.5
1991-10-14,23.46,23.25,23.01,22.75
1991-10-15,23.86,23.56,23.27,22.97
1991-10-16,23.67,23.43,23.15,22.88
1991-10-17,23.93,23.66,23.36,23.06
1991-10-18,24.14,23.87,23.56,23.24
1991-10-21,24.04,23.93,23.63,23.32
1991-10-22,23.48,23.65,23.44,23.17
1991-10-23,23.26,23.05,22.82,22.54
1991-10-24,23.49,23.24,23.0,22.71
1991-10-25,23.12,22.91,22.67,22.38
1991-10-28,23.21,23.02,22.78,22.5
1991-10-29,23.11,22.93,22.7,22.44
1991-10-30,23.11,22.92,22.69,22.43
1991-10-31,23.37,23.15,22.89,22.61
1991-11-01,23.82,23.58,23.25,22.92
1991-11-04,23.8,23.57,23.24,22.9
1991-11-05,23.78,23.6,23.29,22.95
1991-11-06,23.4,23.27,23.08,22.79
1991-11-07,23.2,23.06,22.84,22.57
1991-11-08,23.01,22.87,22.65,22.39
1991-11-11,22.58,22.44,22.22,21.98
1991-11-12,22.5,22.38,22.13,21.89
1991-11-13,22.35,22.22,21.96,21.71
1991-11-14,22.52,22.37,22.11,21.86
1991-11-15,22.79,22.67,22.41,22.14
1991-11-18,22.4,22.25,22.02,21.78
1991-11-19,22.0,21.98,21.81,21.61
1991-11-20,22.22,21.99,21.84,21.65
1991-11-21,21.78,21.63,21.45,21.27
1991-11-22,21.21,21.08,20.9,20.78
1991-11-25,21.42,21.23,21.04,20.91
1991-11-26,21.02,20.85,20.68,20.58
1991-11-27,21.35,21.21,21.02,20.91
1991-11-29,21.48,21.31,21.1,20.97
1991-12-02,21.08,20.97,20.8,20.68
1991-12-03,20.51,20.44,20.3,20.21
1991-12-04,20.76,20.68,20.53,20.43
1991-12-05,20.39,20.32,20.18,20.09
1991-12-06,20.04,20.01,19.93,19.87
1991-12-09,19.42,19.41,19.39,19.39
1991-12-10,19.41,19.46,19.46,19.47
1991-12-11,19.51,19.58,19.58,19.59
1991-12-12,19.96,19.94,19.89,19.87
1991-12-13,20.05,20.05,19.95,19.89
1991-12-16,19.76,19.74,19.68,19.61
1991-12-17,19.45,19.41,19.38,19.37
1991-12-18,19.39,19.33,19.31,19.31
1991-12-19,19.13,19.12,19.13,19.15
1991-12-20,18.52,18.57,18.66,18.71
1991-12-23,18.78,18.8,18.9,18.95
1991-12-24,18.97,18.99,19.11,19.16
1991-12-26,18.5,18.53,18.63,18.7
1991-12-27,18.76,18.78,18.77,18.82
1991-12-30,18.65,18.64,18.7,18.75
1991-12-31,19.12,19.12,19.19,19.23
1992-01-02,19.49,19.49,19.49,19.49
1992-01-03,19.23,19.22,19.24,19.24
1992-01-06,19.21,19.2,19.21,19.21
1992-01-07,18.69,18.64,18.7,18.72
1992-01-08,17.87,17.89,18.03,18.1
1992-01-09,17.86,17.92,18.07,18.16
1992-01-10,18.23,18.38,18.5,18.59
1992-01-13,18.79,18.9,18.98,19.02
1992-01-14,18.47,18.61,18.7,18.76
1992-01-15,18.85,19.0,19.08,19.12
1992-01-16,18.91,19.04,19.08,19.1
1992-01-17,19.16,19.29,19.32,19.29
1992-01-20,18.89,19.04,19.14,19.13
1992-01-21,18.47,18.72,18.84,18.87
1992-01-22,18.94,19.09,19.14,19.15
1992-01-23,18.72,18.83,18.86,18.85
1992-01-24,19.0,19.11,19.14,19.13
1992-01-27,19.36,19.48,19.49,19.46
1992-01-28,19.17,19.29,19.31,19.29
1992-01-29,18.89,19.02,19.11,19.13
1992-01-30,18.94,19.08,19.16,19.18
1992-01-31,18.9,19.06,19.14,19.16
1992-02-03,18.96,19.15,19.24,19.27
1992-02-04,19.27,19.49,19.54,19.55
1992-02-05,19.5,19.68,19.71,19.71
1992-02-06,19.5,19.62,19.65,19.64
1992-02-07,19.87,19.89,19.87,19.84
1992-02-10,19.78,19.88,19.88,19.85
1992-02-11,19.28,19.47,19.51,19.5
1992-02-12,19.27,19.43,19.49,19.48
1992-02-13,19.68,19.84,19.89,19.89
1992-02-14,19.46,19.63,19.71,19.75
1992-02-18,18.12,18.27,18.45,18.59
1992-02-19,18.41,18.71,18.86,19.01
1992-02-20,18.54,18.74,18.9,19.02
1992-02-21,18.66,18.78,18.88,18.91
1992-02-24,18.43,18.55,18.72,18.79
1992-02-25,18.48,18.6,18.77,18.87
1992-02-26,18.46,18.62,18.79,18.91
1992-02-27,18.75,18.9,19.04,19.12
1992-02-28,18.68,18.85,18.98,19.06
1992-03-02,18.34,18.52,18.65,18.74
1992-03-03,18.64,18.78,18.88,18.95
1992-03-04,18.63,18.79,18.9,18.96
1992-03-05,18.55,18.72,18.84,18.9
1992-03-06,18.51,18.67,18.78,18.85
1992-03-09,18.67,18.85,18.97,19.05
1992-03-10,18.69,18.89,19.02,19.11
1992-03-11,18.5,18.7,18.85,18.95
1992-03-12,18.83,19.02,19.14,19.21
1992-03-13,19.18,19.35,19.45,19.48
1992-03-16,19.15,19.28,19.37,19.39
1992-03-17,19.24,19.35,19.41,19.41
1992-03-18,19.07,19.21,19.26,19.28
1992-03-19,19.29,19.47,19.52,19.52
1992-03-20,18.9,19.09,19.2,19.23
1992-03-23,19.13,19.23,19.28,19.26
1992-03-24,19.22,19.34,19.38,19.38
1992-03-25,19.19,19.33,19.39,19.41
1992-03-26,19.28,19.42,19.5,19.51
1992-03-27,19.16,19.3,19.38,19.4
1992-03-30,19.25,19.37,19.45,19.47
1992-03-31,19.44,19.58,19.63,19.62
1992-04-01,19.84,19.91,19.89,19.84
1992-04-02,19.8,19.8,19.78,19.74
1992-04-03,20.29,20.28,20.25,20.19
1992-04-06,20.45,20.5,20.46,20.4
1992-04-07,20.23,20.31,20.28,20.22
1992-04-08,20.62,20.62,20.57,20.5
1992-04-09,20.31,20.32,20.28,20.24
1992-04-10,20.44,20.48,20.44,20.39
1992-04-13,20.22,20.29,20.28,20.24
1992-04-14,19.86,19.92,19.93,19.9
1992-04-15,19.87,19.98,20.03,20.03
1992-04-16,20.21,20.38,20.41,20.38
1992-04-20,20.24,20.43,20.45,20.42
1992-04-21,20.25,20.44,20.47,20.44
1992-04-22,20.11,20.16,20.16,20.13
1992-04-23,20.11,20.16,20.16,20.14
1992-04-24,20.22,20.27,20.26,20.23
1992-04-27,20.29,20.35,20.34,20.31
1992-04-28,20.41,20.48,20.46,20.42
1992-04-29,20.77,20.82,20.8,20.76
1992-04-30,20.85,20.89,20.87,20.82
1992-05-01,20.85,20.89,20.86,20.78
1992-05-04,21.12,21.13,21.09,20.99
1992-05-05,20.8,20.85,20.83,20.76
1992-05-06,20.77,20.85,20.87,20.82
1992-05-07,20.71,20.8,20.83,20.78
1992-05-08,20.86,20.93,20.94,20.88
1992-05-11,21.0,21.12,21.13,21.07
1992-05-12,20.96,21.08,21.09,21.04
1992-05-13,20.76,20.9,20.93,20.89
1992-05-14,20.55,20.68,20.72,20.7
1992-05-15,20.69,20.86,20.91,20.89
1992-05-18,20.52,20.71,20.81,20.81
1992-05-19,20.12,20.35,20.46,20.49
1992-05-20,20.4,20.46,20.49,20.47
1992-05-21,20.9,20.96,21.01,20.98
1992-05-22,20.94,20.99,21.03,21.0
1992-05-26,22.0,22.0,22.0,21.94
1992-05-27,21.92,21.94,21.93,21.87
1992-05-28,21.95,21.96,21.93,21.87
1992-05-29,22.11,22.1,22.04,21.96
1992-06-01,22.03,22.06,22.0,21.93
1992-06-02,22.11,22.12,22.07,22.0
1992-06-03,22.43,22.37,22.28,22.18
1992-06-04,22.48,22.44,22.29,22.17
1992-06-05,22.62,22.55,22.39,22.26
1992-06-08,22.44,22.42,22.28,22.16
1992-06-09,22.32,22.3,22.18,22.07
1992-06-10,22.51,22.48,22.39,22.28
1992-06-11,22.35,22.35,22.22,22.1
1992-06-12,22.3,22.3,22.2,22.1
1992-06-15,22.36,22.4,22.3,22.2
1992-06-16,22.3,22.35,22.28,22.19
1992-06-17,22.29,22.34,22.26,22.18
1992-06-18,22.26,22.33,22.28,22.2
1992-06-19,22.26,22.35,22.33,22.26
1992-06-22,22.48,22.48,22.41,22.32
1992-06-23,22.59,22.52,22.42,22.33
1992-06-24,22.89,22.77,22.65,22.53
1992-06-25,22.58,22.47,22.36,22.24
1992-06-26,22.44,22.32,22.22,22.12
1992-06-29,22.24,22.13,22.04,21.95
1992-06-30,21.6,21.57,21.53,21.48
1992-07-01,21.86,21.76,21.7,21.64
1992-07-02,22.1,21.99,21.91,21.84
1992-07-06,21.89,21.79,21.72,21.66
1992-07-07,21.4,21.34,21.31,21.28
1992-07-08,21.41,21.38,21.35,21.33
1992-07-09,21.4,21.39,21.38,21.37
1992-07-10,21.28,21.21,21.2,21.19
1992-07-13,21.36,21.3,21.26,21.24
1992-07-14,21.46,21.36,21.3,21.27
1992-07-15,21.71,21.6,21.54,21.48
1992-07-16,21.79,21.67,21.62,21.55
1992-07-17,21.58,21.46,21.42,21.38
1992-07-20,21.79,21.61,21.53,21.49
1992-07-21,21.78,21.55,21.44,21.37
1992-07-22,21.84,21.72,21.61,21.5
1992-07-23,21.96,21.85,21.74,21.63
1992-07-24,21.98,21.88,21.78,21.68
1992-07-27,22.04,21.94,21.84,21.74
1992-07-28,22.05,21.94,21.84,21.74
1992-07-29,22.0,21.88,21.78,21.68
1992-07-30,21.83,21.72,21.63,21.54
1992-07-31,21.87,21.77,21.69,21.61
1992-08-03,21.58,21.47,21.4,21.33
1992-08-04,21.35,21.25,21.19,21.13
1992-08-05,21.18,21.09,21.04,20.99
1992-08-06,21.42,21.32,21.26,21.2
1992-08-07,21.22,21.13,21.08,21.03
1992-08-10,21.03,20.95,20.9,20.84
1992-08-11,20.91,20.86,20.82,20.77
1992-08-12,21.08,21.02,20.96,20.9
1992-08-13,21.34,21.27,21.2,21.14
1992-08-14,21.28,21.22,21.15,21.07
1992-08-17,21.45,21.35,21.28,21.2
1992-08-18,21.47,21.32,21.23,21.14
1992-08-19,21.37,21.18,21.1,21.01
1992-08-20,21.44,21.25,21.18,21.11
1992-08-21,21.08,21.03,20.96,20.88
1992-08-24,21.54,21.44,21.34,21.25
1992-08-25,21.15,21.08,21.02,20.93
1992-08-26,21.21,21.11,21.04,20.95
1992-08-27,21.13,21.02,20.97,20.89
1992-08-28,21.31,21.19,21.13,21.05
1992-08-31,21.48,21.37,21.3,21.2
1992-09-01,21.64,21.48,21.41,21.3
1992-09-02,21.69,21.53,21.44,21.33
1992-09-03,21.67,21.51,21.39,21.28
1992-09-04,21.77,21.59,21.47,21.36
1992-09-08,21.96,21.77,21.65,21.53
1992-09-09,21.99,21.83,21.71,21.58
1992-09-10,21.93,21.8,21.69,21.58
1992-09-11,22.01,21.86,21.75,21.63
1992-09-14,22.31,22.15,22.04,21.91
1992-09-15,22.18,22.02,21.91,21.78
1992-09-16,22.39,22.16,22.03,21.89
1992-09-17,22.3,22.01,21.89,21.75
1992-09-18,21.98,21.75,21.66,21.53
1992-09-21,21.92,21.75,21.65,21.52
1992-09-22,21.88,21.78,21.71,21.6
1992-09-23,22.0,21.93,21.83,21.69
1992-09-24,21.79,21.74,21.66,21.54
1992-09-25,21.68,21.62,21.53,21.41
1992-09-28,21.76,21.66,21.59,21.46
1992-09-29,21.67,21.6,21.54,21.42
1992-09-30,21.71,21.63,21.57,21.46
1992-10-01,21.83,21.74,21.68,21.56
1992-10-02,21.92,21.83,21.76,21.63
1992-10-05,21.77,21.68,21.61,21.5
1992-10-06,21.81,21.72,21.66,21.55
1992-10-07,21.89,21.82,21.73,21.62
1992-10-08,21.99,21.91,21.81,21.69
1992-10-09,22.37,22.3,22.18,22.05
1992-10-12,22.3,22.22,22.11,21.98
1992-10-13,22.09,22.01,21.91,21.78
1992-10-14,22.08,22.01,21.91,21.79
1992-10-15,22.33,22.25,22.15,22.01
1992-10-16,22.28,22.19,22.09,21.95
1992-10-19,22.14,22.09,21.99,21.85
1992-10-20,21.86,22.05,21.96,21.83
1992-10-21,21.61,21.54,21.44,21.33
1992-10-22,21.35,21.29,21.2,21.1
1992-10-23,21.19,21.15,21.08,21.0
1992-10-26,21.27,21.22,21.15,21.07
1992-10-27,21.02,21.01,20.95,20.89
1992-10-28,21.12,21.1,21.02,20.94
1992-10-29,20.71,20.76,20.71,20.66
1992-10-30,20.62,20.65,20.62,20.59
1992-11-02,20.77,20.76,20.72,20.67
1992-11-03,20.7,20.71,20.67,20.62
1992-11-04,20.33,20.4,20.41,20.39
1992-11-05,20.64,20.71,20.72,20.69
1992-11-06,20.3,20.41,20.44,20.41
1992-11-09,20.62,20.71,20.73,20.7
1992-11-10,20.47,20.57,20.59,20.57
1992-11-11,20.47,20.55,20.56,20.55
1992-11-12,20.21,20.3,20.33,20.35
1992-11-13,20.08,20.11,20.14,20.16
1992-11-16,20.37,20.38,20.38,20.38
1992-11-17,20.26,20.29,20.3,20.3
1992-11-18,20.19,20.18,20.19,20.2
1992-11-19,20.54,20.57,20.54,20.51
1992-11-20,20.4,20.56,20.56,20.54
1992-11-23,20.2,20.22,20.23,20.22
1992-11-24,20.22,20.23,20.23,20.21
1992-11-25,20.27,20.27,20.25,20.22
1992-11-27,,20.23,20.23,20.21
1992-11-30,19.89,19.9,19.9,19.88
1992-12-01,19.51,19.54,19.58,19.61
1992-12-02,19.45,19.47,19.51,19.54
1992-12-03,19.08,19.15,19.23,19.3
1992-12-04,18.94,19.03,19.11,19.18
1992-12-07,19.18,19.24,19.3,19.36
1992-12-08,18.84,18.94,19.03,19.11
1992-12-09,18.84,18.95,19.05,19.14
1992-12-10,19.28,19.38,19.44,19.5
1992-12-11,19.09,19.22,19.3,19.37
1992-12-14,19.09,19.2,19.28,19.35
1992-12-15,18.95,19.1,19.19,19.26
1992-12-16,19.41,19.57,19.63,19.68
1992-12-17,19.7,19.9,19.99,20.05
1992-12-18,19.83,19.9,19.98,20.03
1992-12-21,19.98,20.04,20.09,20.11
1992-12-22,19.84,19.92,19.98,20.01
1992-12-23,19.95,20.01,20.05,20.07
1992-12-24,,20.01,,20.07
1992-12-28,19.82,19.88,19.93,19.95
1992-12-29,19.64,19.72,19.79,19.83
1992-12-30,19.59,19.71,19.79,19.84
1992-12-31,19.5,19.61,19.69,19.74
1993-01-04,19.04,19.16,19.28,19.36
1993-01-05,19.26,19.37,19.49,19.57
1993-01-06,19.04,19.18,19.32,19.42
1993-01-07,18.95,19.11,19.25,19.35
1993-01-08,18.88,19.06,19.2,19.3
1993-01-11,18.78,18.94,19.08,19.19
1993-01-12,18.38,18.56,18.73,18.88
1993-01-13,18.5,18.69,18.87,19.03
1993-01-14,18.7,18.84,18.98,19.12
1993-01-15,18.87,19.03,19.17,19.29
1993-01-18,18.87,18.99,19.12,19.25
1993-01-19,18.58,18.7,18.83,18.97
1993-01-20,18.33,18.5,18.68,18.84
1993-01-21,18.81,18.93,19.07,19.2
1993-01-22,18.83,18.96,19.08,19.2
1993-01-25,19.66,19.72,19.79,19.87
1993-01-26,19.64,19.69,19.77,19.85
1993-01-27,19.66,19.72,19.8,19.89
1993-01-28,20.41,20.43,20.47,20.51
1993-01-29,20.26,20.31,20.35,20.39
1993-02-01,20.31,20.32,20.35,20.38
1993-02-02,20.0,20.03,20.07,20.1
1993-02-03,19.93,19.95,19.99,20.02
1993-02-04,20.3,20.31,20.32,20.34
1993-02-05,20.21,20.22,20.22,20.23
1993-02-08,20.08,20.09,20.1,20.11
1993-02-09,20.05,20.04,20.05,20.07
1993-02-10,20.18,20.17,20.17,20.19
1993-02-11,20.26,20.24,20.24,20.26
1993-02-12,19.98,19.98,19.98,20.0
1993-02-16,19.53,19.53,19.55,19.59
1993-02-17,19.33,19.36,19.42,19.49
1993-02-18,19.42,19.53,19.63,19.72
1993-02-19,19.62,19.8,19.9,19.99
1993-02-22,20.02,20.24,20.31,20.38
1993-02-23,20.48,20.48,20.51,20.53
1993-02-24,20.53,20.55,20.58,20.6
1993-02-25,20.61,20.63,20.65,20.66
1993-02-26,20.6,20.64,20.67,20.68
1993-03-02,20.47,20.54,20.59,20.62
1993-03-03,20.48,20.56,20.62,20.65
1993-03-04,21.07,21.12,21.14,21.14
1993-03-05,20.93,20.97,20.97,20.95
1993-03-08,20.71,20.8,20.83,20.83
1993-03-09,20.68,20.76,20.8,20.81
1993-03-10,20.39,20.46,20.51,20.53
1993-03-11,20.13,20.24,20.3,20.33
1993-03-12,20.29,20.41,20.47,20.51
1993-03-15,20.16,20.3,20.37,20.42
1993-03-16,20.13,20.26,20.32,20.38
1993-03-17,20.17,20.3,20.36,20.4
1993-03-18,20.29,20.44,20.5,20.53
1993-03-19,20.08,20.22,20.31,20.35
1993-03-22,19.52,19.76,19.86,19.93
1993-03-23,20.03,20.12,20.18,20.23
1993-03-24,20.24,20.31,20.35,20.38
1993-03-25,20.41,20.5,20.52,20.54
1993-03-26,20.41,20.51,20.53,20.55
1993-03-29,20.29,20.42,20.46,20.49
1993-03-30,20.28,20.47,20.52,20.56
1993-03-31,20.44,20.64,20.7,20.74
1993-04-01,20.52,20.7,20.76,20.79
1993-04-02,20.65,20.83,20.88,20.9
1993-04-05,20.62,20.8,20.86,20.89
1993-04-06,20.3,20.49,20.58,20.63
1993-04-07,20.37,20.54,20.62,20.67
1993-04-08,20.22,20.4,20.48,20.54
1993-04-12,20.46,20.66,20.74,20.8
1993-04-13,20.46,20.66,20.74,20.78
1993-04-14,20.4,20.6,20.7,20.75
1993-04-15,20.22,20.42,20.56,20.63
1993-04-16,20.14,20.38,20.52,20.6
1993-04-19,19.99,20.29,20.43,20.52
1993-04-20,19.84,20.32,20.46,20.56
1993-04-21,20.37,20.53,20.63,20.69
1993-04-22,20.15,20.33,20.45,20.53
1993-04-23,20.34,20.51,20.63,20.7
1993-04-26,20.3,20.49,20.62,20.7
1993-04-27,20.18,20.38,20.53,20.62
1993-04-28,20.19,20.39,20.54,20.63
1993-04-29,20.58,20.73,20.84,20.9
1993-04-30,20.53,20.7,20.8,20.84
1993-05-03,20.57,20.72,20.82,20.86
1993-05-04,20.39,20.56,20.67,20.72
1993-05-05,20.46,20.65,20.76,20.82
1993-05-06,20.47,20.65,20.74,20.79
1993-05-07,20.44,20.62,20.72,20.77
1993-05-10,20.44,20.6,20.69,20.74
1993-05-11,20.34,20.51,20.62,20.68
1993-05-12,20.2,20.41,20.52,20.59
1993-05-13,19.78,20.0,20.14,20.23
1993-05-14,19.48,19.79,19.97,20.09
1993-05-17,19.51,19.83,20.02,20.15
1993-05-18,19.34,19.67,19.87,20.0
1993-05-19,19.15,19.61,19.84,19.99
1993-05-20,19.54,19.84,20.04,20.18
1993-05-21,19.88,20.07,20.18,20.23
1993-05-24,19.72,19.95,20.07,20.14
1993-05-25,19.9,20.1,20.21,20.27
1993-05-26,19.89,20.09,20.2,20.26
1993-05-27,20.06,20.24,20.35,20.4
1993-05-28,20.02,20.21,20.31,20.36
1993-06-01,20.24,20.39,20.49,20.54
1993-06-02,20.03,20.19,20.29,20.34
1993-06-03,19.74,19.94,20.05,20.11
1993-06-04,19.77,19.97,20.08,20.14
1993-06-07,19.54,19.75,19.87,19.96
1993-06-08,19.65,19.89,20.01,20.1
1993-06-09,19.64,19.93,20.07,20.16
1993-06-10,19.28,19.56,19.74,19.84
1993-06-11,18.98,19.32,19.53,19.65
1993-06-14,18.89,19.26,19.5,19.63
1993-06-15,18.58,18.9,19.18,19.35
1993-06-16,18.84,19.17,19.43,19.6
1993-06-17,18.7,19.0,19.28,19.46
1993-06-18,18.67,18.97,19.24,19.43
1993-06-21,18.62,18.91,19.19,19.38
1993-06-22,18.42,18.82,19.12,19.33
1993-06-23,18.86,19.17,19.38,19.52
1993-06-24,18.89,19.17,19.37,19.51
1993-06-25,18.84,19.13,19.33,19.47
1993-06-28,18.9,19.18,19.39,19.54
1993-06-29,19.01,19.27,19.47,19.62
1993-06-30,18.85,19.11,19.31,19.46
1993-07-01,18.45,18.73,18.97,19.18
1993-07-02,17.95,18.28,18.54,18.78
1993-07-06,18.29,18.54,18.76,18.96
1993-07-07,18.02,18.31,18.54,18.75
1993-07-08,17.79,18.06,18.3,18.52
1993-07-09,17.89,18.13,18.39,18.6
1993-07-12,18.1,18.33,18.58,18.78
1993-07-13,18.13,18.38,18.61,18.8
1993-07-14,17.49,17.69,17.92,18.13
1993-07-15,17.67,17.92,18.12,18.31
1993-07-16,17.21,17.49,17.69,17.88
1993-07-19,17.7,18.25,18.47,18.66
1993-07-20,17.09,17.84,18.09,18.28
1993-07-21,17.93,17.93,18.39,18.39
1993-07-22,17.63,17.94,18.15,18.31
1993-07-23,17.75,18.02,18.21,18.36
1993-07-26,18.07,18.28,18.44,18.57
1993-07-27,18.42,18.62,18.75,18.86
1993-07-28,18.23,18.44,18.58,18.69
1993-07-29,18.12,18.33,18.49,18.6
1993-07-30,17.88,18.16,18.34,18.46
1993-08-02,17.97,18.25,18.44,18.57
1993-08-03,17.85,18.16,18.37,18.52
1993-08-04,17.8,18.11,18.33,18.49
1993-08-05,17.57,17.9,18.13,18.3
1993-08-06,17.27,17.67,17.91,18.1
1993-08-09,17.55,17.94,18.18,18.37
1993-08-10,17.52,17.9,18.15,18.34
1993-08-11,17.88,18.25,18.49,18.66
1993-08-12,18.18,18.53,18.77,18.93
1993-08-13,18.14,18.53,18.78,18.93
1993-08-16,17.86,18.3,18.58,18.76
1993-08-17,17.92,18.35,18.63,18.81
1993-08-18,17.66,18.13,18.43,18.64
1993-08-19,17.65,18.15,18.45,18.66
1993-08-20,18.09,18.29,18.56,18.74
1993-08-23,18.53,18.77,18.93,19.07
1993-08-24,18.35,18.62,18.79,18.92
1993-08-25,18.32,18.61,18.8,18.93
1993-08-26,18.36,18.62,18.81,18.94
1993-08-27,18.8,19.0,19.16,19.27
1993-08-30,18.73,18.92,19.08,19.19
1993-08-31,18.29,18.55,18.74,18.87
1993-09-01,17.97,18.27,18.45,18.6
1993-09-02,17.97,18.27,18.49,18.65
1993-09-03,17.73,18.05,18.3,18.47
1993-09-07,17.07,17.42,17.73,17.95
1993-09-08,17.03,17.4,17.7,17.92
1993-09-09,16.97,17.36,17.68,17.9
1993-09-10,16.76,17.12,17.46,17.69
1993-09-13,16.95,17.3,17.66,17.9
1993-09-14,16.96,17.3,17.67,17.92
1993-09-15,16.86,17.24,17.57,17.84
1993-09-16,16.83,17.19,17.53,17.8
1993-09-17,17.07,17.37,17.69,17.94
1993-09-20,17.7,17.93,18.23,18.46
1993-09-21,18.12,17.98,18.23,18.43
1993-09-22,17.59,17.85,18.06,18.24
1993-09-23,17.63,17.88,18.09,18.28
1993-09-24,17.57,17.79,17.96,18.13
1993-09-27,17.73,17.93,18.1,18.27
1993-09-28,17.96,18.15,18.31,18.46
1993-09-29,18.67,18.8,18.88,18.96
1993-09-30,18.79,18.93,18.99,19.04
1993-10-01,18.63,18.75,18.83,18.9
1993-10-04,18.42,18.6,18.71,18.8
1993-10-05,18.39,18.58,18.71,18.83
1993-10-06,18.42,18.62,18.75,18.87
1993-10-07,18.49,18.68,18.8,18.92
1993-10-08,18.55,18.74,18.86,18.97
1993-10-11,18.77,18.95,19.05,19.14
1993-10-12,18.71,18.89,18.99,19.07
1993-10-13,18.64,18.8,18.89,18.96
1993-10-14,18.5,18.6,18.71,18.79
1993-10-15,18.27,18.38,18.51,18.62
1993-10-18,18.13,18.25,18.39,18.51
1993-10-19,18.06,18.26,18.43,18.57
1993-10-20,18.24,18.42,18.56,18.68
1993-10-21,18.35,18.5,18.62,18.72
1993-10-22,18.07,18.22,18.37,18.5
1993-10-25,17.51,17.71,17.89,18.04
1993-10-26,17.54,17.73,17.9,18.04
1993-10-27,17.65,17.84,18.0,18.13
1993-10-28,17.37,17.56,17.72,17.85
1993-10-29,16.92,17.12,17.31,17.46
1993-11-01,17.43,17.62,17.8,17.94
1993-11-02,17.12,17.35,17.55,17.7
1993-11-03,17.49,17.7,17.88,18.01
1993-11-04,17.4,17.61,17.79,17.92
1993-11-05,17.09,17.28,17.46,17.6
1993-11-08,16.71,16.94,17.14,17.3
1993-11-09,16.66,16.93,17.15,17.33
1993-11-10,16.55,16.84,17.07,17.26
1993-11-11,16.9,17.19,17.41,17.59
1993-11-12,16.72,17.04,17.29,17.49
1993-11-15,16.76,17.06,17.31,17.51
1993-11-16,16.77,17.09,17.34,17.54
1993-11-17,17.04,17.42,17.67,17.85
1993-11-18,16.69,17.1,17.38,17.57
1993-11-19,16.56,17.06,17.31,17.5
1993-11-22,17.1,17.33,17.52,17.68
1993-11-23,16.63,16.85,17.05,17.22
1993-11-24,16.38,16.65,16.87,17.06
1993-11-29,15.31,15.6,15.86,16.09
1993-11-30,15.43,15.67,15.91,16.13
1993-12-01,15.48,15.72,15.96,16.18
1993-12-02,14.95,15.23,15.5,15.74
1993-12-03,14.97,15.24,15.52,15.76
1993-12-06,14.57,14.86,15.15,15.4
1993-12-07,14.7,14.99,15.29,15.55
1993-12-08,14.59,14.9,15.22,15.5
1993-12-09,14.63,14.94,15.27,15.56
1993-12-10,15.07,15.36,15.68,15.95
1993-12-13,14.52,14.86,15.23,15.51
1993-12-14,14.52,14.91,15.26,15.54
1993-12-15,14.41,14.8,15.15,15.43
1993-12-16,14.23,14.65,15.02,15.31
1993-12-17,13.91,14.42,14.83,15.15
1993-12-20,14.18,14.38,14.78,15.1
1993-12-21,14.36,14.71,15.03,15.32
1993-12-22,14.77,15.04,15.32,15.59
1993-12-23,14.48,14.79,15.07,15.34
1993-12-27,14.13,14.5,14.82,15.13
1993-12-28,14.11,14.43,14.75,15.06
1993-12-29,14.44,14.74,15.03,15.32
1993-12-30,14.17,14.5,14.81,15.1
1994-01-03,14.56,14.87,15.16,15.43
1994-01-04,14.67,14.97,15.25,15.51
1994-01-05,15.34,15.6,15.82,16.02
1994-01-06,15.42,15.66,15.86,16.05
1994-01-07,15.32,15.56,15.75,15.93
1994-01-10,14.67,14.94,15.15,15.36
1994-01-11,14.85,15.11,15.31,15.51
1994-01-12,14.33,14.61,14.83,15.05
1994-01-13,14.51,14.74,14.96,15.17
1994-01-14,14.78,14.96,15.14,15.32
1994-01-17,15.1,15.19,15.31,15.45
1994-01-18,14.87,15.02,15.19,15.36
1994-01-19,15.22,15.21,15.3,15.43
1994-01-20,15.1,14.96,15.05,15.18
1994-01-21,14.94,15.04,15.18,15.33
1994-01-24,15.17,15.25,15.37,15.5
1994-01-25,15.17,15.19,15.29,15.43
1994-01-26,15.47,15.44,15.49,15.59
1994-01-27,15.42,15.4,15.46,15.57
1994-01-28,15.34,15.31,15.39,15.52
1994-01-31,15.19,15.19,15.26,15.39
1994-02-01,15.92,15.85,15.88,15.98
1994-02-02,16.04,15.97,15.99,16.09
1994-02-03,15.89,15.8,15.8,15.88
1994-02-04,15.63,15.59,15.63,15.73
1994-02-07,15.25,15.3,15.41,15.56
1994-02-08,15.21,15.32,15.45,15.61
1994-02-09,14.6,14.77,14.97,15.2
1994-02-10,14.56,14.69,14.91,15.16
1994-02-11,14.72,14.85,15.05,15.28
1994-02-14,14.13,14.32,14.58,14.84
1994-02-15,14.06,14.28,14.53,14.79
1994-02-16,13.93,14.13,14.36,14.61
1994-02-17,14.23,14.3,14.46,14.68
1994-02-18,14.21,14.24,14.4,14.62
1994-02-22,14.24,14.39,14.57,14.79
1994-02-23,14.41,14.59,14.81,15.03
1994-02-24,14.77,14.94,15.13,15.32
1994-02-25,14.57,14.74,14.94,15.13
1994-02-28,14.48,14.64,14.84,15.04
1994-03-01,14.67,14.84,15.03,15.23
1994-03-02,14.76,14.88,15.03,15.21
1994-03-03,14.75,14.87,14.99,15.14
1994-03-04,14.57,14.72,14.86,15.01
1994-03-07,14.1,14.28,14.46,14.65
1994-03-08,14.1,14.23,14.41,14.6
1994-03-09,14.18,14.27,14.39,14.57
1994-03-10,14.14,14.23,14.33,14.51
1994-03-11,14.44,14.48,14.58,14.73
1994-03-14,14.49,14.54,14.63,14.77
1994-03-15,14.83,14.83,14.91,15.02
1994-03-16,15.06,15.05,15.12,15.23
1994-03-17,14.82,14.81,14.88,14.98
1994-03-18,14.88,14.84,14.9,15.0
1994-03-21,15.37,15.23,15.23,15.31
1994-03-22,15.2,15.16,15.2,15.29
1994-03-23,14.9,14.96,15.06,15.16
1994-03-24,15.08,15.14,15.23,15.33
1994-03-25,15.13,15.16,15.23,15.33
1994-03-28,14.08,14.18,14.31,14.46
1994-03-29,14.32,14.42,14.55,14.7
1994-03-30,14.38,14.48,14.62,14.77
1994-03-31,14.79,14.9,15.02,15.15
1994-04-04,15.79,15.86,15.95,16.05
1994-04-05,15.74,15.77,15.83,15.91
1994-04-06,15.77,15.78,15.84,15.92
1994-04-07,15.58,15.57,15.64,15.73
1994-04-08,15.57,15.57,15.64,15.73
1994-04-11,15.87,15.86,15.9,15.99
1994-04-12,15.75,15.71,15.76,15.84
1994-04-13,15.97,15.85,15.85,15.91
1994-04-14,16.23,16.11,16.06,16.05
1994-04-15,16.58,16.44,16.38,16.36
1994-04-18,16.65,16.42,16.33,16.31
1994-04-19,16.49,16.12,16.05,16.04
1994-04-20,16.82,16.32,16.2,16.16
1994-04-21,16.63,16.45,16.36,16.32
1994-04-22,17.14,16.89,16.75,16.68
1994-04-25,17.24,17.01,16.88,16.81
1994-04-26,16.91,16.69,16.6,16.56
1994-04-28,16.57,16.45,16.4,16.4
1994-04-29,16.9,16.71,16.64,16.62
1994-05-02,17.16,16.94,16.84,16.8
1994-05-03,16.89,16.7,16.64,16.63
1994-05-04,16.86,16.65,16.58,16.56
1994-05-05,17.29,17.0,16.88,16.83
1994-05-06,17.7,17.34,17.16,17.07
1994-05-09,17.73,17.32,17.13,17.03
1994-05-10,17.61,17.22,17.03,16.94
1994-05-11,17.85,17.38,17.17,17.07
1994-05-12,18.28,17.7,17.43,17.27
1994-05-13,18.21,17.67,17.41,17.26
1994-05-16,18.06,17.52,17.27,17.13
1994-05-17,17.59,17.24,17.06,16.96
1994-05-18,17.99,17.65,17.44,17.33
1994-05-19,18.45,17.9,17.62,17.48
1994-05-20,18.92,18.21,17.89,17.73
1994-05-23,18.06,17.77,17.61,17.52
1994-05-24,17.92,17.65,17.49,17.4
1994-05-25,17.7,17.5,17.36,17.28
1994-05-26,17.74,17.46,17.33,17.26
1994-05-27,18.03,17.68,17.52,17.43
1994-05-31,18.31,17.93,17.77,17.67
1994-06-01,18.21,17.84,17.68,17.58
1994-06-02,18.23,17.82,17.64,17.52
1994-06-03,18.12,17.71,17.53,17.42
1994-06-06,18.11,17.69,17.51,17.4
1994-06-07,17.75,17.36,17.2,17.11
1994-06-08,18.34,17.82,17.57,17.44
1994-06-09,18.67,18.14,17.85,17.71
1994-06-10,18.48,17.9,17.59,17.44
1994-06-13,18.79,18.05,17.74,17.59
1994-06-14,18.95,18.24,17.94,17.76
1994-06-15,19.86,19.05,18.7,18.48
1994-06-16,19.91,19.07,18.64,18.39
1994-06-17,20.71,19.79,19.24,18.94
1994-06-20,20.75,19.71,19.21,18.92
1994-06-21,20.04,19.38,18.9,18.63
1994-06-22,19.37,18.86,18.58,18.38
1994-06-23,19.42,18.92,18.67,18.5
1994-06-24,19.32,18.82,18.59,18.43
1994-06-27,19.01,18.56,18.34,18.2
1994-06-28,19.27,18.76,18.53,18.38
1994-06-29,18.83,18.38,18.14,18.0
1994-06-30,19.37,18.83,18.57,18.42
1994-07-01,19.53,18.93,18.65,18.49
1994-07-05,19.62,18.98,18.67,18.49
1994-07-06,19.24,18.65,18.36,18.19
1994-07-07,19.12,18.56,18.28,18.12
1994-07-08,19.48,18.88,18.57,18.39
1994-07-11,20.18,19.48,19.07,18.85
1994-07-12,20.43,19.73,19.26,18.99
1994-07-13,20.15,19.54,19.14,18.88
1994-07-14,20.18,19.64,19.23,18.97
1994-07-15,19.89,19.38,19.04,18.79
1994-07-18,19.51,19.09,18.82,18.6
1994-07-19,19.46,19.23,18.94,18.72
1994-07-20,19.2,19.21,18.94,18.74
1994-07-21,19.39,19.07,18.86,18.74
1994-07-22,19.61,19.24,19.01,18.87
1994-07-25,19.41,19.07,18.86,18.73
1994-07-26,19.21,18.94,18.79,18.69
1994-07-27,19.46,19.15,18.97,18.84
1994-07-28,19.77,19.39,19.16,19.0
1994-07-29,20.3,19.86,19.55,19.34
1994-08-01,20.55,20.11,19.78,19.53
1994-08-02,20.14,19.73,19.43,19.21
1994-08-03,20.1,19.69,19.4,19.18
1994-08-04,20.14,19.71,19.41,19.18
1994-08-05,19.31,18.97,18.72,18.52
1994-08-08,19.42,19.1,18.87,18.68
1994-08-09,19.3,19.09,18.92,18.76
1994-08-10,18.96,18.85,18.73,18.6
1994-08-11,18.66,18.59,18.48,18.37
1994-08-12,18.05,18.02,17.99,17.95
1994-08-15,18.2,18.19,18.14,18.09
1994-08-16,17.73,17.82,17.83,17.83
1994-08-17,18.11,18.18,18.16,18.12
1994-08-18,17.72,17.78,17.78,17.78
1994-08-19,17.58,17.54,17.52,17.52
1994-08-22,16.87,16.9,16.98,17.03
1994-08-23,17.09,17.21,17.29,17.35
1994-08-24,17.49,17.55,17.61,17.65
1994-08-25,17.52,17.6,17.67,17.71
1994-08-26,17.14,17.27,17.36,17.4
1994-08-29,17.63,17.68,17.75,17.78
1994-08-30,17.45,17.51,17.56,17.59
1994-08-31,17.56,17.57,17.58,17.59
1994-09-01,17.47,17.52,17.56,17.58
1994-09-02,17.52,17.58,17.61,17.64
1994-09-06,17.62,17.7,17.79,17.82
1994-09-07,17.81,17.9,17.99,18.01
1994-09-08,17.67,17.77,17.88,17.91
1994-09-09,17.53,17.67,17.81,17.84
1994-09-12,17.39,17.56,17.75,17.81
1994-09-13,17.12,17.3,17.48,17.6
1994-09-14,16.71,16.9,17.12,17.27
1994-09-15,16.7,16.85,17.09,17.25
1994-09-16,16.83,17.0,17.19,17.34
1994-09-19,17.21,17.39,17.54,17.67
1994-09-20,17.24,17.31,17.44,17.56
1994-09-21,17.22,17.38,17.5,17.57
1994-09-22,17.67,17.8,17.9,17.94
1994-09-23,17.83,17.97,18.06,18.08
1994-09-26,17.67,17.8,17.89,17.92
1994-09-27,17.55,17.67,17.77,17.81
1994-09-28,17.68,17.8,17.9,17.94
1994-09-29,17.98,18.06,18.15,18.18
1994-09-30,18.39,18.45,18.46,18.46
1994-10-03,18.19,18.29,18.31,18.31
1994-10-04,18.08,18.2,18.26,18.26
1994-10-05,18.01,18.14,18.24,18.28
1994-10-06,18.25,18.37,18.42,18.43
1994-10-07,18.26,18.4,18.42,18.39
1994-10-10,17.99,18.1,18.14,18.12
1994-10-11,17.7,17.79,17.86,17.85
1994-10-12,17.19,17.28,17.37,17.38
1994-10-13,17.13,17.22,17.32,17.35
1994-10-14,16.97,17.09,17.18,17.21
1994-10-17,17.06,17.22,17.31,17.34
1994-10-18,17.22,17.35,17.42,17.42
1994-10-19,17.42,17.51,17.53,17.51
1994-10-20,17.54,17.62,17.64,17.6
1994-10-21,17.38,17.44,17.43,17.42
1994-10-24,17.45,17.52,17.51,17.5
1994-10-25,17.58,17.61,17.58,17.57
1994-10-26,17.95,17.92,17.85,17.81
1994-10-27,18.15,18.05,17.95,17.87
1994-10-28,18.23,18.06,17.94,17.84
1994-10-31,18.19,18.02,17.92,17.84
1994-11-01,18.68,18.44,18.28,18.17
1994-11-02,18.93,18.64,18.43,18.3
1994-11-03,18.9,18.59,18.37,18.24
1994-11-04,18.76,18.51,18.31,18.18
1994-11-07,18.39,18.16,17.98,17.88
1994-11-08,18.58,18.39,18.23,18.13
1994-11-09,18.16,18.08,17.98,17.9
1994-11-10,18.19,18.09,17.98,17.89
1994-11-11,18.04,18.04,17.96,17.9
1994-11-14,17.47,17.5,17.47,17.44
1994-11-15,17.58,17.61,17.58,17.55
1994-11-16,17.37,17.38,17.38,17.39
1994-11-17,17.65,17.66,17.62,17.58
1994-11-18,17.47,17.55,17.55,17.52
1994-11-21,17.56,17.56,17.56,17.55
1994-11-22,17.82,17.82,17.82,17.82
1994-11-23,18.15,18.15,18.13,18.11
1994-11-28,18.12,18.1,18.08,18.06
1994-11-29,18.05,18.02,18.0,17.98
1994-11-30,18.05,18.0,17.98,17.96
1994-12-01,17.82,17.77,17.76,17.75
1994-12-02,16.99,16.99,17.01,17.05
1994-12-05,16.85,16.86,16.91,16.99
1994-12-06,16.94,16.94,16.99,17.07
1994-12-07,16.87,16.91,16.96,17.05
1994-12-08,17.12,17.16,17.2,17.28
1994-12-09,17.13,17.17,17.21,17.29
1994-12-12,16.91,16.95,17.01,17.09
1994-12-13,16.91,16.94,17.02,17.12
1994-12-14,16.99,17.06,17.13,17.22
1994-12-15,16.73,16.83,16.96,17.08
1994-12-16,16.76,16.86,17.0,17.1
1994-12-19,16.91,16.94,17.06,17.15
1994-12-20,16.98,17.02,17.11,17.19
1994-12-21,17.02,17.09,17.17,17.24
1994-12-22,17.09,17.13,17.19,17.25
1994-12-23,17.35,17.25,17.29,17.33
1994-12-27,17.64,17.6,17.62,17.64
1994-12-28,17.79,17.77,17.79,17.82
1994-12-29,17.72,17.67,17.69,17.71
1994-12-30,17.76,17.71,17.73,17.75
1995-01-03,17.44,17.41,17.45,17.49
1995-01-04,17.48,17.49,17.54,17.58
1995-01-05,17.72,17.69,17.7,17.72
1995-01-06,17.67,17.62,17.61,17.62
1995-01-09,17.4,17.35,17.35,17.37
1995-01-10,17.37,17.32,17.32,17.34
1995-01-11,17.72,17.62,17.58,17.57
1995-01-12,17.72,17.64,17.6,17.58
1995-01-13,17.52,17.46,17.42,17.41
1995-01-16,17.88,17.78,17.71,17.67
1995-01-17,18.32,18.22,18.12,18.05
1995-01-18,18.73,18.51,18.33,18.2
1995-01-19,18.69,18.36,18.14,18.0
1995-01-20,18.65,18.42,18.22,18.09
1995-01-23,18.1,17.97,17.88,17.8
1995-01-24,18.39,18.22,18.09,17.98
1995-01-25,18.39,18.18,18.04,17.92
1995-01-26,18.24,18.09,17.99,17.9
1995-01-27,17.95,17.86,17.8,17.74
1995-01-30,18.09,17.95,17.88,17.81
1995-01-31,18.39,18.24,18.15,18.07
1995-02-01,18.52,18.28,18.14,18.02
1995-02-02,18.54,18.28,18.13,18.01
1995-02-03,18.78,18.47,18.25,18.1
1995-02-06,18.59,18.34,18.16,18.02
1995-02-07,18.46,18.19,18.02,17.89
1995-02-08,18.3,18.08,17.93,17.82
1995-02-09,18.24,18.06,17.93,17.83
1995-02-10,18.46,18.3,18.15,18.04
1995-02-13,18.27,18.18,18.05,17.96
1995-02-14,18.32,18.27,18.12,18.02
1995-02-15,18.42,18.34,18.19,18.07
1995-02-16,18.59,18.46,18.29,18.17
1995-02-17,18.91,18.73,18.52,18.35
1995-02-21,18.86,18.64,18.44,18.27
1995-02-22,18.63,18.46,18.3,18.17
1995-02-23,18.43,18.28,18.15,18.04
1995-02-24,18.69,18.49,18.32,18.2
1995-02-27,18.66,18.47,18.31,18.18
1995-02-28,18.49,18.35,18.22,18.1
1995-03-01,18.32,18.18,18.06,17.94
1995-03-02,18.35,18.17,18.05,17.94
1995-03-03,18.63,18.42,18.26,18.13
1995-03-06,18.59,18.4,18.26,18.13
1995-03-07,18.63,18.46,18.29,18.15
1995-03-08,18.33,18.23,18.13,18.03
1995-03-09,18.02,18.02,17.98,17.91
1995-03-10,17.91,17.91,17.9,17.83
1995-03-13,18.19,18.12,18.09,18.02
1995-03-14,17.94,17.94,17.94,17.89
1995-03-15,18.11,18.1,18.08,18.02
1995-03-16,18.16,18.13,18.09,18.01
1995-03-17,18.26,18.21,18.17,18.1
1995-03-20,18.56,18.47,18.38,18.28
1995-03-21,18.43,18.41,18.33,18.24
1995-03-22,18.96,18.8,18.65,18.51
1995-03-23,18.92,18.79,18.62,18.47
1995-03-24,18.78,18.65,18.5,18.35
1995-03-27,19.07,18.88,18.68,18.51
1995-03-28,19.05,18.86,18.66,18.49
1995-03-29,19.22,18.98,18.78,18.58
1995-03-30,19.15,18.94,18.73,18.53
1995-03-31,19.17,18.95,18.72,18.52
1995-04-03,19.03,18.83,18.64,18.45
1995-04-04,19.18,18.98,18.78,18.58
1995-04-05,19.56,19.35,19.12,18.89
1995-04-06,19.77,19.57,19.35,19.12
1995-04-07,19.67,19.51,19.29,19.06
1995-04-10,19.59,19.49,19.26,19.04
1995-04-11,19.88,19.76,19.51,19.26
1995-04-12,19.55,19.43,19.22,18.98
1995-04-13,19.15,19.06,18.88,18.67
1995-04-17,19.73,19.67,19.5,19.24
1995-04-18,20.05,19.9,19.64,19.36
1995-04-19,20.41,20.03,19.73,19.44
1995-04-20,20.52,20.19,19.86,19.52
1995-04-21,20.41,20.0,19.65,19.34
1995-04-24,20.12,19.77,19.42,19.12
1995-04-25,20.29,19.93,19.55,19.25
1995-04-26,20.15,19.82,19.47,19.18
1995-04-27,20.43,20.08,19.7,19.38
1995-04-28,20.38,20.05,19.7,19.39
1995-05-01,20.5,20.21,19.82,19.46
1995-05-02,20.09,19.88,19.54,19.21
1995-05-03,19.89,19.7,19.39,19.09
1995-05-04,20.29,20.04,19.7,19.38
1995-05-05,20.33,20.08,19.73,19.41
1995-05-08,20.29,20.05,19.71,19.39
1995-05-09,19.61,19.44,19.17,18.9
1995-05-10,19.75,19.54,19.29,19.04
1995-05-11,19.41,19.24,19.03,18.82
1995-05-12,19.52,19.35,19.12,18.89
1995-05-15,19.9,19.73,19.48,19.23
1995-05-16,20.08,19.92,19.68,19.41
1995-05-17,19.96,19.81,19.6,19.38
1995-05-18,20.0,19.82,19.61,19.4
1995-05-19,20.06,19.91,19.68,19.46
1995-05-22,19.81,19.84,19.64,19.45
1995-05-23,19.77,19.59,19.41,19.25
1995-05-24,19.41,19.23,19.07,18.93
1995-05-25,19.26,19.13,18.99,18.86
1995-05-26,18.69,18.6,18.52,18.44
1995-05-30,18.78,18.7,18.62,18.55
1995-05-31,18.89,18.79,18.7,18.63
1995-06-01,18.9,18.78,18.66,18.57
1995-06-02,19.14,18.97,18.82,18.7
1995-06-05,19.25,19.06,18.86,18.71
1995-06-06,19.06,18.92,18.75,18.61
1995-06-07,19.13,18.96,18.77,18.61
1995-06-08,18.91,18.77,18.6,18.46
1995-06-09,18.8,18.66,18.5,18.38
1995-06-12,18.86,18.73,18.57,18.45
1995-06-13,18.91,18.76,18.58,18.44
1995-06-14,19.05,18.89,18.69,18.54
1995-06-15,18.94,18.76,18.55,18.38
1995-06-16,18.84,18.65,18.43,18.27
1995-06-19,18.22,18.03,17.87,17.75
1995-06-20,18.01,17.97,17.84,17.74
1995-06-21,17.46,17.36,17.31,17.28
1995-06-22,17.5,17.4,17.33,17.3
1995-06-23,17.49,17.36,17.29,17.27
1995-06-26,17.64,17.5,17.41,17.38
1995-06-27,17.77,17.61,17.5,17.45
1995-06-28,17.97,17.76,17.59,17.51
1995-06-29,17.56,17.39,17.24,17.19
1995-06-30,17.4,17.25,17.11,17.07
1995-07-05,17.18,17.04,16.95,16.95
1995-07-06,17.37,17.19,17.09,17.08
1995-07-07,17.14,16.94,16.86,16.86
1995-07-10,17.34,17.17,17.1,17.1
1995-07-11,17.32,17.13,17.05,17.04
1995-07-12,17.49,17.21,17.08,17.03
1995-07-13,17.25,17.0,16.89,16.86
1995-07-14,17.32,17.06,16.98,16.98
1995-07-17,17.2,16.97,16.89,16.91
1995-07-18,17.35,17.11,17.03,17.05
1995-07-19,17.33,17.06,16.97,16.98
1995-07-20,17.01,16.77,16.71,16.73
1995-07-21,16.79,16.71,16.74,16.78
1995-07-24,16.88,16.8,16.83,16.88
1995-07-25,16.93,16.82,16.85,16.89
1995-07-26,17.5,17.31,17.26,17.26
1995-07-27,17.49,17.28,17.18,17.15
1995-07-28,17.43,17.24,17.15,17.12
1995-07-31,17.56,17.34,17.23,17.19
1995-08-01,17.7,17.45,17.33,17.28
1995-08-02,17.78,17.52,17.38,17.32
1995-08-03,17.72,17.48,17.36,17.3
1995-08-04,17.71,17.47,17.36,17.31
1995-08-07,17.65,17.44,17.34,17.29
1995-08-08,17.79,17.54,17.43,17.37
1995-08-09,17.78,17.57,17.46,17.4
1995-08-10,17.89,17.66,17.55,17.49
1995-08-11,17.86,17.61,17.47,17.4
1995-08-14,17.48,17.26,17.15,17.1
1995-08-15,17.47,17.23,17.09,17.04
1995-08-16,17.55,17.28,17.13,17.08
1995-08-17,17.66,17.39,17.22,17.15
1995-08-18,17.87,17.51,17.29,17.2
1995-08-21,18.25,17.84,17.59,17.48
1995-08-22,18.54,17.88,17.61,17.48
1995-08-23,18.0,17.71,17.52,17.42
1995-08-24,17.86,17.55,17.35,17.26
1995-08-25,17.86,17.5,17.3,17.21
1995-08-28,17.82,17.43,17.22,17.13
1995-08-29,17.82,17.47,17.28,17.2
1995-08-30,17.79,17.48,17.32,17.24
1995-08-31,17.84,17.56,17.4,17.32
1995-09-01,18.04,17.75,17.59,17.5
1995-09-05,18.58,18.19,18.01,17.88
1995-09-06,18.36,18.02,17.86,17.74
1995-09-07,18.27,17.93,17.76,17.64
1995-09-08,18.44,18.08,17.89,17.76
1995-09-11,18.47,18.1,17.9,17.77
1995-09-12,18.64,18.26,18.04,17.9
1995-09-13,18.54,18.16,17.94,17.81
1995-09-14,18.85,18.39,18.11,17.96
1995-09-15,18.92,18.42,18.08,17.9
1995-09-18,18.93,18.42,18.08,17.9
1995-09-19,18.95,18.43,18.08,17.9
1995-09-20,18.69,18.07,17.72,17.55
1995-09-21,17.56,17.31,17.2,17.13
1995-09-22,17.25,17.04,16.98,16.94
1995-09-25,17.47,17.26,17.17,17.11
1995-09-26,17.33,17.16,17.08,17.02
1995-09-27,17.57,17.35,17.23,17.15
1995-09-28,17.76,17.46,17.31,17.21
1995-09-29,17.54,17.28,17.17,17.1
1995-10-02,17.64,17.34,17.21,17.14
1995-10-03,17.56,17.26,17.14,17.07
1995-10-04,17.3,17.06,16.96,16.91
1995-10-05,16.87,16.64,16.57,16.56
1995-10-06,17.03,16.79,16.71,16.7
1995-10-09,17.31,17.02,16.91,16.87
1995-10-10,17.42,17.12,17.0,16.96
1995-10-11,17.29,17.06,16.95,16.91
1995-10-12,17.12,16.94,16.85,16.82
1995-10-13,17.41,17.27,17.15,17.1
1995-10-16,17.59,17.37,17.21,17.15
1995-10-17,17.68,17.38,17.22,17.15
1995-10-18,17.61,17.31,17.17,17.1
1995-10-19,17.32,17.07,16.95,16.9
1995-10-20,17.37,17.15,17.01,16.96
1995-10-23,17.21,17.07,17.01,16.97
1995-10-24,17.32,17.14,17.05,17.0
1995-10-25,17.32,17.11,17.02,16.96
1995-10-26,17.58,17.33,17.21,17.14
1995-10-27,17.54,17.32,17.19,17.11
1995-10-30,17.62,17.37,17.23,17.15
1995-10-31,17.64,17.4,17.26,17.18
1995-11-01,17.74,17.47,17.33,17.24
1995-11-02,17.98,17.67,17.5,17.39
1995-11-03,17.94,17.65,17.47,17.35
1995-11-06,17.71,17.47,17.33,17.23
1995-11-07,17.65,17.4,17.26,17.17
1995-11-08,17.82,17.53,17.36,17.25
1995-11-09,17.84,17.55,17.36,17.24
1995-11-10,17.83,17.55,17.37,17.25
1995-11-13,17.8,17.53,17.35,17.23
1995-11-14,17.82,17.56,17.36,17.24
1995-11-15,17.93,17.63,17.41,17.28
1995-11-16,18.19,17.85,17.6,17.45
1995-11-17,18.57,18.13,17.88,17.71
1995-11-20,18.06,17.83,17.67,17.53
1995-11-21,17.97,17.75,17.6,17.47
1995-11-22,17.96,17.73,17.57,17.43
1995-11-27,18.38,18.12,17.93,17.78
1995-11-28,18.33,18.04,17.85,17.7
1995-11-29,18.26,17.98,17.79,17.64
1995-11-30,18.18,17.91,17.73,17.59
1995-12-01,18.43,18.13,17.93,17.78
1995-12-04,18.63,18.3,18.08,17.91
1995-12-05,18.67,18.33,18.1,17.93
1995-12-06,18.77,18.37,18.13,17.96
1995-12-07,18.73,18.36,18.13,17.96
1995-12-08,18.97,18.58,18.32,18.12
1995-12-11,18.66,18.37,18.13,17.95
1995-12-12,18.73,18.42,18.2,18.01
1995-12-13,19.0,18.68,18.39,18.18
1995-12-14,19.11,18.73,18.44,18.25
1995-12-15,19.51,18.97,18.58,18.35
1995-12-18,19.67,19.11,18.7,18.43
1995-12-19,19.12,18.99,18.65,18.4
1995-12-20,18.97,18.61,18.33,18.11
1995-12-21,18.96,18.59,18.32,18.1
1995-12-22,19.14,18.73,18.42,18.18
1995-12-26,19.27,18.84,18.53,18.29
1995-12-27,19.5,19.04,18.65,18.36
1995-12-28,19.36,18.92,18.56,18.29
1995-12-29,19.55,19.06,18.68,18.39
1996-01-02,19.81,19.24,18.84,18.54
1996-01-03,19.89,19.34,18.9,18.58
1996-01-04,19.91,19.37,18.93,18.61
1996-01-05,20.26,19.65,19.16,18.8
1996-01-08,20.26,19.65,19.16,18.8
1996-01-09,19.95,19.41,18.96,18.62
1996-01-10,19.67,19.18,18.78,18.47
1996-01-11,18.79,18.39,18.05,17.8
1996-01-12,18.25,17.98,17.74,17.55
1996-01-15,18.38,18.05,17.79,17.59
1996-01-16,18.05,17.69,17.43,17.24
1996-01-17,18.52,18.05,17.79,17.6
1996-01-18,19.18,18.39,17.98,17.74
1996-01-19,18.94,18.25,17.81,17.58
1996-01-22,18.62,18.15,17.74,17.53
1996-01-23,18.06,17.67,17.47,17.32
1996-01-24,18.28,17.88,17.67,17.52
1996-01-25,17.67,17.37,17.21,17.11
1996-01-26,17.73,17.36,17.2,17.09
1996-01-29,17.45,17.16,17.04,16.97
1996-01-30,17.56,17.24,17.09,17.0
1996-01-31,17.74,17.37,17.2,17.09
1996-02-01,17.71,17.31,17.13,17.01
1996-02-02,17.8,17.38,17.19,17.06
1996-02-05,17.54,17.18,17.02,16.91
1996-02-06,17.69,17.3,17.15,17.05
1996-02-07,17.74,17.31,17.13,17.02
1996-02-08,17.76,17.33,17.09,16.97
1996-02-09,17.78,17.38,17.13,17.0
1996-02-12,17.97,17.5,17.26,17.12
1996-02-13,18.91,18.35,17.99,17.79
1996-02-14,18.96,18.35,17.96,17.73
1996-02-15,19.04,18.37,17.94,17.68
1996-02-16,19.16,18.4,17.94,17.67
1996-02-20,21.05,19.27,18.79,18.47
1996-02-21,19.71,19.05,18.6,18.29
1996-02-22,19.85,19.07,18.59,18.28
1996-02-23,19.06,18.45,18.04,17.76
1996-02-26,19.39,18.71,18.27,17.95
1996-02-27,19.7,18.9,18.39,18.02
1996-02-28,19.29,18.54,18.09,17.77
1996-02-29,19.54,18.72,18.24,17.9
1996-03-01,19.44,18.62,18.13,17.83
1996-03-04,19.2,18.33,17.9,17.62
1996-03-05,19.54,18.6,18.07,17.73
1996-03-06,20.19,19.07,18.42,18.04
1996-03-07,19.81,18.96,18.3,17.93
1996-03-08,19.61,18.87,18.26,17.92
1996-03-11,19.91,19.11,18.5,18.13
1996-03-12,20.46,19.48,18.79,18.36
1996-03-13,20.58,19.62,18.95,18.51
1996-03-14,21.16,19.84,19.05,18.55
1996-03-15,21.99,20.08,19.13,18.58
1996-03-18,23.27,20.73,19.53,18.83
1996-03-19,24.34,20.83,19.58,18.77
1996-03-20,23.06,20.85,19.61,18.78
1996-03-21,21.05,19.77,18.9,18.5
1996-03-22,21.95,20.3,19.31,18.83
1996-03-25,22.4,20.74,19.65,19.1
1996-03-26,22.19,20.52,19.52,18.98
1996-03-27,21.79,20.28,19.34,18.82
1996-03-28,21.41,19.97,19.14,18.66
1996-03-29,21.47,20.15,19.31,18.82
1996-04-01,22.26,20.62,19.73,19.19
1996-04-02,22.7,20.85,19.85,19.23
1996-04-03,22.27,20.6,19.65,19.08
1996-04-04,22.75,20.9,19.82,19.18
1996-04-08,23.03,21.08,19.86,19.11
1996-04-09,23.06,21.31,20.01,19.26
1996-04-10,24.21,22.1,20.59,19.69
1996-04-11,25.34,22.8,21.09,19.98
1996-04-12,24.29,21.91,20.38,19.44
1996-04-15,25.06,22.48,20.77,19.71
1996-04-16,24.47,21.59,20.02,19.06
1996-04-17,24.67,21.34,19.84,18.94
1996-04-18,23.82,20.81,19.62,18.89
1996-04-19,23.95,21.04,19.71,18.95
1996-04-22,24.07,21.53,20.14,19.31
1996-04-23,22.7,21.05,19.89,19.31
1996-04-24,22.4,20.81,19.75,19.17
1996-04-25,22.2,20.7,19.78,19.25
1996-04-26,22.32,20.84,19.88,19.35
1996-04-29,22.43,20.95,19.99,19.43
1996-04-30,21.2,20.25,19.49,19.01
1996-05-01,20.81,19.9,19.22,18.79
1996-05-02,20.86,19.86,19.28,18.82
1996-05-03,21.18,20.12,19.41,18.95
1996-05-06,21.04,20.07,19.38,18.95
1996-05-07,21.11,20.12,19.37,18.94
1996-05-08,21.0,20.08,19.4,18.98
1996-05-09,20.68,19.93,19.29,18.87
1996-05-10,21.01,20.14,19.47,19.05
1996-05-13,21.36,20.34,19.57,19.11
1996-05-14,21.42,20.42,19.67,19.17
1996-05-15,21.48,20.41,19.65,19.1
1996-05-16,20.78,19.73,19.11,18.63
1996-05-17,20.64,19.44,18.84,18.4
1996-05-20,22.48,20.77,19.98,19.48
1996-05-21,22.65,20.63,19.78,19.2
1996-05-22,21.4,20.42,19.76,19.29
1996-05-23,21.23,20.24,19.54,19.07
1996-05-24,21.32,20.32,19.6,19.13
1996-05-28,21.11,20.16,19.46,18.99
1996-05-29,20.76,19.93,19.29,18.86
1996-05-30,19.94,19.25,18.76,18.4
1996-05-31,19.76,19.1,18.66,18.33
1996-06-03,19.85,19.2,18.75,18.43
1996-06-04,20.44,19.62,19.12,18.76
1996-06-05,19.72,19.03,18.6,18.29
1996-06-06,20.05,19.24,18.8,18.5
1996-06-07,20.28,19.43,18.94,18.63
1996-06-10,20.25,19.44,18.93,18.61
1996-06-11,20.1,19.3,18.79,18.47
1996-06-12,20.09,19.29,18.79,18.47
1996-06-13,20.01,19.22,18.73,18.43
1996-06-14,20.34,19.5,18.99,18.68
1996-06-17,22.14,20.7,19.97,19.5
1996-06-18,21.46,20.21,19.52,19.05
1996-06-19,20.76,19.85,19.22,18.79
1996-06-20,20.65,20.09,19.43,18.98
1996-06-21,19.92,19.32,18.92,18.65
1996-06-24,19.98,19.34,18.91,18.62
1996-06-25,19.96,19.27,18.84,18.55
1996-06-26,20.65,19.84,19.34,19.03
1996-06-27,21.02,20.12,19.53,19.1
1996-06-28,20.92,20.1,19.48,19.04
1996-07-01,21.53,20.6,19.86,19.35
1996-07-02,21.13,20.28,19.59,19.12
1996-07-03,21.21,20.38,19.69,19.2
1996-07-08,21.27,20.51,19.79,19.29
1996-07-09,21.41,20.71,20.05,19.58
1996-07-10,21.55,20.85,20.23,19.75
1996-07-11,21.95,21.21,20.54,20.02
1996-07-12,21.9,21.2,20.51,20.0
1996-07-15,22.48,21.71,21.06,20.53
1996-07-16,22.38,21.66,20.97,20.42
1996-07-17,21.8,21.2,20.57,20.06
1996-07-18,21.68,21.16,20.56,20.06
1996-07-19,21.0,20.78,20.31,19.84
1996-07-22,21.4,20.79,20.29,19.86
1996-07-23,21.01,20.41,19.93,19.54
1996-07-24,20.68,20.17,19.72,19.37
1996-07-25,20.74,20.23,19.78,19.43
1996-07-26,20.11,19.69,19.3,19.0
1996-07-29,20.28,19.77,19.35,19.03
1996-07-30,20.33,19.84,19.45,19.15
1996-07-31,20.42,19.91,19.52,19.22
1996-08-01,21.04,20.48,19.95,19.6
1996-08-02,21.34,20.73,20.22,19.81
1996-08-05,21.23,20.67,20.17,19.77
1996-08-06,21.13,20.64,20.18,19.79
1996-08-07,21.42,20.87,20.39,19.99
1996-08-08,21.55,21.01,20.48,20.04
1996-08-09,21.57,21.06,20.54,20.11
1996-08-12,22.22,21.65,21.07,20.56
1996-08-13,22.37,21.84,21.24,20.7
1996-08-14,22.12,21.58,21.04,20.53
1996-08-15,21.9,21.4,20.92,20.45
1996-08-16,22.66,22.05,21.48,20.93
1996-08-19,23.26,22.47,21.84,21.26
1996-08-20,22.86,22.11,21.53,20.97
1996-08-21,21.72,21.21,20.73,20.3
1996-08-22,22.3,21.72,21.19,20.72
1996-08-23,21.96,21.45,20.96,20.53
1996-08-26,21.62,21.17,20.7,20.3
1996-08-27,21.56,21.08,20.63,20.23
1996-08-28,21.71,21.21,20.77,20.37
1996-08-29,22.15,21.62,21.13,20.69
1996-08-30,22.25,21.71,21.24,20.8
1996-09-03,23.4,22.66,22.05,21.53
1996-09-04,23.24,22.55,21.94,21.42
1996-09-05,23.44,22.78,22.21,21.68
1996-09-06,23.85,23.17,22.59,22.03
1996-09-09,23.73,23.09,22.47,21.91
1996-09-10,24.12,23.47,22.82,22.22
1996-09-11,24.75,24.05,23.35,22.68
1996-09-12,25.0,24.3,23.55,22.83
1996-09-13,24.51,23.94,23.15,22.43
1996-09-16,23.19,22.83,22.31,21.71
1996-09-17,23.31,22.89,22.4,21.83
1996-09-18,23.89,23.48,22.94,22.34
1996-09-19,23.54,23.1,22.61,22.06
1996-09-20,23.63,23.22,22.74,22.21
1996-09-23,23.37,22.84,22.31,21.8
1996-09-24,24.07,23.53,22.92,22.35
1996-09-25,24.46,23.83,23.17,22.56
1996-09-26,24.16,23.58,22.96,22.35
1996-09-27,24.6,23.96,23.3,22.69
1996-09-30,24.38,23.77,23.2,22.6
1996-10-01,24.14,23.58,23.0,22.4
1996-10-02,24.05,23.52,22.96,22.39
1996-10-03,24.81,24.21,23.59,22.99
1996-10-04,24.73,24.24,23.61,23.0
1996-10-07,25.24,24.74,24.06,23.39
1996-10-08,25.54,25.08,24.39,23.71
1996-10-09,25.07,24.67,24.07,23.42
1996-10-10,24.26,23.95,23.51,22.94
1996-10-11,24.66,24.37,23.92,23.36
1996-10-14,25.62,25.21,24.66,24.0
1996-10-15,25.42,25.02,24.52,23.87
1996-10-16,25.17,24.78,24.32,23.72
1996-10-17,25.42,25.01,24.54,23.94
1996-10-18,25.79,25.34,24.8,24.16
1996-10-21,25.92,25.46,24.95,24.33
1996-10-22,25.75,25.53,25.03,24.44
1996-10-23,24.86,24.45,23.92,23.39
1996-10-24,24.51,24.08,23.6,23.12
1996-10-25,24.86,24.39,23.89,23.41
1996-10-28,24.85,24.36,23.86,23.36
1996-10-29,24.34,23.93,23.47,23.0
1996-10-30,24.28,23.89,23.46,23.02
1996-10-31,23.35,23.09,22.73,22.36
1996-11-01,23.03,22.74,22.4,22.06
1996-11-04,22.79,22.54,22.23,21.91
1996-11-05,22.64,22.4,22.09,21.77
1996-11-06,22.69,22.46,22.19,21.88
1996-11-07,22.74,22.63,22.36,22.05
1996-11-08,23.59,23.39,23.06,22.73
1996-11-11,23.37,23.26,22.93,22.59
1996-11-12,23.35,23.25,22.95,22.62
1996-11-13,24.12,23.96,23.65,23.29
1996-11-14,24.41,24.24,23.94,23.57
1996-11-15,24.17,24.01,23.7,23.32
1996-11-18,23.88,23.66,23.37,23.01
1996-11-19,24.49,24.2,23.87,23.47
1996-11-20,23.76,23.33,23.02,22.62
1996-11-21,23.84,23.48,23.09,22.69
1996-11-22,23.75,23.33,22.91,22.48
1996-11-25,23.49,23.05,22.63,22.2
1996-11-26,23.62,23.13,22.71,22.28
1996-11-27,23.75,23.34,22.93,22.51
1996-12-02,24.8,24.27,23.82,23.37
1996-12-03,24.93,24.33,23.79,23.26
1996-12-04,24.8,24.26,23.71,23.17
1996-12-05,25.58,24.94,24.29,23.7
1996-12-06,25.62,25.02,24.38,23.79
1996-12-09,25.3,24.8,24.18,23.59
1996-12-10,24.42,23.96,23.42,22.85
1996-12-11,23.38,22.93,22.44,21.93
1996-12-12,23.72,23.23,22.77,22.3
1996-12-13,24.47,23.99,23.5,23.02
1996-12-16,25.74,25.09,24.5,23.9
1996-12-17,25.71,25.0,24.41,23.82
1996-12-18,26.16,25.26,24.65,24.04
1996-12-19,26.57,25.45,24.76,24.1
1996-12-20,25.08,24.44,23.8,23.17
1996-12-23,24.79,24.15,23.52,22.91
1996-12-24,25.1,24.46,23.81,23.19
1996-12-26,24.92,24.27,23.62,23.0
1996-12-27,25.22,24.55,23.89,23.27
1996-12-30,25.37,24.67,24.0,23.37
1996-12-31,25.92,25.24,24.54,23.89
1997-01-02,25.69,25.07,24.38,23.73
1997-01-03,25.59,24.99,24.32,23.68
1997-01-06,26.37,25.66,24.95,24.27
1997-01-07,26.23,25.54,24.83,24.15
1997-01-08,26.62,25.93,25.24,24.56
1997-01-09,26.37,25.72,25.03,24.35
1997-01-10,26.09,25.49,24.84,24.19
1997-01-13,25.19,24.71,24.14,23.55
1997-01-14,25.11,24.62,24.07,23.51
1997-01-15,25.95,25.34,24.77,24.22
1997-01-16,25.52,24.82,24.26,23.71
1997-01-17,25.41,24.43,23.88,23.37
1997-01-20,25.23,24.43,23.89,23.4
1997-01-21,24.8,24.22,23.71,23.25
1997-01-22,24.24,23.76,23.3,22.83
1997-01-23,24.18,23.67,23.19,22.72
1997-01-24,24.05,23.53,23.05,22.59
1997-01-27,23.94,23.44,22.98,22.55
1997-01-28,23.9,23.42,22.96,22.53
1997-01-29,24.47,23.93,23.42,22.96
1997-01-30,24.87,24.35,23.8,23.32
1997-01-31,24.15,23.71,23.19,22.74
1997-02-03,24.15,23.74,23.25,22.83
1997-02-04,24.02,23.61,23.16,22.75
1997-02-05,23.91,23.52,23.12,22.73
1997-02-06,23.1,22.74,22.42,22.1
1997-02-07,22.23,22.07,21.8,21.53
1997-02-10,22.46,22.25,21.98,21.73
1997-02-11,22.42,22.23,21.95,21.69
1997-02-12,21.86,21.63,21.34,21.09
1997-02-13,22.02,21.74,21.44,21.19
1997-02-14,22.41,22.03,21.71,21.44
1997-02-18,22.52,22.12,21.8,21.51
1997-02-19,22.79,22.33,21.94,21.62
1997-02-20,21.98,21.69,21.39,21.1
1997-02-21,21.39,21.07,20.81,20.59
1997-02-24,20.71,20.46,20.27,20.1
1997-02-25,21.0,20.7,20.47,20.28
1997-02-26,21.11,20.83,20.62,20.44
1997-02-27,20.89,20.64,20.42,20.24
1997-02-28,20.3,20.04,19.86,19.73
1997-03-03,20.25,20.03,19.88,19.76
1997-03-04,20.66,20.47,20.31,20.19
1997-03-05,20.49,20.29,20.22,20.0
1997-03-06,20.94,20.76,20.56,20.41
1997-03-07,21.28,21.24,21.06,20.9
1997-03-10,20.49,20.55,20.55,20.44
1997-03-11,20.11,20.29,20.3,20.25
1997-03-12,20.62,20.68,20.68,20.61
1997-03-13,20.7,20.76,20.73,20.65
1997-03-14,21.29,21.2,21.09,20.97
1997-03-17,20.92,20.85,20.79,20.68
1997-03-18,22.06,21.77,21.64,21.49
1997-03-19,22.04,21.82,21.63,21.46
1997-03-20,22.32,21.85,21.67,21.48
1997-03-21,21.51,21.4,21.24,21.1
1997-03-24,21.06,21.02,20.92,20.81
1997-03-25,20.99,20.97,20.89,20.79
1997-03-26,20.64,20.63,20.55,20.48
1997-03-27,20.7,20.69,20.63,20.58
1997-03-31,20.41,20.42,20.38,20.34
1997-04-01,20.28,20.26,20.23,20.22
1997-04-02,19.47,19.54,19.59,19.62
1997-04-03,19.47,19.57,19.63,19.66
1997-04-04,19.12,19.22,19.3,19.35
1997-04-07,19.23,19.33,19.37,19.41
1997-04-08,19.35,19.45,19.49,19.53
1997-04-09,19.27,19.39,19.43,19.47
1997-04-10,19.57,19.68,19.71,19.74
1997-04-11,19.53,19.62,19.63,19.64
1997-04-14,19.9,19.91,19.92,19.91
1997-04-15,19.83,19.78,19.8,19.8
1997-04-16,19.35,19.3,19.37,19.4
1997-04-17,19.42,19.34,19.4,19.45
1997-04-18,19.91,19.67,19.65,19.65
1997-04-21,20.38,20.07,19.98,19.93
1997-04-22,19.6,19.59,19.57,19.53
1997-04-23,19.73,19.74,19.74,19.73
1997-04-24,20.03,19.99,19.96,19.92
1997-04-25,19.99,20.0,19.98,19.94
1997-04-28,19.91,19.91,19.9,19.88
1997-04-29,20.44,20.39,20.33,20.27
1997-04-30,20.21,20.21,20.16,20.12
1997-05-01,19.91,19.96,19.93,19.9
1997-05-02,19.6,19.69,19.7,19.7
1997-05-05,19.63,19.71,19.72,19.72
1997-05-06,19.66,19.75,19.78,19.79
1997-05-07,19.62,19.73,19.75,19.74
1997-05-08,20.34,20.34,20.28,20.23
1997-05-09,20.43,20.41,20.31,20.24
1997-05-12,21.38,21.26,21.08,20.96
1997-05-13,21.37,21.28,21.12,20.99
1997-05-14,21.39,21.29,21.16,21.04
1997-05-15,21.3,21.29,21.16,21.04
1997-05-16,22.12,22.18,22.02,21.86
1997-05-19,21.59,21.9,21.81,21.66
1997-05-20,21.19,21.59,21.59,21.48
1997-05-21,21.86,21.87,21.76,21.64
1997-05-22,21.86,21.87,21.75,21.6
1997-05-23,21.63,21.66,21.56,21.43
1997-05-27,20.79,20.84,20.82,20.75
1997-05-28,20.79,20.9,20.88,20.81
1997-05-29,20.97,21.07,21.05,20.98
1997-05-30,20.88,21.01,21.01,20.96
1997-06-02,20.98,21.12,21.12,21.07
1997-06-03,20.33,20.45,20.48,20.46
1997-06-04,20.12,20.27,20.32,20.33
1997-06-05,19.66,19.86,19.96,20.02
1997-06-06,18.79,19.11,19.29,19.43
1997-06-09,18.68,19.01,19.21,19.39
1997-06-10,18.67,19.0,19.2,19.38
1997-06-11,18.53,18.89,19.09,19.27
1997-06-12,18.69,18.93,19.09,19.23
1997-06-13,18.83,19.06,19.19,19.3
1997-06-16,19.01,19.17,19.28,19.37
1997-06-17,19.23,19.35,19.43,19.51
1997-06-18,18.79,18.96,19.1,19.23
1997-06-19,18.67,18.92,19.05,19.17
1997-06-20,18.55,18.89,19.04,19.18
1997-06-23,19.14,19.25,19.36,19.46
1997-06-24,19.03,19.2,19.31,19.41
1997-06-25,19.52,19.63,19.73,19.81
1997-06-26,19.09,19.19,19.3,19.38
1997-06-27,19.46,19.56,19.64,19.71
1997-06-30,19.8,19.84,19.9,19.94
1997-07-01,20.12,20.12,20.09,20.06
1997-07-02,20.34,20.34,20.31,20.28
1997-07-03,19.56,19.6,19.65,19.69
1997-07-07,19.52,19.63,19.71,19.78
1997-07-08,19.73,19.83,19.88,19.93
1997-07-09,19.46,19.59,19.66,19.72
1997-07-10,19.22,19.38,19.45,19.52
1997-07-11,19.33,19.49,19.56,19.63
1997-07-14,18.99,19.13,19.23,19.32
1997-07-15,19.67,19.76,19.83,19.89
1997-07-16,19.65,19.71,19.74,19.77
1997-07-17,19.99,20.02,20.0,19.99
1997-07-18,19.27,19.43,19.46,19.49
1997-07-21,19.18,19.42,19.5,19.56
1997-07-22,19.08,19.48,19.56,19.61
1997-07-23,19.63,19.7,19.75,19.79
1997-07-24,19.77,19.84,19.88,19.92
1997-07-25,19.89,19.94,19.96,19.97
1997-07-28,19.81,19.86,19.88,19.9
1997-07-29,19.85,19.91,19.94,19.96
1997-07-30,20.3,20.31,20.29,20.27
1997-07-31,20.14,20.18,20.17,20.16
1997-08-01,20.28,20.31,20.3,20.29
1997-08-04,20.75,20.86,20.83,20.81
1997-08-05,20.81,20.93,20.91,20.88
1997-08-06,20.46,20.56,20.58,20.58
1997-08-07,20.09,20.28,20.37,20.4
1997-08-08,19.54,19.74,19.87,19.93
1997-08-11,19.69,19.88,19.98,20.03
1997-08-12,19.99,20.17,20.25,20.28
1997-08-13,20.19,20.39,20.47,20.5
1997-08-14,20.08,20.3,20.38,20.41
1997-08-15,20.07,20.26,20.33,20.36
1997-08-18,19.91,20.15,20.25,20.31
1997-08-19,20.12,20.33,20.41,20.45
1997-08-20,20.06,20.21,20.31,20.36
1997-08-21,19.66,19.78,19.85,19.88
1997-08-22,19.7,19.81,19.89,19.92
1997-08-25,19.26,19.37,19.49,19.55
1997-08-26,19.28,19.41,19.53,19.59
1997-08-27,19.73,19.83,19.92,19.95
1997-08-28,19.58,19.67,19.76,19.79
1997-08-29,19.61,19.74,19.83,19.86
1997-09-02,19.65,19.76,19.85,19.88
1997-09-03,19.61,19.74,19.82,19.86
1997-09-04,19.4,19.52,19.61,19.66
1997-09-05,19.63,19.73,19.81,19.85
1997-09-08,19.45,19.6,19.69,19.74
1997-09-09,19.42,19.58,19.67,19.72
1997-09-10,19.42,19.57,19.66,19.71
1997-09-11,19.37,19.49,19.56,19.61
1997-09-12,19.32,19.46,19.53,19.58
1997-09-15,19.27,19.41,19.48,19.53
1997-09-16,19.61,19.74,19.79,19.83
1997-09-17,19.42,19.56,19.61,19.65
1997-09-18,19.38,19.53,19.6,19.64
1997-09-19,19.35,19.53,19.61,19.65
1997-09-22,19.6,19.74,19.84,19.87
1997-09-23,19.79,19.87,19.91,19.92
1997-09-24,19.94,20.04,20.08,20.08
1997-09-25,20.39,20.46,20.46,20.44
1997-09-26,20.87,20.88,20.84,20.78
1997-09-29,21.26,21.17,21.1,21.03
1997-09-30,21.18,21.12,21.04,20.95
1997-10-01,21.05,21.02,20.95,20.88
1997-10-02,21.77,21.71,21.59,21.45
1997-10-03,22.76,22.55,22.3,22.06
1997-10-06,21.93,21.84,21.65,21.45
1997-10-07,21.96,21.95,21.81,21.63
1997-10-08,22.18,22.13,21.97,21.76
1997-10-09,22.12,22.1,21.96,21.76
1997-10-10,22.1,22.14,22.0,21.81
1997-10-13,21.32,21.37,21.32,21.19
1997-10-14,20.7,20.8,20.79,20.73
1997-10-15,20.57,20.7,20.7,20.65
1997-10-16,20.97,21.09,21.08,20.99
1997-10-17,20.59,20.74,20.7,20.59
1997-10-20,20.7,20.91,20.95,20.88
1997-10-21,20.67,20.86,20.9,20.85
1997-10-22,21.42,21.43,21.35,21.23
1997-10-23,21.09,21.12,21.06,20.97
1997-10-24,20.97,21.06,21.02,20.95
1997-10-27,21.07,21.15,21.1,21.0
1997-10-28,20.46,20.62,20.63,20.58
1997-10-29,20.71,20.84,20.84,20.77
1997-10-30,21.22,21.29,21.25,21.14
1997-10-31,21.08,21.18,21.14,21.03
1997-11-03,20.96,21.09,21.04,20.93
1997-11-04,20.7,20.85,20.85,20.75
1997-11-05,20.31,20.51,20.57,20.52
1997-11-06,20.39,20.6,20.65,20.61
1997-11-07,20.77,20.94,20.94,20.87
1997-11-10,20.4,20.6,20.62,20.57
1997-11-11,20.51,20.71,20.72,20.65
1997-11-12,20.49,20.68,20.7,20.64
1997-11-13,20.7,20.86,20.85,20.77
1997-11-14,21.0,21.16,21.12,21.01
1997-11-17,20.26,20.48,20.52,20.48
1997-11-18,20.04,20.29,20.35,20.32
1997-11-19,19.8,20.14,20.25,20.25
1997-11-20,19.16,19.59,19.7,19.74
1997-11-21,19.76,19.9,19.97,20.0
1997-11-24,19.83,19.98,20.05,20.08
1997-11-25,19.73,19.9,19.98,20.02
1997-11-26,19.15,19.35,19.47,19.55
1997-12-01,18.66,18.94,19.12,19.25
1997-12-02,18.76,19.03,19.19,19.31
1997-12-03,18.8,19.03,19.17,19.27
1997-12-04,18.6,18.85,19.02,19.14
1997-12-05,18.71,18.98,19.13,19.24
1997-12-08,18.84,19.09,19.23,19.34
1997-12-09,18.67,18.92,19.07,19.18
1997-12-10,18.14,18.41,18.61,18.76
1997-12-11,18.15,18.4,18.61,18.78
1997-12-12,18.21,18.44,18.64,18.81
1997-12-15,18.17,18.35,18.54,18.72
1997-12-16,18.17,18.37,18.56,18.74
1997-12-17,18.19,18.39,18.58,18.74
1997-12-18,18.52,18.74,18.9,19.03
1997-12-19,18.39,18.54,18.72,18.86
1997-12-22,18.32,18.49,18.64,18.79
1997-12-23,18.33,18.48,18.62,18.76
1997-12-24,18.35,18.5,18.63,18.76
1997-12-26,18.2,18.33,18.46,18.59
1997-12-29,17.62,17.82,18.01,18.18
1997-12-30,17.6,17.82,18.02,18.2
1997-12-31,17.64,17.83,18.03,18.21
1998-01-02,17.43,17.66,17.87,18.06
1998-01-05,16.89,17.14,17.37,17.6
1998-01-06,16.91,17.13,17.34,17.54
1998-01-07,16.82,17.01,17.21,17.41
1998-01-08,16.97,17.16,17.34,17.52
1998-01-09,16.63,16.85,17.06,17.26
1998-01-12,16.47,16.68,16.89,17.1
1998-01-13,16.43,16.64,16.86,17.08
1998-01-14,16.45,16.64,16.84,17.06
1998-01-15,16.34,16.51,16.72,16.94
1998-01-16,16.51,16.69,16.9,17.12
1998-01-20,16.42,16.56,16.77,16.99
1998-01-21,16.36,16.58,16.81,17.03
1998-01-22,16.04,16.27,16.52,16.77
1998-01-23,15.74,16.0,16.26,16.52
1998-01-26,16.82,16.98,17.2,17.42
1998-01-27,16.98,17.15,17.35,17.55
1998-01-28,17.31,17.48,17.66,17.85
1998-01-29,17.82,17.96,18.11,18.25
1998-01-30,17.21,17.37,17.55,17.71
1998-02-02,17.05,17.24,17.42,17.59
1998-02-03,16.5,16.7,16.92,17.14
1998-02-04,16.37,16.58,16.82,17.06
1998-02-05,16.58,16.79,17.0,17.21
1998-02-06,16.7,16.91,17.12,17.32
1998-02-09,16.63,16.85,17.06,17.27
1998-02-10,16.43,16.66,16.88,17.1
1998-02-11,16.15,16.38,16.64,16.88
1998-02-12,15.96,16.19,16.46,16.72
1998-02-13,16.02,16.25,16.51,16.77
1998-02-17,15.66,15.88,16.17,16.46
1998-02-18,16.25,16.45,16.75,17.05
1998-02-19,16.16,16.32,16.61,16.9
1998-02-20,16.15,16.24,16.52,16.81
1998-02-23,15.37,15.75,16.11,16.42
1998-02-24,15.31,15.68,16.06,16.39
1998-02-25,15.45,15.79,16.15,16.46
1998-02-26,15.35,15.69,16.06,16.38
1998-02-27,15.44,15.77,16.15,16.47
1998-03-02,15.34,15.68,16.06,16.39
1998-03-03,15.27,15.61,15.99,16.33
1998-03-04,15.32,15.65,16.03,16.37
1998-03-05,15.33,15.67,16.04,16.37
1998-03-06,14.91,15.3,15.71,16.08
1998-03-09,14.33,14.72,15.15,15.56
1998-03-10,14.26,14.63,15.05,15.45
1998-03-11,14.18,14.56,14.98,15.37
1998-03-12,14.2,14.57,14.98,15.37
1998-03-13,14.06,14.43,14.83,15.22
1998-03-16,13.28,13.65,14.05,14.46
1998-03-17,13.21,13.5,13.92,14.35
1998-03-18,14.34,14.61,15.0,15.37
1998-03-19,14.31,14.6,14.96,15.33
1998-03-20,14.32,14.61,14.96,15.31
1998-03-23,16.51,16.77,16.81,17.11
1998-03-24,15.92,16.23,16.51,16.73
1998-03-25,16.48,16.76,17.0,17.19
1998-03-26,16.83,17.08,17.3,17.47
1998-03-27,16.76,17.01,17.23,17.42
1998-03-30,16.21,16.47,16.71,16.92
1998-03-31,15.61,15.94,16.22,16.46
1998-04-01,15.54,15.86,16.15,16.4
1998-04-02,15.74,16.06,16.35,16.59
1998-04-03,15.99,16.29,16.56,16.78
1998-04-06,15.45,15.79,16.09,16.34
1998-04-07,15.22,15.57,15.89,16.16
1998-04-08,15.55,15.9,16.21,16.45
1998-04-09,15.56,15.9,16.21,16.45
1998-04-13,15.32,15.65,15.98,16.23
1998-04-14,15.12,15.5,15.85,16.12
1998-04-15,15.46,15.82,16.14,16.4
1998-04-16,15.9,16.24,16.53,16.75
1998-04-17,15.46,15.91,16.22,16.46
1998-04-20,15.41,15.91,16.26,16.53
1998-04-21,15.45,15.98,16.33,16.6
1998-04-22,15.54,15.91,16.18,16.39
1998-04-23,15.19,15.7,16.03,16.29
1998-04-24,15.09,15.59,15.94,16.2
1998-04-27,15.32,15.81,16.17,16.44
1998-04-28,15.74,16.21,16.55,16.79
1998-04-29,15.32,15.86,16.25,16.52
1998-04-30,15.39,16.0,16.43,16.72
1998-05-01,16.13,16.72,17.05,17.27
1998-05-04,15.95,16.61,17.0,17.25
1998-05-05,15.47,16.23,16.69,16.99
1998-05-06,15.37,16.09,16.56,16.87
1998-05-07,15.24,15.94,16.39,16.74
1998-05-08,15.13,15.87,16.31,16.65
1998-05-11,15.17,15.87,16.29,16.6
1998-05-12,15.24,15.93,16.32,16.6
1998-05-13,14.95,15.68,16.11,16.42
1998-05-14,15.08,15.81,16.21,16.52
1998-05-15,14.47,15.32,15.82,16.18
1998-05-18,14.07,15.11,15.68,16.06
1998-05-19,12.96,15.01,15.66,16.06
1998-05-20,14.18,14.99,15.51,15.91
1998-05-21,14.63,15.26,15.73,16.1
1998-05-22,14.78,15.34,15.78,16.13
1998-05-26,14.82,15.32,15.76,16.11
1998-05-27,14.99,15.43,15.83,16.16
1998-05-28,14.85,15.33,15.74,16.07
1998-05-29,15.2,15.68,16.08,16.41
1998-06-01,14.96,15.56,15.96,16.31
1998-06-02,14.84,15.46,15.88,16.24
1998-06-03,14.81,15.43,15.88,16.26
1998-06-04,15.12,15.69,16.11,16.46
1998-06-05,15.07,15.71,16.23,16.61
1998-06-08,14.55,15.28,15.91,16.34
1998-06-09,13.85,14.65,15.36,15.85
1998-06-10,13.48,14.39,15.12,15.69
1998-06-11,12.75,13.92,14.7,15.28
1998-06-12,12.59,13.89,14.71,15.32
1998-06-15,11.56,13.03,14.0,14.69
1998-06-16,11.98,13.23,14.15,14.82
1998-06-17,12.6,13.69,14.47,15.08
1998-06-18,11.77,13.13,14.02,14.7
1998-06-19,11.84,13.17,14.04,14.73
1998-06-22,13.43,13.65,14.38,14.99
1998-06-23,14.52,15.06,15.5,15.88
1998-06-24,14.6,15.03,15.41,15.77
1998-06-25,14.03,14.64,15.09,15.5
1998-06-26,14.13,14.68,15.1,15.48
1998-06-29,14.07,14.61,15.02,15.41
1998-06-30,14.18,14.67,15.07,15.43
1998-07-01,14.37,14.79,15.18,15.53
1998-07-02,14.5,14.91,15.27,15.59
1998-07-06,13.92,14.4,14.8,15.15
1998-07-07,13.62,14.14,14.56,14.93
1998-07-08,13.85,14.29,14.68,15.03
1998-07-09,13.88,14.28,14.65,14.98
1998-07-10,13.87,14.2,14.54,14.85
1998-07-13,13.91,14.2,14.53,14.84
1998-07-14,14.55,14.77,15.0,15.25
1998-07-15,14.87,15.02,15.23,15.44
1998-07-16,14.52,14.73,14.95,15.16
1998-07-17,13.98,14.3,14.58,14.84
1998-07-20,13.34,13.63,14.0,14.35
1998-07-21,13.79,14.04,14.3,14.62
1998-07-22,14.16,14.43,14.73,15.01
1998-07-23,13.88,14.17,14.48,14.78
1998-07-24,13.87,14.19,14.52,14.84
1998-07-27,14.22,14.47,14.76,15.06
1998-07-28,14.27,14.52,14.81,15.1
1998-07-29,14.09,14.37,14.67,14.97
1998-07-30,14.21,14.51,14.8,15.08
1998-07-31,14.21,14.5,14.79,15.06
1998-08-03,13.7,14.06,14.38,14.68
1998-08-04,13.75,14.1,14.42,14.72
1998-08-05,13.68,14.06,14.39,14.7
1998-08-06,13.76,14.09,14.42,14.72
1998-08-07,13.8,14.14,14.46,14.75
1998-08-10,13.05,13.41,13.77,14.08
1998-08-11,12.76,13.15,13.53,13.85
1998-08-12,12.71,13.12,13.51,13.83
1998-08-13,13.21,13.55,13.9,14.2
1998-08-14,13.35,13.64,13.97,14.26
1998-08-17,13.2,13.47,13.79,14.08
1998-08-18,12.92,13.2,13.54,13.85
1998-08-19,13.16,13.36,13.67,13.97
1998-08-20,13.54,13.8,14.07,14.35
1998-08-21,13.37,13.66,13.95,14.21
1998-08-24,13.64,13.92,14.21,14.47
1998-08-25,13.77,14.0,14.27,14.52
1998-08-26,13.58,13.8,14.08,14.33
1998-08-27,13.23,13.46,13.76,14.03
1998-08-28,13.5,13.72,14.01,14.28
1998-08-31,13.34,13.59,13.87,14.15
1998-09-01,13.73,13.97,14.25,14.52
1998-09-02,13.67,13.9,14.18,14.45
1998-09-03,14.67,14.85,15.08,15.31
1998-09-04,14.59,14.78,14.99,15.2
1998-09-08,14.29,14.53,14.75,14.98
1998-09-09,14.12,14.36,14.61,14.85
1998-09-10,14.67,14.87,15.08,15.29
1998-09-11,14.34,14.56,14.78,15.0
1998-09-14,14.42,14.61,14.81,15.03
1998-09-15,14.57,14.7,14.86,15.04
1998-09-16,14.53,14.67,14.83,15.01
1998-09-17,14.86,14.96,15.09,15.24
1998-09-18,15.49,15.62,15.74,15.87
1998-09-21,15.49,15.67,15.78,15.89
1998-09-22,15.67,15.84,15.94,16.05
1998-09-23,15.81,15.95,16.05,16.16
1998-09-24,15.98,16.13,16.23,16.34
1998-09-25,15.75,15.89,16.01,16.12
1998-09-28,15.64,15.76,15.89,16.0
1998-09-29,15.98,16.03,16.14,16.24
1998-09-30,16.14,16.16,16.25,16.34
1998-10-01,15.43,15.5,15.62,15.74
1998-10-02,15.64,15.7,15.81,15.93
1998-10-05,15.39,15.5,15.63,15.77
1998-10-06,15.5,15.61,15.74,15.87
1998-10-07,15.06,15.23,15.38,15.53
1998-10-08,14.42,14.61,14.8,14.98
1998-10-09,14.58,14.74,14.93,15.11
1998-10-12,14.44,14.62,14.81,14.99
1998-10-13,14.23,14.42,14.62,14.8
1998-10-14,14.05,14.23,14.44,14.63
1998-10-15,14.05,14.24,14.44,14.64
1998-10-16,14.15,14.33,14.54,14.73
1998-10-19,13.35,13.53,13.75,13.96
1998-10-20,13.43,13.52,13.77,13.99
1998-10-21,14.08,14.26,14.45,14.63
1998-10-22,13.97,14.16,14.34,14.51
1998-10-23,14.05,14.24,14.41,14.57
1998-10-26,14.23,14.4,14.55,14.7
1998-10-27,14.13,14.3,14.45,14.6
1998-10-28,14.29,14.46,14.63,14.79
1998-10-29,14.24,14.42,14.61,14.77
1998-10-30,14.42,14.61,14.8,14.96
1998-11-02,14.36,14.52,14.69,14.85
1998-11-03,14.2,14.4,14.59,14.75
1998-11-04,14.14,14.33,14.52,14.68
1998-11-05,13.97,14.16,14.35,14.53
1998-11-06,13.87,14.08,14.29,14.48
1998-11-09,13.38,13.62,13.85,14.06
1998-11-10,13.52,13.77,13.99,14.19
1998-11-11,13.55,13.81,14.02,14.22
1998-11-12,13.84,14.1,14.3,14.49
1998-11-13,13.57,13.79,13.99,14.18
1998-11-16,12.82,13.12,13.39,13.64
1998-11-17,12.45,12.78,13.09,13.39
1998-11-18,12.14,12.76,13.12,13.46
1998-11-19,12.15,12.74,13.12,13.47
1998-11-20,12.14,12.89,13.29,13.64
1998-11-23,12.45,12.84,13.21,13.54
1998-11-24,12.12,12.48,12.84,13.18
1998-11-25,11.86,12.28,12.67,13.02
1998-11-30,11.22,11.7,12.14,12.53
1998-12-01,11.13,11.57,12.0,12.38
1998-12-02,11.24,11.6,12.01,12.39
1998-12-03,11.19,11.56,11.93,12.29
1998-12-04,11.17,11.51,11.88,12.24
1998-12-07,11.47,11.82,12.14,12.45
1998-12-08,11.3,11.68,11.99,12.29
1998-12-09,11.16,11.57,11.91,12.22
1998-12-10,10.72,11.21,11.59,11.92
1998-12-11,10.79,11.31,11.69,12.01
1998-12-14,11.29,11.73,12.08,12.37
1998-12-15,11.55,11.95,12.26,12.51
1998-12-16,12.38,12.72,12.98,13.19
1998-12-17,11.03,11.37,11.68,11.93
1998-12-18,10.95,11.26,11.57,11.84
1998-12-21,10.81,11.02,11.33,11.61
1998-12-22,11.12,11.41,11.69,11.96
1998-12-23,11.33,11.55,11.81,12.07
1998-12-24,11.23,11.46,11.73,11.99
1998-12-28,11.46,11.67,11.92,12.15
1998-12-29,11.72,11.9,12.12,12.32
1998-12-30,11.75,11.93,12.15,12.35
1998-12-31,12.05,12.19,12.4,12.6
1999-01-04,12.34,12.47,12.63,12.8
1999-01-05,11.99,12.14,12.31,12.48
1999-01-06,12.8,12.87,13.0,13.14
1999-01-07,13.09,13.11,13.22,13.34
1999-01-08,13.07,13.1,13.17,13.29
1999-01-11,13.44,13.45,13.48,13.56
1999-01-12,12.89,12.96,13.03,13.13
1999-01-13,12.31,12.38,12.48,12.62
1999-01-14,12.15,12.22,12.32,12.46
1999-01-15,12.11,12.2,12.3,12.44
1999-01-19,12.08,12.19,12.28,12.41
1999-01-20,11.81,11.87,11.98,12.12
1999-01-21,12.46,12.47,12.55,12.65
1999-01-22,12.69,12.67,12.72,12.8
1999-01-25,12.44,12.45,12.5,12.58
1999-01-26,12.06,12.1,12.19,12.3
1999-01-27,12.32,12.37,12.47,12.59
1999-01-28,12.45,12.49,12.58,12.7
1999-01-29,12.75,12.79,12.86,12.96
1999-02-01,12.37,12.46,12.56,12.68
1999-02-02,12.3,12.41,12.53,12.66
1999-02-03,12.38,12.49,12.61,12.74
1999-02-04,12.02,12.18,12.3,12.43
1999-02-05,11.8,11.95,12.09,12.23
1999-02-08,11.67,11.82,11.97,12.12
1999-02-09,11.68,11.82,11.98,12.14
1999-02-10,11.75,11.87,12.01,12.15
1999-02-11,11.85,11.93,12.06,12.19
1999-02-12,11.88,11.96,12.09,12.21
1999-02-16,11.37,11.48,11.64,11.78
1999-02-17,11.53,11.63,11.78,11.92
1999-02-18,12.04,12.17,12.29,12.42
1999-02-19,11.76,11.9,12.02,12.15
1999-02-22,11.96,12.07,12.19,12.32
1999-02-23,12.48,12.58,12.7,12.82
1999-02-24,12.61,12.72,12.83,12.94
1999-02-25,12.68,12.81,12.91,13.01
1999-02-26,12.27,12.4,12.52,12.63
1999-03-01,12.24,12.4,12.52,12.64
1999-03-02,12.51,12.64,12.75,12.86
1999-03-03,12.93,13.04,13.13,13.22
1999-03-04,13.35,13.44,13.5,13.57
1999-03-05,13.3,13.41,13.47,13.53
1999-03-08,13.63,13.73,13.76,13.8
1999-03-09,13.85,13.9,13.9,13.93
1999-03-10,14.69,14.67,14.63,14.63
1999-03-11,14.31,14.28,14.22,14.2
1999-03-12,14.49,14.49,14.4,14.34
1999-03-15,14.45,14.5,14.44,14.41
1999-03-16,14.46,14.54,14.47,14.44
1999-03-17,15.05,15.15,15.04,14.95
1999-03-18,15.0,15.1,15.05,14.99
1999-03-19,15.24,15.36,15.3,15.25
1999-03-22,15.5,15.74,15.71,15.65
1999-03-23,15.51,15.5,15.43,15.36
1999-03-24,15.34,15.38,15.38,15.32
1999-03-25,15.67,15.68,15.68,15.64
1999-03-26,16.17,16.16,16.14,16.06
1999-03-29,16.44,16.41,16.37,16.27
1999-03-30,16.8,16.74,16.69,16.58
1999-03-31,16.76,16.73,16.63,16.5
1999-04-01,16.64,16.61,16.52,16.4
1999-04-05,16.95,16.89,16.78,16.64
1999-04-06,16.81,16.8,16.72,16.59
1999-04-07,16.03,16.04,16.0,15.89
1999-04-08,15.83,15.88,15.88,15.8
1999-04-09,16.57,16.56,16.53,16.42
1999-04-12,16.4,16.46,16.42,16.31
1999-04-13,16.72,16.78,16.72,16.6
1999-04-14,16.47,16.55,16.54,16.45
1999-04-15,16.87,16.89,16.83,16.71
1999-04-16,17.33,17.34,17.27,17.12
1999-04-19,17.8,17.63,17.54,17.38
1999-04-20,17.78,17.48,17.34,17.15
1999-04-21,17.92,17.67,17.41,17.17
1999-04-22,18.18,17.87,17.58,17.3
1999-04-23,17.94,17.66,17.39,17.13
1999-04-26,17.66,17.42,17.18,16.95
1999-04-27,17.81,17.55,17.3,17.07
1999-04-28,18.45,18.09,17.76,17.46
1999-04-29,18.53,18.13,17.79,17.49
1999-04-30,18.66,18.34,18.03,17.77
1999-05-03,18.85,18.48,18.13,17.86
1999-05-04,18.92,18.57,18.22,17.94
1999-05-05,18.98,18.69,18.37,18.1
1999-05-06,18.32,18.15,17.89,17.68
1999-05-07,18.22,18.08,17.87,17.68
1999-05-10,18.5,18.37,18.17,17.98
1999-05-11,18.06,17.99,17.86,17.71
1999-05-12,17.57,17.57,17.5,17.4
1999-05-13,18.03,17.92,17.81,17.68
1999-05-14,18.04,17.98,17.87,17.73
1999-05-17,17.94,17.83,17.76,17.64
1999-05-18,17.11,17.05,17.04,16.98
1999-05-19,16.88,16.89,16.88,16.83
1999-05-20,17.03,17.07,17.03,16.95
1999-05-21,17.41,17.35,17.25,17.15
1999-05-24,17.06,17.06,16.99,16.9
1999-05-25,17.14,17.14,17.09,17.02
1999-05-26,17.35,17.31,17.2,17.09
1999-05-27,17.17,17.17,17.1,17.0
1999-05-28,16.84,16.82,16.76,16.67
1999-06-01,16.34,16.39,16.39,16.35
1999-06-02,16.65,16.67,16.64,16.58
1999-06-03,16.74,16.78,16.74,16.67
1999-06-04,17.32,17.36,17.29,17.19
1999-06-07,17.86,17.92,17.84,17.71
1999-06-08,17.66,17.75,17.69,17.56
1999-06-09,17.99,18.07,18.01,17.86
1999-06-10,17.85,17.95,17.89,17.74
1999-06-11,18.43,18.53,18.49,18.32
1999-06-14,18.33,18.44,18.43,18.29
1999-06-15,18.55,18.67,18.66,18.55
1999-06-16,17.94,18.13,18.18,18.1
1999-06-17,18.19,18.41,18.52,18.49
1999-06-18,17.99,18.18,18.27,18.26
1999-06-21,17.7,17.91,18.02,18.06
1999-06-22,17.61,17.75,17.85,17.89
1999-06-23,18.45,18.47,18.44,18.34
1999-06-24,18.29,18.38,18.36,18.28
1999-06-25,18.39,18.46,18.44,18.36
1999-06-28,18.23,18.34,18.33,18.25
1999-06-29,18.44,18.54,18.53,18.43
1999-06-30,19.29,19.3,19.21,19.06
1999-07-01,19.39,19.38,19.28,19.12
1999-07-02,19.69,19.66,19.52,19.34
1999-07-06,19.78,19.78,19.62,19.42
1999-07-07,19.77,19.82,19.7,19.51
1999-07-08,19.71,19.83,19.76,19.59
1999-07-09,19.94,20.06,20.0,19.84
1999-07-12,19.91,20.08,20.04,19.9
1999-07-13,20.15,20.35,20.31,20.16
1999-07-14,19.92,20.14,20.18,20.06
1999-07-15,20.16,20.4,20.44,20.32
1999-07-16,20.62,20.72,20.68,20.52
1999-07-19,20.44,20.65,20.59,20.39
1999-07-20,19.37,19.75,19.77,19.64
1999-07-21,19.65,19.74,19.65,19.5
1999-07-22,19.94,20.01,19.92,19.77
1999-07-23,20.63,20.66,20.55,20.36
1999-07-26,20.52,20.59,20.48,20.28
1999-07-27,20.38,20.45,20.37,20.18
1999-07-28,20.54,20.61,20.52,20.31
1999-07-29,20.97,20.98,20.85,20.6
1999-07-30,20.53,20.56,20.45,20.22
1999-08-02,20.45,20.53,20.48,20.28
1999-08-03,20.3,20.43,20.41,20.23
1999-08-04,20.44,20.55,20.54,20.37
1999-08-05,20.56,20.68,20.69,20.52
1999-08-06,20.88,20.97,20.96,20.77
1999-08-09,21.27,21.37,21.32,21.09
1999-08-10,21.3,21.39,21.29,21.02
1999-08-11,21.52,21.61,21.48,21.2
1999-08-12,21.48,21.58,21.45,21.16
1999-08-13,21.67,21.77,21.62,21.32
1999-08-16,21.36,21.52,21.46,21.22
1999-08-17,21.74,21.91,21.86,21.61
1999-08-18,21.52,21.73,21.68,21.43
1999-08-19,21.77,21.97,21.91,21.64
1999-08-20,21.65,21.88,21.89,21.68
1999-08-23,21.84,21.86,21.72,21.32
1999-08-24,21.47,21.53,21.42,21.05
1999-08-25,20.58,20.67,20.64,20.38
1999-08-26,20.95,20.99,20.95,20.68
1999-08-27,21.27,21.26,21.19,20.91
1999-08-30,22.01,21.98,21.86,21.51
1999-08-31,22.11,22.07,21.91,21.55
1999-09-01,21.99,21.99,21.81,21.43
1999-09-02,21.49,21.55,21.41,21.07
1999-09-03,22.0,21.98,21.81,21.43
1999-09-07,22.61,22.6,22.38,21.95
1999-09-08,22.66,22.72,22.5,22.08
1999-09-09,23.2,23.22,22.97,22.53
1999-09-10,23.55,23.53,23.26,22.8
1999-09-13,24.21,24.02,23.59,23.07
1999-09-14,23.86,23.75,23.35,22.86
1999-09-15,24.13,23.88,23.4,22.86
1999-09-16,24.51,24.09,23.54,22.99
1999-09-17,24.72,24.18,23.67,23.13
1999-09-20,24.29,23.85,23.4,22.9
1999-09-21,24.46,23.94,23.44,22.93
1999-09-22,24.12,23.61,23.07,22.52
1999-09-23,24.87,24.37,23.75,23.14
1999-09-24,24.76,24.4,23.8,23.18
1999-09-27,24.61,24.29,23.74,23.14
1999-09-28,24.33,24.07,23.58,23.04
1999-09-29,24.69,24.29,23.77,23.2
1999-09-30,24.51,24.14,23.65,23.09
1999-10-01,24.54,24.21,23.75,23.2
1999-10-04,23.76,23.55,23.21,22.74
1999-10-05,23.45,23.24,22.98,22.57
1999-10-06,23.27,23.09,22.83,22.43
1999-10-07,22.45,22.38,22.2,21.88
1999-10-08,20.9,20.92,20.82,20.62
1999-10-11,21.27,21.28,21.16,20.98
1999-10-12,22.3,22.3,22.13,21.87
1999-10-13,23.06,23.0,22.72,22.36
1999-10-14,22.45,22.4,22.25,21.91
1999-10-15,22.82,22.82,22.67,22.32
1999-10-18,22.53,22.71,22.63,22.34
1999-10-19,22.22,22.34,22.3,22.09
1999-10-20,22.2,22.48,22.45,22.28
1999-10-21,22.61,22.55,22.36,22.03
1999-10-22,23.45,23.33,23.04,22.65
1999-10-25,23.35,23.29,23.02,22.62
1999-10-26,23.19,23.16,22.94,22.55
1999-10-27,22.92,22.92,22.73,22.35
1999-10-28,21.68,21.73,21.63,21.33
1999-10-29,21.75,21.76,21.67,21.42
1999-11-01,22.51,22.5,22.38,22.11
1999-11-02,22.39,22.39,22.21,21.9
1999-11-03,22.56,22.55,22.27,21.9
1999-11-04,23.14,23.01,22.63,22.19
1999-11-05,23.0,22.88,22.53,22.09
1999-11-08,23.27,23.15,22.75,22.28
1999-11-09,24.03,23.85,23.39,22.83
1999-11-10,24.47,24.26,23.77,23.18
1999-11-11,24.33,24.21,23.82,23.28
1999-11-12,24.91,24.77,24.34,23.78
1999-11-15,25.13,25.05,24.64,24.06
1999-11-16,25.7,25.44,24.98,24.38
1999-11-17,26.6,26.0,25.37,24.7
1999-11-18,25.8,25.33,24.72,24.07
1999-11-19,26.56,26.14,25.44,24.75
1999-11-22,27.07,26.02,25.13,24.3
1999-11-23,26.44,25.57,24.69,23.89
1999-11-24,26.87,25.84,24.87,24.01
1999-11-29,25.96,24.98,24.03,23.2
1999-11-30,24.59,23.95,23.17,22.45
1999-12-01,25.0,24.27,23.5,22.78
1999-12-02,25.82,25.07,24.23,23.45
1999-12-03,25.81,25.1,24.25,23.45
1999-12-06,26.66,25.8,24.85,23.97
1999-12-07,26.22,25.49,24.57,23.73
1999-12-08,26.54,25.89,24.97,24.15
1999-12-09,26.15,25.46,24.56,23.75
1999-12-10,25.23,24.71,24.03,23.37
1999-12-13,25.38,24.89,24.26,23.62
1999-12-14,25.73,25.29,24.58,23.86
1999-12-15,26.36,25.83,24.99,24.16
1999-12-16,26.83,26.42,25.48,24.57
1999-12-17,26.74,26.52,25.65,24.75
1999-12-20,26.54,26.34,25.54,24.64
1999-12-21,26.26,25.54,24.71,23.91
1999-12-22,25.5,24.93,24.25,23.54
1999-12-23,25.87,25.19,24.47,23.77
1999-12-27,26.33,25.5,24.73,23.99
1999-12-28,26.82,25.83,24.98,24.19
1999-12-29,26.47,25.55,24.71,23.94
1999-12-30,25.6,24.79,23.99,23.23
2000-01-04,25.55,24.84,24.13,23.43
2000-01-05,24.91,24.27,23.61,22.99
2000-01-06,24.78,24.2,23.54,22.92
2000-01-07,24.22,23.76,23.25,22.75
2000-01-10,24.67,24.13,23.62,23.13
2000-01-11,25.77,25.11,24.44,23.84
2000-01-12,26.28,25.66,24.93,24.28
2000-01-13,26.69,25.92,25.16,24.5
2000-01-14,28.02,27.14,26.33,25.58
2000-01-18,28.85,27.8,26.95,26.15
2000-01-19,29.54,27.88,26.92,26.1
2000-01-20,29.66,27.97,26.98,26.14
2000-01-21,28.2,27.19,26.25,25.43
2000-01-24,27.83,26.91,26.09,25.35
2000-01-25,28.28,27.31,26.44,25.66
2000-01-26,27.84,26.86,26.02,25.28
2000-01-27,27.32,26.35,25.58,24.9
2000-01-28,27.22,26.3,25.55,24.91
2000-01-31,27.64,26.72,25.97,25.32
2000-02-01,28.22,27.26,26.49,25.82
2000-02-02,27.55,26.67,25.96,25.33
2000-02-03,28.03,27.13,26.39,25.75
2000-02-04,28.82,27.82,27.04,26.37
2000-02-07,28.45,27.48,26.68,25.98
2000-02-08,28.02,27.08,26.32,25.66
2000-02-09,28.77,27.75,26.87,26.16
2000-02-10,29.43,28.27,27.29,26.54
2000-02-11,29.44,28.4,27.38,26.59
2000-02-14,30.25,29.26,28.11,27.24
2000-02-15,30.06,29.19,28.05,27.14
2000-02-16,30.05,29.33,28.32,27.45
2000-02-17,29.46,28.55,27.64,26.84
2000-02-18,29.51,28.45,27.48,26.67
2000-02-22,29.62,28.92,27.83,26.95
2000-02-23,29.39,28.02,27.04,26.25
2000-02-24,29.97,28.26,27.14,26.28
2000-02-25,30.35,28.61,27.45,26.56
2000-02-28,30.13,28.45,27.31,26.4
2000-02-29,30.43,28.85,27.68,26.74
2000-03-01,31.77,30.01,28.69,27.66
2000-03-02,31.69,30.08,28.71,27.68
2000-03-03,31.51,30.02,28.68,27.68
2000-03-06,32.18,30.56,29.16,28.12
2000-03-07,34.13,32.39,30.66,29.46
2000-03-08,31.26,29.47,28.09,27.07
2000-03-09,31.69,29.96,28.65,27.68
2000-03-10,31.76,29.84,28.39,27.38
2000-03-13,32.02,30.0,28.45,27.39
2000-03-14,31.69,29.72,28.32,27.32
2000-03-15,30.72,29.03,27.78,26.88
2000-03-16,31.09,29.28,28.0,27.1
2000-03-17,30.91,29.08,27.83,27.0
2000-03-20,29.43,27.55,26.7,26.13
2000-03-21,28.0,27.81,27.06,26.47
2000-03-22,27.46,26.76,26.17,25.69
2000-03-23,27.31,26.7,26.19,25.72
2000-03-24,28.02,27.28,26.71,26.21
2000-03-27,27.79,27.0,26.45,25.97
2000-03-28,27.09,26.35,25.88,25.48
2000-03-29,26.45,25.87,25.58,25.31
2000-03-30,26.7,26.07,25.74,25.47
2000-03-31,26.9,26.38,26.04,25.76
2000-04-03,26.43,25.94,25.62,25.34
2000-04-04,25.45,25.13,24.93,24.72
2000-04-05,25.83,25.31,25.11,24.92
2000-04-06,25.69,25.12,24.89,24.7
2000-04-07,25.04,24.47,24.27,24.09
2000-04-10,23.85,23.23,23.05,22.92
2000-04-11,24.14,23.39,23.27,23.17
2000-04-12,25.41,24.74,24.57,24.43
2000-04-13,25.38,24.62,24.41,24.21
2000-04-14,25.57,24.33,24.12,23.92
2000-04-17,25.89,24.57,24.28,24.07
2000-04-18,26.11,24.83,24.4,24.15
2000-04-19,27.35,25.8,25.25,24.91
2000-04-20,25.88,25.34,24.98,24.69
2000-04-24,26.04,25.55,25.18,24.88
2000-04-25,25.33,25.02,24.7,24.42
2000-04-26,24.65,24.53,24.34,24.15
2000-04-27,25.42,25.21,24.94,24.7
2000-04-28,25.74,25.48,25.15,24.86
2000-05-01,25.87,25.6,25.25,24.95
2000-05-02,26.89,26.46,26.0,25.6
2000-05-03,26.75,26.41,25.91,25.46
2000-05-04,26.98,26.56,26.02,25.52
2000-05-05,27.29,26.92,26.31,25.78
2000-05-08,28.09,27.75,27.01,26.42
2000-05-09,28.65,28.4,27.67,27.0
2000-05-10,28.1,28.05,27.45,26.86
2000-05-11,29.11,28.94,28.27,27.66
2000-05-12,29.62,29.39,28.71,28.06
2000-05-15,29.92,29.73,29.07,28.41
2000-05-16,29.73,29.65,29.08,28.41
2000-05-17,29.32,29.44,28.96,28.38
2000-05-18,30.33,30.22,29.66,29.01
2000-05-19,29.89,29.85,29.41,28.84
2000-05-22,28.61,28.73,28.32,27.83
2000-05-23,28.78,28.28,27.81,27.35
2000-05-24,29.93,29.18,28.6,28.09
2000-05-25,30.51,29.63,28.98,28.43
2000-05-26,30.0,29.07,28.4,27.85
2000-05-30,30.35,29.41,28.77,28.24
2000-05-31,29.01,28.42,27.89,27.4
2000-06-01,30.14,29.31,28.71,28.2
2000-06-02,30.35,29.44,28.74,28.18
2000-06-05,29.7,28.92,28.25,27.72
2000-06-06,29.75,28.97,28.3,27.76
2000-06-07,29.95,29.28,28.66,28.13
2000-06-08,29.78,29.08,28.39,27.83
2000-06-09,30.2,29.26,28.46,27.89
2000-06-12,31.74,30.43,29.53,28.85
2000-06-13,32.56,31.2,30.16,29.41
2000-06-14,32.85,31.17,30.09,29.33
2000-06-15,32.95,30.95,29.87,29.11
2000-06-16,32.33,30.02,29.02,28.31
2000-06-19,31.69,29.64,28.67,28.02
2000-06-20,33.05,30.65,29.49,28.74
2000-06-21,31.37,29.9,29.05,28.45
2000-06-22,32.19,30.67,29.75,29.11
2000-06-23,32.25,30.85,29.92,29.28
2000-06-26,31.63,30.41,29.52,28.9
2000-06-27,32.06,30.88,30.01,29.38
2000-06-28,31.9,30.65,29.78,29.14
2000-06-29,32.72,31.25,30.33,29.65
2000-06-30,32.5,31.13,30.2,29.51
2000-07-05,30.67,29.6,28.9,28.35
2000-07-06,29.99,29.04,28.48,27.98
2000-07-07,30.28,29.18,28.62,28.12
2000-07-10,29.69,28.83,28.29,27.82
2000-07-11,29.7,29.06,28.56,28.13
2000-07-12,30.32,29.64,29.04,28.6
2000-07-13,31.47,30.41,29.69,29.21
2000-07-14,31.4,30.43,29.71,29.21
2000-07-17,30.83,29.76,29.12,28.68
2000-07-18,31.94,30.64,29.93,29.41
2000-07-19,31.42,30.35,29.76,29.32
2000-07-20,30.93,29.77,29.31,28.91
2000-07-21,28.56,28.36,28.08,27.78
2000-07-24,28.02,27.8,27.57,27.31
2000-07-25,27.95,27.73,27.5,27.24
2000-07-26,27.81,27.63,27.44,27.2
2000-07-27,28.02,27.8,27.65,27.43
2000-07-28,28.18,27.91,27.76,27.54
2000-07-31,27.43,27.31,27.19,27.0
2000-08-01,27.79,27.58,27.44,27.25
2000-08-02,28.26,27.97,27.72,27.46
2000-08-03,28.66,28.32,27.98,27.66
2000-08-04,29.96,29.36,28.94,28.53
2000-08-07,28.91,28.65,28.3,27.94
2000-08-08,29.12,28.87,28.51,28.15
2000-08-09,30.35,29.95,29.43,28.98
2000-08-10,31.34,30.87,30.25,29.7
2000-08-11,31.02,30.58,29.98,29.42
2000-08-14,31.94,31.08,30.41,29.83
2000-08-15,31.67,30.96,30.32,29.74
2000-08-16,31.8,30.98,30.36,29.79
2000-08-17,31.94,31.33,30.68,30.08
2000-08-18,31.99,31.56,31.03,30.46
2000-08-21,32.47,31.98,31.36,30.7
2000-08-22,31.22,31.22,30.83,30.31
2000-08-23,32.02,31.56,30.97,30.37
2000-08-24,31.63,31.09,30.53,29.99
2000-08-25,32.03,31.23,30.66,30.11
2000-08-28,32.87,31.94,31.32,30.75
2000-08-29,32.74,31.83,31.21,30.63
2000-08-30,33.32,32.42,31.82,31.25
2000-08-31,33.12,32.21,31.58,30.99
2000-09-01,33.38,32.42,31.79,31.2
2000-09-05,33.83,32.98,32.31,31.69
2000-09-06,34.9,33.98,33.22,32.52
2000-09-07,35.39,34.54,33.76,33.03
2000-09-08,33.63,32.77,32.14,31.53
2000-09-11,35.14,34.22,33.54,32.87
2000-09-12,34.28,33.42,32.88,32.29
2000-09-13,33.82,32.68,32.2,31.72
2000-09-14,34.07,33.05,32.56,32.08
2000-09-15,35.92,34.72,34.06,33.43
2000-09-18,36.88,35.55,34.78,34.07
2000-09-19,36.51,35.01,34.22,33.53
2000-09-20,37.2,35.24,34.35,33.6
2000-09-21,34.0,33.41,32.83,32.25
2000-09-22,32.68,32.27,31.85,31.43
2000-09-25,31.57,31.43,31.21,30.93
2000-09-26,31.5,31.37,31.16,30.89
2000-09-27,31.46,31.39,31.18,30.91
2000-09-28,30.34,30.34,30.23,30.03
2000-09-29,30.84,30.71,30.54,30.34
2000-10-02,32.18,31.86,31.57,31.31
2000-10-03,32.07,31.85,31.58,31.32
2000-10-04,31.43,31.24,31.06,30.86
2000-10-05,30.53,30.54,30.49,30.42
2000-10-06,30.86,30.91,30.75,30.62
2000-10-09,31.86,31.85,31.56,31.37
2000-10-10,33.18,33.07,32.7,32.38
2000-10-11,33.25,33.24,32.94,32.64
2000-10-12,36.06,35.72,35.14,34.56
2000-10-13,34.99,34.13,33.55,33.02
2000-10-16,32.92,32.39,31.96,31.53
2000-10-17,32.99,32.42,31.98,31.58
2000-10-18,33.48,32.47,31.91,31.48
2000-10-19,32.91,31.9,31.36,30.91
2000-10-20,33.75,32.95,32.28,31.76
2000-10-23,33.76,32.99,32.39,31.88
2000-10-24,33.37,32.5,31.89,31.37
2000-10-25,32.96,32.19,31.6,31.1
2000-10-26,33.71,32.77,32.14,31.59
2000-10-27,32.74,31.68,31.03,30.48
2000-10-30,32.81,31.63,30.91,30.32
2000-10-31,32.7,31.55,30.85,30.27
2000-11-01,33.25,31.98,31.17,30.53
2000-11-02,32.54,31.28,30.48,29.87
2000-11-03,32.71,31.55,30.73,30.11
2000-11-06,32.86,31.69,30.84,30.21
2000-11-07,33.4,32.29,31.34,30.66
2000-11-08,33.24,32.28,31.38,30.68
2000-11-09,33.92,32.98,32.07,31.32
2000-11-10,34.02,33.06,32.16,31.36
2000-11-13,34.47,33.56,32.58,31.68
2000-11-14,34.87,33.96,32.95,31.92
2000-11-15,35.58,34.99,33.92,32.79
2000-11-16,35.12,34.46,33.53,32.45
2000-11-17,35.45,35.03,34.12,33.05
2000-11-20,35.22,34.16,32.99,31.91
2000-11-21,35.16,34.19,33.13,32.07
2000-11-22,35.4,34.4,33.32,32.24
2000-11-27,35.38,34.29,33.25,32.21
2000-11-28,34.22,33.21,32.28,31.36
2000-11-29,34.63,33.49,32.5,31.57
2000-11-30,33.82,32.88,31.9,31.0
2000-12-01,32.02,31.17,30.36,29.61
2000-12-04,31.22,30.47,29.75,29.12
2000-12-05,29.53,29.03,28.48,28.0
2000-12-06,29.85,29.31,28.81,28.34
2000-12-07,29.35,29.01,28.52,28.06
2000-12-08,28.44,28.09,27.75,27.44
2000-12-11,29.5,29.04,28.57,28.16
2000-12-12,29.68,29.1,28.57,28.14
2000-12-13,28.74,28.12,27.62,27.21
2000-12-14,27.99,27.17,26.78,26.48
2000-12-15,28.87,27.86,27.4,27.05
2000-12-18,29.76,28.59,28.03,27.63
2000-12-19,29.33,27.96,27.37,26.97
2000-12-20,25.77,25.49,25.18,24.89
2000-12-21,25.98,25.64,25.44,25.24
2000-12-22,26.18,25.79,25.49,25.24
2000-12-26,26.64,26.05,25.71,25.46
2000-12-27,26.47,25.86,25.5,25.25
2000-12-28,25.85,25.3,24.96,24.72
2000-12-29,26.8,25.98,25.59,25.34
2001-01-02,27.21,26.52,26.04,25.74
2001-01-03,28.0,27.27,26.73,26.35
2001-01-04,28.14,27.54,27.04,26.65
2001-01-05,27.95,27.16,26.68,26.28
2001-01-08,27.32,26.51,25.98,25.58
2001-01-09,27.64,26.7,26.18,25.81
2001-01-10,29.48,28.21,27.44,26.97
2001-01-11,29.41,28.22,27.44,26.96
2001-01-12,30.05,28.76,27.94,27.41
2001-01-16,30.29,28.5,27.66,27.11
2001-01-17,29.6,27.8,27.03,26.54
2001-01-18,30.45,28.67,27.78,27.17
2001-01-19,32.19,30.19,29.29,28.56
2001-01-22,32.19,29.8,28.9,28.14
2001-01-23,29.57,28.79,28.14,27.57
2001-01-24,29.05,28.31,27.72,27.19
2001-01-25,29.36,28.43,27.82,27.33
2001-01-26,29.77,28.77,28.12,27.6
2001-01-29,29.06,28.25,27.65,27.16
2001-01-30,29.06,28.25,27.67,27.22
2001-01-31,28.66,27.96,27.41,26.99
2001-02-01,29.82,29.06,28.42,27.92
2001-02-02,31.19,30.39,29.61,29.03
2001-02-05,30.55,29.87,29.13,28.56
2001-02-06,30.35,29.75,29.06,28.49
2001-02-07,31.27,30.98,30.26,29.62
2001-02-08,31.59,31.31,30.65,29.97
2001-02-09,31.03,30.74,30.23,29.63
2001-02-12,30.51,30.21,29.73,29.19
2001-02-13,30.36,30.23,29.86,29.41
2001-02-14,29.71,29.59,29.23,28.77
2001-02-15,28.8,28.71,28.45,28.1
2001-02-16,29.16,29.0,28.67,28.29
2001-02-20,28.58,28.81,28.48,28.15
2001-02-21,28.53,28.13,27.76,27.39
2001-02-22,28.82,28.47,28.07,27.67
2001-02-23,29.04,28.77,28.37,27.95
2001-02-26,28.42,28.25,27.95,27.58
2001-02-27,28.13,28.13,27.91,27.62
2001-02-28,27.39,27.5,27.36,27.11
2001-03-01,27.62,27.68,27.55,27.3
2001-03-02,27.84,27.91,27.74,27.47
2001-03-05,28.6,28.59,28.34,28.02
2001-03-06,28.32,28.37,28.22,27.93
2001-03-07,29.0,29.16,29.03,28.76
2001-03-08,28.39,28.62,28.54,28.3
2001-03-09,28.01,28.28,28.3,28.11
2001-03-12,28.0,28.26,28.29,28.17
2001-03-13,27.59,27.83,27.88,27.79
2001-03-14,26.41,26.62,26.77,26.75
2001-03-15,26.55,26.82,26.97,27.01
2001-03-16,26.74,26.92,26.99,26.98
2001-03-19,26.15,26.46,26.6,26.65
2001-03-20,25.96,26.12,26.24,26.27
2001-03-21,26.8,26.86,26.83,26.72
2001-03-22,26.54,26.71,26.64,26.5
2001-03-23,27.3,27.38,27.25,27.08
2001-03-26,27.48,27.53,27.36,27.16
2001-03-27,27.75,27.84,27.66,27.4
2001-03-28,26.31,26.49,26.42,26.21
2001-03-29,26.32,26.48,26.48,26.34
2001-03-30,26.29,26.57,26.6,26.49
2001-04-02,25.59,25.87,25.92,25.83
2001-04-03,26.19,26.39,26.4,26.27
2001-04-04,27.12,27.27,27.26,27.01
2001-04-05,27.26,27.49,27.52,27.22
2001-04-06,27.06,27.38,27.45,27.2
2001-04-09,27.28,27.59,27.69,27.5
2001-04-10,28.48,28.68,28.77,28.56
2001-04-11,28.18,28.49,28.64,28.49
2001-04-12,28.25,28.59,28.73,28.59
2001-04-16,28.79,29.19,29.35,29.22
2001-04-17,28.24,28.82,29.01,28.93
2001-04-18,27.95,28.55,28.79,28.8
2001-04-19,27.82,28.2,28.45,28.5
2001-04-20,27.28,27.58,27.84,27.88
2001-04-23,27.61,27.88,27.98,27.92
2001-04-24,26.86,27.34,27.56,27.56
2001-04-25,27.29,27.79,27.97,27.94
2001-04-26,28.44,28.69,28.69,28.54
2001-04-27,28.27,28.68,28.71,28.54
2001-04-30,28.46,28.86,28.89,28.65
2001-05-01,28.94,29.33,29.36,29.07
2001-05-02,27.8,28.39,28.55,28.36
2001-05-03,28.45,28.99,29.12,28.91
2001-05-04,28.36,28.96,29.15,28.96
2001-05-07,27.77,28.54,28.74,28.63
2001-05-08,27.39,28.37,28.62,28.59
2001-05-09,28.23,28.94,29.06,28.98
2001-05-10,28.52,29.1,29.13,28.9
2001-05-11,28.55,29.08,29.1,28.82
2001-05-14,28.71,29.13,29.2,28.88
2001-05-15,28.98,29.35,29.36,28.99
2001-05-16,28.86,29.16,29.15,28.78
2001-05-17,28.91,29.21,29.24,28.88
2001-05-18,29.91,30.34,30.34,29.92
2001-05-21,29.98,30.26,30.3,29.95
2001-05-22,29.74,30.0,30.06,29.73
2001-05-23,29.58,29.7,29.49,29.06
2001-05-24,28.41,28.6,28.54,28.23
2001-05-25,28.38,28.57,28.52,28.25
2001-05-29,28.66,28.82,28.7,28.42
2001-05-30,28.55,28.69,28.61,28.37
2001-05-31,28.37,28.52,28.43,28.23
2001-06-01,27.93,28.17,28.17,28.03
2001-06-04,28.13,28.41,28.44,28.29
2001-06-05,28.24,28.58,28.67,28.54
2001-06-06,27.72,28.09,28.24,28.21
2001-06-07,27.75,28.14,28.21,28.12
2001-06-08,28.33,28.63,28.63,28.5
2001-06-11,29.04,29.19,29.09,28.84
2001-06-12,29.18,29.39,29.27,28.99
2001-06-13,28.84,29.16,29.02,28.75
2001-06-14,29.04,29.2,29.06,28.75
2001-06-15,28.51,28.62,28.56,28.39
2001-06-18,27.55,27.67,27.69,27.63
2001-06-19,27.48,27.64,27.66,27.58
2001-06-20,26.5,26.48,26.58,26.55
2001-06-21,26.56,26.56,26.51,26.45
2001-06-22,26.83,26.8,26.68,26.59
2001-06-25,27.25,27.18,27.0,26.91
2001-06-26,26.98,26.96,26.8,26.69
2001-06-27,25.61,25.72,25.72,25.72
2001-06-28,25.56,25.61,25.65,25.68
2001-06-29,26.25,26.09,26.07,26.06
2001-07-02,25.95,25.83,25.81,25.8
2001-07-03,26.24,26.07,26.02,26.0
2001-07-05,27.02,26.65,26.44,26.33
2001-07-06,28.21,27.69,27.35,27.17
2001-07-09,27.59,27.19,26.87,26.69
2001-07-10,27.49,27.08,26.78,26.62
2001-07-11,27.11,26.69,26.39,26.25
2001-07-12,26.8,26.45,26.3,26.26
2001-07-13,26.59,26.14,26.03,26.0
2001-07-16,26.06,25.91,25.91,25.91
2001-07-17,25.57,25.59,25.59,25.59
2001-07-18,24.89,24.93,24.97,25.0
2001-07-19,24.7,24.78,24.71,24.73
2001-07-20,25.59,25.94,25.7,25.66
2001-07-23,26.12,25.83,25.76,25.69
2001-07-24,26.31,25.9,25.79,25.69
2001-07-25,26.84,26.42,26.26,26.09
2001-07-26,26.73,26.33,26.19,26.02
2001-07-27,27.02,26.41,26.23,26.06
2001-07-30,26.63,26.06,25.93,25.8
2001-07-31,26.35,25.77,25.69,25.59
2001-08-01,26.77,26.13,26.05,25.97
2001-08-02,27.71,27.04,26.91,26.74
2001-08-03,27.62,27.0,26.9,26.73
2001-08-06,27.74,27.13,27.04,26.87
2001-08-07,27.94,27.35,27.24,27.03
2001-08-08,27.54,26.96,26.91,26.73
2001-08-09,27.64,27.04,27.01,26.84
2001-08-10,28.05,27.32,27.22,26.98
2001-08-13,27.82,27.21,27.12,26.9
2001-08-14,28.01,27.27,27.2,26.99
2001-08-15,27.56,26.74,26.71,26.58
2001-08-16,27.4,26.49,26.48,26.38
2001-08-17,26.68,25.61,25.62,25.55
2001-08-20,27.18,26.19,26.11,26.02
2001-08-21,27.91,26.72,26.58,26.42
2001-08-22,26.37,26.35,26.19,25.97
2001-08-23,26.63,26.6,26.48,26.26
2001-08-24,26.9,26.91,26.79,26.53
2001-08-27,26.67,26.78,26.74,26.48
2001-08-28,27.17,27.21,27.19,26.89
2001-08-29,27.05,27.14,27.1,26.79
2001-08-30,26.55,26.73,26.73,26.45
2001-08-31,27.2,27.35,27.34,27.04
2001-09-04,26.93,27.07,27.07,26.8
2001-09-05,26.95,27.13,27.1,26.83
2001-09-06,27.58,27.67,27.62,27.32
2001-09-07,28.03,28.19,28.19,27.83
2001-09-10,27.63,27.85,27.89,27.56
2001-09-14,28.03,,28.19,
2001-09-17,28.81,29.17,29.13,28.73
2001-09-18,27.7,28.09,28.15,27.9
2001-09-19,26.72,27.11,27.28,27.13
2001-09-20,26.59,26.73,26.97,26.82
2001-09-21,25.97,26.26,26.2,26.01
2001-09-24,22.01,22.44,23.2,23.01
2001-09-25,21.81,22.21,22.33,22.41
2001-09-26,22.38,22.73,22.81,22.88
2001-09-27,22.74,23.05,23.14,23.23
2001-09-28,23.43,23.68,23.76,23.84
2001-10-01,23.28,23.56,23.69,23.81
2001-10-02,22.79,23.11,23.25,23.38
2001-10-03,22.08,22.44,22.61,22.77
2001-10-04,22.63,22.97,23.1,23.23
2001-10-05,22.39,22.81,22.95,23.09
2001-10-08,22.45,22.86,23.01,23.16
2001-10-09,22.48,22.89,23.04,23.19
2001-10-10,22.53,22.96,23.1,23.22
2001-10-11,23.34,23.69,23.78,23.82
2001-10-12,22.5,22.82,22.93,22.98
2001-10-15,22.29,22.58,22.71,22.78
2001-10-16,22.0,22.26,22.39,22.46
2001-10-17,21.81,22.1,22.25,22.33
2001-10-18,21.31,21.55,21.77,21.89
2001-10-19,21.83,22.26,22.41,22.48
2001-10-22,21.76,22.26,22.44,22.51
2001-10-23,21.85,22.06,22.15,22.19
2001-10-24,22.33,22.5,22.58,22.6
2001-10-25,22.01,22.19,22.29,22.31
2001-10-26,22.03,22.2,22.31,22.32
2001-10-29,22.15,22.29,22.38,22.39
2001-10-30,21.87,21.99,22.07,22.09
2001-10-31,21.18,21.32,21.46,21.53
2001-11-01,20.39,20.58,20.75,20.85
2001-11-02,20.18,20.4,20.59,20.75
2001-11-05,20.02,20.24,20.4,20.54
2001-11-06,19.92,20.11,20.25,20.37
2001-11-07,20.09,20.28,20.4,20.49
2001-11-08,21.17,21.37,21.43,21.45
2001-11-09,22.22,22.46,22.51,22.48
2001-11-12,21.23,21.54,21.64,21.5
2001-11-13,21.67,21.9,21.97,21.97
2001-11-14,19.74,20.01,20.15,20.22
2001-11-15,17.45,17.84,18.06,18.27
2001-11-16,18.03,18.37,18.59,18.79
2001-11-19,17.72,18.43,18.66,18.88
2001-11-20,19.15,19.37,19.51,19.65
2001-11-21,18.96,19.19,19.33,19.46
2001-11-26,18.69,18.88,19.03,19.17
2001-11-27,19.48,19.64,19.74,19.84
2001-11-28,19.22,19.5,19.64,19.76
2001-11-29,18.62,18.94,19.16,19.35
2001-11-30,19.44,19.64,19.84,19.99
2001-12-03,20.09,20.39,20.53,20.63
2001-12-04,19.65,20.01,20.19,20.31
2001-12-05,19.49,19.84,20.04,20.17
2001-12-06,18.54,18.93,19.17,19.38
2001-12-07,19.04,19.45,19.73,19.96
2001-12-10,18.37,18.79,19.08,19.32
2001-12-11,18.08,18.46,18.76,18.99
2001-12-12,18.36,18.74,18.98,19.18
2001-12-13,18.12,18.53,18.77,18.98
2001-12-14,19.23,19.49,19.68,19.84
2001-12-17,19.22,19.52,19.7,19.85
2001-12-18,19.36,19.6,19.79,19.92
2001-12-19,19.8,20.05,20.16,20.26
2001-12-20,19.28,19.57,19.71,19.83
2001-12-21,19.62,19.82,19.99,20.13
2001-12-26,21.27,21.45,21.55,21.65
2001-12-27,20.9,21.14,21.24,21.34
2001-12-28,20.41,20.66,20.8,20.93
2001-12-31,19.84,20.11,20.27,20.41
2002-01-02,21.01,21.23,21.34,21.42
2002-01-03,20.37,20.64,20.77,20.85
2002-01-04,21.62,21.91,22.02,22.02
2002-01-07,21.48,21.78,21.94,21.9
2002-01-08,21.25,21.57,21.73,21.69
2002-01-09,20.18,20.65,20.88,20.93
2002-01-10,20.38,20.9,21.16,21.25
2002-01-11,19.68,20.32,20.61,20.73
2002-01-14,18.89,19.41,19.74,19.91
2002-01-15,18.9,19.44,19.74,19.91
2002-01-16,18.86,19.48,19.84,20.05
2002-01-17,17.97,18.63,19.03,19.27
2002-01-18,18.0,18.66,19.06,19.3
2002-01-22,18.34,18.98,19.34,19.59
2002-01-23,19.5,19.75,19.91,20.01
2002-01-24,19.7,19.93,20.05,20.14
2002-01-25,19.99,20.23,20.36,20.46
2002-01-28,20.05,20.34,20.48,20.56
2002-01-29,19.58,19.91,20.08,20.19
2002-01-30,19.08,19.44,19.69,19.86
2002-01-31,19.48,19.81,20.07,20.23
2002-02-01,20.38,20.63,20.84,20.96
2002-02-04,20.07,20.36,20.56,20.67
2002-02-05,20.07,20.37,20.53,20.63
2002-02-06,19.78,20.14,20.29,20.38
2002-02-07,19.64,20.02,20.2,20.31
2002-02-08,20.26,20.62,20.79,20.85
2002-02-11,21.41,21.81,21.94,21.95
2002-02-12,20.73,21.12,21.26,21.27
2002-02-13,21.18,21.52,21.62,21.62
2002-02-14,21.23,21.52,21.63,21.62
2002-02-15,21.5,21.74,21.82,21.8
2002-02-19,20.88,21.12,21.27,21.29
2002-02-20,20.29,20.43,20.62,20.7
2002-02-21,20.95,21.11,21.19,21.16
2002-02-22,21.07,21.2,21.26,21.22
2002-02-25,20.48,20.69,20.76,20.74
2002-02-26,21.41,21.59,21.62,21.57
2002-02-27,21.29,21.51,21.59,21.54
2002-02-28,21.74,21.96,22.04,21.99
2002-03-01,22.4,22.64,22.71,22.64
2002-03-04,22.45,22.69,22.75,22.68
2002-03-05,23.17,23.45,23.49,23.39
2002-03-06,23.15,23.45,23.51,23.43
2002-03-07,23.71,24.0,24.04,23.95
2002-03-08,23.84,24.14,24.22,24.16
2002-03-11,24.31,24.64,24.73,24.69
2002-03-12,24.2,24.55,24.63,24.62
2002-03-13,24.16,24.54,24.62,24.6
2002-03-14,24.56,24.9,24.93,24.82
2002-03-15,24.51,24.85,24.92,24.81
2002-03-18,25.11,25.44,25.51,25.38
2002-03-19,24.88,25.28,25.4,25.3
2002-03-20,24.9,24.95,25.1,25.05
2002-03-21,25.61,25.67,25.63,25.48
2002-03-22,25.35,25.49,25.46,25.31
2002-03-25,24.99,25.17,25.2,25.11
2002-03-26,25.36,25.49,25.51,25.41
2002-03-27,25.87,25.97,25.95,25.8
2002-03-28,26.31,26.37,26.32,26.13
2002-04-01,26.88,27.01,26.91,26.64
2002-04-02,27.71,27.84,27.72,27.37
2002-04-03,27.56,27.66,27.56,27.22
2002-04-04,26.58,26.81,26.74,26.46
2002-04-05,26.21,26.41,26.3,26.03
2002-04-08,26.54,26.75,26.55,26.21
2002-04-09,25.82,26.03,25.87,25.56
2002-04-10,26.13,26.3,26.07,25.73
2002-04-11,24.99,25.19,25.01,24.75
2002-04-12,23.47,23.69,23.58,23.4
2002-04-15,24.57,24.8,24.66,24.45
2002-04-16,24.75,25.01,24.88,24.66
2002-04-17,25.94,26.05,25.79,25.47
2002-04-18,26.18,26.28,25.94,25.54
2002-04-19,26.38,26.44,26.16,25.76
2002-04-22,26.27,26.4,26.19,25.84
2002-04-23,26.62,26.37,26.01,25.74
2002-04-24,26.38,26.14,25.83,25.57
2002-04-25,26.73,26.42,26.11,25.83
2002-04-26,27.11,26.78,26.43,26.14
2002-04-29,27.57,27.12,26.77,26.46
2002-04-30,27.29,26.93,26.65,26.38
2002-05-01,26.75,26.43,26.18,25.94
2002-05-02,26.24,25.91,25.66,25.45
2002-05-03,26.62,26.27,26.01,25.77
2002-05-06,26.12,25.75,25.55,25.35
2002-05-07,26.63,26.16,25.91,25.7
2002-05-08,27.85,27.01,26.65,26.38
2002-05-09,27.68,26.92,26.64,26.4
2002-05-10,27.99,27.23,26.91,26.65
2002-05-13,28.38,27.62,27.29,27.02
2002-05-14,29.36,28.4,28.02,27.69
2002-05-15,28.15,27.21,26.93,26.6
2002-05-16,27.95,27.08,26.93,26.66
2002-05-17,28.18,27.15,27.0,26.73
2002-05-20,28.33,27.23,27.1,26.85
2002-05-21,27.33,26.43,26.41,26.26
2002-05-22,26.37,26.37,26.23,26.04
2002-05-23,26.15,26.23,26.13,25.94
2002-05-24,25.88,25.98,25.95,25.79
2002-05-28,25.27,25.43,25.38,25.22
2002-05-29,25.76,25.87,25.78,25.61
2002-05-30,24.67,24.85,24.79,24.65
2002-05-31,25.31,25.39,25.24,25.07
2002-06-03,25.08,25.26,25.11,24.93
2002-06-04,25.33,25.45,25.34,25.16
2002-06-05,24.89,25.08,25.05,24.95
2002-06-06,24.79,24.98,25.03,25.03
2002-06-07,24.75,25.02,25.06,25.05
2002-06-10,24.29,24.56,24.62,24.64
2002-06-11,24.12,24.43,24.5,24.52
2002-06-12,24.64,24.87,24.9,24.88
2002-06-13,25.64,25.87,25.85,25.73
2002-06-14,25.94,26.14,26.1,25.97
2002-06-17,26.09,26.34,26.14,25.99
2002-06-18,25.43,25.65,25.56,25.45
2002-06-19,25.31,25.58,25.51,25.42
2002-06-20,25.53,25.95,25.9,25.81
2002-06-21,25.82,25.72,25.62,25.52
2002-06-24,26.47,26.27,26.14,26.02
2002-06-25,26.32,26.08,25.9,25.75
2002-06-26,26.76,26.36,26.16,26.01
2002-06-27,26.86,26.59,26.34,26.14
2002-06-28,26.86,26.71,26.45,26.23
2002-07-01,26.81,26.74,26.48,26.25
2002-07-02,26.77,26.69,26.42,26.19
2002-07-03,26.8,26.68,26.42,26.2
2002-07-08,26.07,26.08,25.87,25.69
2002-07-09,26.09,26.1,25.87,25.68
2002-07-10,26.77,26.76,26.47,26.25
2002-07-11,26.83,26.84,26.52,26.29
2002-07-12,27.48,27.43,27.07,26.78
2002-07-15,27.07,27.04,26.7,26.44
2002-07-16,27.75,27.76,27.39,27.11
2002-07-17,27.88,28.01,27.54,27.22
2002-07-18,27.57,27.66,27.26,27.0
2002-07-19,27.83,27.84,27.44,27.18
2002-07-22,26.6,26.7,26.39,26.21
2002-07-23,26.31,25.98,25.85,25.66
2002-07-24,26.87,26.36,26.18,25.99
2002-07-25,26.77,26.36,26.2,26.02
2002-07-26,26.54,26.11,25.96,25.79
2002-07-29,26.55,26.09,25.94,25.79
2002-07-30,27.36,26.82,26.59,26.4
2002-07-31,27.02,26.47,26.23,26.03
2002-08-01,26.47,26.06,25.84,25.66
2002-08-02,26.84,26.34,26.12,25.96
2002-08-05,26.58,26.03,25.81,25.67
2002-08-06,27.17,26.61,26.34,26.17
2002-08-07,26.5,26.06,25.82,25.67
2002-08-08,26.67,26.22,25.96,25.82
2002-08-09,26.86,26.37,26.07,25.91
2002-08-12,27.86,27.15,26.79,26.6
2002-08-13,27.9,27.19,26.79,26.55
2002-08-14,28.15,27.51,27.06,26.78
2002-08-15,29.06,28.38,27.86,27.49
2002-08-16,29.33,28.51,27.97,27.55
2002-08-19,29.84,28.8,28.22,27.78
2002-08-20,30.11,28.77,28.2,27.8
2002-08-21,29.24,28.5,28.08,27.64
2002-08-22,28.84,28.31,27.94,27.54
2002-08-23,28.63,28.21,27.91,27.55
2002-08-26,29.28,28.91,28.54,28.11
2002-08-27,28.83,28.6,28.37,27.96
2002-08-28,28.34,28.23,28.12,27.84
2002-08-29,28.92,28.75,28.56,28.26
2002-08-30,28.98,28.8,28.58,28.27
2002-09-03,27.79,27.79,27.65,27.38
2002-09-04,28.27,28.27,28.12,27.82
2002-09-05,28.98,29.01,28.83,28.46
2002-09-06,29.61,29.59,29.36,28.92
2002-09-09,29.73,29.81,29.56,29.09
2002-09-10,29.73,29.89,29.66,29.2
2002-09-11,29.77,29.9,29.7,29.27
2002-09-12,28.85,29.03,28.87,28.5
2002-09-13,29.81,29.99,29.76,29.3
2002-09-16,29.67,29.9,29.76,29.33
2002-09-17,29.08,29.32,29.18,28.8
2002-09-18,29.48,29.67,29.49,29.04
2002-09-19,29.5,29.74,29.63,29.27
2002-09-20,29.61,29.84,29.68,29.3
2002-09-23,30.71,30.45,29.97,29.22
2002-09-24,30.77,30.45,29.92,29.18
2002-09-25,30.64,30.29,29.79,29.08
2002-09-26,30.41,30.21,29.76,29.13
2002-09-27,30.54,30.28,29.78,29.13
2002-09-30,30.45,30.21,29.75,29.16
2002-10-01,30.83,30.48,29.97,29.34
2002-10-02,30.49,30.28,29.8,29.19
2002-10-03,29.76,29.64,29.28,28.79
2002-10-04,29.62,29.52,29.21,28.78
2002-10-07,29.64,29.64,29.3,28.86
2002-10-08,29.48,29.51,29.15,28.72
2002-10-09,29.35,29.45,29.1,28.67
2002-10-10,28.97,29.07,28.71,28.3
2002-10-11,29.37,29.43,28.98,28.51
2002-10-14,30.03,29.97,29.44,28.9
2002-10-15,29.72,29.76,29.28,28.74
2002-10-16,29.47,29.49,29.1,28.58
2002-10-17,29.62,29.64,29.24,28.72
2002-10-18,29.6,29.6,29.18,28.66
2002-10-21,28.37,28.34,27.96,27.55
2002-10-22,27.92,28.07,27.7,27.35
2002-10-23,28.18,27.78,27.42,27.07
2002-10-24,28.2,27.79,27.39,27.03
2002-10-25,27.05,26.65,26.3,25.97
2002-10-28,27.29,26.85,26.49,26.19
2002-10-29,26.86,26.53,26.17,25.86
2002-10-30,26.81,26.56,26.25,25.95
2002-10-31,27.22,26.88,26.53,26.21
2002-11-01,27.13,26.71,26.35,26.02
2002-11-04,26.95,26.44,26.07,25.75
2002-11-05,26.14,25.65,25.33,25.11
2002-11-06,25.77,25.28,25.0,24.82
2002-11-07,25.38,24.93,24.63,24.46
2002-11-08,25.78,25.12,24.77,24.56
2002-11-11,25.94,25.34,24.96,24.72
2002-11-12,25.9,25.3,24.94,24.7
2002-11-13,25.19,24.48,24.21,24.05
2002-11-14,25.29,24.49,24.26,24.13
2002-11-15,25.51,24.71,24.5,24.37
2002-11-18,26.71,25.8,25.56,25.36
2002-11-19,26.42,25.5,25.34,25.12
2002-11-20,26.98,26.09,25.89,25.64
2002-11-21,26.35,26.2,25.92,25.62
2002-11-22,26.76,26.65,26.33,25.97
2002-11-25,26.11,26.05,25.84,25.52
2002-11-26,26.4,26.27,26.07,25.82
2002-11-27,26.89,26.71,26.44,26.13
2002-12-02,27.24,27.04,26.71,26.36
2002-12-03,27.3,27.17,26.82,26.47
2002-12-04,26.71,26.59,26.28,25.95
2002-12-05,27.29,27.17,26.8,26.47
2002-12-06,26.93,26.89,26.6,26.29
2002-12-09,27.2,27.18,26.86,26.52
2002-12-10,27.74,27.77,27.4,27.03
2002-12-11,27.4,27.42,27.04,26.65
2002-12-12,28.01,27.99,27.56,27.13
2002-12-13,28.44,28.45,27.93,27.41
2002-12-16,30.1,30.04,29.42,28.8
2002-12-17,30.1,29.94,29.24,28.59
2002-12-18,30.44,30.43,29.63,28.93
2002-12-19,30.56,30.19,29.6,28.87
2002-12-20,30.3,29.63,28.86,28.13
2002-12-23,31.75,30.85,29.87,28.99
2002-12-24,31.97,31.03,29.95,29.01
2002-12-26,32.49,31.53,30.37,29.39
2002-12-27,32.72,31.8,30.49,29.44
2002-12-30,31.37,30.7,29.46,28.45
2002-12-31,31.2,30.59,29.46,28.5
2003-01-02,31.85,31.1,29.91,28.84
2003-01-03,33.08,32.22,30.84,29.62
2003-01-06,32.1,31.44,30.17,28.99
2003-01-07,31.08,30.55,29.63,28.73
2003-01-08,30.56,30.06,29.29,28.52
2003-01-09,31.99,31.28,30.32,29.38
2003-01-10,31.68,30.96,30.0,29.04
2003-01-13,32.26,31.59,30.64,29.64
2003-01-14,32.37,31.78,30.96,29.97
2003-01-15,33.21,32.45,31.52,30.48
2003-01-16,33.66,32.81,31.83,30.82
2003-01-17,33.91,32.96,31.96,30.95
2003-01-21,34.61,33.19,32.01,30.96
2003-01-22,32.85,31.79,30.77,29.78
2003-01-23,32.25,31.39,30.46,29.55
2003-01-24,33.28,32.16,31.12,30.13
2003-01-27,32.29,31.39,30.49,29.6
2003-01-28,32.67,31.82,30.94,30.07
2003-01-29,33.63,32.71,31.72,30.75
2003-01-30,33.85,32.96,31.95,30.96
2003-01-31,33.51,32.74,31.8,30.86
2003-02-03,32.76,32.16,31.34,30.52
2003-02-04,33.58,32.91,32.04,31.15
2003-02-05,33.93,33.27,32.37,31.45
2003-02-06,34.16,33.33,32.4,31.45
2003-02-07,35.12,34.25,33.13,32.03
2003-02-10,34.48,33.7,32.6,31.54
2003-02-11,35.44,34.47,33.27,32.07
2003-02-12,35.77,34.54,33.35,32.15
2003-02-13,36.36,35.18,33.92,32.64
2003-02-14,36.8,35.36,34.04,32.72
2003-02-18,36.96,35.51,34.12,32.74
2003-02-19,37.16,35.66,34.21,32.76
2003-02-20,36.79,34.74,33.46,32.11
2003-02-21,35.58,34.33,32.92,31.75
2003-02-24,36.48,35.04,33.54,32.28
2003-02-25,36.06,34.42,32.97,31.72
2003-02-26,37.7,35.34,33.56,32.26
2003-02-27,37.2,35.19,33.51,32.19
2003-02-28,36.6,34.83,33.28,31.98
2003-03-03,35.88,34.24,32.85,31.68
2003-03-04,36.89,34.91,33.29,32.01
2003-03-05,36.69,34.96,33.36,32.11
2003-03-06,37.0,35.54,33.76,32.46
2003-03-07,37.78,36.35,34.43,33.08
2003-03-10,37.27,36.28,34.32,32.96
2003-03-11,36.72,35.74,34.06,32.81
2003-03-12,37.83,36.35,34.67,33.37
2003-03-13,36.01,34.67,33.17,32.07
2003-03-14,35.38,33.36,31.96,31.09
2003-03-17,34.93,32.54,31.09,30.29
2003-03-18,31.67,30.05,28.97,28.44
2003-03-19,29.88,29.36,28.54,28.05
2003-03-20,28.61,28.12,27.27,26.87
2003-03-21,26.91,26.18,25.91,25.66
2003-03-24,28.66,27.54,27.06,26.68
2003-03-25,27.97,26.46,26.06,25.73
2003-03-26,28.63,26.83,26.23,25.91
2003-03-27,30.37,28.45,27.49,26.98
2003-03-28,30.16,28.36,27.44,26.93
2003-03-31,31.04,29.19,28.22,27.64
2003-04-01,29.78,28.23,27.42,26.98
2003-04-02,28.56,27.21,26.64,26.3
2003-04-03,28.97,27.26,26.62,26.26
2003-04-04,28.62,26.86,26.26,25.99
2003-04-07,27.96,26.51,25.91,25.66
2003-04-08,28.0,26.73,26.11,25.85
2003-04-09,28.85,27.73,27.07,26.72
2003-04-10,27.46,26.74,26.34,26.1
2003-04-11,28.14,27.11,26.73,26.51
2003-04-14,28.63,27.06,26.61,26.29
2003-04-15,29.29,27.53,27.0,26.62
2003-04-16,29.18,27.53,27.08,26.69
2003-04-17,30.55,28.54,27.99,27.5
2003-04-21,30.87,28.83,28.17,27.63
2003-04-22,29.91,27.99,27.48,27.01
2003-04-23,26.65,26.33,26.01,25.72
2003-04-24,26.64,26.35,26.09,25.84
2003-04-25,26.26,26.1,25.9,25.66
2003-04-28,25.49,25.4,25.29,25.1
2003-04-29,25.24,25.11,25.01,24.87
2003-04-30,25.8,25.46,25.29,25.14
2003-05-01,26.03,25.84,25.65,25.47
2003-05-02,25.67,25.47,25.31,25.15
2003-05-05,26.49,26.3,26.09,25.88
2003-05-06,25.72,25.62,25.47,25.32
2003-05-07,26.23,26.12,25.91,25.72
2003-05-08,26.98,26.75,26.39,26.11
2003-05-09,27.72,27.33,26.85,26.49
2003-05-12,27.35,27.09,26.64,26.28
2003-05-13,28.5,28.08,27.52,27.04
2003-05-14,29.17,28.78,28.18,27.59
2003-05-15,28.74,28.41,27.86,27.31
2003-05-16,29.14,28.75,28.1,27.49
2003-05-19,28.83,28.29,27.64,27.07
2003-05-20,29.28,28.41,27.66,27.08
2003-05-21,29.03,28.15,27.51,27.03
2003-05-22,28.85,27.98,27.35,26.88
2003-05-23,29.16,28.25,27.56,27.07
2003-05-27,29.35,28.39,27.7,27.21
2003-05-28,28.58,27.65,27.04,26.63
2003-05-29,29.1,28.09,27.38,26.93
2003-05-30,29.56,28.49,27.75,27.28
2003-06-02,30.71,29.59,28.67,28.07
2003-06-03,30.67,29.5,28.65,28.05
2003-06-04,30.05,28.95,28.14,27.54
2003-06-05,30.74,29.68,28.83,28.18
2003-06-06,31.28,30.26,29.45,28.79
2003-06-09,31.45,30.48,29.66,28.96
2003-06-10,31.73,30.62,29.84,29.12
2003-06-11,32.36,31.05,30.18,29.41
2003-06-12,31.51,30.3,29.55,28.87
2003-06-13,30.65,29.33,28.68,28.08
2003-06-16,31.18,29.57,28.98,28.38
2003-06-17,31.07,29.48,28.85,28.32
2003-06-18,30.36,28.77,28.26,27.79
2003-06-19,29.96,28.51,28.09,27.64
2003-06-20,30.82,29.48,28.98,28.44
2003-06-23,29.17,28.78,28.33,27.9
2003-06-24,28.78,28.36,27.97,27.59
2003-06-25,29.95,29.34,28.87,28.42
2003-06-26,29.01,28.55,28.15,27.76
2003-06-27,29.27,28.9,28.52,28.13
2003-06-30,30.19,29.77,29.27,28.83
2003-07-01,30.4,30.05,29.45,28.98
2003-07-02,30.15,29.81,29.21,28.76
2003-07-03,30.42,30.02,29.4,28.94
2003-07-07,30.13,29.72,29.2,28.81
2003-07-08,30.22,29.92,29.41,29.01
2003-07-09,30.88,30.63,30.09,29.65
2003-07-10,31.06,30.77,30.18,29.69
2003-07-11,31.28,31.05,30.45,29.92
2003-07-14,31.27,31.05,30.45,29.91
2003-07-15,31.62,31.11,30.5,29.97
2003-07-16,31.05,30.41,29.85,29.39
2003-07-17,31.41,30.72,30.16,29.65
2003-07-18,31.96,31.03,30.49,29.94
2003-07-21,31.78,30.83,30.4,29.93
2003-07-22,30.19,29.49,29.13,28.73
2003-07-23,29.67,29.32,28.95,28.56
2003-07-24,30.22,29.82,29.4,28.98
2003-07-25,30.17,29.83,29.38,28.94
2003-07-28,30.11,29.73,29.3,28.88
2003-07-29,30.24,29.83,29.39,28.96
2003-07-30,30.68,30.31,29.82,29.35
2003-07-31,30.54,30.25,29.78,29.32
2003-08-01,32.31,31.95,31.36,30.79
2003-08-04,31.84,31.53,30.99,30.42
2003-08-05,32.22,31.91,31.36,30.76
2003-08-06,31.7,31.46,30.97,30.39
2003-08-07,32.39,32.23,31.68,31.04
2003-08-08,32.18,32.07,31.55,30.94
2003-08-11,32.01,31.9,31.42,30.83
2003-08-12,31.92,31.82,31.35,30.76
2003-08-13,30.78,30.8,30.45,29.95
2003-08-14,31.09,31.03,30.63,30.08
2003-08-15,31.05,30.99,30.64,30.09
2003-08-18,30.89,30.88,30.54,29.99
2003-08-19,30.7,30.7,30.43,29.9
2003-08-20,30.95,31.04,30.75,30.18
2003-08-21,31.88,31.61,31.01,30.41
2003-08-22,31.84,31.6,31.05,30.45
2003-08-25,31.56,31.36,30.9,30.31
2003-08-26,31.95,31.54,31.04,30.46
2003-08-27,31.21,30.93,30.46,29.95
2003-08-28,31.5,31.25,30.77,30.26
2003-08-29,31.57,31.31,30.83,30.28
2003-09-02,29.41,29.35,29.0,28.63
2003-09-03,29.49,29.46,29.13,28.78
2003-09-04,28.98,28.97,28.67,28.33
2003-09-05,28.88,28.86,28.58,28.25
2003-09-08,28.85,28.92,28.64,28.29
2003-09-09,29.18,29.23,28.94,28.56
2003-09-10,29.35,29.43,29.13,28.73
2003-09-11,28.82,28.95,28.69,28.34
2003-09-12,28.27,28.4,28.16,27.86
2003-09-15,28.14,28.25,28.02,27.75
2003-09-16,27.56,27.68,27.47,27.26
2003-09-17,27.03,27.16,26.97,26.79
2003-09-18,27.17,27.24,26.98,26.81
2003-09-19,27.03,27.07,26.82,26.67
2003-09-22,26.96,27.19,27.0,26.82
2003-09-23,27.13,26.89,26.65,26.48
2003-09-24,28.24,27.96,27.6,27.32
2003-09-25,28.29,28.08,27.72,27.41
2003-09-26,28.16,27.92,27.56,27.25
2003-09-29,28.4,28.17,27.79,27.46
2003-09-30,29.2,28.92,28.48,28.08
2003-10-01,29.39,29.17,28.73,28.32
2003-10-02,29.84,29.57,29.1,28.65
2003-10-03,30.4,30.1,29.63,29.16
2003-10-06,30.47,30.31,29.84,29.34
2003-10-07,30.41,30.38,29.99,29.51
2003-10-08,29.81,29.9,29.59,29.19
2003-10-09,31.01,31.09,30.72,30.25
2003-10-10,31.97,31.99,31.55,30.98
2003-10-13,31.95,32.06,31.6,31.04
2003-10-14,31.82,31.93,31.46,30.92
2003-10-15,31.77,31.86,31.48,30.98
2003-10-16,31.54,31.66,31.31,30.83
2003-10-17,30.68,30.7,30.42,30.02
2003-10-20,30.35,30.43,30.09,29.69
2003-10-21,30.18,30.32,29.95,29.55
2003-10-22,29.92,29.62,29.24,28.86
2003-10-23,30.3,29.97,29.57,29.17
2003-10-24,30.16,29.87,29.51,29.11
2003-10-27,29.92,29.7,29.37,28.98
2003-10-28,29.56,29.37,29.07,28.71
2003-10-29,28.91,28.72,28.48,28.19
2003-10-30,28.47,28.27,28.02,27.77
2003-10-31,29.11,28.85,28.57,28.29
2003-11-03,28.9,28.74,28.47,28.19
2003-11-04,28.75,28.63,28.34,28.05
2003-11-05,30.3,30.13,29.76,29.4
2003-11-06,30.26,29.97,29.58,29.19
2003-11-07,30.85,30.56,30.13,29.68
2003-11-10,30.88,30.62,30.19,29.74
2003-11-11,31.15,30.9,30.51,30.05
2003-11-12,31.33,30.89,30.5,30.05
2003-11-13,31.9,31.43,31.0,30.51
2003-11-14,32.37,31.78,31.33,30.77
2003-11-17,31.73,31.27,30.91,30.42
2003-11-18,33.28,32.7,32.27,31.71
2003-11-19,32.92,32.07,31.64,31.06
2003-11-20,32.86,31.86,31.42,30.84
2003-11-21,31.61,31.21,30.67,30.14
2003-11-24,29.74,29.49,29.08,28.69
2003-11-25,29.77,29.56,29.18,28.81
2003-11-26,30.41,30.22,29.84,29.45
2003-12-01,29.95,29.8,29.47,29.11
2003-12-02,30.78,30.62,30.22,29.81
2003-12-03,31.1,30.93,30.49,30.05
2003-12-04,31.26,31.13,30.7,30.26
2003-12-05,30.73,30.64,30.25,29.87
2003-12-08,32.1,32.0,31.56,31.1
2003-12-09,31.76,31.6,31.12,30.64
2003-12-10,31.88,31.76,31.32,30.84
2003-12-11,31.85,31.75,31.29,30.81
2003-12-12,33.04,32.95,32.36,31.78
2003-12-15,33.18,33.24,32.62,32.0
2003-12-16,32.89,32.95,32.36,31.75
2003-12-17,33.35,33.39,32.85,32.22
2003-12-18,33.71,33.75,33.24,32.61
2003-12-19,33.02,33.02,32.55,31.96
2003-12-22,31.87,31.52,31.01,30.5
2003-12-23,31.95,31.57,31.07,30.58
2003-12-24,32.86,32.42,31.88,31.33
2003-12-29,32.4,32.02,31.53,31.0
2003-12-30,32.79,32.4,31.89,31.35
2003-12-31,32.52,32.28,31.83,31.3
2004-01-05,33.78,33.51,33.01,32.41
2004-01-06,33.7,33.48,33.04,32.45
2004-01-07,33.62,33.4,32.97,32.42
2004-01-08,33.98,33.73,33.28,32.73
2004-01-09,34.31,34.03,33.55,32.98
2004-01-12,34.72,34.4,33.89,33.29
2004-01-13,34.43,34.01,33.52,32.94
2004-01-14,34.5,33.79,33.31,32.77
2004-01-15,33.44,32.53,32.11,31.66
2004-01-16,35.07,34.0,33.51,33.0
2004-01-20,36.2,34.87,34.31,33.75
2004-01-21,34.58,34.0,33.42,32.83
2004-01-22,34.93,34.3,33.68,33.07
2004-01-23,34.94,34.03,33.37,32.75
2004-01-26,34.47,33.64,32.99,32.41
2004-01-27,34.12,33.26,32.61,32.03
2004-01-28,33.62,32.81,32.16,31.58
2004-01-29,32.81,32.12,31.52,31.01
2004-01-30,33.05,32.1,31.49,30.98
2004-02-02,34.98,33.48,32.75,32.18
2004-02-03,34.1,32.82,32.04,31.47
2004-02-04,33.1,31.99,31.32,30.84
2004-02-05,33.08,32.17,31.6,31.14
2004-02-06,32.48,31.74,31.21,30.76
2004-02-09,32.83,32.03,31.49,31.02
2004-02-10,33.87,33.01,32.41,31.89
2004-02-11,34.0,33.21,32.64,32.1
2004-02-12,33.98,33.38,32.89,32.38
2004-02-13,34.56,34.1,33.53,32.96
2004-02-17,35.19,34.86,34.34,33.76
2004-02-18,35.45,34.48,33.93,33.33
2004-02-19,36.0,34.64,34.06,33.45
2004-02-20,35.6,34.26,33.6,33.04
2004-02-23,34.35,33.47,32.88,32.35
2004-02-24,34.58,33.45,32.85,32.35
2004-02-25,35.68,34.33,33.59,33.01
2004-02-26,35.51,34.55,33.78,33.21
2004-02-27,36.16,35.24,34.42,33.8
2004-03-01,36.86,36.18,35.35,34.69
2004-03-02,36.66,35.99,35.23,34.57
2004-03-03,35.8,35.05,34.32,33.73
2004-03-04,36.64,35.81,34.98,34.35
2004-03-05,37.26,36.44,35.52,34.82
2004-03-08,36.57,35.82,34.94,34.27
2004-03-09,36.28,35.45,34.6,33.95
2004-03-10,36.1,35.36,34.53,33.9
2004-03-11,36.78,36.14,35.28,34.6
2004-03-12,36.19,35.57,34.79,34.15
2004-03-15,37.44,36.7,35.84,35.14
2004-03-16,37.48,36.68,35.8,35.09
2004-03-17,38.18,37.62,36.72,35.95
2004-03-18,37.93,37.39,36.54,35.8
2004-03-19,38.08,37.62,36.73,35.97
2004-03-22,37.11,37.05,36.27,35.59
2004-03-23,37.45,36.65,35.95,35.34
2004-03-24,37.01,36.29,35.64,35.05
2004-03-25,35.51,34.8,34.26,33.77
2004-03-26,35.73,34.87,34.31,33.82
2004-03-29,35.45,34.65,34.1,33.63
2004-03-30,36.25,35.5,34.91,34.4
2004-03-31,35.76,35.08,34.55,34.07
2004-04-01,34.27,33.75,33.29,32.85
2004-04-02,34.39,33.87,33.44,33.02
2004-04-05,34.38,33.86,33.44,33.03
2004-04-06,34.97,34.38,33.91,33.48
2004-04-07,36.15,35.6,35.07,34.57
2004-04-08,37.14,36.59,36.05,35.46
2004-04-12,37.84,37.24,36.72,36.09
2004-04-13,37.21,36.68,36.26,35.7
2004-04-14,36.72,36.42,36.09,35.62
2004-04-15,37.57,37.1,36.74,36.24
2004-04-16,37.74,36.99,36.63,36.14
2004-04-19,37.42,36.75,36.4,35.92
2004-04-20,37.6,36.5,36.06,35.6
2004-04-21,35.73,35.34,34.95,34.54
2004-04-22,36.71,36.28,35.86,35.42
2004-04-23,36.46,36.01,35.65,35.24
2004-04-26,36.97,36.6,36.2,35.76
2004-04-27,37.53,37.23,36.82,36.35
2004-04-28,37.46,37.17,36.72,36.22
2004-04-29,37.31,37.05,36.66,36.2
2004-04-30,37.38,37.08,36.71,36.24
2004-05-03,38.21,37.99,37.58,37.07
2004-05-04,38.98,38.75,38.24,37.63
2004-05-05,39.57,39.36,38.79,38.13
2004-05-06,39.37,39.17,38.62,37.96
2004-05-07,39.93,39.71,39.13,38.44
2004-05-10,38.93,38.75,38.2,37.57
2004-05-11,40.06,39.97,39.38,38.68
2004-05-12,40.77,40.66,40.04,39.33
2004-05-13,41.08,41.0,40.42,39.72
2004-05-14,41.38,41.3,40.76,40.08
2004-05-17,41.55,41.48,40.97,40.29
2004-05-18,40.54,40.42,39.92,39.31
2004-05-19,41.5,41.52,41.0,40.34
2004-05-20,40.92,40.8,40.4,39.79
2004-05-21,39.93,39.56,39.01,38.46
2004-05-24,41.72,41.24,40.64,40.02
2004-05-25,41.14,40.68,40.12,39.53
2004-05-26,40.7,40.38,39.89,39.33
2004-05-27,39.44,39.28,38.91,38.4
2004-05-28,39.88,39.71,39.35,38.85
2004-06-01,42.33,42.19,41.77,41.2
2004-06-02,39.96,39.93,39.64,39.17
2004-06-03,39.28,39.23,39.02,38.61
2004-06-04,38.49,38.53,38.38,38.03
2004-06-07,38.66,38.75,38.59,38.27
2004-06-08,37.28,37.43,37.32,37.05
2004-06-09,37.54,37.74,37.65,37.45
2004-06-10,38.45,38.65,38.55,38.28
2004-06-14,37.59,37.88,37.83,37.58
2004-06-15,37.19,37.42,37.44,37.24
2004-06-16,37.32,37.65,37.63,37.41
2004-06-17,38.46,38.81,38.82,38.54
2004-06-18,38.75,39.0,39.01,38.72
2004-06-21,37.63,37.77,37.8,37.57
2004-06-22,38.11,38.25,38.25,38.0
2004-06-23,37.57,37.64,37.41,37.16
2004-06-24,37.93,38.02,37.79,37.53
2004-06-25,37.55,37.6,37.39,37.16
2004-06-28,36.24,36.31,36.2,36.06
2004-06-29,35.66,35.75,35.65,35.53
2004-06-30,37.05,37.14,36.99,36.84
2004-07-01,38.74,38.83,38.6,38.34
2004-07-02,38.39,38.46,38.24,37.98
2004-07-06,39.65,39.72,39.46,39.18
2004-07-07,39.08,39.2,38.89,38.59
2004-07-08,40.33,40.53,40.07,39.67
2004-07-09,39.96,40.14,39.61,39.2
2004-07-12,39.5,39.64,39.2,38.81
2004-07-13,39.44,39.54,39.1,38.71
2004-07-14,40.97,41.15,40.57,40.09
2004-07-15,40.77,40.93,40.41,39.93
2004-07-16,41.25,41.3,40.82,40.34
2004-07-19,41.64,41.44,40.88,40.38
2004-07-20,40.86,40.44,39.88,35.6
2004-07-21,40.58,40.09,39.68,39.26
2004-07-22,41.36,40.88,40.46,40.03
2004-07-23,41.71,41.27,40.87,40.45
2004-07-26,41.44,40.97,40.58,40.17
2004-07-27,41.84,41.26,40.84,40.41
2004-07-28,42.9,42.28,41.81,41.34
2004-07-29,42.75,42.13,41.64,41.17
2004-07-30,43.8,43.05,42.49,41.99
2004-08-02,43.82,43.16,42.63,42.14
2004-08-03,44.15,43.66,43.14,42.65
2004-08-04,42.83,42.3,41.84,41.37
2004-08-05,44.41,43.8,43.22,42.65
2004-08-06,43.95,43.52,43.0,42.45
2004-08-09,44.84,44.44,43.96,43.38
2004-08-10,44.52,44.06,43.6,43.02
2004-08-11,44.8,44.35,43.89,43.31
2004-08-12,45.5,44.93,44.5,43.92
2004-08-13,46.58,46.03,45.61,45.04
2004-08-16,46.05,45.69,45.29,44.76
2004-08-17,46.75,46.26,45.81,45.25
2004-08-18,47.27,46.35,45.93,45.37
2004-08-19,48.7,47.64,47.23,46.65
2004-08-20,47.86,46.72,46.34,45.81
2004-08-23,46.05,45.71,45.22,44.67
2004-08-24,45.21,44.86,44.46,43.96
2004-08-25,43.47,43.15,42.78,42.32
2004-08-26,43.1,42.75,42.38,41.93
2004-08-27,43.18,42.98,42.68,42.25
2004-08-30,42.28,42.11,41.82,41.4
2004-08-31,42.12,42.04,41.75,41.37
2004-09-01,44.0,43.96,43.65,43.23
2004-09-02,44.06,44.01,43.68,43.28
2004-09-03,43.99,43.96,43.63,43.23
2004-09-07,43.31,43.31,43.01,42.64
2004-09-08,42.77,42.84,42.52,42.15
2004-09-09,44.61,44.63,44.2,43.73
2004-09-10,42.81,42.84,42.44,42.0
2004-09-13,43.87,43.83,43.36,42.86
2004-09-14,44.39,44.34,43.87,43.34
2004-09-15,43.58,43.51,43.1,42.6
2004-09-16,43.88,43.92,43.52,43.03
2004-09-17,45.59,45.59,45.02,44.42
2004-09-20,46.35,46.19,45.59,44.97
2004-09-21,47.1,46.76,46.16,45.52
2004-09-22,48.35,47.58,46.89,46.25
2004-09-23,48.46,47.73,47.07,46.43
2004-09-24,48.88,48.08,47.42,46.8
2004-09-27,49.64,48.93,48.26,47.62
2004-09-28,49.9,49.19,48.49,47.84
2004-09-29,49.51,48.91,48.27,47.68
2004-09-30,49.64,49.21,48.58,47.96
2004-10-01,50.12,49.69,49.06,48.44
2004-10-04,49.91,49.51,48.92,48.33
2004-10-05,51.09,50.64,50.03,49.4
2004-10-06,52.02,51.53,50.89,50.25
2004-10-07,52.67,52.24,51.61,50.96
2004-10-08,53.31,52.94,52.36,51.71
2004-10-11,53.64,53.34,52.79,52.14
2004-10-12,52.51,52.18,51.67,51.06
2004-10-13,53.64,53.14,52.62,51.99
2004-10-14,54.76,54.06,53.47,52.77
2004-10-15,54.93,53.97,53.4,52.72
2004-10-18,53.67,52.84,52.31,51.7
2004-10-19,53.29,52.64,52.14,51.56
2004-10-20,54.92,54.41,53.93,53.31
2004-10-21,54.47,54.05,53.45,52.74
2004-10-22,55.17,54.69,54.04,53.28
2004-10-25,54.54,54.17,53.6,52.88
2004-10-26,55.17,54.76,54.25,53.58
2004-10-27,52.46,52.17,51.81,51.29
2004-10-28,50.92,50.74,50.45,50.0
2004-10-29,51.76,51.6,51.31,50.86
2004-11-01,50.13,50.01,49.73,49.3
2004-11-02,49.62,49.59,49.32,48.89
2004-11-03,50.88,50.82,50.51,50.05
2004-11-04,48.82,48.84,48.67,48.28
2004-11-05,49.61,49.62,49.48,49.11
2004-11-08,49.09,49.17,49.07,48.73
2004-11-09,47.37,47.57,47.56,47.32
2004-11-10,48.86,48.92,48.84,48.56
2004-11-11,47.42,47.6,47.58,47.34
2004-11-12,47.32,47.41,47.43,47.23
2004-11-15,46.87,46.95,47.02,46.92
2004-11-16,46.11,46.2,46.29,46.2
2004-11-17,46.84,47.12,47.23,47.12
2004-11-18,46.22,46.38,46.47,46.35
2004-11-19,48.44,48.89,48.85,48.63
2004-11-22,48.64,48.81,48.6,48.17
2004-11-23,48.94,49.12,49.06,48.75
2004-11-24,49.44,49.45,49.37,49.04
2004-11-29,49.76,49.88,49.77,49.43
2004-11-30,49.13,49.26,49.18,48.91
2004-12-01,45.49,45.7,45.76,45.59
2004-12-02,43.25,43.48,43.58,43.46
2004-12-03,42.54,42.75,42.83,42.73
2004-12-06,42.98,43.24,43.29,43.17
2004-12-07,41.46,41.81,41.95,41.87
2004-12-08,41.94,42.31,42.47,42.38
2004-12-09,42.53,42.97,43.16,43.07
2004-12-10,40.71,41.36,41.64,41.64
2004-12-13,41.01,41.83,42.14,42.16
2004-12-14,41.82,42.45,42.68,42.63
2004-12-15,44.19,44.69,44.83,44.67
2004-12-16,44.18,44.51,44.68,44.48
2004-12-17,46.28,46.57,46.63,46.32
2004-12-20,45.64,45.78,45.81,45.51
2004-12-21,45.76,45.79,45.49,45.15
2004-12-22,44.24,44.33,44.1,43.8
2004-12-23,44.18,44.26,44.08,43.78
2004-12-27,41.32,41.55,41.55,41.38
2004-12-28,41.77,42.01,42.01,41.83
2004-12-29,43.64,43.8,43.74,43.51
2004-12-30,43.45,43.63,43.57,43.32
2005-01-03,42.12,42.34,42.37,42.19
2005-01-04,43.91,44.08,44.05,43.81
2005-01-05,43.39,43.61,43.55,43.29
2005-01-06,45.56,45.78,45.63,45.3
2005-01-07,45.43,45.65,45.47,45.11
2005-01-10,45.33,45.57,45.34,44.97
2005-01-11,45.68,45.91,45.64,45.27
2005-01-12,46.37,46.56,46.25,45.86
2005-01-13,48.04,48.19,47.82,47.39
2005-01-14,48.38,48.53,48.18,47.78
2005-01-18,48.38,48.48,48.28,47.93
2005-01-19,47.55,47.86,47.71,47.4
2005-01-20,46.91,47.31,47.26,47.0
2005-01-21,48.53,48.6,48.37,48.02
2005-01-24,48.81,48.93,48.76,48.44
2005-01-25,49.64,49.8,49.7,49.42
2005-01-26,48.78,48.94,48.95,48.75
2005-01-27,48.84,49.02,49.06,48.85
2005-01-28,47.18,47.44,47.52,47.4
2005-01-31,48.2,48.45,48.5,48.35
2005-02-01,47.12,47.57,47.79,47.72
2005-02-02,46.69,47.15,47.34,47.27
2005-02-03,46.45,46.88,47.1,47.07
2005-02-04,46.48,46.95,47.15,47.12
2005-02-07,45.28,45.96,46.26,46.29
2005-02-08,45.4,46.06,46.36,46.42
2005-02-09,45.46,46.08,46.36,46.37
2005-02-10,47.1,47.69,47.92,47.83
2005-02-11,47.16,47.8,48.05,47.95
2005-02-14,47.44,48.02,48.25,48.17
2005-02-15,47.26,47.77,48.04,47.97
2005-02-16,48.33,48.86,49.11,49.02
2005-02-17,47.54,48.22,48.56,48.59
2005-02-18,48.35,49.01,49.39,49.43
2005-02-22,51.15,51.42,51.72,51.66
2005-02-23,51.17,51.59,51.59,51.3
2005-02-24,51.39,51.85,51.91,51.69
2005-02-25,51.49,51.95,52.04,51.89
2005-02-28,51.75,52.33,52.5,52.38
2005-03-01,51.68,52.31,52.53,52.46
2005-03-02,53.05,53.62,53.74,53.59
2005-03-03,53.57,54.16,54.06,53.86
2005-03-04,53.78,54.28,54.18,53.96
2005-03-07,53.89,54.54,54.54,54.35
2005-03-08,54.59,55.23,55.3,55.1
2005-03-09,54.77,55.38,55.45,55.25
2005-03-10,53.54,54.26,54.49,54.44
2005-03-11,54.43,55.12,55.35,55.31
2005-03-14,54.95,55.65,55.95,55.93
2005-03-15,55.05,55.65,56.0,56.05
2005-03-16,56.46,57.04,57.42,57.53
2005-03-17,56.4,56.91,57.42,57.64
2005-03-18,56.72,57.24,57.83,58.17
2005-03-21,56.62,57.46,58.06,58.42
2005-03-22,56.03,56.72,57.2,57.46
2005-03-23,53.81,54.74,55.32,55.68
2005-03-24,54.84,55.65,56.11,56.35
2005-03-28,54.05,54.78,55.15,55.31
2005-03-29,54.23,54.95,55.21,55.31
2005-03-30,53.99,54.79,55.26,55.44
2005-03-31,55.4,56.42,56.91,57.09
2005-04-01,57.27,58.29,58.87,59.09
2005-04-04,57.01,58.1,58.8,59.12
2005-04-05,56.04,57.1,57.79,58.12
2005-04-06,55.85,56.89,57.54,57.86
2005-04-07,54.11,55.33,55.99,56.3
2005-04-08,53.32,54.65,55.36,55.7
2005-04-11,53.71,55.1,55.82,56.16
2005-04-12,51.86,53.53,54.37,54.72
2005-04-13,50.22,52.13,53.12,53.52
2005-04-14,51.13,52.78,53.66,54.02
2005-04-15,50.49,52.06,53.0,53.38
2005-04-18,50.37,51.47,52.3,52.62
2005-04-19,52.29,53.57,54.46,54.77
2005-04-20,52.44,54.03,55.13,55.58
2005-04-21,54.2,55.55,56.13,56.36
2005-04-22,55.39,56.54,57.08,57.28
2005-04-25,54.57,55.91,56.52,56.74
2005-04-26,54.2,55.65,56.3,56.55
2005-04-27,51.61,53.19,54.02,54.4
2005-04-28,51.77,53.25,54.12,54.59
2005-04-29,49.72,51.45,52.4,52.93
2005-05-02,50.92,52.64,53.56,54.08
2005-05-03,49.5,51.23,52.14,52.67
2005-05-04,50.13,51.9,52.75,53.27
2005-05-05,50.83,52.49,53.17,53.61
2005-05-06,50.96,52.67,53.23,53.55
2005-05-09,52.03,53.38,53.73,53.86
2005-05-10,52.07,53.49,53.92,54.03
2005-05-11,50.45,51.95,52.58,52.75
2005-05-12,48.54,50.19,51.01,51.39
2005-05-13,48.67,50.28,51.07,51.5
2005-05-16,48.61,50.17,50.82,51.22
2005-05-17,48.97,50.67,51.21,51.55
2005-05-18,47.25,49.13,49.96,50.43
2005-05-19,46.92,48.74,49.65,50.21
2005-05-20,46.8,48.65,49.7,50.41
2005-05-23,49.16,50.05,50.72,51.2
2005-05-24,49.67,50.47,51.01,51.43
2005-05-25,50.98,51.66,52.06,52.38
2005-05-26,51.01,51.71,52.14,52.48
2005-05-27,51.85,52.36,52.66,52.91
2005-05-31,51.97,52.75,53.03,53.25
2005-06-01,54.6,55.42,55.79,56.01
2005-06-02,53.63,54.62,55.1,55.37
2005-06-03,55.03,55.98,56.54,56.85
2005-06-06,54.49,55.69,56.44,56.89
2005-06-07,53.76,54.94,55.78,56.32
2005-06-08,52.54,53.85,54.74,55.34
2005-06-09,54.28,55.57,56.37,56.9
2005-06-10,53.54,54.68,55.5,55.97
2005-06-13,55.62,56.82,57.66,58.16
2005-06-14,55.0,55.97,56.79,57.33
2005-06-15,55.57,56.41,57.08,57.53
2005-06-16,56.58,57.43,58.04,58.46
2005-06-17,58.47,59.18,59.73,60.04
2005-06-20,59.37,59.88,60.5,60.75
2005-06-21,58.9,59.04,59.63,59.9
2005-06-22,58.09,58.74,59.09,59.32
2005-06-23,59.42,60.05,60.42,60.64
2005-06-24,59.84,60.49,60.85,61.06
2005-06-27,60.54,61.33,61.76,61.97
2005-06-28,58.2,59.11,59.67,60.02
2005-06-29,57.26,58.23,58.89,59.31
2005-06-30,56.5,57.64,58.36,58.8
2005-07-01,58.75,59.81,60.43,60.75
2005-07-05,59.59,60.74,61.5,61.95
2005-07-06,61.28,62.13,62.76,63.18
2005-07-07,60.73,61.68,62.33,62.74
2005-07-08,59.63,60.64,61.29,61.69
2005-07-11,58.92,60.08,60.86,61.33
2005-07-12,60.62,61.48,62.13,62.53
2005-07-13,60.01,60.85,61.49,61.87
2005-07-14,57.8,58.7,59.33,59.69
2005-07-15,58.09,59.13,59.77,60.11
2005-07-18,57.32,58.42,59.13,59.52
2005-07-19,57.46,58.69,59.34,59.78
2005-07-20,56.72,58.02,58.7,59.19
2005-07-21,57.13,57.86,58.45,58.84
2005-07-22,58.65,59.26,59.83,60.2
2005-07-25,59.0,59.75,60.3,60.67
2005-07-26,59.2,60.01,60.6,60.99
2005-07-27,59.11,60.12,60.79,61.24
2005-07-28,59.94,60.98,61.68,62.19
2005-07-29,60.57,61.65,62.35,62.86
2005-08-01,61.57,62.7,63.43,63.96
2005-08-02,61.89,62.87,63.63,64.16
2005-08-03,60.86,61.87,62.63,63.17
2005-08-04,61.38,62.31,63.04,63.56
2005-08-05,62.31,63.28,63.96,64.44
2005-08-08,63.94,64.9,65.5,65.87
2005-08-09,63.07,64.16,64.91,65.29
2005-08-10,64.9,66.06,66.77,67.12
2005-08-11,65.8,66.75,67.28,67.52
2005-08-12,66.86,67.37,67.55,67.64
2005-08-15,66.27,67.07,67.53,67.78
2005-08-16,66.08,66.7,67.23,67.56
2005-08-17,63.25,63.85,64.48,64.88
2005-08-18,63.27,63.77,64.39,64.79
2005-08-19,65.35,65.79,66.31,66.63
2005-08-22,65.45,65.65,66.28,66.61
2005-08-23,65.71,66.48,66.89,67.22
2005-08-24,67.32,68.01,68.51,68.89
2005-08-25,67.49,68.19,68.72,69.13
2005-08-26,66.13,66.89,67.42,67.83
2005-08-29,67.2,67.74,68.12,68.48
2005-08-30,69.81,69.87,69.91,70.0
2005-08-31,68.94,69.41,69.58,69.71
2005-09-01,69.47,69.98,70.23,70.41
2005-09-02,67.57,68.16,68.57,68.85
2005-09-06,65.96,66.71,67.37,67.8
2005-09-07,64.37,65.03,65.72,66.23
2005-09-08,64.49,65.27,65.92,66.42
2005-09-09,64.08,64.9,65.41,65.88
2005-09-12,63.34,64.01,64.63,65.09
2005-09-13,63.11,63.78,64.38,64.83
2005-09-14,65.09,65.73,66.28,66.7
2005-09-15,64.75,65.25,65.78,66.23
2005-09-16,63.0,63.34,63.91,64.41
2005-09-19,67.39,67.51,67.71,67.98
2005-09-20,66.23,66.2,66.39,66.66
2005-09-21,66.8,66.79,67.0,67.22
2005-09-22,66.5,66.65,66.98,67.25
2005-09-23,64.19,64.52,65.02,65.39
2005-09-26,65.82,66.03,66.46,66.81
2005-09-27,65.07,65.35,65.83,66.21
2005-09-28,66.35,66.46,66.77,67.08
2005-09-29,66.79,66.29,66.43,66.63
2005-09-30,66.24,66.23,66.53,66.82
2005-10-03,65.47,65.29,65.69,65.97
2005-10-04,63.9,63.76,64.26,64.64
2005-10-05,62.79,62.69,63.21,63.64
2005-10-06,61.36,61.06,61.45,61.84
2005-10-07,61.84,61.62,62.04,62.46
2005-10-10,61.8,61.57,62.03,62.41
2005-10-11,63.53,63.05,63.47,63.81
2005-10-12,64.12,63.61,63.88,64.1
2005-10-13,63.08,62.61,62.93,63.16
2005-10-14,62.63,61.99,62.05,62.21
2005-10-17,64.36,63.61,63.42,63.39
2005-10-18,63.2,62.44,62.18,62.04
2005-10-19,62.41,61.51,61.33,61.23
2005-10-20,61.03,60.02,60.07,60.11
2005-10-21,60.63,60.82,61.02,61.16
2005-10-24,60.32,60.55,60.78,60.93
2005-10-25,62.44,62.82,63.1,63.28
2005-10-26,60.66,61.2,61.59,61.82
2005-10-27,61.09,61.52,61.85,62.06
2005-10-28,61.22,61.53,61.82,62.01
2005-10-31,59.76,60.39,60.77,61.0
2005-11-01,59.85,60.54,60.96,61.21
2005-11-02,59.75,60.49,60.92,61.2
2005-11-03,61.78,62.55,62.96,63.17
2005-11-04,60.58,61.5,61.91,62.1
2005-11-07,59.47,60.53,61.04,61.27
2005-11-08,59.71,60.73,61.28,61.5
2005-11-09,58.93,59.76,60.29,60.51
2005-11-10,57.8,58.74,59.29,59.55
2005-11-11,57.53,58.48,58.95,59.23
2005-11-14,57.69,58.51,58.94,59.2
2005-11-15,56.98,57.61,58.08,58.39
2005-11-16,57.88,58.45,58.93,59.22
2005-11-17,56.34,57.15,57.71,58.08
2005-11-18,56.14,57.21,57.88,58.35
2005-11-21,57.7,58.39,58.86,59.22
2005-11-22,58.84,59.41,59.78,60.07
2005-11-23,58.71,59.25,59.6,59.86
2005-11-28,57.36,57.99,58.4,58.7
2005-11-29,56.5,57.29,57.74,58.06
2005-11-30,57.32,58.23,58.68,59.01
2005-12-01,58.47,59.35,59.84,60.14
2005-12-02,59.32,60.21,60.76,61.07
2005-12-05,59.91,60.85,61.49,61.84
2005-12-06,59.94,60.85,61.44,61.79
2005-12-07,59.21,60.18,60.8,61.21
2005-12-08,60.66,61.61,62.29,62.72
2005-12-09,59.39,60.38,61.04,61.44
2005-12-12,61.3,62.26,62.86,63.2
2005-12-13,61.37,62.31,62.89,63.21
2005-12-14,60.85,61.87,62.52,62.9
2005-12-15,59.99,61.1,61.78,62.21
2005-12-16,58.06,59.05,59.76,60.22
2005-12-19,57.34,58.05,58.71,59.17
2005-12-20,57.98,58.09,58.69,59.14
2005-12-21,58.56,59.14,59.57,59.95
2005-12-22,58.28,58.86,59.3,59.66
2005-12-23,58.43,59.0,59.43,59.79
2005-12-27,58.16,58.68,59.1,59.46
2005-12-28,59.82,60.36,60.78,61.12
2005-12-29,60.32,60.92,61.37,61.72
2005-12-30,61.04,61.9,62.35,62.7
2006-01-03,63.14,63.99,64.48,64.84
2006-01-04,63.42,64.2,64.67,65.0
2006-01-05,62.79,63.59,64.09,64.41
2006-01-06,64.21,64.97,65.48,65.79
2006-01-09,63.5,64.35,64.91,65.26
2006-01-10,63.37,64.1,64.7,65.11
2006-01-11,63.94,64.45,64.95,65.33
2006-01-12,63.94,64.49,64.99,65.35
2006-01-13,63.92,64.58,65.14,65.53
2006-01-17,66.31,66.94,67.43,67.77
2006-01-18,65.73,66.25,66.73,67.07
2006-01-19,66.83,67.19,67.69,68.04
2006-01-20,68.35,68.48,68.96,69.29
2006-01-23,68.1,68.67,69.06,69.33
2006-01-24,67.06,67.65,68.07,68.39
2006-01-25,65.85,66.48,66.93,67.28
2006-01-26,66.26,66.99,67.48,67.84
2006-01-27,67.76,68.52,69.02,69.38
2006-01-30,68.35,69.1,69.62,70.0
2006-01-31,67.92,68.74,69.28,69.7
2006-02-01,66.56,67.42,68.02,68.47
2006-02-02,64.68,65.49,66.17,66.7
2006-02-03,65.37,66.22,66.91,67.48
2006-02-06,65.11,66.08,66.77,67.36
2006-02-07,63.09,64.14,64.96,65.62
2006-02-08,62.55,63.53,64.33,64.94
2006-02-09,62.62,63.59,64.39,64.99
2006-02-10,61.84,62.86,63.75,64.41
2006-02-13,61.24,62.31,63.2,63.88
2006-02-14,59.57,61.03,61.93,62.64
2006-02-15,57.65,59.25,60.33,61.13
2006-02-16,58.46,60.13,61.2,62.0
2006-02-17,59.88,61.29,62.35,63.15
2006-02-21,61.1,62.74,63.73,64.49
2006-02-22,61.01,62.25,63.11,63.79
2006-02-23,60.54,62.04,63.09,63.86
2006-02-24,62.91,64.14,65.03,65.73
2006-02-27,61.0,62.35,63.36,64.12
2006-02-28,61.41,63.01,64.06,64.83
2006-03-01,61.97,63.62,64.66,65.43
2006-03-02,63.36,65.07,66.05,66.8
2006-03-03,63.67,65.36,66.26,66.97
2006-03-06,62.41,64.05,64.92,65.59
2006-03-07,61.58,63.32,64.08,64.66
2006-03-08,60.02,61.79,62.69,63.34
2006-03-09,60.47,62.42,63.42,64.09
2006-03-10,59.96,61.84,62.81,63.49
2006-03-13,61.77,63.67,64.55,65.22
2006-03-14,63.1,65.09,65.99,66.62
2006-03-15,62.17,63.84,64.67,65.23
2006-03-16,63.58,65.1,65.96,66.51
2006-03-17,62.77,64.2,65.06,65.6
2006-03-20,60.42,61.96,63.06,63.74
2006-03-21,60.57,62.34,63.61,64.4
2006-03-22,61.77,63.0,63.78,64.27
2006-03-23,63.91,64.89,65.53,65.97
2006-03-24,64.26,65.2,65.79,66.17
2006-03-27,64.16,65.15,65.82,66.21
2006-03-28,66.07,66.92,67.49,67.84
2006-03-29,66.45,67.47,68.07,68.42
2006-03-30,67.15,68.33,69.02,69.38
2006-03-31,66.63,67.93,68.67,69.09
2006-04-03,66.74,68.04,68.79,69.2
2006-04-04,66.23,67.66,68.49,68.96
2006-04-05,67.07,68.36,69.14,69.59
2006-04-06,67.94,69.06,69.66,70.05
2006-04-07,67.39,68.64,69.38,69.82
2006-04-10,68.74,70.11,70.91,71.33
2006-04-11,68.98,70.38,71.24,71.69
2006-04-12,68.62,70.09,71.07,71.56
2006-04-13,69.32,70.82,71.82,72.3
2006-04-17,70.4,71.98,72.94,73.4
2006-04-18,71.35,73.09,73.97,74.45
2006-04-19,72.17,74.12,75.08,75.56
2006-04-20,71.95,73.69,74.6,75.11
2006-04-21,75.17,76.07,76.63,76.92
2006-04-24,73.33,74.56,75.26,75.66
2006-04-25,72.88,74.48,75.32,75.83
2006-04-26,71.93,73.48,74.3,74.82
2006-04-27,70.97,72.47,73.27,73.81
2006-04-28,71.88,73.5,74.25,74.75
2006-05-01,73.7,75.22,75.94,76.4
2006-05-02,74.61,76.06,76.72,77.14
2006-05-03,72.28,73.91,74.73,75.24
2006-05-04,69.94,71.6,72.55,73.16
2006-05-05,70.19,71.9,72.87,73.52
2006-05-08,69.77,71.31,72.29,72.98
2006-05-09,70.69,72.22,73.21,73.92
2006-05-10,72.13,73.57,74.54,75.23
2006-05-11,73.32,74.68,75.53,76.13
2006-05-12,72.04,73.28,74.11,74.73
2006-05-15,69.41,70.47,71.35,72.06
2006-05-16,69.53,70.32,71.18,71.91
2006-05-17,68.69,69.42,70.33,71.09
2006-05-18,69.45,70.14,71.04,71.83
2006-05-19,68.53,69.29,70.14,70.87
2006-05-22,69.23,69.96,70.76,71.43
2006-05-23,71.76,72.49,73.09,73.59
2006-05-24,69.86,70.61,71.2,71.68
2006-05-25,71.32,72.09,72.66,73.11
2006-05-26,71.37,72.16,72.76,73.2
2006-05-30,72.03,72.87,73.43,73.83
2006-05-31,71.29,72.29,72.89,73.37
2006-06-01,70.34,71.23,71.86,72.37
2006-06-02,72.33,73.03,73.61,74.11
2006-06-05,72.6,73.34,74.0,74.54
2006-06-06,72.5,73.11,73.82,74.39
2006-06-07,70.82,71.5,72.35,73.01
2006-06-08,70.35,71.13,72.04,72.74
2006-06-09,71.63,72.31,73.19,73.83
2006-06-12,70.36,71.09,71.96,72.57
2006-06-13,68.56,69.29,70.11,70.68
2006-06-14,69.14,69.62,70.33,70.87
2006-06-15,69.5,69.93,70.56,71.06
2006-06-16,69.88,70.2,70.89,71.42
2006-06-19,68.98,69.55,70.27,70.83
2006-06-20,68.94,69.34,70.01,70.53
2006-06-21,70.33,71.03,71.53,71.97
2006-06-22,70.84,71.73,72.3,72.76
2006-06-23,70.87,71.77,72.38,72.87
2006-06-26,71.8,72.74,73.36,73.86
2006-06-27,71.92,72.8,73.4,73.88
2006-06-28,72.19,73.14,73.75,74.23
2006-06-29,73.52,74.51,75.07,75.48
2006-06-30,73.93,74.81,75.4,75.81
2006-07-05,75.19,76.16,76.79,77.23
2006-07-06,75.14,76.2,76.83,77.27
2006-07-07,74.09,75.23,75.93,76.43
2006-07-10,73.61,74.71,75.4,75.89
2006-07-11,74.16,75.23,75.9,76.35
2006-07-12,74.95,76.06,76.69,77.12
2006-07-13,76.7,78.24,78.85,79.27
2006-07-14,77.03,78.71,79.32,79.71
2006-07-17,75.3,76.91,77.68,78.17
2006-07-18,73.54,75.26,76.14,76.74
2006-07-19,72.66,74.77,75.74,76.39
2006-07-20,73.08,74.27,75.17,75.81
2006-07-21,74.43,75.35,75.98,76.44
2006-07-24,75.05,75.98,76.65,77.12
2006-07-25,73.75,74.71,75.4,75.9
2006-07-26,73.94,74.99,75.73,76.27
2006-07-27,74.54,75.7,76.49,77.06
2006-07-28,73.24,74.39,75.18,75.76
2006-07-31,74.4,75.68,76.47,77.04
2006-08-01,74.91,76.18,76.95,77.51
2006-08-02,75.81,76.9,77.57,78.08
2006-08-03,75.46,76.74,77.47,78.02
2006-08-04,74.76,76.16,76.97,77.57
2006-08-07,76.98,78.42,79.15,79.67
2006-08-08,76.31,77.72,78.42,78.87
2006-08-09,76.35,77.53,78.24,78.66
2006-08-10,74.0,75.5,76.36,76.89
2006-08-11,74.35,75.99,76.86,77.43
2006-08-14,73.53,74.95,75.82,76.45
2006-08-15,73.05,74.33,75.19,75.84
2006-08-16,71.89,73.19,74.19,74.96
2006-08-17,70.06,71.48,72.56,73.41
2006-08-18,71.14,72.1,73.1,73.9
2006-08-21,72.45,73.3,74.22,74.95
2006-08-22,72.63,73.1,74.04,74.78
2006-08-23,71.76,72.86,73.65,74.31
2006-08-24,72.36,73.32,74.04,74.66
2006-08-25,72.51,73.44,74.13,74.72
2006-08-28,70.61,71.73,72.56,73.24
2006-08-29,69.71,70.86,71.74,72.5
2006-08-30,70.03,71.09,71.93,72.65
2006-08-31,70.26,71.47,72.3,73.02
2006-09-01,69.19,70.37,71.21,71.94
2006-09-05,68.6,69.77,70.65,71.41
2006-09-06,67.5,68.7,69.6,70.37
2006-09-07,67.32,68.5,69.43,70.22
2006-09-08,66.25,67.38,68.33,69.13
2006-09-11,65.61,66.59,67.51,68.3
2006-09-12,63.76,64.9,65.88,66.69
2006-09-13,63.97,64.98,65.99,66.83
2006-09-14,63.22,64.11,65.2,66.12
2006-09-15,63.33,64.02,65.02,65.93
2006-09-18,63.8,64.45,65.44,66.33
2006-09-19,61.66,62.17,63.25,64.18
2006-09-20,60.46,60.74,61.72,62.62
2006-09-21,61.59,62.53,63.32,64.03
2006-09-22,60.55,61.54,62.38,63.11
2006-09-25,61.45,62.33,63.1,63.77
2006-09-26,61.01,61.92,62.69,63.34
2006-09-27,62.96,63.86,64.63,65.28
2006-09-28,62.76,63.77,64.6,65.33
2006-09-29,62.91,64.15,65.05,65.83
2006-10-02,61.03,62.32,63.36,64.23
2006-10-03,58.68,60.05,61.16,62.1
2006-10-04,59.41,60.74,61.79,62.64
2006-10-05,60.03,61.34,62.37,63.17
2006-10-06,59.76,61.17,62.23,63.04
2006-10-09,59.96,61.49,62.58,63.38
2006-10-10,58.52,60.26,61.52,62.44
2006-10-11,57.59,59.45,60.78,61.77
2006-10-12,57.86,59.68,61.08,62.12
2006-10-13,58.57,60.3,61.69,62.68
2006-10-16,59.94,61.57,62.93,63.91
2006-10-17,58.93,60.66,62.13,63.16
2006-10-18,57.65,59.3,60.77,61.88
2006-10-19,58.5,60.5,61.88,62.86
2006-10-20,56.82,59.33,60.91,62.07
2006-10-23,58.81,60.48,61.66,62.54
2006-10-24,59.35,61.07,62.23,63.09
2006-10-25,61.4,63.07,64.2,65.03
2006-10-26,60.36,61.99,63.12,63.95
2006-10-27,60.75,62.53,63.72,64.61
2006-10-30,58.36,60.24,61.52,62.49
2006-10-31,58.73,60.61,61.9,62.9
2006-11-01,58.71,60.55,61.84,62.84
2006-11-02,57.88,59.62,60.89,61.89
2006-11-03,59.14,60.88,62.1,63.08
2006-11-06,60.02,61.75,62.99,63.98
2006-11-07,58.93,60.62,61.84,62.81
2006-11-08,59.83,61.55,62.77,63.71
2006-11-09,61.16,63.06,64.33,65.25
2006-11-10,59.59,61.54,62.88,63.83
2006-11-13,58.58,60.59,62.04,63.04
2006-11-14,58.28,60.18,61.62,62.62
2006-11-15,58.76,60.72,62.14,63.16
2006-11-16,56.26,58.57,60.09,61.21
2006-11-17,55.81,58.97,60.54,61.7
2006-11-20,58.8,60.28,61.47,62.43
2006-11-21,60.17,61.54,62.64,63.54
2006-11-22,59.24,60.74,61.89,62.82
2006-11-27,60.32,61.69,62.72,63.58
2006-11-28,60.99,62.39,63.34,64.1
2006-11-29,62.46,63.82,64.73,65.46
2006-11-30,63.13,64.62,65.56,66.27
2006-12-01,63.43,65.01,66.07,66.83
2006-12-04,62.44,64.03,65.15,65.99
2006-12-05,62.43,63.92,64.98,65.79
2006-12-06,62.19,63.52,64.52,65.3
2006-12-07,62.49,63.38,64.22,64.93
2006-12-08,62.03,63.09,63.91,64.58
2006-12-11,61.22,62.36,63.29,64.0
2006-12-12,61.02,61.99,62.92,63.63
2006-12-13,61.37,62.17,63.05,63.72
2006-12-14,62.51,63.33,64.22,64.87
2006-12-15,63.43,64.09,64.89,65.49
2006-12-18,62.21,62.79,63.61,64.21
2006-12-19,63.15,63.46,64.29,64.89
2006-12-20,63.72,64.77,65.52,66.12
2006-12-21,62.66,63.78,64.65,65.36
2006-12-22,62.41,63.53,64.4,65.11
2006-12-26,61.1,62.23,63.13,63.86
2006-12-27,60.34,61.56,62.44,63.13
2006-12-28,60.53,61.78,62.63,63.3
2006-12-29,61.05,62.38,63.26,63.95
2007-01-03,58.32,59.41,60.34,61.05
2007-01-04,55.59,56.64,57.6,58.38
2007-01-05,56.31,57.39,58.35,59.18
2007-01-08,56.09,57.36,58.38,59.26
2007-01-09,55.64,56.74,57.79,58.69
2007-01-10,54.02,54.96,55.88,56.72
2007-01-11,51.88,52.84,53.62,54.26
2007-01-12,52.99,53.87,54.66,55.18
2007-01-16,51.21,51.96,52.67,53.19
2007-01-17,52.24,53.13,53.77,54.27
2007-01-18,50.48,51.81,52.66,53.36
2007-01-19,51.99,53.4,54.3,55.04
2007-01-22,51.13,52.58,53.53,54.33
2007-01-23,55.04,55.91,56.61,57.25
2007-01-24,55.37,56.16,56.85,57.48
2007-01-25,54.23,55.12,55.86,56.51
2007-01-26,55.42,56.25,56.97,57.59
2007-01-29,54.01,54.77,55.49,56.12
2007-01-30,56.97,57.66,58.33,58.92
2007-01-31,58.14,58.85,59.54,60.14
2007-02-01,57.3,58.02,58.75,59.37
2007-02-02,59.02,59.73,60.48,61.11
2007-02-05,58.74,59.39,60.19,60.86
2007-02-06,58.88,59.44,60.1,60.72
2007-02-07,57.71,58.35,59.03,59.58
2007-02-08,59.71,60.43,61.13,61.68
2007-02-09,59.89,60.63,61.33,61.91
2007-02-12,57.81,58.63,59.37,59.99
2007-02-13,59.06,59.85,60.61,61.22
2007-02-14,58.0,58.57,59.25,59.82
2007-02-15,57.99,58.51,59.16,59.73
2007-02-16,59.39,59.86,60.5,61.05
2007-02-20,58.07,58.85,59.64,60.27
2007-02-21,60.07,60.89,61.53,62.08
2007-02-22,60.95,62.05,62.84,63.48
2007-02-23,61.14,62.35,63.32,64.09
2007-02-26,61.39,62.53,63.45,64.2
2007-02-27,61.46,62.62,63.52,64.25
2007-02-28,61.79,63.06,63.97,64.7
2007-03-01,62.0,63.18,64.06,64.78
2007-03-02,61.64,62.77,63.6,64.27
2007-03-05,60.07,61.3,62.18,62.88
2007-03-06,60.69,62.06,62.99,63.71
2007-03-07,61.82,63.28,64.21,64.91
2007-03-08,61.64,63.22,64.21,64.94
2007-03-09,60.05,61.77,62.82,63.62
2007-03-12,58.91,60.77,61.95,62.8
2007-03-13,57.93,60.16,61.52,62.45
2007-03-14,58.16,60.47,61.74,62.68
2007-03-15,57.55,59.96,61.23,62.17
2007-03-16,57.11,59.58,60.94,61.9
2007-03-19,56.59,59.7,61.05,62.02
2007-03-20,56.73,59.25,60.63,61.59
2007-03-21,59.61,61.11,62.12,62.83
2007-03-22,61.69,63.02,63.93,64.61
2007-03-23,62.28,63.52,64.38,65.04
2007-03-26,62.91,64.52,65.56,66.25
2007-03-27,62.93,64.65,65.79,66.53
2007-03-28,64.08,65.68,66.75,67.45
2007-03-29,66.03,67.28,68.05,68.61
2007-03-30,65.87,67.47,68.25,68.73
2007-04-02,65.94,67.55,68.45,68.99
2007-04-03,64.64,66.29,67.31,68.03
2007-04-04,64.38,66.29,67.48,68.33
2007-04-05,64.28,66.37,67.69,68.55
2007-04-09,61.51,64.31,66.12,67.12
2007-04-10,61.89,64.88,66.67,67.67
2007-04-11,62.01,64.84,66.5,67.47
2007-04-12,63.85,66.34,67.88,68.75
2007-04-13,63.63,66.33,67.89,68.71
2007-04-16,63.61,65.67,66.85,67.58
2007-04-17,63.1,64.46,65.68,66.42
2007-04-18,63.13,64.38,65.7,66.46
2007-04-19,61.83,63.32,64.86,65.73
2007-04-20,63.38,64.11,65.5,66.31
2007-04-23,65.89,67.11,67.9,68.54
2007-04-24,64.58,65.89,66.73,67.38
2007-04-25,65.84,67.2,68.09,68.75
2007-04-26,65.06,66.41,67.29,67.97
2007-04-27,66.46,67.84,68.69,69.34
2007-04-30,65.71,67.21,68.1,68.77
2007-05-01,64.4,66.11,67.17,67.95
2007-05-02,63.68,65.35,66.47,67.28
2007-05-03,63.19,64.95,66.15,66.98
2007-05-04,61.93,63.86,65.15,66.08
2007-05-07,61.47,63.37,64.55,65.42
2007-05-08,62.26,63.99,65.09,65.9
2007-05-09,61.55,63.16,64.37,65.24
2007-05-10,61.81,63.43,64.66,65.55
2007-05-11,62.37,64.12,65.27,66.14
2007-05-14,62.46,63.89,65.02,65.87
2007-05-15,63.17,64.6,65.76,66.62
2007-05-16,62.55,63.95,65.2,66.14
2007-05-17,64.86,65.92,67.05,67.89
2007-05-18,64.94,65.98,67.05,67.86
2007-05-21,66.27,66.87,67.96,68.77
2007-05-22,64.97,65.51,66.6,67.43
2007-05-23,65.77,67.02,67.95,68.62
2007-05-24,64.18,65.63,66.74,67.55
2007-05-25,65.2,66.52,67.53,68.26
2007-05-29,63.15,64.38,65.36,66.13
2007-05-30,63.49,64.65,65.56,66.28
2007-05-31,64.01,64.99,65.83,66.51
2007-06-01,65.08,66.12,66.99,67.65
2007-06-04,66.21,67.29,68.16,68.79
2007-06-05,65.61,66.74,67.68,68.36
2007-06-06,65.96,66.99,67.88,68.54
2007-06-07,66.93,67.74,68.57,69.18
2007-06-08,64.76,65.45,66.3,66.96
2007-06-11,65.97,66.64,67.51,68.17
2007-06-12,65.35,66.06,66.98,67.67
2007-06-13,66.26,66.93,67.83,68.51
2007-06-14,67.65,68.14,68.91,69.5
2007-06-15,68.0,68.54,69.36,69.96
2007-06-18,69.09,69.62,70.32,70.84
2007-06-19,69.1,69.54,70.23,70.74
2007-06-20,68.19,68.86,69.51,70.0
2007-06-21,68.65,69.2,69.67,70.08
2007-06-22,69.14,69.8,70.35,70.8
2007-06-25,69.18,69.77,70.3,70.79
2007-06-26,67.77,68.25,68.72,69.16
2007-06-27,68.97,69.28,69.54,69.79
2007-06-28,69.57,69.86,69.99,70.13
2007-06-29,70.68,70.98,71.06,71.24
2007-07-02,71.09,71.56,71.73,71.95
2007-07-03,71.41,71.87,72.04,72.25
2007-07-05,71.81,72.15,72.25,72.42
2007-07-06,72.81,73.15,73.08,73.09
2007-07-09,72.19,72.61,72.72,72.88
2007-07-10,72.81,73.19,73.28,73.41
2007-07-11,72.56,72.94,73.02,73.1
2007-07-12,72.5,72.87,72.93,72.98
2007-07-13,73.93,74.13,74.0,73.89
2007-07-16,74.15,74.23,73.97,73.75
2007-07-17,74.02,74.11,73.8,73.51
2007-07-18,75.05,75.3,75.04,74.77
2007-07-19,75.92,76.07,75.74,75.41
2007-07-20,75.57,75.79,75.55,75.26
2007-07-23,74.89,74.78,74.6,74.37
2007-07-24,73.56,73.39,73.25,73.1
2007-07-25,75.88,75.46,75.1,74.77
2007-07-26,74.95,74.47,74.04,73.67
2007-07-27,77.02,76.31,75.64,75.06
2007-07-30,76.83,76.21,75.45,74.74
2007-07-31,78.21,77.6,76.82,76.05
2007-08-01,76.53,76.21,75.8,75.29
2007-08-02,76.86,76.55,76.14,75.61
2007-08-03,75.48,75.37,75.06,74.7
2007-08-06,72.06,71.97,71.72,71.46
2007-08-07,72.42,72.38,72.17,71.86
2007-08-08,72.15,71.94,71.69,71.36
2007-08-09,71.59,71.4,71.2,70.9
2007-08-10,71.47,71.25,71.05,70.74
2007-08-13,71.62,71.32,70.98,70.52
2007-08-14,72.38,72.02,71.59,71.04
2007-08-15,73.33,73.21,72.83,72.31
2007-08-16,71.0,70.87,70.6,70.18
2007-08-17,71.98,71.82,71.46,70.98
2007-08-20,71.12,70.96,70.67,70.27
2007-08-21,69.47,69.57,69.34,69.01
2007-08-22,69.26,69.03,68.72,68.5
2007-08-23,69.83,69.56,69.23,69.0
2007-08-24,71.09,70.69,70.23,69.94
2007-08-27,71.97,71.38,70.85,70.51
2007-08-28,71.73,71.14,70.55,70.17
2007-08-29,73.51,72.78,72.0,71.43
2007-08-30,73.36,72.61,71.75,71.14
2007-08-31,74.04,73.32,72.46,71.83
2007-09-04,75.08,74.26,73.36,72.7
2007-09-05,75.73,74.67,73.55,72.7
2007-09-06,76.3,75.31,74.17,73.34
2007-09-07,76.7,75.62,74.54,73.78
2007-09-10,77.49,76.26,75.08,74.25
2007-09-11,78.23,77.0,75.77,74.95
2007-09-12,79.91,78.54,77.29,76.44
2007-09-13,80.09,78.78,77.63,76.75
2007-09-14,79.1,78.09,77.17,76.49
2007-09-17,80.57,79.38,78.16,77.32
2007-09-18,81.51,80.23,78.95,78.06
2007-09-19,81.93,80.85,79.7,78.88
2007-09-20,83.32,81.78,80.64,79.85
2007-09-21,81.62,80.64,79.99,79.44
2007-09-24,80.95,80.15,79.64,79.2
2007-09-25,79.53,78.61,78.02,77.56
2007-09-26,80.3,78.86,77.96,77.37
2007-09-27,82.88,81.51,80.42,79.59
2007-09-28,81.66,80.48,79.58,78.85
2007-10-01,80.24,79.28,78.5,77.87
2007-10-02,80.05,79.04,78.17,77.47
2007-10-03,79.94,79.02,78.1,77.37
2007-10-04,81.44,80.64,79.83,79.12
2007-10-05,81.22,80.62,79.94,79.32
2007-10-08,79.02,78.4,77.83,77.32
2007-10-09,80.26,79.54,78.83,78.28
2007-10-10,81.3,80.61,79.94,79.37
2007-10-11,83.08,82.26,81.49,80.8
2007-10-12,83.69,82.74,81.93,81.19
2007-10-15,86.13,85.13,84.25,83.41
2007-10-16,87.61,86.58,85.58,84.62
2007-10-17,87.4,86.19,85.12,84.08
2007-10-18,89.47,88.04,86.89,85.78
2007-10-19,88.6,86.95,85.92,84.95
2007-10-22,87.56,86.02,85.21,84.39
2007-10-23,85.27,84.46,83.67,83.0
2007-10-24,87.1,86.13,85.23,84.53
2007-10-25,90.46,89.24,88.13,87.27
2007-10-26,91.86,90.74,89.62,88.7
2007-10-29,93.53,92.63,91.66,90.8
2007-10-30,90.38,89.59,88.77,87.99
2007-10-31,94.53,93.27,92.14,91.19
2007-11-01,93.49,92.45,91.4,90.47
2007-11-02,95.93,94.81,93.72,92.73
2007-11-05,93.98,93.12,92.22,91.35
2007-11-06,96.7,95.8,94.87,93.97
2007-11-07,96.37,95.6,94.81,94.03
2007-11-08,95.46,94.66,93.9,93.19
2007-11-09,96.32,95.3,94.45,93.7
2007-11-12,94.62,93.52,92.67,91.91
2007-11-13,91.17,90.2,89.42,88.75
2007-11-14,94.09,92.83,91.76,90.88
2007-11-15,93.43,92.07,91.01,90.12
2007-11-16,95.1,93.84,92.72,91.72
2007-11-19,94.64,93.58,92.6,91.72
2007-11-20,98.03,96.89,95.84,94.88
2007-11-21,97.29,96.18,95.12,94.19
2007-11-23,98.18,97.13,96.05,95.08
2007-11-26,97.7,96.76,95.74,94.76
2007-11-27,94.42,93.63,92.81,92.0
2007-11-28,90.62,90.03,89.45,88.85
2007-11-29,91.01,90.35,89.78,89.24
2007-11-30,88.71,88.26,87.84,87.43
2007-12-03,89.31,89.04,88.69,88.36
2007-12-04,88.32,88.11,87.87,87.63
2007-12-05,87.49,87.29,87.05,86.81
2007-12-06,90.23,89.94,89.6,89.24
2007-12-07,88.28,88.15,87.94,87.68
2007-12-10,87.86,87.77,87.61,87.4
2007-12-11,90.02,89.92,89.75,89.46
2007-12-12,94.39,94.28,94.04,93.6
2007-12-13,92.25,92.46,92.36,92.04
2007-12-14,91.27,91.55,91.57,91.39
2007-12-17,90.63,91.05,91.15,91.03
2007-12-18,90.49,90.08,90.09,89.91
2007-12-19,91.24,91.18,90.91,90.63
2007-12-20,91.06,90.96,90.71,90.41
2007-12-21,93.31,93.0,92.53,92.04
2007-12-24,94.13,93.74,93.14,92.58
2007-12-26,95.97,95.44,94.72,94.03
2007-12-27,96.62,96.27,95.62,94.97
2007-12-28,96.0,95.76,95.15,94.51
2007-12-31,95.98,95.78,95.24,94.65
2008-01-02,99.62,99.33,98.74,98.09
2008-01-03,99.18,98.94,98.42,97.9
2008-01-04,97.91,97.69,97.28,96.86
2008-01-07,95.09,94.9,94.53,94.15
2008-01-08,96.33,96.08,95.62,95.18
2008-01-09,95.67,95.23,94.66,94.13
2008-01-10,93.71,93.21,92.68,92.22
2008-01-11,92.69,92.16,91.7,91.31
2008-01-14,94.2,93.87,93.41,92.95
2008-01-15,91.9,91.73,91.42,91.09
2008-01-16,90.84,90.36,89.98,89.67
2008-01-17,90.13,89.57,89.22,88.89
2008-01-18,90.57,89.92,89.49,89.14
2008-01-22,89.85,89.21,88.76,88.39
2008-01-23,86.99,86.62,86.27,85.96
2008-01-24,89.41,88.99,88.58,88.19
2008-01-25,90.71,90.47,90.19,89.91
2008-01-28,90.99,90.79,90.55,90.33
2008-01-29,91.64,91.42,91.14,90.88
2008-01-30,92.33,92.16,91.9,91.63
2008-01-31,91.75,91.68,91.52,91.31
2008-02-01,88.96,89.0,88.92,88.79
2008-02-04,90.02,90.07,89.96,89.81
2008-02-05,88.41,88.45,88.34,88.18
2008-02-06,87.14,87.22,87.19,87.09
2008-02-07,88.11,88.2,88.2,88.11
2008-02-08,91.77,91.77,91.62,91.38
2008-02-11,93.59,93.61,93.42,93.14
2008-02-12,92.78,92.86,92.72,92.49
2008-02-13,93.27,93.41,93.28,93.04
2008-02-14,95.46,95.55,95.39,95.14
2008-02-15,95.5,95.45,95.16,94.83
2008-02-19,100.01,99.7,99.31,98.9
2008-02-20,100.74,99.7,99.26,98.85
2008-02-21,98.23,97.81,97.37,97.01
2008-02-22,98.81,98.42,97.94,97.53
2008-02-25,99.23,98.88,98.47,98.08
2008-02-26,100.88,100.57,100.19,99.83
2008-02-27,99.64,99.38,99.06,98.76
2008-02-28,102.59,102.25,101.85,101.53
2008-02-29,101.84,101.42,100.97,100.64
2008-03-03,102.45,102.01,101.57,101.23
2008-03-04,99.52,98.97,98.47,98.09
2008-03-05,104.52,103.69,102.89,102.31
2008-03-06,105.47,104.67,103.78,103.09
2008-03-07,105.15,104.28,103.34,102.55
2008-03-10,107.9,106.74,105.51,104.41
2008-03-11,108.75,107.52,106.22,105.08
2008-03-12,109.92,108.57,107.2,106.07
2008-03-13,110.33,109.17,107.94,106.9
2008-03-14,110.21,108.74,107.53,106.52
2008-03-17,105.68,104.23,103.0,102.07
2008-03-18,109.42,108.5,107.35,106.39
2008-03-19,104.48,102.54,101.63,100.79
2008-03-20,101.84,101.06,100.32,99.66
2008-03-24,100.86,100.24,99.65,99.15
2008-03-25,101.22,100.83,100.45,100.07
2008-03-26,105.9,105.14,104.37,103.68
2008-03-27,107.58,106.59,105.63,104.81
2008-03-28,105.62,104.91,104.19,103.49
2008-03-31,101.58,101.09,100.56,100.08
2008-04-01,100.98,100.5,100.0,99.51
2008-04-02,104.83,104.28,103.72,103.18
2008-04-03,103.83,103.26,102.63,102.0
2008-04-04,106.23,105.76,105.19,104.59
2008-04-07,109.09,108.55,107.89,107.23
2008-04-08,108.5,107.86,107.14,106.44
2008-04-09,110.87,110.19,109.4,108.61
2008-04-10,110.11,109.57,108.93,108.26
2008-04-11,110.14,109.71,109.19,108.56
2008-04-14,111.76,111.17,110.45,109.72
2008-04-15,113.79,113.22,112.48,111.74
2008-04-16,114.93,114.45,113.8,113.09
2008-04-17,114.86,114.45,113.82,113.14
2008-04-18,116.69,116.16,115.41,114.66
2008-04-21,117.48,116.63,115.8,115.02
2008-04-22,119.37,118.07,117.26,116.51
2008-04-23,118.3,117.59,116.89,116.27
2008-04-24,116.06,115.22,114.45,113.81
2008-04-25,118.52,117.53,116.57,115.77
2008-04-28,118.75,117.82,116.93,116.18
2008-04-29,115.63,114.82,114.03,113.37
2008-04-30,113.46,112.73,111.97,111.32
2008-05-01,112.52,111.8,111.08,110.5
2008-05-02,116.32,115.79,115.16,114.58
2008-05-05,119.97,119.47,118.84,118.26
2008-05-06,121.84,121.34,120.75,120.21
2008-05-07,123.53,123.2,122.74,122.25
2008-05-08,123.69,123.61,123.28,122.87
2008-05-09,125.96,126.0,125.76,125.45
2008-05-12,124.23,124.1,123.86,123.61
2008-05-13,125.8,125.59,125.31,125.0
2008-05-14,124.22,124.11,124.01,123.9
2008-05-15,124.12,123.85,123.67,123.51
2008-05-16,126.29,126.04,125.9,125.79
2008-05-19,127.05,126.72,126.64,126.58
2008-05-20,129.07,128.98,129.25,129.46
2008-05-21,133.17,133.54,133.83,134.03
2008-05-22,130.81,130.9,130.81,130.68
2008-05-23,132.19,132.24,132.03,131.79
2008-05-27,128.85,128.94,128.91,128.84
2008-05-28,131.03,130.99,130.7,130.41
2008-05-29,126.62,126.81,126.75,126.62
2008-05-30,127.35,127.5,127.42,127.27
2008-06-02,127.76,128.05,128.11,128.04
2008-06-03,124.31,124.7,124.88,124.92
2008-06-04,122.3,122.68,122.85,122.91
2008-06-05,127.79,128.18,128.34,128.3
2008-06-06,138.54,138.7,138.62,138.4
2008-06-09,134.35,134.75,134.85,134.76
2008-06-10,131.31,131.86,132.12,132.17
2008-06-11,136.38,136.98,137.32,137.46
2008-06-12,136.74,137.38,137.68,137.88
2008-06-13,134.86,135.47,135.8,135.97
2008-06-16,134.61,135.34,135.88,136.21
2008-06-17,134.01,134.53,135.02,135.33
2008-06-18,136.68,137.17,137.51,137.67
2008-06-19,131.93,132.6,133.02,133.27
2008-06-20,134.62,135.36,135.66,135.72
2008-06-23,136.74,137.14,137.26,137.28
2008-06-24,137.0,137.52,137.71,137.78
2008-06-25,134.55,135.08,135.33,135.52
2008-06-26,139.64,140.16,140.41,140.57
2008-06-27,140.21,140.75,141.06,141.24
2008-06-30,140.0,140.58,140.95,141.24
2008-07-01,140.97,141.58,141.98,142.28
2008-07-02,143.57,144.14,144.5,144.77
2008-07-03,145.29,145.86,146.12,146.31
2008-07-07,141.37,142.03,142.42,142.74
2008-07-08,136.04,136.73,137.21,137.66
2008-07-09,136.05,136.72,137.19,137.63
2008-07-10,141.65,142.33,142.76,143.15
2008-07-11,145.08,145.66,145.96,146.2
2008-07-14,145.18,145.78,146.13,146.43
2008-07-15,138.74,139.37,139.83,140.26
2008-07-16,134.6,135.32,135.83,136.3
2008-07-17,129.29,130.18,130.68,131.13
2008-07-18,128.88,129.47,129.97,130.39
2008-07-21,131.04,131.82,132.26,132.68
2008-07-22,127.95,128.42,128.97,129.47
2008-07-23,124.44,125.04,125.49,125.88
2008-07-24,125.49,125.97,126.33,126.6
2008-07-25,123.26,123.82,124.28,124.62
2008-07-28,124.73,125.29,125.75,126.09
2008-07-29,122.19,122.74,123.21,123.57
2008-07-30,126.77,127.2,127.57,127.85
2008-07-31,124.08,124.51,124.95,125.29
2008-08-01,125.1,125.5,125.94,126.3
2008-08-04,121.41,121.69,122.08,122.39
2008-08-05,119.17,119.22,119.42,119.66
2008-08-06,118.58,118.44,118.59,118.81
2008-08-07,120.02,119.78,119.78,119.82
2008-08-08,115.2,115.4,115.77,116.11
2008-08-11,114.45,114.66,115.04,115.38
2008-08-12,113.01,113.13,113.52,113.88
2008-08-13,116.0,115.99,116.27,116.58
2008-08-14,115.01,115.03,115.37,115.72
2008-08-15,113.77,113.94,114.41,114.86
2008-08-18,112.87,112.89,113.32,113.72
2008-08-19,114.53,114.54,114.93,115.3
2008-08-20,114.98,115.56,116.03,116.51
2008-08-21,121.18,121.72,122.27,122.75
2008-08-22,114.59,115.14,115.7,116.16
2008-08-25,115.11,115.71,116.31,116.81
2008-08-26,116.27,116.7,117.14,117.52
2008-08-27,118.15,118.44,118.79,119.08
2008-08-28,115.59,115.99,116.47,116.86
2008-08-29,115.46,115.85,116.31,116.68
2008-09-02,109.71,110.3,110.97,111.55
2008-09-03,109.35,109.87,110.45,110.97
2008-09-04,107.89,108.44,109.0,109.51
2008-09-05,106.23,106.69,107.18,107.66
2008-09-08,106.34,106.61,107.03,107.47
2008-09-09,103.26,103.36,103.74,104.15
2008-09-10,102.58,102.62,102.92,103.25
2008-09-11,100.87,100.93,101.25,101.58
2008-09-12,101.18,101.25,101.62,102.01
2008-09-15,95.71,95.69,96.04,96.43
2008-09-16,91.15,91.02,91.17,91.4
2008-09-17,97.16,96.96,96.95,97.0
2008-09-18,97.88,97.54,97.6,97.72
2008-09-19,104.55,102.75,102.54,102.57
2008-09-22,120.92,109.37,108.87,108.78
2008-09-23,106.61,105.47,105.1,105.06
2008-09-24,105.73,105.02,104.91,104.95
2008-09-25,108.02,107.21,107.11,107.2
2008-09-26,106.89,106.18,106.16,106.31
2008-09-29,96.37,96.09,96.37,96.69
2008-09-30,100.64,100.26,100.51,100.8
2008-10-01,98.53,97.92,98.0,98.17
2008-10-02,93.97,93.29,93.24,93.41
2008-10-03,93.88,93.01,92.81,92.88
2008-10-06,87.81,86.71,86.52,86.64
2008-10-07,90.06,88.71,88.4,88.45
2008-10-08,88.95,88.43,88.48,88.59
2008-10-09,86.59,86.62,86.91,87.19
2008-10-10,77.7,77.99,78.34,78.79
2008-10-13,81.19,81.68,82.04,82.42
2008-10-14,78.63,78.95,79.33,79.78
2008-10-15,74.54,74.88,75.24,75.71
2008-10-16,69.85,70.26,70.69,71.14
2008-10-17,71.85,72.13,72.49,72.92
2008-10-20,74.25,74.39,74.69,75.08
2008-10-21,70.89,72.18,72.64,73.13
2008-10-22,66.75,67.16,67.64,68.11
2008-10-23,67.84,68.24,68.71,69.17
2008-10-24,64.15,64.58,65.06,65.54
2008-10-27,63.22,63.71,64.23,64.75
2008-10-28,62.73,63.21,63.72,64.23
2008-10-29,67.5,67.99,68.54,69.07
2008-10-30,65.96,66.54,67.27,67.97
2008-10-31,67.81,68.48,69.22,69.92
2008-11-03,63.91,64.59,65.3,66.02
2008-11-04,70.53,71.19,71.96,72.79
2008-11-05,65.3,66.01,66.84,67.77
2008-11-06,60.77,61.47,62.36,63.33
2008-11-07,61.04,61.87,62.81,63.76
2008-11-10,62.41,63.27,64.19,65.09
2008-11-11,59.33,60.22,61.12,62.05
2008-11-12,56.16,57.03,57.95,58.84
2008-11-13,58.24,59.06,60.0,60.95
2008-11-14,57.04,57.6,58.4,59.3
2008-11-17,54.95,55.49,56.28,57.15
2008-11-18,54.39,54.76,55.58,56.45
2008-11-19,53.62,54.1,54.95,55.88
2008-11-20,49.62,49.42,50.41,51.44
2008-11-21,49.93,50.96,52.05,53.09
2008-11-24,54.5,55.62,56.68,57.68
2008-11-25,50.77,52.01,53.21,54.33
2008-11-26,54.44,55.7,56.92,58.04
2008-11-28,54.43,55.82,57.09,58.24
2008-12-01,49.28,50.68,52.0,53.22
2008-12-02,46.96,48.43,49.84,51.15
2008-12-03,46.79,48.32,49.87,51.34
2008-12-04,43.67,45.21,46.86,48.43
2008-12-05,40.81,42.93,44.76,46.27
2008-12-08,43.71,46.36,48.62,50.29
2008-12-09,42.07,44.66,46.86,48.56
2008-12-10,43.52,46.02,48.04,49.56
2008-12-11,47.98,50.84,52.97,54.46
2008-12-12,46.28,49.12,51.54,53.18
2008-12-15,44.51,47.47,50.0,51.73
2008-12-16,43.6,46.7,49.17,50.91
2008-12-17,40.06,44.61,47.27,49.16
2008-12-18,36.22,41.67,44.39,46.44
2008-12-19,33.87,42.36,45.16,47.15
2008-12-22,39.91,42.88,44.76,46.25
2008-12-23,38.98,42.03,43.86,45.3
2008-12-24,35.35,38.23,40.06,41.5
2008-12-26,37.71,40.53,42.28,43.75
2008-12-29,40.02,43.03,44.81,46.19
2008-12-30,39.03,42.76,44.8,46.33
2008-12-31,44.6,48.59,50.57,51.96
2009-01-02,46.34,50.21,52.23,53.64
2009-01-05,48.81,52.69,54.7,56.07
2009-01-06,48.58,53.13,55.34,56.79
2009-01-07,42.63,47.39,50.06,51.95
2009-01-08,41.7,46.51,49.45,51.43
2009-01-09,40.83,46.07,49.11,51.21
2009-01-12,37.59,43.65,46.97,49.25
2009-01-13,37.78,44.77,48.37,50.83
2009-01-14,37.28,44.19,48.28,50.71
2009-01-15,35.4,43.54,48.11,50.61
2009-01-16,36.51,42.57,47.02,49.51
2009-01-20,38.74,40.84,44.25,46.56
2009-01-21,43.55,45.55,47.12,48.51
2009-01-22,43.67,45.83,47.41,48.79
2009-01-23,46.47,49.21,50.76,51.95
2009-01-26,45.73,48.49,50.03,51.05
2009-01-27,41.58,44.9,47.18,48.7
2009-01-28,42.16,46.07,48.56,50.11
2009-01-29,41.44,46.04,48.66,50.27
2009-01-30,41.68,46.13,48.52,49.98
2009-02-02,40.08,43.92,46.17,47.62
2009-02-03,40.78,44.04,46.13,47.59
2009-02-04,40.32,44.24,46.68,48.24
2009-02-05,41.17,45.76,48.38,49.96
2009-02-06,40.17,46.15,48.85,50.39
2009-02-09,39.56,45.84,48.69,50.25
2009-02-10,37.55,43.76,46.76,48.41
2009-02-11,35.94,42.47,45.95,47.83
2009-02-12,33.98,42.17,45.92,47.81
2009-02-13,37.51,41.97,44.94,46.67
2009-02-17,34.93,38.54,41.23,42.88
2009-02-18,34.62,37.41,39.72,41.15
2009-02-19,39.48,40.18,42.51,43.97
2009-02-20,38.94,40.03,42.17,43.56
2009-02-23,38.44,41.27,42.86,44.16
2009-02-24,39.96,42.76,44.23,45.43
2009-02-25,42.5,44.66,45.89,46.9
2009-02-26,45.22,47.47,48.74,49.69
2009-02-27,44.76,46.89,48.05,48.98
2009-03-02,40.15,42.45,43.68,44.73
2009-03-03,41.65,43.91,45.03,46.01
2009-03-04,45.38,47.2,48.09,48.93
2009-03-05,43.61,45.66,46.77,47.7
2009-03-06,45.52,47.72,48.77,49.58
2009-03-09,47.07,48.06,48.75,49.38
2009-03-10,45.71,46.98,48.07,48.98
2009-03-11,42.33,43.99,45.29,46.42
2009-03-12,47.03,47.97,49.01,49.99
2009-03-13,46.25,47.03,48.11,49.05
2009-03-16,47.35,48.05,49.11,49.96
2009-03-17,49.16,50.04,51.21,52.18
2009-03-18,48.14,48.9,50.35,51.64
2009-03-19,51.61,52.04,53.53,54.79
2009-03-20,51.06,52.07,53.8,55.2
2009-03-23,53.8,55.73,57.2,58.33
2009-03-24,53.98,55.63,57.0,58.08
2009-03-25,52.77,54.19,55.47,56.52
2009-03-26,54.34,55.78,57.04,58.07
2009-03-27,52.38,54.02,55.48,56.65
2009-03-30,48.41,50.2,51.79,53.05
2009-03-31,49.66,51.37,52.85,53.93
2009-04-01,48.39,50.2,51.77,52.84
2009-04-02,52.64,54.52,56.1,57.22
2009-04-03,52.51,54.68,56.52,57.71
2009-04-06,51.05,53.38,55.4,56.76
2009-04-07,49.15,51.91,54.29,55.83
2009-04-08,49.38,52.07,54.48,56.07
2009-04-09,52.24,54.69,56.9,58.33
2009-04-13,50.05,52.98,55.33,56.83
2009-04-14,49.41,52.52,54.93,56.44
2009-04-15,49.25,51.77,54.09,55.62
2009-04-16,49.98,52.16,54.36,55.93
2009-04-17,50.33,52.47,54.56,56.11
2009-04-20,45.88,48.51,50.77,52.43
2009-04-21,46.51,48.55,50.61,52.22
2009-04-22,48.85,50.7,52.19,53.49
2009-04-23,49.62,51.07,52.33,53.5
2009-04-24,51.55,52.94,54.1,55.12
2009-04-27,50.14,51.52,52.69,53.74
2009-04-28,49.92,51.09,52.18,53.19
2009-04-29,50.97,52.21,53.31,54.32
2009-04-30,51.12,52.28,53.4,54.45
2009-05-01,53.2,54.54,55.73,56.78
2009-05-04,54.47,56.18,57.64,58.82
2009-05-05,53.84,55.44,56.84,58.04
2009-05-06,56.34,57.59,58.76,59.82
2009-05-07,56.71,58.02,59.03,59.98
2009-05-08,58.63,59.74,60.62,61.45
2009-05-11,58.5,59.41,60.23,61.08
2009-05-12,58.85,59.71,60.59,61.45
2009-05-13,58.02,58.97,59.88,60.73
2009-05-14,58.62,59.42,60.27,61.12
2009-05-15,56.34,57.0,57.78,58.61
2009-05-18,59.03,59.59,60.29,61.02
2009-05-19,59.65,60.1,60.81,61.59
2009-05-20,62.04,62.62,63.21,63.75
2009-05-21,61.05,61.81,62.54,63.16
2009-05-22,61.67,62.38,63.07,63.68
2009-05-26,62.45,63.1,63.7,64.21
2009-05-27,63.45,64.16,64.74,65.22
2009-05-28,65.08,65.87,66.55,67.06
2009-05-29,66.31,67.07,67.72,68.2
2009-06-01,68.58,69.37,70.07,70.58
2009-06-02,68.55,69.43,70.25,70.93
2009-06-03,66.12,67.09,68.02,68.86
2009-06-04,68.81,69.69,70.52,71.29
2009-06-05,68.44,69.35,70.24,71.07
2009-06-08,68.09,69.03,70.02,70.9
2009-06-09,70.01,70.74,71.65,72.45
2009-06-10,71.33,72.03,72.89,73.6
2009-06-11,72.68,73.48,74.31,74.95
2009-06-12,72.04,72.75,73.56,74.24
2009-06-15,70.62,71.31,72.15,72.86
2009-06-16,70.47,71.16,71.96,72.64
2009-06-17,71.03,71.7,72.61,73.34
2009-06-18,71.37,71.91,72.69,73.37
2009-06-19,69.55,70.02,70.88,71.64
2009-06-22,66.93,67.5,68.32,69.07
2009-06-23,69.24,70.03,70.71,71.33
2009-06-24,68.67,69.5,70.21,70.86
2009-06-25,70.23,71.08,71.81,72.44
2009-06-26,69.16,70.02,70.76,71.38
2009-06-29,71.49,72.38,73.09,73.65
2009-06-30,69.89,70.84,71.6,72.2
2009-07-01,69.31,70.27,71.08,71.78
2009-07-02,66.73,67.74,68.65,69.47
2009-07-06,64.05,64.97,65.9,66.74
2009-07-07,62.93,63.86,64.82,65.69
2009-07-08,60.14,61.16,62.23,63.18
2009-07-09,60.41,61.49,62.59,63.58
2009-07-10,59.89,60.88,61.94,62.88
2009-07-13,59.69,60.56,61.62,62.56
2009-07-14,59.52,60.39,61.5,62.49
2009-07-15,61.54,62.58,63.76,64.86
2009-07-16,62.02,63.06,64.33,65.53
2009-07-17,63.56,64.58,65.85,67.05
2009-07-20,63.98,65.29,66.77,68.06
2009-07-21,64.72,65.61,66.97,68.24
2009-07-22,65.4,67.04,68.53,69.75
2009-07-23,67.16,68.87,70.41,71.59
2009-07-24,68.05,69.79,71.36,72.52
2009-07-27,68.38,70.05,71.48,72.47
2009-07-28,67.23,68.98,70.46,71.46
2009-07-29,63.35,65.23,66.9,68.1
2009-07-30,66.94,68.92,70.48,71.58
2009-07-31,69.45,71.15,72.4,73.2
2009-08-03,71.58,73.18,74.27,75.06
2009-08-04,71.42,73.3,74.69,75.62
2009-08-05,71.97,73.93,75.37,76.33
2009-08-06,71.94,73.87,75.21,76.13
2009-08-07,70.93,72.78,74.08,74.91
2009-08-10,70.6,72.61,74.08,75.04
2009-08-11,69.45,71.35,72.77,73.73
2009-08-12,70.16,72.01,73.36,74.24
2009-08-13,70.52,72.48,73.87,74.75
2009-08-14,67.51,69.6,71.06,72.0
2009-08-17,66.75,68.81,70.24,71.22
2009-08-18,69.19,71.09,72.3,73.17
2009-08-19,72.42,73.83,74.79,75.56
2009-08-20,72.54,72.91,73.77,74.52
2009-08-21,73.89,74.82,75.48,76.13
2009-08-24,74.37,75.08,75.75,76.38
2009-08-25,72.05,72.78,73.51,74.15
2009-08-26,71.43,72.19,72.98,73.68
2009-08-27,72.49,73.14,73.87,74.53
2009-08-28,72.74,73.46,74.16,74.78
2009-08-31,69.96,70.66,71.38,72.0
2009-09-01,68.05,68.72,69.45,70.13
2009-09-02,68.05,68.68,69.33,69.96
2009-09-03,67.96,68.55,69.15,69.73
2009-09-04,68.02,68.55,69.08,69.63
2009-09-08,71.1,71.59,72.0,72.45
2009-09-09,71.31,71.82,72.21,72.62
2009-09-10,71.94,72.27,72.61,72.97
2009-09-11,69.29,69.72,70.2,70.68
2009-09-14,68.86,69.37,69.86,70.37
2009-09-15,70.93,71.3,71.69,72.14
2009-09-16,72.51,72.87,73.25,73.65
2009-09-17,72.47,72.94,73.43,73.93
2009-09-18,72.04,72.49,73.04,73.61
2009-09-21,69.71,69.93,70.41,70.94
2009-09-22,71.55,71.76,72.22,72.69
2009-09-23,68.97,69.51,70.06,70.6
2009-09-24,65.89,66.38,66.93,67.49
2009-09-25,66.02,66.42,66.9,67.4
2009-09-28,66.84,67.17,67.64,68.13
2009-09-29,66.71,67.08,67.53,68.01
2009-09-30,70.61,70.94,71.31,71.71
2009-10-01,70.82,71.2,71.63,72.07
2009-10-02,69.95,70.33,70.78,71.23
2009-10-05,70.41,70.61,70.98,71.37
2009-10-06,70.88,71.14,71.52,71.92
2009-10-07,69.57,69.88,70.34,70.8
2009-10-08,71.69,72.14,72.72,73.28
2009-10-09,71.77,72.25,72.84,73.43
2009-10-12,73.27,73.74,74.28,74.84
2009-10-13,74.15,74.71,75.29,75.89
2009-10-14,75.18,75.6,76.12,76.68
2009-10-15,77.58,78.08,78.59,79.13
2009-10-16,78.53,79.02,79.5,80.04
2009-10-19,79.61,79.96,80.43,80.96
2009-10-20,79.09,79.12,79.68,80.26
2009-10-21,81.37,81.96,82.58,83.06
2009-10-22,81.19,81.84,82.48,82.99
2009-10-23,80.5,81.19,81.87,82.43
2009-10-26,78.68,79.37,80.04,80.58
2009-10-27,79.55,80.15,80.75,81.26
2009-10-28,77.46,78.06,78.65,79.14
2009-10-29,79.87,80.4,80.95,81.43
2009-10-30,77.0,77.64,78.27,78.79
2009-11-02,78.13,78.82,79.51,80.12
2009-11-03,79.6,80.26,80.92,81.54
2009-11-04,80.4,81.07,81.74,82.36
2009-11-05,79.62,80.28,80.93,81.55
2009-11-06,77.43,78.09,78.75,79.39
2009-11-09,79.43,80.07,80.72,81.36
2009-11-10,79.05,79.64,80.27,80.89
2009-11-11,79.28,79.92,80.59,81.25
2009-11-12,76.94,77.65,78.39,79.13
2009-11-13,76.35,77.03,77.75,78.48
2009-11-16,78.9,79.53,80.22,80.93
2009-11-17,79.14,79.72,80.44,81.16
2009-11-18,79.58,80.1,80.82,81.57
2009-11-19,77.46,78.05,78.84,79.63
2009-11-20,76.72,77.47,78.3,79.11
2009-11-23,77.56,78.5,79.33,80.07
2009-11-24,76.02,77.19,78.18,78.96
2009-11-25,77.96,79.19,80.23,81.03
2009-11-27,76.05,77.36,78.5,79.38
2009-11-30,77.28,78.66,79.84,80.74
2009-12-01,78.37,79.77,80.94,81.84
2009-12-02,76.6,78.17,79.45,80.44
2009-12-03,76.46,78.21,79.65,80.76
2009-12-04,75.47,77.25,78.72,79.84
2009-12-07,73.93,75.91,77.55,78.75
2009-12-08,72.62,74.62,76.14,77.24
2009-12-09,70.67,72.55,73.92,74.9
2009-12-10,70.54,72.32,73.68,74.64
2009-12-11,69.87,71.95,73.54,74.63
2009-12-14,69.51,71.86,73.46,74.56
2009-12-15,70.69,72.69,73.93,74.84
2009-12-16,72.66,74.38,75.32,76.09
2009-12-17,72.65,74.08,74.89,75.56
2009-12-18,73.36,74.42,75.23,75.99
2009-12-21,72.47,73.72,74.55,75.32
2009-12-22,74.4,75.06,75.74,76.36
2009-12-23,76.67,77.25,77.86,78.43
2009-12-24,78.05,78.66,79.32,79.86
2009-12-28,78.77,79.45,80.17,80.74
2009-12-29,78.87,79.59,80.31,80.88
2009-12-30,79.28,80.03,80.73,81.29
2009-12-31,79.36,80.02,80.63,81.11
2010-01-04,81.51,82.12,82.65,83.12
2010-01-05,81.77,82.41,82.99,83.52
2010-01-06,83.18,83.75,84.31,84.86
2010-01-07,82.66,83.19,83.75,84.29
2010-01-08,82.75,83.3,83.87,84.47
2010-01-11,82.52,83.01,83.55,84.14
2010-01-12,80.79,81.17,81.7,82.28
2010-01-13,79.65,80.04,80.6,81.21
2010-01-14,79.39,79.88,80.47,81.11
2010-01-15,78.0,78.37,78.97,79.64
2010-01-19,79.02,79.32,79.81,80.4
2010-01-20,77.62,77.74,78.23,78.85
2010-01-21,76.08,76.53,77.13,77.74
2010-01-22,74.54,74.92,75.46,76.05
2010-01-25,75.26,75.69,76.27,76.84
2010-01-26,74.71,75.15,75.73,76.29
2010-01-27,73.67,74.15,74.75,75.32
2010-01-28,73.64,74.07,74.64,75.18
2010-01-29,72.89,73.35,73.95,74.53
2010-02-01,74.43,74.91,75.52,76.11
2010-02-02,77.23,77.72,78.34,78.91
2010-02-03,76.98,77.43,78.05,78.64
2010-02-04,73.14,73.54,74.14,74.74
2010-02-05,71.19,71.52,71.95,72.45
2010-02-08,71.89,72.29,72.76,73.26
2010-02-09,73.75,74.2,74.71,75.24
2010-02-10,74.52,74.89,75.34,75.83
2010-02-11,75.28,75.72,76.23,76.73
2010-02-12,74.13,74.5,75.03,75.57
2010-02-16,77.01,77.42,77.92,78.42
2010-02-17,77.33,77.73,78.22,78.71
2010-02-18,79.06,79.42,79.85,80.27
2010-02-19,79.81,80.06,80.45,80.85
2010-02-22,80.16,80.31,80.72,81.13
2010-02-23,78.86,79.29,79.74,80.17
2010-02-24,80.0,80.38,80.78,81.17
2010-02-25,78.17,78.53,78.9,79.27
2010-02-26,79.66,80.01,80.37,80.71
2010-03-01,78.7,79.08,79.48,79.86
2010-03-02,79.68,80.06,80.44,80.81
2010-03-03,80.87,81.26,81.64,82.0
2010-03-04,80.21,80.63,81.1,81.54
2010-03-05,81.5,81.92,82.37,82.82
2010-03-08,81.87,82.31,82.78,83.25
2010-03-09,81.49,81.86,82.3,82.75
2010-03-10,82.09,82.43,82.79,83.19
2010-03-11,82.11,82.43,82.78,83.18
2010-03-12,81.24,81.54,81.88,82.25
2010-03-15,79.8,80.08,80.43,80.8
2010-03-16,81.7,81.97,82.31,82.65
2010-03-17,82.93,83.21,83.56,83.89
2010-03-18,82.2,82.54,82.94,83.34
2010-03-19,80.68,80.97,81.36,81.77
2010-03-22,81.25,81.6,81.97,82.38
2010-03-23,81.91,82.25,82.63,82.96
2010-03-24,80.61,81.01,81.44,81.81
2010-03-25,80.53,80.99,81.46,81.83
2010-03-26,80.0,80.47,80.96,81.33
2010-03-29,82.17,82.59,83.02,83.32
2010-03-30,82.37,82.77,83.17,83.46
2010-03-31,83.76,84.18,84.57,84.84
2010-04-01,84.87,85.34,85.78,86.11
2010-04-05,86.62,87.13,87.62,87.98
2010-04-06,86.84,87.15,87.65,88.02
2010-04-07,85.88,86.51,87.17,87.69
2010-04-08,85.39,86.03,86.75,87.34
2010-04-09,84.92,85.63,86.52,87.25
2010-04-12,84.34,85.28,86.41,87.27
2010-04-13,84.05,85.11,86.16,86.87
2010-04-14,85.84,86.73,87.71,88.33
2010-04-15,85.51,86.75,88.07,88.9
2010-04-16,83.24,84.67,86.22,87.15
2010-04-19,81.45,83.13,84.62,85.54
2010-04-20,83.45,83.85,85.25,86.14
2010-04-21,83.68,85.63,86.75,87.51
2010-04-22,83.7,85.64,86.85,87.63
2010-04-23,85.12,87.04,88.3,89.07
2010-04-26,84.2,86.47,87.95,88.82
2010-04-27,82.44,85.0,86.77,87.76
2010-04-28,83.22,85.67,87.29,88.19
2010-04-29,85.17,87.25,88.51,89.25
2010-04-30,86.15,88.36,89.68,90.41
2010-05-03,86.19,89.15,90.77,91.67
2010-05-04,82.74,85.76,87.26,88.15
2010-05-05,79.97,82.99,84.56,85.47
2010-05-06,77.11,80.18,81.8,82.7
2010-05-07,75.11,78.51,80.22,81.22
2010-05-10,76.8,80.52,82.17,83.17
2010-05-11,76.37,80.22,82.18,83.27
2010-05-12,75.65,80.15,82.55,83.74
2010-05-13,74.4,78.99,81.43,82.7
2010-05-14,71.61,75.43,77.67,78.98
2010-05-17,70.08,73.22,75.06,76.17
2010-05-18,69.41,72.7,74.39,75.48
2010-05-19,69.87,72.48,73.78,74.7
2010-05-20,68.01,70.8,71.96,72.79
2010-05-21,70.04,71.67,72.75,73.55
2010-05-24,70.21,71.62,72.59,73.33
2010-05-25,68.75,70.1,71.04,71.76
2010-05-26,71.51,72.54,73.36,74.02
2010-05-27,74.55,75.62,76.5,77.18
2010-05-28,73.97,75.16,76.12,76.88
2010-06-01,72.58,73.9,74.9,75.71
2010-06-02,72.86,74.5,75.76,76.67
2010-06-03,74.61,76.05,77.11,77.99
2010-06-04,71.51,72.8,73.77,74.64
2010-06-07,71.44,72.77,73.85,74.78
2010-06-08,71.99,73.06,73.98,74.78
2010-06-09,74.38,75.44,76.33,77.03
2010-06-10,75.48,76.68,77.6,78.32
2010-06-11,73.78,75.34,76.51,77.36
2010-06-14,75.12,76.28,77.16,77.93
2010-06-15,76.94,77.91,78.71,79.42
2010-06-16,77.67,78.72,79.6,80.3
2010-06-17,76.79,78.04,79.12,79.99
2010-06-18,77.18,78.26,79.18,79.92
2010-06-21,77.82,78.61,79.48,80.21
2010-06-22,77.21,77.85,78.66,79.36
2010-06-23,76.35,77.03,77.65,78.28
2010-06-24,76.51,77.15,77.66,78.19
2010-06-25,78.86,79.43,79.9,80.38
2010-06-28,78.25,78.9,79.48,80.04
2010-06-29,75.94,76.57,77.1,77.61
2010-06-30,75.63,76.16,76.6,77.05
2010-07-01,72.95,73.46,73.93,74.45
2010-07-02,72.14,72.6,73.06,73.59
2010-07-06,71.98,72.51,73.06,73.67
2010-07-07,74.07,74.64,75.19,75.8
2010-07-08,75.44,76.03,76.58,77.2
2010-07-09,76.09,76.63,77.07,77.62
2010-07-12,74.95,75.44,75.87,76.42
2010-07-13,77.15,77.59,77.98,78.53
2010-07-14,77.04,77.45,77.79,78.29
2010-07-15,76.62,77.01,77.38,77.91
2010-07-16,76.01,76.38,76.8,77.36
2010-07-19,76.54,76.9,77.29,77.82
2010-07-20,77.44,77.58,77.92,78.39
2010-07-21,76.56,77.0,77.56,78.09
2010-07-22,79.3,79.64,80.12,80.57
2010-07-23,78.98,79.34,79.83,80.31
2010-07-26,78.98,79.37,79.86,80.35
2010-07-27,77.5,77.9,78.41,78.91
2010-07-28,76.99,77.44,78.03,78.59
2010-07-29,78.36,78.83,79.43,79.99
2010-07-30,78.95,79.39,79.95,80.51
2010-08-02,81.34,81.76,82.3,82.82
2010-08-03,82.55,82.99,83.53,84.05
2010-08-04,82.47,82.91,83.46,83.98
2010-08-05,82.01,82.45,83.0,83.53
2010-08-06,80.7,81.18,81.77,82.35
2010-08-09,81.48,81.95,82.56,83.17
2010-08-10,80.25,80.71,81.31,81.96
2010-08-11,78.02,78.49,79.13,79.78
2010-08-12,75.74,76.15,76.73,77.31
2010-08-13,75.39,75.77,76.36,76.94
2010-08-16,75.24,75.6,76.25,76.88
2010-08-17,75.77,76.16,76.95,77.75
2010-08-18,75.42,75.78,76.51,77.3
2010-08-19,74.43,74.77,75.42,76.15
2010-08-20,73.46,73.82,74.46,75.22
2010-08-23,73.1,73.73,74.5,75.19
2010-08-24,71.63,72.36,73.22,73.97
2010-08-25,72.52,73.24,74.11,74.87
2010-08-26,73.36,74.22,75.19,76.04
2010-08-27,75.17,76.21,77.3,78.15
2010-08-30,74.7,75.91,77.17,78.13
2010-08-31,71.92,73.54,75.1,76.19
2010-09-01,73.91,75.36,76.86,77.9
2010-09-02,75.02,76.24,77.49,78.43
2010-09-03,74.6,75.97,77.29,78.25
2010-09-07,74.09,75.85,77.47,78.73
2010-09-08,74.67,76.37,77.91,79.04
2010-09-09,74.25,75.79,77.23,78.27
2010-09-10,76.45,77.37,78.26,79.0
2010-09-13,77.19,78.03,78.87,79.65
2010-09-14,76.8,77.83,78.83,79.74
2010-09-15,76.02,77.12,78.4,79.43
2010-09-16,74.57,75.74,77.19,78.33
2010-09-17,73.66,74.92,76.67,78.08
2010-09-20,74.86,76.19,77.8,79.09
2010-09-21,73.52,74.97,76.65,77.99
2010-09-22,74.71,76.3,77.63,78.56
2010-09-23,75.18,76.54,77.7,78.57
2010-09-24,76.49,77.65,78.62,79.41
2010-09-27,76.52,77.5,78.35,79.07
2010-09-28,76.18,77.41,78.4,79.17
2010-09-29,77.86,79.09,80.15,80.97
2010-09-30,79.97,80.95,81.81,82.58
2010-10-01,81.58,82.5,83.28,83.95
2010-10-04,81.47,82.2,82.88,83.5
2010-10-05,82.82,83.64,84.39,85.01
2010-10-06,83.23,83.99,84.77,85.38
2010-10-07,81.67,82.38,83.16,83.77
2010-10-08,82.66,83.35,84.04,84.58
2010-10-11,81.33,83.01,83.88,84.5
2010-10-12,81.67,82.45,83.32,83.98
2010-10-13,83.36,83.74,84.49,85.09
2010-10-14,82.69,83.36,84.04,84.59
2010-10-15,81.25,81.93,82.61,83.17
2010-10-18,83.08,83.8,84.49,85.07
2010-10-19,79.49,80.16,80.88,81.53
2010-10-20,81.77,82.54,83.26,83.84
2010-10-21,80.56,81.33,81.94,82.46
2010-10-22,81.69,82.45,83.06,83.56
2010-10-25,82.52,83.21,83.76,84.22
2010-10-26,82.55,83.2,83.74,84.2
2010-10-27,81.94,82.67,83.28,83.79
2010-10-28,82.18,82.94,83.57,84.08
2010-10-29,81.43,82.15,82.73,83.21
2010-11-01,82.95,83.67,84.24,84.71
2010-11-02,83.9,84.56,85.09,85.52
2010-11-03,84.69,85.35,85.89,86.37
2010-11-04,86.49,87.16,87.66,88.1
2010-11-05,86.85,87.48,87.97,88.42
2010-11-08,87.06,87.71,88.22,88.69
2010-11-09,86.72,87.35,87.85,88.32
2010-11-10,87.81,88.29,88.68,89.05
2010-11-11,87.81,88.28,88.69,89.07
2010-11-12,84.88,85.34,85.8,86.22
2010-11-15,84.86,85.29,85.84,86.31
2010-11-16,82.34,82.84,83.44,83.96
2010-11-17,80.44,81.04,81.71,82.29
2010-11-18,81.85,82.42,83.08,83.64
2010-11-19,81.51,81.98,82.58,83.07
2010-11-22,81.74,82.33,82.83,83.19
2010-11-23,81.25,81.83,82.35,82.74
2010-11-24,83.86,84.43,84.94,85.32
2010-11-26,83.76,84.35,84.87,85.22
2010-11-29,85.73,86.27,86.73,87.07
2010-11-30,84.11,84.65,85.08,85.38
2010-12-01,86.75,87.25,87.63,87.91
2010-12-02,88.0,88.42,88.75,88.96
2010-12-03,89.19,89.59,89.87,90.02
2010-12-06,89.38,89.74,89.98,90.11
2010-12-07,88.69,89.22,89.67,89.97
2010-12-08,88.28,88.82,89.29,89.63
2010-12-09,88.37,88.88,89.34,89.68
2010-12-10,87.79,88.31,88.79,89.17
2010-12-13,88.61,89.14,89.63,90.01
2010-12-14,88.28,88.84,89.43,89.87
2010-12-15,88.62,89.24,89.89,90.38
2010-12-16,87.7,88.4,89.18,89.79
2010-12-17,88.02,88.6,89.37,89.95
2010-12-20,88.81,89.37,90.16,90.8
2010-12-21,89.82,90.64,91.27,91.72
2010-12-22,90.48,91.21,91.81,92.25
2010-12-23,91.51,92.16,92.69,93.1
2010-12-27,91.0,91.74,92.36,92.82
2010-12-28,91.49,92.23,92.83,93.27
2010-12-29,91.12,91.9,92.53,92.99
2010-12-30,89.84,90.69,91.37,91.91
2010-12-31,91.38,92.22,92.91,93.41
2011-01-03,91.55,92.43,93.14,93.72
2011-01-04,89.38,90.42,91.32,92.07
2011-01-05,90.3,91.42,92.39,93.23
2011-01-06,88.38,89.75,90.9,91.84
2011-01-07,88.03,89.22,90.17,90.98
2011-01-10,89.25,90.58,91.67,92.58
2011-01-11,91.11,92.36,93.38,94.23
2011-01-12,91.86,92.87,93.74,94.48
2011-01-13,91.4,92.3,93.21,94.0
2011-01-14,91.54,92.57,93.56,94.43
2011-01-18,91.38,92.31,93.33,94.24
2011-01-19,90.86,91.81,92.98,93.99
2011-01-20,88.86,89.59,90.96,92.18
2011-01-21,89.11,90.63,92.04,93.07
2011-01-24,87.87,89.53,91.02,92.07
2011-01-25,86.19,87.88,89.43,90.57
2011-01-26,87.33,89.35,91.11,92.39
2011-01-27,85.64,88.29,90.45,91.91
2011-01-28,89.34,91.68,93.43,94.64
2011-01-31,92.19,94.28,95.82,96.78
2011-02-01,90.77,93.5,95.42,96.52
2011-02-02,90.86,93.68,95.78,97.01
2011-02-03,90.54,93.24,95.37,96.66
2011-02-04,89.03,91.85,94.0,95.32
2011-02-07,87.48,90.64,93.16,94.7
2011-02-08,86.94,90.24,93.12,94.89
2011-02-09,86.71,90.1,93.19,95.13
2011-02-10,86.73,89.94,92.92,94.68
2011-02-11,85.58,89.13,92.35,94.14
2011-02-14,84.81,88.73,92.26,94.24
2011-02-15,84.32,87.57,90.86,92.68
2011-02-16,84.99,87.84,90.96,92.82
2011-02-17,86.36,88.84,91.18,92.74
2011-02-18,86.2,89.71,92.31,93.82
2011-02-22,93.57,95.42,96.8,97.65
2011-02-23,98.1,99.82,100.64,101.22
2011-02-24,97.28,98.74,99.44,100.05
2011-02-25,97.88,99.36,100.08,100.69
2011-02-28,96.97,98.64,99.44,100.11
2011-03-01,99.63,101.4,102.17,102.75
2011-03-02,102.23,103.48,104.03,104.47
2011-03-03,101.91,103.09,103.77,104.25
2011-03-04,104.42,105.61,106.17,106.52
2011-03-07,105.44,106.73,107.28,107.67
2011-03-08,105.02,105.95,106.48,106.86
2011-03-09,104.38,105.61,106.3,106.82
2011-03-10,102.7,103.92,104.52,104.95
2011-03-11,101.16,102.35,102.95,103.46
2011-03-14,101.19,102.19,102.79,103.32
2011-03-15,97.18,97.98,98.58,99.13
2011-03-16,97.98,98.95,99.58,100.15
2011-03-17,101.42,102.39,103.06,103.6
2011-03-18,101.07,101.85,102.44,102.95
2011-03-21,102.33,103.09,103.72,104.28
2011-03-22,104.0,104.97,105.52,106.0
2011-03-23,105.75,106.21,106.58,106.76
2011-03-24,105.6,106.11,106.52,106.73
2011-03-25,105.4,105.94,106.38,106.64
2011-03-28,103.98,104.56,105.06,105.37
2011-03-29,104.79,105.32,105.79,106.07
2011-03-30,104.27,104.84,105.37,105.73
2011-03-31,106.72,107.24,107.71,107.99
2011-04-01,107.94,108.5,108.94,109.17
2011-04-04,108.47,109.05,109.53,109.83
2011-04-05,108.34,108.99,109.56,109.91
2011-04-06,108.83,109.48,110.05,110.39
2011-04-07,110.3,110.88,111.37,111.66
2011-04-08,112.79,113.37,113.86,114.14
2011-04-11,109.92,110.57,111.17,111.55
2011-04-12,106.25,106.97,107.64,108.1
2011-04-13,107.11,107.71,108.24,108.64
2011-04-14,108.11,108.7,109.19,109.49
2011-04-15,109.66,110.22,110.68,110.96
2011-04-18,107.12,107.69,108.15,108.42
2011-04-19,108.15,108.28,108.73,108.99
2011-04-20,111.45,111.91,112.17,112.28
2011-04-21,112.29,112.75,113.02,113.13
2011-04-25,112.28,112.75,113.01,113.09
2011-04-26,112.21,112.71,112.98,113.1
2011-04-27,112.76,113.28,113.57,113.69
2011-04-28,112.86,113.34,113.62,113.75
2011-04-29,113.93,114.43,114.71,114.83
2011-05-02,113.52,114.04,114.32,114.44
2011-05-03,111.05,111.56,111.85,111.99
2011-05-04,109.24,109.73,110.0,110.17
2011-05-05,99.8,100.34,100.64,100.85
2011-05-06,97.18,97.77,98.14,98.42
2011-05-09,102.55,103.1,103.47,103.73
2011-05-10,103.88,104.47,104.87,105.18
2011-05-11,98.21,98.77,99.12,99.37
2011-05-12,98.97,99.48,99.85,100.14
2011-05-13,99.65,100.12,100.48,100.79
2011-05-16,97.37,97.85,98.25,98.59
2011-05-17,96.91,97.43,97.84,98.19
2011-05-18,100.1,100.56,100.89,101.16
2011-05-19,98.44,98.93,99.32,99.67
2011-05-20,99.49,100.1,100.48,100.82
2011-05-23,97.7,98.14,98.53,98.83
2011-05-24,99.59,100.06,100.48,100.79
2011-05-25,101.32,101.82,102.24,102.54
2011-05-26,100.23,100.82,101.32,101.7
2011-05-27,100.59,101.16,101.63,102.0
2011-05-31,102.7,103.27,103.73,104.09
2011-06-01,100.29,100.86,101.33,101.72
2011-06-02,100.4,101.0,101.49,101.95
2011-06-03,100.22,100.8,101.3,101.76
2011-06-06,99.01,99.6,100.11,100.56
2011-06-07,99.09,99.69,100.23,100.71
2011-06-08,100.74,101.29,101.78,102.22
2011-06-09,101.93,102.45,102.91,103.31
2011-06-10,99.29,99.85,100.4,100.88
2011-06-13,97.3,97.84,98.36,98.82
2011-06-14,99.37,99.86,100.31,100.71
2011-06-15,94.81,95.26,95.71,96.11
2011-06-16,94.95,95.36,95.77,96.15
2011-06-17,93.01,93.4,93.84,94.23
2011-06-20,93.26,93.63,94.07,94.46
2011-06-21,93.4,94.17,94.6,94.96
2011-06-22,95.41,95.92,96.35,96.78
2011-06-23,91.02,91.54,92.04,92.57
2011-06-24,91.16,91.71,92.23,92.78
2011-06-27,90.61,91.17,91.7,92.24
2011-06-28,92.89,93.46,94.01,94.57
2011-06-29,94.77,95.32,95.84,96.36
2011-06-30,95.42,95.96,96.5,97.04
2011-07-01,94.94,95.51,96.06,96.61
2011-07-05,96.89,97.38,97.87,98.37
2011-07-06,96.65,97.13,97.57,98.02
2011-07-07,98.67,99.14,99.59,100.07
2011-07-08,96.2,96.7,97.19,97.72
2011-07-11,95.15,95.62,96.11,96.64
2011-07-12,97.43,97.85,98.27,98.74
2011-07-13,98.05,98.49,98.9,99.36
2011-07-14,95.69,96.11,96.55,97.06
2011-07-15,97.24,97.6,97.99,98.46
2011-07-18,95.93,96.25,96.65,97.12
2011-07-19,97.5,97.86,98.24,98.68
2011-07-20,98.14,98.4,98.78,99.22
2011-07-21,99.13,99.46,99.85,100.25
2011-07-22,99.87,100.2,100.58,100.94
2011-07-25,99.2,99.6,100.05,100.48
2011-07-26,99.59,100.01,100.46,100.88
2011-07-27,97.4,97.84,98.33,98.82
2011-07-28,97.44,97.87,98.35,98.82
2011-07-29,95.7,96.13,96.6,97.08
2011-08-01,94.89,95.33,95.8,96.27
2011-08-02,93.79,94.2,94.64,95.08
2011-08-03,91.93,92.33,92.78,93.24
2011-08-04,86.63,87.04,87.49,87.96
2011-08-05,86.88,87.3,87.8,88.29
2011-08-08,81.31,81.7,82.2,82.7
2011-08-09,79.3,79.67,80.14,80.61
2011-08-10,82.89,83.25,83.71,84.14
2011-08-11,85.72,86.04,86.43,86.82
2011-08-12,85.38,85.69,86.05,86.44
2011-08-15,87.88,88.14,88.47,88.85
2011-08-16,86.65,86.85,87.18,87.56
2011-08-17,87.58,87.73,88.05,88.42
2011-08-18,82.38,82.51,82.83,83.19
2011-08-19,82.26,82.41,82.77,83.17
2011-08-22,84.12,84.42,84.69,85.03
2011-08-23,85.44,85.74,86.11,86.51
2011-08-24,85.16,85.53,85.94,86.37
2011-08-25,85.3,85.64,86.02,86.44
2011-08-26,85.37,85.7,86.06,86.45
2011-08-29,87.27,87.57,87.87,88.21
2011-08-30,88.9,89.19,89.5,89.81
2011-08-31,88.81,89.16,89.57,89.88
2011-09-01,88.93,89.24,89.62,89.94
2011-09-02,86.45,86.74,87.13,87.46
2011-09-06,86.02,86.31,86.7,87.05
2011-09-07,89.34,89.55,89.86,90.14
2011-09-08,89.05,89.23,89.49,89.7
2011-09-09,87.24,87.41,87.68,87.93
2011-09-12,88.19,88.31,88.46,88.64
2011-09-13,90.21,90.28,90.39,90.52
2011-09-14,88.91,89.01,89.16,89.36
2011-09-15,89.4,89.59,89.81,90.03
2011-09-16,87.96,88.18,88.44,88.73
2011-09-19,85.7,85.81,86.03,86.27
2011-09-20,86.89,86.92,87.17,87.43
2011-09-21,85.92,86.18,86.46,86.73
2011-09-22,80.51,80.75,80.99,81.23
2011-09-23,79.85,80.12,80.4,80.69
2011-09-26,80.24,80.48,80.73,80.98
2011-09-27,84.45,84.68,84.94,85.17
2011-09-28,81.21,81.46,81.73,82.0
2011-09-29,82.14,82.34,82.55,82.75
2011-09-30,79.2,79.33,79.46,79.6
2011-10-03,77.61,77.83,78.04,78.25
2011-10-04,75.67,75.87,76.07,76.29
2011-10-05,79.68,79.83,79.96,80.11
2011-10-06,82.59,82.8,82.93,83.09
2011-10-07,82.98,83.17,83.25,83.35
2011-10-10,85.41,85.59,85.67,85.77
2011-10-11,85.81,86.01,86.16,86.37
2011-10-12,85.57,85.78,85.95,86.14
2011-10-13,84.23,84.45,84.63,84.85
2011-10-14,86.8,87.0,87.1,87.22
2011-10-17,86.38,86.62,86.8,87.0
2011-10-18,88.34,88.53,88.68,88.85
2011-10-19,86.11,86.29,86.43,86.6
2011-10-20,85.3,86.07,86.21,86.37
2011-10-21,87.4,87.47,87.57,87.69
2011-10-24,91.27,91.14,91.03,90.9
2011-10-25,93.17,92.93,92.67,92.41
2011-10-26,90.2,90.18,90.15,90.08
2011-10-27,93.96,93.82,93.68,93.54
2011-10-28,93.32,93.24,93.17,93.09
2011-10-31,93.19,93.08,92.99,92.92
2011-11-01,92.19,92.05,91.91,91.78
2011-11-02,92.51,92.35,92.19,92.05
2011-11-03,94.07,93.91,93.74,93.59
2011-11-04,94.26,94.19,94.13,94.09
2011-11-07,95.52,95.45,95.41,95.39
2011-11-08,96.8,96.7,96.64,96.59
2011-11-09,95.74,95.64,95.54,95.45
2011-11-10,97.78,97.68,97.56,97.45
2011-11-11,98.99,98.89,98.74,98.63
2011-11-14,98.14,98.22,98.15,98.1
2011-11-15,99.37,99.43,99.35,99.27
2011-11-16,102.59,102.6,102.48,102.38
2011-11-17,98.82,98.93,98.9,98.89
2011-11-18,97.41,97.67,97.63,97.62
2011-11-21,96.92,96.99,97.06,97.09
2011-11-22,98.01,98.19,98.36,98.46
2011-11-23,96.17,96.37,96.56,96.7
2011-11-25,96.77,96.91,97.03,97.05
2011-11-28,98.21,98.33,98.43,98.45
2011-11-29,99.79,99.88,99.95,99.91
2011-11-30,100.36,100.46,100.55,100.56
2011-12-01,100.2,100.33,100.45,100.49
2011-12-02,100.96,101.09,101.22,101.25
2011-12-05,100.99,101.13,101.27,101.34
2011-12-06,101.28,101.45,101.62,101.72
2011-12-07,100.49,100.68,100.86,101.03
2011-12-08,98.34,98.54,98.74,98.93
2011-12-09,99.41,99.6,99.75,99.89
2011-12-12,97.77,97.99,98.18,98.37
2011-12-13,100.14,100.32,100.48,100.65
2011-12-14,94.95,95.14,95.37,95.59
2011-12-15,93.87,94.07,94.31,94.55
2011-12-16,93.53,93.75,93.98,94.22
2011-12-19,93.88,94.05,94.25,94.45
2011-12-20,97.22,97.24,97.42,97.59
2011-12-21,98.67,98.85,99.02,99.1
2011-12-22,99.53,99.7,99.86,99.93
2011-12-23,99.68,99.83,99.98,100.03
2011-12-27,101.34,101.46,101.6,101.62
2011-12-28,99.36,99.51,99.7,99.82
2011-12-29,99.65,99.82,100.01,100.16
2011-12-30,98.83,99.0,99.21,99.41
2012-01-03,102.96,103.14,103.32,103.42
2012-01-04,103.22,103.4,103.6,103.78
2012-01-05,101.81,102.0,102.21,102.42
2012-01-06,101.56,101.78,102.04,102.3
2012-01-09,101.31,101.52,101.78,102.06
2012-01-10,102.24,102.44,102.64,102.85
2012-01-11,100.87,101.09,101.33,101.57
2012-01-12,99.1,99.31,99.56,99.83
2012-01-13,98.7,98.88,99.12,99.41
2012-01-17,100.71,100.87,101.14,101.43
2012-01-18,100.59,100.76,100.98,101.23
2012-01-19,100.39,100.54,100.8,101.12
2012-01-20,98.46,98.33,98.65,99.02
2012-01-23,99.58,99.86,100.18,100.47
2012-01-24,98.95,99.29,99.66,99.99
2012-01-25,99.4,99.73,100.08,100.38
2012-01-26,99.7,100.04,100.42,100.73
2012-01-27,99.56,99.91,100.3,100.6
2012-01-30,98.78,99.12,99.51,99.85
2012-01-31,98.48,98.85,99.27,99.64
2012-02-01,97.61,97.99,98.41,98.79
2012-02-02,96.36,96.74,97.17,97.57
2012-02-03,97.84,98.23,98.71,99.17
2012-02-06,96.91,97.41,98.06,98.68
2012-02-07,98.41,98.82,99.38,99.96
2012-02-08,98.71,99.1,99.72,100.39
2012-02-09,99.84,100.24,100.87,101.54
2012-02-10,98.67,99.03,99.63,100.28
2012-02-13,100.91,101.29,101.84,102.42
2012-02-14,100.74,101.08,101.6,102.16
2012-02-15,101.8,102.14,102.62,103.14
2012-02-16,102.31,102.64,103.18,103.74
2012-02-17,103.24,103.6,104.06,104.52
2012-02-21,105.84,106.25,106.75,107.21
2012-02-22,106.28,106.78,107.27,107.58
2012-02-23,107.83,108.25,108.68,108.97
2012-02-24,109.77,110.18,110.56,110.76
2012-02-27,108.56,109.02,109.48,109.75
2012-02-28,106.55,107.0,107.45,107.78
2012-02-29,107.07,107.52,107.95,108.25
2012-03-01,108.84,109.27,109.68,109.93
2012-03-02,106.7,107.17,107.64,107.96
2012-03-05,106.72,107.18,107.63,107.94
2012-03-06,104.7,105.21,105.75,106.16
2012-03-07,106.16,106.65,107.18,107.62
2012-03-08,106.58,107.06,107.56,107.96
2012-03-09,107.4,107.87,108.33,108.73
2012-03-12,106.34,106.84,107.34,107.77
2012-03-13,106.71,107.24,107.78,108.26
2012-03-14,105.43,105.95,106.48,106.98
2012-03-15,105.11,105.65,106.22,106.76
2012-03-16,107.06,107.58,108.07,108.53
2012-03-19,108.09,108.56,109.0,109.39
2012-03-20,105.61,106.07,106.59,107.07
2012-03-21,107.27,107.75,108.18,108.47
2012-03-22,105.35,105.84,106.29,106.61
2012-03-23,106.87,107.35,107.79,108.1
2012-03-26,107.03,107.55,108.02,108.36
2012-03-27,107.33,107.85,108.33,108.67
2012-03-28,105.41,105.96,106.45,106.81
2012-03-29,102.78,103.31,103.8,104.17
2012-03-30,103.02,103.54,104.03,104.4
2012-04-02,105.23,105.76,106.27,106.67
2012-04-03,104.01,104.55,105.08,105.51
2012-04-04,101.47,102.03,102.61,103.08
2012-04-05,103.31,103.83,104.35,104.79
2012-04-09,102.46,102.98,103.52,104.0
2012-04-10,101.02,101.56,102.11,102.58
2012-04-11,102.7,103.18,103.66,104.06
2012-04-12,103.64,104.1,104.57,104.95
2012-04-13,102.83,103.32,103.8,104.2
2012-04-16,102.93,103.37,103.81,104.18
2012-04-17,104.2,104.64,105.08,105.43
2012-04-18,102.67,103.12,103.58,103.98
2012-04-19,102.27,102.72,103.15,103.53
2012-04-20,103.05,103.88,104.29,104.64
2012-04-23,103.11,103.55,103.95,104.25
2012-04-24,103.55,103.96,104.33,104.6
2012-04-25,104.12,104.5,104.83,105.06
2012-04-26,104.55,104.94,105.27,105.51
2012-04-27,104.93,105.32,105.64,105.84
2012-04-30,104.87,105.26,105.55,105.71
2012-05-01,106.16,106.5,106.74,106.86
2012-05-02,105.22,105.58,105.83,105.97
2012-05-03,102.54,102.92,103.2,103.4
2012-05-04,98.49,98.88,99.16,99.38
2012-05-07,97.94,98.31,98.59,98.83
2012-05-08,97.01,97.37,97.65,97.91
2012-05-09,96.81,97.15,97.42,97.68
2012-05-10,97.08,97.41,97.65,97.89
2012-05-11,96.13,96.49,96.75,97.02
2012-05-14,94.78,95.13,95.39,95.67
2012-05-15,93.98,94.35,94.63,94.93
2012-05-16,92.81,93.19,93.48,93.78
2012-05-17,92.56,92.94,93.19,93.44
2012-05-18,91.48,91.8,92.08,92.34
2012-05-21,92.57,92.86,93.14,93.4
2012-05-22,91.66,91.85,92.15,92.43
2012-05-23,89.9,90.2,90.5,90.77
2012-05-24,90.66,90.94,91.22,91.46
2012-05-25,90.86,91.15,91.44,91.68
2012-05-29,90.76,91.09,91.42,91.69
2012-05-30,87.82,88.14,88.45,88.71
2012-05-31,86.53,86.85,87.17,87.45
2012-06-01,83.23,83.56,83.89,84.2
2012-06-04,83.98,84.27,84.56,84.84
2012-06-05,84.29,84.57,84.83,85.08
2012-06-06,85.02,85.33,85.64,85.95
2012-06-07,84.82,85.13,85.44,85.77
2012-06-08,84.1,84.39,84.69,85.03
2012-06-11,82.7,83.0,83.29,83.62
2012-06-12,83.32,83.62,83.89,84.2
2012-06-13,82.62,82.92,83.19,83.48
2012-06-14,83.91,84.22,84.5,84.76
2012-06-15,84.03,84.33,84.63,84.9
2012-06-18,83.27,83.6,83.93,84.23
2012-06-19,84.03,84.35,84.68,85.0
2012-06-20,81.8,81.45,81.84,82.23
2012-06-21,78.2,78.56,78.95,79.4
2012-06-22,79.76,80.14,80.51,80.94
2012-06-25,79.21,79.62,80.01,80.44
2012-06-26,79.36,79.77,80.18,80.63
2012-06-27,80.21,80.61,81.01,81.46
2012-06-28,77.69,78.1,78.53,79.01
2012-06-29,84.96,85.37,85.76,86.21
2012-07-02,83.75,84.15,84.54,84.98
2012-07-03,87.66,88.03,88.39,88.8
2012-07-05,87.22,87.57,87.94,88.37
2012-07-06,84.45,84.83,85.21,85.66
2012-07-09,85.99,86.37,86.74,87.18
2012-07-10,83.91,84.3,84.69,85.16
2012-07-11,85.81,86.19,86.56,87.02
2012-07-12,86.08,86.46,86.8,87.22
2012-07-13,87.1,87.5,87.85,88.27
2012-07-16,88.43,88.81,89.16,89.58
2012-07-17,89.22,89.54,89.87,90.25
2012-07-18,89.87,90.17,90.47,90.82
2012-07-19,92.66,92.97,93.23,93.5
2012-07-20,91.44,91.83,92.1,92.39
2012-07-23,88.14,88.43,88.73,89.08
2012-07-24,88.5,88.78,89.08,89.43
2012-07-25,88.97,89.25,89.57,89.94
2012-07-26,89.39,89.67,90.0,90.39
2012-07-27,90.13,90.42,90.79,91.23
2012-07-30,89.78,90.06,90.45,90.91
2012-07-31,88.06,88.34,88.72,89.2
2012-08-01,88.91,89.17,89.52,89.99
2012-08-02,87.13,87.41,87.77,88.26
2012-08-03,91.4,91.64,91.93,92.33
2012-08-06,92.2,92.46,92.76,93.15
2012-08-07,93.67,93.94,94.25,94.64
2012-08-08,93.35,93.63,93.97,94.39
2012-08-09,93.36,93.63,93.94,94.35
2012-08-10,92.87,93.15,93.43,93.83
2012-08-13,92.73,93.03,93.34,93.76
2012-08-14,93.43,93.74,94.07,94.46
2012-08-15,94.33,94.62,94.91,95.27
2012-08-16,95.6,95.89,96.17,96.51
2012-08-17,96.01,96.32,96.58,96.91
2012-08-20,95.97,96.26,96.56,96.91
2012-08-21,96.68,96.84,97.17,97.55
2012-08-22,97.26,97.55,97.89,98.3
2012-08-23,96.27,96.6,96.98,97.42
2012-08-24,96.15,96.45,96.79,97.2
2012-08-27,95.47,95.79,96.16,96.59
2012-08-28,96.33,96.63,96.96,97.37
2012-08-29,95.49,95.81,96.14,96.55
2012-08-30,94.62,94.96,95.31,95.76
2012-08-31,96.47,96.76,97.07,97.49
2012-09-04,95.3,95.64,95.98,96.43
2012-09-05,95.36,95.69,96.03,96.49
2012-09-06,95.53,95.85,96.16,96.59
2012-09-07,96.42,96.75,97.06,97.5
2012-09-10,96.54,96.88,97.21,97.67
2012-09-11,97.17,97.5,97.82,98.25
2012-09-12,97.01,97.34,97.66,98.08
2012-09-13,98.31,98.63,98.92,99.27
2012-09-14,99.0,99.33,99.63,99.95
2012-09-17,96.62,96.95,97.25,97.59
2012-09-18,95.29,95.62,95.92,96.25
2012-09-19,91.98,92.3,92.59,92.91
2012-09-20,91.87,92.42,92.74,93.1
2012-09-21,92.89,93.21,93.58,93.93
2012-09-24,91.93,92.25,92.62,93.0
2012-09-25,91.37,91.71,92.09,92.47
2012-09-26,89.98,90.34,90.77,91.18
2012-09-27,91.85,92.21,92.64,93.05
2012-09-28,92.19,92.56,93.0,93.42
2012-10-01,92.48,92.85,93.28,93.7
2012-10-02,91.89,92.27,92.71,93.14
2012-10-03,88.14,88.52,88.97,89.41
2012-10-04,91.71,92.07,92.48,92.9
2012-10-05,89.88,90.27,90.71,91.16
2012-10-08,89.33,89.73,90.18,90.63
2012-10-09,92.39,92.78,93.25,93.72
2012-10-10,91.25,91.64,92.11,92.58
2012-10-11,92.07,92.5,92.99,93.47
2012-10-12,91.86,92.28,92.76,93.24
2012-10-15,91.85,92.32,92.83,93.31
2012-10-16,92.09,92.54,93.04,93.48
2012-10-17,92.12,92.59,93.08,93.54
2012-10-18,92.1,92.53,93.02,93.48
2012-10-19,90.05,90.44,90.97,91.45
2012-10-22,88.73,88.65,89.18,89.7
2012-10-23,86.67,87.23,87.77,88.27
2012-10-24,85.73,86.29,86.84,87.34
2012-10-25,86.05,86.6,87.15,87.66
2012-10-26,86.28,86.8,87.34,87.87
2012-10-29,85.54,86.05,86.59,87.13
2012-10-30,85.68,86.19,86.73,87.28
2012-10-31,86.24,86.73,87.28,87.83
2012-11-01,87.09,87.57,88.1,88.65
2012-11-02,84.86,85.4,86.0,86.61
2012-11-05,85.65,86.14,86.73,87.34
2012-11-06,88.71,89.17,89.73,90.32
2012-11-07,84.44,84.91,85.51,86.13
2012-11-08,85.09,85.56,86.14,86.75
2012-11-09,86.07,86.55,87.16,87.76
2012-11-12,85.57,86.07,86.7,87.33
2012-11-13,85.38,85.84,86.48,87.17
2012-11-14,86.32,86.75,87.31,87.9
2012-11-15,85.45,85.87,86.44,87.04
2012-11-16,86.67,86.92,87.47,88.04
2012-11-19,89.28,89.8,90.33,90.81
2012-11-20,86.75,87.35,87.98,88.55
2012-11-21,87.38,87.98,88.61,89.19
2012-11-23,88.28,88.9,89.56,90.16
2012-11-26,87.74,88.37,89.02,89.59
2012-11-27,87.18,87.81,88.47,89.05
2012-11-28,86.49,87.13,87.8,88.37
2012-11-29,88.07,88.66,89.29,89.84
2012-11-30,88.91,89.49,90.13,90.68
2012-12-03,89.09,89.69,90.34,90.92
2012-12-04,88.5,89.08,89.72,90.3
2012-12-05,87.88,88.47,89.14,89.75
2012-12-06,86.26,86.85,87.51,88.12
2012-12-07,85.93,86.5,87.15,87.75
2012-12-10,85.56,86.1,86.73,87.34
2012-12-11,85.79,86.32,86.94,87.55
2012-12-12,86.77,87.31,87.89,88.44
2012-12-13,85.89,86.44,87.02,87.55
2012-12-14,86.73,87.25,87.82,88.39
2012-12-17,87.2,87.67,88.17,88.65
2012-12-18,87.93,88.4,88.92,89.43
2012-12-19,89.51,89.98,90.46,90.96
2012-12-20,90.13,90.69,91.23,91.71
2012-12-21,88.66,89.23,89.81,90.33
2012-12-24,88.61,89.17,89.74,90.27
2012-12-26,90.98,91.49,92.01,92.47
2012-12-27,90.87,91.37,91.91,92.39
2012-12-28,90.8,91.3,91.81,92.27
2012-12-31,91.82,92.27,92.73,93.16
2013-01-02,93.12,93.55,93.97,94.33
2013-01-03,92.92,93.34,93.76,94.12
2013-01-04,93.09,93.51,93.91,94.21
2013-01-07,93.19,93.63,94.02,94.33
2013-01-08,93.15,93.6,94.02,94.38
2013-01-09,93.1,93.56,93.99,94.38
2013-01-10,93.82,94.27,94.65,94.97
2013-01-11,93.56,93.99,94.35,94.66
2013-01-14,94.14,94.59,94.97,95.31
2013-01-15,93.28,93.72,94.09,94.39
2013-01-16,94.24,94.68,95.05,95.32
2013-01-17,95.49,95.94,96.31,96.58
2013-01-18,95.56,96.04,96.43,96.74
2013-01-22,96.24,96.68,97.07,97.4
2013-01-23,95.23,95.75,96.21,96.54
2013-01-24,95.95,96.45,96.9,97.25
2013-01-25,95.88,96.33,96.75,97.08
2013-01-28,96.44,96.87,97.26,97.58
2013-01-29,97.57,97.99,98.35,98.64
2013-01-30,97.94,98.38,98.77,99.06
2013-01-31,97.49,97.96,98.41,98.77
2013-02-01,97.77,98.24,98.66,99.02
2013-02-04,96.17,96.66,97.1,97.49
2013-02-05,96.64,97.11,97.54,97.94
2013-02-06,96.62,97.09,97.55,97.97
2013-02-07,95.83,96.35,96.88,97.35
2013-02-08,95.72,96.27,96.83,97.32
2013-02-11,97.03,97.58,98.11,98.55
2013-02-12,97.51,98.07,98.59,99.01
2013-02-13,97.01,97.6,98.14,98.57
2013-02-14,97.31,97.9,98.41,98.82
2013-02-15,95.86,96.41,96.92,97.34
2013-02-19,96.66,97.1,97.54,97.92
2013-02-20,94.46,95.22,95.65,96.03
2013-02-21,92.84,93.27,93.65,93.95
2013-02-22,93.13,93.57,93.96,94.27
2013-02-25,93.11,93.53,93.93,94.24
2013-02-26,92.63,93.05,93.43,93.72
2013-02-27,92.76,93.15,93.52,93.78
2013-02-28,92.05,92.46,92.84,93.11
2013-03-01,90.68,91.14,91.55,91.86
2013-03-04,90.12,90.58,90.99,91.3
2013-03-05,90.82,91.28,91.69,92.0
2013-03-06,90.43,90.9,91.3,91.57
2013-03-07,91.56,92.03,92.4,92.62
2013-03-08,91.95,92.43,92.79,93.01
2013-03-11,92.06,92.52,92.87,93.08
2013-03-12,92.54,92.92,93.2,93.37
2013-03-13,92.52,92.88,93.13,93.26
2013-03-14,93.03,93.38,93.62,93.75
2013-03-15,93.45,93.82,94.09,94.23
2013-03-18,93.74,94.11,94.36,94.5
2013-03-19,92.16,92.52,92.8,92.99
2013-03-20,92.96,93.5,93.77,93.95
2013-03-21,92.45,92.77,92.99,93.02
2013-03-22,93.71,93.96,94.1,94.07
2013-03-25,94.81,95.09,95.25,95.2
2013-03-26,96.34,96.61,96.75,96.68
2013-03-27,96.58,96.84,96.98,96.91
2013-03-28,97.23,97.49,97.64,97.57
2013-04-01,97.07,97.38,97.6,97.61
2013-04-02,97.19,97.5,97.71,97.73
2013-04-03,94.45,94.77,95.0,95.06
2013-04-04,93.26,93.56,93.79,93.88
2013-04-05,92.7,93.01,93.24,93.32
2013-04-08,93.36,93.68,93.91,93.99
2013-04-09,94.2,94.51,94.74,94.8
2013-04-10,94.64,94.97,95.22,95.29
2013-04-11,93.51,93.85,94.11,94.19
2013-04-12,91.29,91.61,91.88,92.01
2013-04-15,88.71,89.03,89.29,89.42
2013-04-16,88.72,89.03,89.29,89.41
2013-04-17,86.68,86.97,87.19,87.28
2013-04-18,87.73,88.0,88.2,88.25
2013-04-19,88.01,88.27,88.48,88.54
2013-04-22,88.76,89.19,89.45,89.57
2013-04-23,89.18,89.46,89.58,89.52
2013-04-24,91.43,91.69,91.76,91.63
2013-04-25,93.64,93.91,93.99,93.82
2013-04-26,93.0,93.25,93.29,93.09
2013-04-29,94.5,94.72,94.71,94.45
2013-04-30,93.46,93.68,93.67,93.41
2013-05-01,91.03,91.24,91.21,90.98
2013-05-02,93.99,94.2,94.15,93.89
2013-05-03,95.61,95.82,95.74,95.43
2013-05-06,96.16,96.39,96.38,96.11
2013-05-07,95.62,95.86,95.83,95.59
2013-05-08,96.62,96.85,96.77,96.47
2013-05-09,96.39,96.66,96.65,96.41
2013-05-10,96.04,96.29,96.28,96.03
2013-05-13,95.17,95.41,95.43,95.2
2013-05-14,94.21,94.48,94.55,94.37
2013-05-15,94.3,94.56,94.64,94.49
2013-05-16,95.16,95.45,95.56,95.42
2013-05-17,96.02,96.29,96.41,96.25
2013-05-20,96.71,96.93,97.04,96.85
2013-05-21,96.16,96.18,96.32,96.17
2013-05-22,94.28,94.46,94.37,94.06
2013-05-23,94.25,94.42,94.32,94.0
2013-05-24,94.15,94.34,94.28,93.98
2013-05-28,95.01,95.2,95.17,94.88
2013-05-29,93.13,93.35,93.38,93.15
2013-05-30,93.61,93.8,93.81,93.57
2013-05-31,91.97,92.21,92.3,92.12
2013-06-03,93.45,93.67,93.73,93.55
2013-06-04,93.31,93.55,93.65,93.51
2013-06-05,93.74,93.96,94.04,93.86
2013-06-06,94.76,94.98,95.03,94.8
2013-06-07,96.03,96.27,96.32,96.05
2013-06-10,95.77,96.0,96.07,95.84
2013-06-11,95.38,95.6,95.66,95.4
2013-06-12,95.88,96.1,96.13,95.85
2013-06-13,96.69,96.92,96.95,96.66
2013-06-14,97.85,98.07,98.11,97.82
2013-06-17,97.77,98.03,98.11,97.87
2013-06-18,98.44,98.67,98.72,98.43
2013-06-19,98.24,98.48,98.55,98.31
2013-06-20,95.4,95.14,95.15,94.84
2013-06-21,93.69,93.63,93.28,92.74
2013-06-24,95.18,95.04,94.56,93.91
2013-06-25,95.32,95.21,94.67,94.04
2013-06-26,95.5,95.41,94.88,94.22
2013-06-27,97.05,96.89,96.31,95.61
2013-06-28,96.56,96.44,95.81,95.1
2013-07-01,97.99,97.88,97.02,96.23
2013-07-02,99.6,99.42,98.38,97.41
2013-07-03,101.24,101.11,100.06,98.97
2013-07-05,103.22,103.05,101.8,100.45
2013-07-08,103.14,103.02,101.94,100.55
2013-07-09,103.53,103.31,102.19,100.8
2013-07-10,106.52,105.62,103.98,102.29
2013-07-11,104.91,104.38,103.01,101.59
2013-07-12,105.95,105.55,104.14,102.66
2013-07-15,106.32,105.92,104.49,102.99
2013-07-16,106.0,105.69,104.39,102.95
2013-07-17,106.48,106.35,105.05,103.58
2013-07-18,108.04,107.81,106.29,104.62
2013-07-19,108.05,107.87,106.12,104.35
2013-07-22,106.91,106.94,105.51,103.92
2013-07-23,107.23,105.79,104.19,102.64
2013-07-24,105.39,104.1,102.68,101.26
2013-07-25,105.49,104.47,103.16,101.78
2013-07-26,104.7,104.01,102.78,101.42
2013-07-29,104.55,103.9,102.72,101.41
2013-07-30,103.08,102.5,101.52,100.49
2013-07-31,105.03,104.22,102.94,101.65
2013-08-01,107.89,106.93,105.32,103.71
2013-08-02,106.94,106.24,104.76,103.23
2013-08-05,106.56,105.9,104.51,103.08
2013-08-06,105.3,104.76,103.47,102.11
2013-08-07,104.37,103.91,102.75,101.49
2013-08-08,103.4,102.87,101.75,100.53
2013-08-09,105.97,105.16,103.82,102.38
2013-08-12,106.11,105.52,104.34,102.97
2013-08-13,106.83,106.4,105.21,103.78
2013-08-14,106.85,106.56,105.41,103.97
2013-08-15,107.33,107.19,106.09,104.64
2013-08-16,107.46,107.29,106.49,105.17
2013-08-19,107.1,106.86,106.03,104.73
2013-08-20,104.96,105.11,104.57,103.59
2013-08-21,103.85,103.37,102.42,101.25
2013-08-22,105.03,104.33,103.26,101.96
2013-08-23,106.42,105.72,104.53,103.11
2013-08-26,105.92,105.35,104.16,102.78
2013-08-27,109.01,108.3,106.9,105.37
2013-08-28,110.1,109.37,107.84,106.18
2013-08-29,108.8,108.15,106.6,104.95
2013-08-30,107.65,107.08,105.71,104.17
2013-09-03,108.54,107.85,106.42,104.83
2013-09-04,107.23,106.59,105.39,103.92
2013-09-05,108.37,107.67,106.33,104.79
2013-09-06,110.53,109.52,107.95,106.24
2013-09-09,109.52,108.47,106.82,105.15
2013-09-10,107.39,106.49,104.92,103.35
2013-09-11,107.56,106.64,105.09,103.54
2013-09-12,108.6,107.75,106.14,104.54
2013-09-13,108.21,107.54,105.96,104.37
2013-09-16,106.59,106.19,104.82,103.35
2013-09-17,105.42,104.82,103.46,101.99
2013-09-18,108.07,107.28,105.88,104.43
2013-09-19,106.39,105.86,104.52,103.11
2013-09-20,104.67,104.75,103.71,102.49
2013-09-23,103.59,102.72,101.62,100.52
2013-09-24,103.13,102.48,101.51,100.41
2013-09-25,102.66,102.05,101.18,100.13
2013-09-26,103.03,102.52,101.74,100.75
2013-09-27,102.87,102.34,101.5,100.46
2013-09-30,102.33,101.9,101.15,100.16
2013-10-01,102.04,101.69,100.97,100.03
2013-10-02,104.1,103.64,102.77,101.7
2013-10-03,103.31,102.97,102.25,101.25
2013-10-04,103.84,103.53,102.82,101.85
2013-10-07,103.03,102.83,102.33,101.56
2013-10-08,103.49,103.31,102.8,102.04
2013-10-09,101.61,101.43,100.97,100.32
2013-10-10,103.01,102.89,102.49,101.91
2013-10-11,102.02,102.06,101.85,101.45
2013-10-14,102.41,102.48,102.23,101.78
2013-10-15,101.21,101.41,101.24,100.86
2013-10-16,102.29,102.49,102.33,101.9
2013-10-17,100.67,100.87,100.62,100.12
2013-10-18,100.81,101.11,100.99,100.54
2013-10-21,99.22,99.68,99.76,99.49
2013-10-22,97.8,98.3,98.47,98.31
2013-10-23,96.86,97.0,96.75,96.27
2013-10-24,97.11,97.24,96.97,96.4
2013-10-25,97.85,97.95,97.64,97.04
2013-10-28,98.68,98.86,98.64,98.09
2013-10-29,98.2,98.38,98.2,97.72
2013-10-30,96.77,97.06,97.03,96.8
2013-10-31,96.38,96.65,96.66,96.47
2013-11-01,94.61,94.96,95.05,94.96
2013-11-04,94.62,94.98,95.13,95.11
2013-11-05,93.37,93.73,93.9,93.93
2013-11-06,94.8,95.13,95.27,95.23
2013-11-07,94.2,94.54,94.66,94.62
2013-11-08,94.6,94.95,95.1,95.08
2013-11-11,95.14,95.47,95.62,95.59
2013-11-12,93.04,93.52,93.78,93.86
2013-11-13,93.88,94.49,94.75,94.88
2013-11-14,93.76,94.41,94.77,94.97
2013-11-15,93.84,94.49,94.83,94.99
2013-11-18,93.03,93.68,94.01,94.18
2013-11-19,93.34,93.89,94.15,94.26
2013-11-20,93.33,93.85,94.12,94.24
2013-11-21,95.44,95.69,95.77,95.66
2013-11-22,94.84,95.15,95.29,95.24
2013-11-25,94.09,94.4,94.57,94.55
2013-11-26,93.68,94.0,94.21,94.22
2013-11-27,92.3,92.63,92.88,92.95
2013-11-29,92.72,93.01,93.24,93.32
2013-12-02,93.82,94.1,94.28,94.27
2013-12-03,96.04,96.27,96.31,96.07
2013-12-04,97.2,97.43,97.45,97.18
2013-12-05,97.38,97.61,97.64,97.36
2013-12-06,97.65,97.9,97.94,97.66
2013-12-09,97.34,97.56,97.58,97.29
2013-12-10,98.51,98.66,98.58,98.19
2013-12-11,97.44,97.72,97.72,97.39
2013-12-12,97.5,97.82,97.77,97.42
2013-12-13,96.6,96.93,96.91,96.55
2013-12-16,97.48,97.77,97.7,97.28
2013-12-17,97.22,97.47,97.36,96.92
2013-12-18,97.8,98.06,97.92,97.41
2013-12-19,98.77,99.04,98.94,98.4
2013-12-20,99.32,99.26,98.73,97.91
2013-12-23,98.91,98.89,98.43,97.71
2013-12-24,99.22,99.34,98.98,98.31
2013-12-26,99.55,99.62,99.21,98.49
2013-12-27,100.32,100.39,99.97,99.18
2013-12-30,99.29,99.43,99.24,98.66
2013-12-31,98.42,98.55,98.44,97.99
2014-01-02,95.44,95.62,95.55,95.2
2014-01-03,93.96,94.14,94.06,93.75
2014-01-06,93.43,93.58,93.52,93.29
2014-01-07,93.67,93.84,93.71,93.39
2014-01-08,92.33,92.53,92.47,92.2
2014-01-09,91.66,91.89,91.89,91.69
2014-01-10,92.72,92.95,92.92,92.68
2014-01-13,91.8,92.01,91.97,91.74
2014-01-14,92.59,92.78,92.66,92.32
2014-01-15,94.17,94.35,94.2,93.77
2014-01-16,93.96,94.1,93.92,93.48
2014-01-17,94.37,94.59,94.44,94.03
2014-01-21,94.99,94.97,94.8,94.4
2014-01-22,96.73,96.37,95.82,95.09
2014-01-23,97.32,96.76,95.95,95.05
2014-01-24,96.64,96.22,95.56,94.76
2014-01-27,95.72,95.36,94.74,93.97
2014-01-28,97.41,96.96,96.28,95.46
2014-01-29,97.36,96.88,96.19,95.38
2014-01-30,98.23,97.66,96.85,95.93
2014-01-31,97.49,96.71,95.8,94.85
2014-02-03,96.43,95.72,94.9,94.02
2014-02-04,97.19,96.46,95.64,94.75
2014-02-05,97.38,96.76,96.02,95.22
2014-02-06,97.84,97.32,96.66,95.94
2014-02-07,99.88,99.35,98.62,97.84
2014-02-10,100.06,99.44,98.65,97.81
2014-02-11,99.94,99.44,98.7,97.91
2014-02-12,100.37,99.92,99.17,98.37
2014-02-13,100.35,100.05,99.31,98.54
2014-02-14,100.3,100.13,99.47,98.73
2014-02-18,102.43,102.1,101.21,100.3
2014-02-19,103.31,102.84,101.81,100.8
2014-02-20,102.92,102.75,101.85,100.89
2014-02-21,102.2,101.37,100.48,99.53
2014-02-24,102.82,102.06,101.17,100.21
2014-02-25,101.83,101.12,100.24,99.31
2014-02-26,102.59,101.77,100.77,99.75
2014-02-27,102.4,101.62,100.63,99.61
2014-02-28,102.59,101.89,100.95,99.96
2014-03-03,104.92,104.22,103.16,102.03
2014-03-04,103.33,102.68,101.71,100.65
2014-03-05,101.45,100.88,99.99,99.03
2014-03-06,101.56,101.02,100.14,99.2
2014-03-07,102.58,101.99,101.07,100.1
2014-03-10,101.12,100.59,99.75,98.86
2014-03-11,100.03,99.59,98.85,98.07
2014-03-12,97.99,97.68,97.09,96.44
2014-03-13,98.2,97.94,97.36,96.69
2014-03-14,98.89,98.56,97.99,97.31
2014-03-17,98.08,97.62,96.95,96.2
2014-03-18,99.7,98.88,98.01,97.09
2014-03-19,100.37,99.17,98.15,97.09
2014-03-20,99.43,98.9,98.05,97.15
2014-03-21,99.46,98.65,97.75,96.83
2014-03-24,99.6,98.83,97.93,97.01
2014-03-25,99.19,98.53,97.68,96.79
2014-03-26,100.26,99.53,98.63,97.71
2014-03-27,101.28,100.53,99.61,98.65
2014-03-28,101.67,100.89,99.96,98.98
2014-03-31,101.58,100.82,99.9,98.95
2014-04-01,99.74,99.05,98.18,97.28
2014-04-02,99.62,98.9,98.04,97.14
2014-04-03,100.29,99.63,98.84,97.95
2014-04-04,101.14,100.46,99.62,98.7
2014-04-07,100.44,99.78,99.03,98.18
2014-04-08,102.56,101.81,100.96,100.04
2014-04-09,103.6,102.65,101.68,100.67
2014-04-10,103.4,102.38,101.39,100.37
2014-04-11,103.74,102.62,101.56,100.51
2014-04-14,104.05,103.21,102.3,101.3
2014-04-15,103.75,103.0,102.11,101.12
2014-04-16,103.76,103.03,102.2,101.25
2014-04-17,104.3,103.37,102.4,101.38
2014-04-21,104.37,103.65,102.74,101.75
2014-04-22,102.13,101.75,101.12,100.32
2014-04-23,101.44,100.85,100.09,99.26
2014-04-24,101.94,101.35,100.58,99.73
2014-04-25,100.6,100.03,99.27,98.44
2014-04-28,100.84,100.11,99.21,98.29
2014-04-29,101.28,100.59,99.71,98.78
2014-04-30,99.74,99.11,98.28,97.39
2014-05-01,99.42,98.75,97.91,97.04
2014-05-02,99.76,99.04,98.16,97.27
2014-05-05,99.48,98.73,97.82,96.91
2014-05-06,99.5,98.65,97.7,96.76
2014-05-07,100.77,99.96,99.02,98.03
2014-05-08,100.26,99.54,98.65,97.71
2014-05-09,99.99,99.31,98.43,97.49
2014-05-12,100.59,99.94,99.09,98.18
2014-05-13,101.7,101.05,100.16,99.23
2014-05-14,102.37,101.74,100.85,99.89
2014-05-15,101.5,101.13,100.38,99.48
2014-05-16,102.02,101.58,100.76,99.82
2014-05-19,102.61,102.11,101.19,100.17
2014-05-20,102.44,102.33,101.5,100.5
2014-05-21,104.07,103.16,102.08,100.95
2014-05-22,103.74,102.87,101.85,100.76
2014-05-23,104.35,103.43,102.35,101.23
2014-05-27,104.11,103.18,102.1,100.98
2014-05-28,102.72,101.99,101.02,99.99
2014-05-29,103.58,102.78,101.75,100.65
2014-05-30,102.71,101.98,101.03,100.0
2014-06-02,102.47,101.79,100.89,99.9
2014-06-03,102.66,101.97,101.07,100.08
2014-06-04,102.64,101.93,101.01,100.02
2014-06-05,102.48,101.81,100.95,99.99
2014-06-06,102.66,101.94,101.05,100.07
2014-06-09,104.41,103.59,102.6,101.51
2014-06-10,104.35,103.49,102.49,101.42
2014-06-11,104.4,103.62,102.69,101.66
2014-06-12,106.53,105.78,104.82,103.7
2014-06-13,106.91,106.17,105.07,103.82
2014-06-16,106.9,106.3,105.33,104.16
2014-06-17,106.36,105.87,105.02,103.91
2014-06-18,105.97,105.59,104.84,103.85
2014-06-19,106.43,106.05,105.3,104.35
2014-06-20,107.26,106.83,105.97,104.9
2014-06-23,106.17,105.42,104.38,103.37
2014-06-24,106.03,105.32,104.35,103.4
2014-06-25,106.5,105.72,104.73,103.77
2014-06-26,105.84,105.11,104.17,103.24
2014-06-27,105.74,105.04,104.14,103.26
2014-06-30,105.37,104.73,103.85,102.98
2014-07-01,105.34,104.74,103.86,103.01
2014-07-02,104.48,103.91,103.09,102.28
2014-07-03,104.06,103.51,102.74,101.94
2014-07-07,103.53,103.03,102.29,101.5
2014-07-08,103.4,102.79,102.01,101.18
2014-07-09,102.29,101.75,101.04,100.28
2014-07-10,102.93,102.4,101.7,100.97
2014-07-11,100.83,100.3,99.64,98.99
2014-07-14,100.91,100.48,99.93,99.39
2014-07-15,99.96,99.53,98.98,98.43
2014-07-16,101.2,100.6,99.9,99.2
2014-07-17,103.19,102.2,101.23,100.29
2014-07-18,103.13,101.95,100.94,99.97
2014-07-21,104.59,102.86,101.73,100.77
2014-07-22,104.42,102.39,101.23,100.3
2014-07-23,103.12,101.65,100.73,99.95
2014-07-24,102.07,100.72,99.86,99.12
2014-07-25,102.09,100.87,100.07,99.37
2014-07-28,101.67,100.32,99.43,98.66
2014-07-29,100.97,99.73,98.94,98.24
2014-07-30,100.27,99.04,98.24,97.56
2014-07-31,98.17,97.32,96.73,96.21
2014-08-01,97.88,96.94,96.31,95.79
2014-08-04,98.29,97.36,96.78,96.28
2014-08-05,97.38,96.57,96.14,95.78
2014-08-06,96.92,96.24,95.84,95.5
2014-08-07,97.34,96.69,96.32,95.99
2014-08-08,97.65,96.84,96.42,96.03
2014-08-11,98.08,97.21,96.73,96.31
2014-08-12,97.37,96.48,96.01,95.59
2014-08-13,97.59,96.74,96.28,95.92
2014-08-14,95.58,94.08,93.59,93.29
2014-08-15,97.35,95.32,94.74,94.39
2014-08-18,96.41,93.75,93.12,92.77
2014-08-19,94.48,92.86,92.34,92.1
2014-08-20,96.07,93.45,92.88,92.57
2014-08-21,93.96,93.38,93.04,92.85
2014-08-22,93.65,93.17,92.92,92.82
2014-08-25,93.35,92.88,92.68,92.62
2014-08-26,93.86,93.36,93.13,93.05
2014-08-27,93.88,93.34,93.06,92.95
2014-08-28,94.55,93.83,93.36,93.15
2014-08-29,95.96,95.02,94.37,94.01
2014-09-02,92.88,92.1,91.74,91.62
2014-09-03,95.54,94.68,94.16,93.91
2014-09-04,94.45,93.71,93.25,93.06
2014-09-05,93.29,92.71,92.4,92.28
2014-09-08,92.66,92.05,91.72,91.62
2014-09-09,92.75,91.89,91.45,91.33
2014-09-10,91.67,90.84,90.42,90.26
2014-09-11,92.83,91.86,91.36,91.11
2014-09-12,92.27,91.37,90.77,90.48
2014-09-15,92.92,91.99,91.37,91.03
2014-09-16,94.88,93.81,93.1,92.66
2014-09-17,94.42,93.2,92.5,92.11
2014-09-18,93.07,91.98,91.39,91.11
2014-09-19,92.41,91.65,91.14,90.92
2014-09-22,91.52,90.87,90.34,90.11
2014-09-23,91.56,90.91,90.56,90.34
2014-09-24,92.8,92.07,91.53,91.1
2014-09-25,92.53,91.78,91.3,90.92
2014-09-26,93.54,92.62,92.02,91.57
2014-09-29,94.57,93.49,92.78,92.21
2014-09-30,91.16,90.27,89.76,89.39
2014-10-01,90.73,89.74,89.11,88.66
2014-10-02,91.01,89.88,89.08,88.47
2014-10-03,89.74,88.67,87.87,87.26
2014-10-06,90.34,89.34,88.65,88.11
2014-10-07,88.85,87.98,87.44,87.05
2014-10-08,87.31,86.59,86.19,85.9
2014-10-09,85.77,85.05,84.69,84.43
2014-10-10,85.82,85.11,84.73,84.46
2014-10-13,85.74,84.98,84.53,84.23
2014-10-14,81.84,81.2,80.74,80.4
2014-10-15,81.78,80.94,80.36,79.87
2014-10-16,82.7,81.95,81.5,81.09
2014-10-17,82.75,82.06,81.62,81.21
2014-10-20,82.71,81.91,81.38,80.9
2014-10-21,82.81,82.49,81.96,81.47
2014-10-22,80.52,80.13,79.81,79.54
2014-10-23,82.09,81.75,81.46,81.23
2014-10-24,81.01,80.8,80.64,80.54
2014-10-27,81.0,80.7,80.48,80.34
2014-10-28,81.42,81.12,80.94,80.83
2014-10-29,82.2,81.96,81.81,81.68
2014-10-30,81.12,80.9,80.75,80.64
2014-10-31,80.54,80.42,80.36,80.31
2014-11-03,78.78,78.84,78.84,78.85
2014-11-04,77.19,77.19,77.19,77.24
2014-11-05,78.68,78.6,78.54,78.51
2014-11-06,77.91,77.87,77.81,77.82
2014-11-07,78.65,78.6,78.54,78.54
2014-11-10,77.4,77.38,77.36,77.44
2014-11-11,77.94,77.87,77.83,77.86
2014-11-12,77.18,77.15,77.12,77.13
2014-11-13,74.21,74.16,74.08,74.06
2014-11-14,75.82,75.82,75.79,75.8
2014-11-17,75.64,75.66,75.71,75.8
2014-11-18,74.61,74.64,74.73,74.86
2014-11-19,74.58,74.5,74.43,74.37
2014-11-20,75.58,75.85,75.85,75.82
2014-11-21,76.51,76.59,76.67,76.74
2014-11-24,75.78,75.87,75.97,76.07
2014-11-25,74.09,74.17,74.25,74.37
2014-11-26,73.69,73.76,73.82,73.9
2014-11-28,66.15,66.26,66.41,66.64
2014-12-01,69.0,69.1,69.21,69.41
2014-12-02,66.88,67.0,67.15,67.39
2014-12-03,67.38,67.46,67.56,67.76
2014-12-04,66.81,66.9,67.03,67.23
2014-12-05,65.84,65.96,66.08,66.28
2014-12-08,63.05,63.21,63.38,63.59
2014-12-09,63.82,63.98,64.15,64.34
2014-12-10,60.94,61.16,61.42,61.7
2014-12-11,59.95,60.19,60.52,60.87
2014-12-12,57.81,58.08,58.41,58.76
2014-12-15,55.91,56.26,56.64,57.04
2014-12-16,55.93,56.26,56.55,56.85
2014-12-17,56.47,56.79,57.13,57.46
2014-12-18,54.11,54.36,54.7,55.06
2014-12-19,56.52,57.13,57.48,57.86
2014-12-22,55.26,55.63,56.05,56.49
2014-12-23,57.12,57.48,57.87,58.29
2014-12-24,55.84,56.22,56.66,57.14
2014-12-26,54.73,55.13,55.59,56.11
2014-12-29,53.61,54.03,54.54,55.14
2014-12-30,54.12,54.53,55.05,55.67
2014-12-31,53.27,53.7,54.26,54.96
2015-01-02,52.69,53.11,53.69,54.42
2015-01-05,50.04,50.52,51.17,51.95
2015-01-06,47.93,48.46,49.16,49.97
2015-01-07,48.65,49.08,49.72,50.48
2015-01-08,48.79,49.28,49.98,50.75
2015-01-09,48.36,48.99,49.73,50.54
2015-01-12,46.07,46.76,47.53,48.36
2015-01-13,45.89,46.51,47.24,48.05
2015-01-14,48.48,48.96,49.62,50.36
2015-01-15,46.25,46.73,47.47,48.3
2015-01-16,48.69,49.13,49.84,50.62
2015-01-20,46.39,46.47,47.17,48.01
2015-01-21,47.78,48.43,49.22,50.04
2015-01-22,46.31,46.98,47.86,48.8
2015-01-23,45.59,46.32,47.31,48.34
2015-01-26,45.15,45.88,46.93,48.03
2015-01-27,46.23,46.95,47.95,49.0
2015-01-28,44.45,45.23,46.36,47.51
2015-01-29,44.53,45.3,46.44,47.61
2015-01-30,48.24,48.99,50.07,51.22
2015-02-02,49.57,50.45,51.55,52.72
2015-02-03,53.05,53.86,54.95,56.11
2015-02-04,48.45,49.3,50.58,51.89
2015-02-05,50.48,51.31,52.53,53.79
2015-02-06,51.69,52.5,53.66,54.86
2015-02-09,52.86,53.67,54.71,55.82
2015-02-10,50.02,50.93,52.16,53.43
2015-02-11,48.84,49.78,51.08,52.43
2015-02-12,51.21,52.16,53.5,54.87
2015-02-13,52.78,53.67,54.96,56.25
2015-02-17,53.53,54.29,55.52,56.76
2015-02-18,52.14,52.82,53.97,55.19
2015-02-19,51.16,51.83,53.0,54.22
2015-02-20,50.34,50.81,52.09,53.45
2015-02-23,49.45,51.01,52.56,54.06
2015-02-24,49.28,50.83,52.34,53.79
2015-02-25,50.99,52.76,54.31,55.77
2015-02-26,48.17,50.39,52.1,53.69
2015-02-27,49.76,52.14,53.84,55.44
2015-03-02,49.59,51.52,52.98,54.4
2015-03-03,50.52,52.5,54.07,55.53
2015-03-04,51.53,53.23,54.55,55.74
2015-03-05,50.76,52.55,53.99,55.25
2015-03-06,49.61,51.47,52.95,54.24
2015-03-09,50.0,51.66,52.95,54.09
2015-03-10,48.29,50.07,51.44,52.59
2015-03-11,48.17,50.02,51.59,52.88
2015-03-12,47.05,49.13,50.87,52.27
2015-03-13,44.84,47.06,48.84,50.29
2015-03-16,43.88,46.13,47.98,49.45
2015-03-17,43.46,45.19,47.06,48.48
2015-03-18,44.66,46.65,48.69,50.36
2015-03-19,43.96,45.53,47.4,48.97
2015-03-20,45.72,46.57,48.43,50.01
2015-03-23,47.45,49.15,50.59,51.79
2015-03-24,47.51,49.13,50.46,51.55
2015-03-25,49.21,50.78,52.01,52.98
2015-03-26,51.43,53.04,54.31,55.23
2015-03-27,48.87,50.5,51.87,52.87
2015-03-30,48.68,50.41,51.81,52.84
2015-03-31,47.6,49.34,50.78,51.83
2015-04-01,50.09,51.75,53.06,53.98
2015-04-02,49.14,50.6,51.79,52.66
2015-04-06,52.14,53.57,54.71,55.49
2015-04-07,53.98,55.23,56.09,56.65
2015-04-08,50.42,51.87,52.93,53.63
2015-04-09,50.79,52.49,53.66,54.42
2015-04-10,51.64,53.51,54.79,55.51
2015-04-13,51.91,53.74,54.99,55.7
2015-04-14,53.29,54.87,56.04,56.68
2015-04-15,56.39,57.69,58.73,59.3
2015-04-16,56.71,58.11,59.23,59.85
2015-04-17,55.74,57.32,58.47,59.14
2015-04-20,56.38,57.88,59.05,59.75
2015-04-21,55.26,56.61,57.88,58.68
2015-04-22,56.16,57.57,58.49,59.1
2015-04-23,57.74,59.26,60.13,60.67
2015-04-24,57.15,58.9,59.85,60.5
2015-04-27,56.99,58.62,59.52,60.18
2015-04-28,57.06,58.53,59.32,59.93
2015-04-29,58.58,59.86,60.52,61.03
2015-04-30,59.63,60.71,61.31,61.78
2015-05-01,59.15,60.36,61.06,61.58
2015-05-04,58.93,60.16,60.87,61.38
2015-05-05,60.4,61.5,62.11,62.54
2015-05-06,60.93,62.0,62.56,62.93
2015-05-07,58.94,59.92,60.41,60.76
2015-05-08,59.39,60.35,60.82,61.15
2015-05-11,59.25,60.29,60.83,61.2
2015-05-12,60.75,61.74,62.25,62.58
2015-05-13,60.5,61.49,61.99,62.32
2015-05-14,59.88,60.84,61.36,61.73
2015-05-15,59.69,60.54,61.01,61.36
2015-05-18,59.43,60.24,60.64,60.91
2015-05-19,57.26,57.99,58.47,58.8
2015-05-20,58.98,59.47,59.75,60.03
2015-05-21,60.72,61.15,61.39,61.62
2015-05-22,59.72,60.15,60.43,60.67
2015-05-26,58.03,58.48,58.75,59.01
2015-05-27,57.51,57.86,58.04,58.23
2015-05-28,57.68,58.02,58.2,58.37
2015-05-29,60.3,60.6,60.79,60.96
2015-06-01,60.2,60.48,60.62,60.72
2015-06-02,61.26,61.52,61.68,61.78
2015-06-03,59.64,59.93,60.14,60.31
2015-06-04,58.0,58.34,58.62,58.84
2015-06-05,59.13,59.56,59.89,60.13
2015-06-08,58.14,58.61,58.97,59.2
2015-06-09,60.14,60.61,60.98,61.2
2015-06-10,61.43,61.82,62.17,62.35
2015-06-11,60.77,61.22,61.6,61.81
2015-06-12,59.96,60.4,60.77,60.96
2015-06-15,59.52,60.0,60.39,60.61
2015-06-16,59.97,60.45,60.84,61.09
2015-06-17,59.92,60.33,60.72,61.03
2015-06-18,60.45,60.82,61.17,61.48
2015-06-19,59.61,59.97,60.29,60.61
2015-06-22,59.68,60.38,60.74,61.07
2015-06-23,61.01,61.33,61.62,61.97
2015-06-24,60.27,60.58,60.84,61.18
2015-06-25,59.7,60.0,60.24,60.56
2015-06-26,59.63,59.97,60.24,60.58
2015-06-29,58.33,58.68,58.96,59.31
2015-06-30,59.47,59.83,60.1,60.44
2015-07-01,56.96,57.37,57.7,58.12
2015-07-02,56.93,57.3,57.61,58.01
2015-07-06,52.53,52.84,53.13,53.54
2015-07-07,52.33,52.71,53.03,53.44
2015-07-08,51.65,52.09,52.45,52.93
2015-07-09,52.78,53.23,53.6,54.08
2015-07-10,52.74,53.22,53.61,54.13
2015-07-13,52.2,52.71,53.13,53.68
2015-07-14,53.04,53.48,53.88,54.41
2015-07-15,51.41,51.79,52.19,52.72
2015-07-16,50.91,51.24,51.62,52.17
2015-07-17,50.89,51.21,51.58,52.13
2015-07-20,50.15,50.44,50.87,51.47
2015-07-21,50.36,50.86,51.3,51.93
2015-07-22,49.19,49.67,50.34,51.03
2015-07-23,48.45,48.92,49.57,50.24
2015-07-24,48.14,48.61,49.25,49.91
2015-07-27,47.39,47.85,48.51,49.21
2015-07-28,47.98,48.41,49.03,49.71
2015-07-29,48.79,49.16,49.72,50.32
2015-07-30,48.52,48.91,49.53,50.18
2015-07-31,47.12,47.53,48.21,48.92
2015-08-03,45.17,45.56,46.19,46.87
2015-08-04,45.74,46.13,46.72,47.36
2015-08-05,45.15,45.55,46.18,46.84
2015-08-06,44.66,45.09,45.8,46.54
2015-08-07,43.87,44.36,45.11,45.85
2015-08-10,44.96,45.66,46.53,47.32
2015-08-11,43.08,43.87,44.83,45.68
2015-08-12,43.3,44.01,45.04,45.94
2015-08-13,42.23,42.98,44.18,45.16
2015-08-14,42.5,43.11,44.31,45.24
2015-08-17,41.87,42.41,43.56,44.47
2015-08-18,42.62,43.12,44.09,44.91
2015-08-19,40.8,41.27,42.18,43.01
2015-08-20,41.14,41.32,42.09,42.9
2015-08-21,40.45,41.19,41.91,42.63
2015-08-24,38.24,38.93,39.65,40.37
2015-08-25,39.31,39.95,40.64,41.34
2015-08-26,38.6,39.37,40.2,41.01
2015-08-27,42.56,43.37,44.28,45.17
2015-08-28,45.22,45.98,46.86,47.72
2015-08-31,49.2,49.93,50.77,51.63
2015-09-01,45.41,46.02,46.69,47.4
2015-09-02,46.25,46.86,47.52,48.22
2015-09-03,46.75,47.32,47.92,48.57
2015-09-04,46.05,46.63,47.23,47.86
2015-09-08,45.94,46.59,47.24,47.92
2015-09-09,44.15,44.8,45.48,46.2
2015-09-10,45.92,46.44,47.04,47.68
2015-09-11,44.63,45.16,45.8,46.47
2015-09-14,44.0,44.43,44.9,45.46
2015-09-15,44.59,45.0,45.53,46.14
2015-09-16,47.15,47.51,47.97,48.5
2015-09-17,46.9,47.2,47.66,48.19
2015-09-18,44.68,45.02,45.56,46.17
2015-09-21,46.68,46.96,47.43,48.01
2015-09-22,45.83,46.36,46.92,47.57
2015-09-23,44.48,45.1,45.82,46.54
2015-09-24,44.91,45.48,46.18,46.89
2015-09-25,45.7,46.19,46.8,47.44
2015-09-28,44.43,44.87,45.45,46.05
2015-09-29,45.23,45.64,46.2,46.76
2015-09-30,45.09,45.56,46.16,46.76
2015-10-01,44.74,45.22,45.82,46.39
2015-10-02,45.54,46.0,46.64,47.22
2015-10-05,46.26,46.75,47.47,48.12
2015-10-06,48.53,49.02,49.71,50.34
2015-10-07,47.81,48.4,49.13,49.79
2015-10-08,49.43,50.0,50.69,51.28
2015-10-09,49.63,50.14,50.82,51.4
2015-10-13,46.66,47.15,47.9,48.58
2015-10-14,46.64,47.16,47.96,48.66
2015-10-15,46.38,46.87,47.69,48.38
2015-10-16,47.26,47.72,48.5,49.19
2015-10-19,45.89,46.28,46.99,47.68
2015-10-20,45.55,46.29,47.0,47.71
2015-10-21,45.2,45.92,46.65,47.35
2015-10-22,45.38,46.12,46.86,47.58
2015-10-23,44.6,45.47,46.25,46.98
2015-10-26,43.98,44.9,45.7,46.42
2015-10-27,43.2,44.12,44.91,45.62
2015-10-28,45.94,46.82,47.6,48.29
2015-10-29,46.06,46.9,47.64,48.31
2015-10-30,46.59,47.47,48.26,48.95
2015-11-02,46.14,47.04,47.87,48.58
2015-11-03,47.9,48.8,49.62,50.34
2015-11-04,46.32,47.21,47.99,48.69
2015-11-05,45.2,46.24,47.09,47.83
2015-11-06,44.29,45.47,46.33,47.09
2015-11-09,43.87,45.12,46.05,46.84
2015-11-10,44.21,45.44,46.36,47.13
2015-11-12,41.75,43.03,44.0,44.79
2015-11-13,40.74,42.0,43.02,43.86
2015-11-16,41.74,42.79,43.77,44.63
2015-11-17,40.67,41.71,42.74,43.63
2015-11-18,40.75,41.95,43.09,44.03
2015-11-19,40.54,41.72,42.89,43.88
2015-11-20,40.39,41.9,43.19,44.23
2015-11-23,41.75,43.15,44.29,45.18
2015-11-24,42.87,44.33,45.47,46.4
2015-11-25,43.04,44.39,45.46,46.35
2015-11-27,41.71,43.06,44.1,45.0
2015-11-30,41.65,42.96,43.93,44.77
2015-12-01,41.85,43.13,44.08,44.89
2015-12-02,39.94,41.38,42.49,43.42
2015-12-03,41.08,42.5,43.6,44.5
2015-12-04,39.97,41.39,42.54,43.47
2015-12-07,37.65,39.3,40.54,41.47
2015-12-08,37.51,39.01,40.21,41.14
2015-12-09,37.16,38.72,39.95,40.91
2015-12-10,36.76,38.43,39.78,40.82
2015-12-11,35.62,37.25,38.57,39.59
2015-12-14,36.31,37.6,38.75,39.66
2015-12-15,37.35,38.51,39.56,40.4
2015-12-16,35.52,36.75,37.9,38.85
2015-12-17,34.95,36.27,37.46,38.44
2015-12-18,34.73,36.06,37.21,38.16
2015-12-21,34.74,35.81,36.87,37.73
2015-12-22,36.14,37.06,37.83,38.52
2015-12-23,37.5,38.42,39.15,39.8
2015-12-24,38.1,39.11,39.93,40.64
2015-12-28,36.81,37.82,38.66,39.4
2015-12-29,37.87,38.86,39.69,40.4
2015-12-30,36.6,37.64,38.51,39.27
2015-12-31,37.04,38.17,39.13,39.98
2016-01-04,36.76,37.95,38.93,39.8
2016-01-05,35.97,37.18,38.23,39.15
2016-01-06,33.97,35.2,36.31,37.3
2016-01-07,33.27,34.49,35.64,36.68
2016-01-08,33.16,34.32,35.48,36.55
2016-01-11,31.41,32.52,33.69,34.79
2016-01-12,30.44,31.52,32.64,33.7
2016-01-13,30.48,31.39,32.35,33.28
2016-01-14,31.2,32.11,33.12,34.09
2016-01-15,29.42,30.39,31.38,32.31
2016-01-19,28.46,29.57,30.67,31.68
2016-01-20,26.55,28.35,29.69,30.83
2016-01-21,29.53,30.83,31.93,32.86
2016-01-22,32.19,33.51,34.67,35.65
2016-01-25,30.34,31.8,33.11,34.21
2016-01-26,31.45,32.9,34.22,35.27
2016-01-27,32.3,33.76,35.07,36.12
2016-01-28,33.22,34.71,36.03,37.09
2016-01-29,33.62,35.28,36.78,38.0
2016-02-01,31.62,33.36,34.93,36.23
2016-02-02,29.88,31.61,33.24,34.63
2016-02-03,32.28,33.86,35.39,36.67
2016-02-04,31.72,33.38,34.95,36.3
2016-02-05,30.89,32.72,34.47,35.94
2016-02-08,29.69,31.64,33.43,34.92
2016-02-09,27.94,29.74,31.41,32.74
2016-02-10,27.45,29.66,31.52,32.96
2016-02-11,26.21,28.83,30.76,32.21
2016-02-12,29.44,31.91,33.85,35.24
2016-02-16,29.04,30.97,32.64,33.93
2016-02-17,30.66,32.98,34.69,35.97
2016-02-18,30.77,32.93,34.55,35.76
2016-02-19,29.64,31.75,33.39,34.59
2016-02-22,31.48,33.39,35.04,36.18
2016-02-23,31.87,33.6,34.86,35.78
2016-02-24,32.15,34.07,35.44,36.44
2016-02-25,33.07,34.83,36.12,37.05
2016-02-26,32.78,34.58,35.83,36.72
2016-02-29,33.75,35.58,36.87,37.79
2016-03-01,34.4,36.15,37.3,38.11
2016-03-02,34.66,36.3,37.39,38.18
2016-03-03,34.57,36.33,37.51,38.35
2016-03-04,35.92,37.75,38.98,39.87
2016-03-07,37.9,39.82,41.03,41.92
2016-03-08,36.5,38.42,39.58,40.46
2016-03-09,38.29,40.07,41.09,41.87
2016-03-10,37.84,39.4,40.32,41.0
2016-03-11,38.5,40.09,40.98,41.65
2016-03-14,37.18,38.84,39.8,40.52
2016-03-15,36.34,38.08,39.04,39.76
2016-03-16,38.46,40.0,40.8,41.46
2016-03-17,40.2,41.66,42.39,42.96
2016-03-18,39.44,41.14,42.05,42.68
2016-03-21,39.91,41.52,42.42,43.04
2016-03-22,41.45,42.44,43.13,43.66
2016-03-23,39.79,40.87,41.63,42.22
2016-03-24,39.46,40.63,41.41,41.98
2016-03-28,39.39,40.53,41.29,41.82
2016-03-29,38.28,39.51,40.33,40.91
2016-03-30,38.32,39.66,40.55,41.2
2016-03-31,38.34,39.75,40.69,41.36
2016-04-01,36.79,38.2,39.17,39.84
2016-04-04,35.7,37.03,37.97,38.63
2016-04-05,35.89,37.11,37.99,38.59
2016-04-06,37.75,38.98,39.87,40.45
2016-04-07,37.26,38.49,39.36,39.91
2016-04-08,39.72,40.99,41.86,42.38
2016-04-11,40.36,41.75,42.66,43.22
2016-04-12,42.17,43.5,44.35,44.83
2016-04-13,41.76,43.01,43.84,44.35
2016-04-14,41.5,42.67,43.45,43.92
2016-04-15,40.36,41.71,42.54,43.03
2016-04-18,39.78,41.19,42.06,42.6
2016-04-19,41.08,42.47,43.32,43.82
2016-04-20,42.63,44.18,45.02,45.49
2016-04-21,43.18,43.98,44.44,44.8
2016-04-22,43.73,44.54,45.01,45.37
2016-04-25,42.64,43.59,44.15,44.59
2016-04-26,44.04,44.89,45.4,45.8
2016-04-27,45.33,46.2,46.7,47.09
2016-04-28,46.03,46.87,47.35,47.72
2016-04-29,45.92,46.69,47.14,47.5
2016-05-02,44.78,45.48,45.91,46.26
2016-05-03,43.65,44.41,44.9,45.32
2016-05-04,43.78,44.42,44.86,45.24
2016-05-05,44.32,44.91,45.3,45.65
2016-05-06,44.66,45.32,45.74,46.12
2016-05-09,43.44,44.03,44.45,44.84
2016-05-10,44.66,45.35,45.83,46.27
2016-05-11,46.23,47.01,47.48,47.9
2016-05-12,46.7,47.45,47.9,48.31
2016-05-13,46.21,46.9,47.39,47.82
2016-05-16,47.72,48.42,48.85,49.18
2016-05-17,48.31,48.99,49.42,49.76
2016-05-18,48.19,48.78,49.22,49.58
2016-05-19,48.16,48.67,49.08,49.42
2016-05-20,47.75,48.41,48.87,49.22
2016-05-23,48.08,48.57,48.95,49.28
2016-05-24,48.62,49.06,49.41,49.72
2016-05-25,49.56,49.96,50.31,50.61
2016-05-26,49.48,49.88,50.23,50.54
2016-05-27,49.33,49.74,50.13,50.47
2016-05-31,49.1,49.53,49.93,50.27
2016-06-01,49.01,49.49,49.91,50.23
2016-06-03,48.62,49.11,49.54,49.88
2016-06-06,49.69,50.17,50.59,50.93
2016-06-07,50.36,50.92,51.39,51.75
2016-06-08,51.23,51.84,52.31,52.67
2016-06-09,50.56,51.22,51.73,52.13
2016-06-10,49.07,49.72,50.24,50.68
2016-06-13,48.88,49.52,50.04,50.48
2016-06-14,48.49,49.06,49.56,49.99
2016-06-15,48.01,48.5,48.95,49.35
2016-06-16,46.21,46.74,47.25,47.68
2016-06-17,47.98,48.56,49.09,49.53
2016-06-20,49.37,49.96,50.5,50.95
2016-06-21,48.85,49.85,50.45,50.93
2016-06-22,49.13,49.78,50.28,50.74
2016-06-23,50.11,50.76,51.25,51.71
2016-06-24,47.64,48.31,48.82,49.29
2016-06-27,46.33,47.02,47.55,48.06
2016-06-28,47.85,48.59,49.17,49.72
2016-06-29,49.88,50.58,51.15,51.7
2016-06-30,48.33,49.01,49.59,50.13
2016-07-01,48.99,49.65,50.25,50.82
2016-07-05,46.6,47.29,47.91,48.51
2016-07-06,47.43,48.14,48.75,49.34
2016-07-07,45.14,45.84,46.46,47.07
2016-07-08,45.41,46.12,46.75,47.37
2016-07-11,44.76,45.52,46.22,46.93
2016-07-12,46.8,47.57,48.24,48.92
2016-07-13,44.75,45.44,46.07,46.76
2016-07-14,45.68,46.42,47.06,47.77
2016-07-15,45.95,46.65,47.23,47.89
2016-07-18,45.24,45.94,46.54,47.22
2016-07-19,44.65,45.45,46.14,46.88
2016-07-20,44.94,45.75,46.45,47.19
2016-07-21,44.75,45.45,46.18,46.89
2016-07-22,44.19,44.88,45.59,46.27
2016-07-25,43.13,43.87,44.61,45.33
2016-07-26,42.92,43.68,44.42,45.15
2016-07-27,41.92,42.61,43.32,44.02
2016-07-28,41.14,41.86,42.59,43.31
2016-07-29,41.6,42.33,43.09,43.84
2016-08-01,40.06,40.84,41.62,42.39
2016-08-02,39.51,40.3,41.12,41.92
2016-08-03,40.83,41.58,42.35,43.11
2016-08-04,41.93,42.69,43.47,44.2
2016-08-05,41.8,42.57,43.38,44.12
2016-08-08,43.02,43.76,44.51,45.22
2016-08-09,42.77,43.5,44.25,44.95
2016-08-10,41.71,42.46,43.25,44.0
2016-08-11,43.49,44.23,44.99,45.71
2016-08-12,44.49,45.18,45.89,46.57
2016-08-15,45.74,46.4,47.1,47.77
2016-08-16,46.58,47.22,47.92,48.57
2016-08-17,46.79,47.52,48.27,48.96
2016-08-18,48.22,48.89,49.56,50.19
2016-08-19,48.52,49.11,49.73,50.32
2016-08-22,47.05,47.41,48.03,48.64
2016-08-23,48.1,48.75,49.39,50.01
2016-08-24,46.77,47.48,48.16,48.81
2016-08-25,47.33,48.03,48.69,49.35
2016-08-26,47.64,48.33,48.98,49.63
2016-08-29,46.98,47.65,48.29,48.93
2016-08-30,46.35,46.99,47.62,48.24
2016-08-31,44.7,45.31,45.91,46.51
2016-09-01,43.16,43.75,44.34,44.94
2016-09-02,44.44,45.04,45.64,46.24
2016-09-06,44.83,45.46,46.1,46.74
2016-09-07,45.5,46.15,46.81,47.47
2016-09-08,47.62,48.26,48.91,49.57
2016-09-09,45.88,46.46,47.07,47.69
2016-09-12,46.29,46.84,47.44,48.05
2016-09-13,44.9,45.48,46.12,46.76
2016-09-14,43.58,44.15,44.78,45.44
2016-09-15,43.91,44.52,45.23,45.92
2016-09-16,43.03,43.62,44.36,45.06
2016-09-19,43.3,43.86,44.56,45.25
2016-09-20,43.44,44.05,44.7,45.35
2016-09-21,45.34,45.9,46.48,47.06
2016-09-22,46.32,46.88,47.48,48.06
2016-09-23,44.48,45.07,45.69,46.28
2016-09-26,45.93,46.49,47.08,47.66
2016-09-27,44.67,45.24,45.82,46.38
2016-09-28,47.05,47.65,48.22,48.74
2016-09-29,47.83,48.4,48.97,49.49
2016-09-30,48.24,48.82,49.4,49.93
2016-10-03,48.81,49.4,50.01,50.57
2016-10-04,48.69,49.3,49.94,50.53
2016-10-05,49.83,50.38,50.98,51.52
2016-10-06,50.44,50.98,51.57,52.08
2016-10-07,49.81,50.38,51.0,51.53
2016-10-11,50.79,51.24,51.75,52.21
2016-10-12,50.18,50.64,51.17,51.64
2016-10-13,50.44,50.85,51.38,51.86
2016-10-14,50.35,50.75,51.26,51.73
2016-10-17,49.94,50.37,50.91,51.4
2016-10-18,50.29,50.62,51.14,51.63
2016-10-19,51.6,51.82,52.28,52.72
2016-10-20,50.43,50.63,51.14,51.64
2016-10-21,50.85,51.43,52.0,52.54
2016-10-24,50.52,51.16,51.77,52.35
2016-10-25,49.96,50.6,51.21,51.78
2016-10-26,49.18,49.83,50.45,51.02
2016-10-27,49.72,50.34,50.94,51.49
2016-10-28,48.7,49.33,49.93,50.5
2016-10-31,46.86,47.46,48.05,48.62
2016-11-01,46.67,47.24,47.8,48.38
2016-11-02,45.34,45.93,46.53,47.14
2016-11-03,44.66,45.25,45.89,46.53
2016-11-04,44.07,44.65,45.28,45.92
2016-11-07,44.89,45.47,46.1,46.74
2016-11-08,44.98,45.61,46.3,46.98
2016-11-09,45.27,45.94,46.67,47.4
2016-11-10,44.66,45.36,46.12,46.88
2016-11-14,43.32,43.94,44.65,45.35
2016-11-15,45.81,46.39,47.06,47.71
2016-11-16,45.57,46.1,46.77,47.44
2016-11-17,45.42,45.98,46.71,47.45
2016-11-18,45.69,46.36,47.11,47.85
2016-11-21,47.49,48.24,49.03,49.82
2016-11-22,48.03,48.93,49.78,50.5
2016-11-23,47.96,48.86,49.72,50.43
2016-11-28,47.08,47.99,48.86,49.57
2016-11-29,45.23,46.13,47.0,47.72
2016-11-30,49.44,50.34,51.21,51.89
2016-12-01,51.06,51.96,52.81,53.44
2016-12-02,51.68,52.65,53.52,54.17
2016-12-05,51.79,52.83,53.76,54.47
2016-12-06,50.93,51.97,52.91,53.63
2016-12-07,49.77,50.94,51.97,52.72
2016-12-08,50.84,51.88,52.82,53.49
2016-12-09,51.5,52.44,53.3,53.94
2016-12-12,52.83,53.75,54.59,55.2
2016-12-13,52.98,53.94,54.81,55.46
2016-12-14,51.04,52.09,53.05,53.77
2016-12-15,50.9,51.97,52.91,53.62
2016-12-16,51.9,52.95,53.87,54.56
2016-12-19,52.12,53.06,53.9,54.55
2016-12-20,52.23,53.3,54.19,54.9
2016-12-21,52.49,53.38,54.1,54.66
2016-12-22,52.95,53.86,54.61,55.2
2016-12-23,53.02,53.92,54.65,55.24
2016-12-27,53.9,54.79,55.51,56.06
2016-12-28,54.06,54.95,55.67,56.25
2016-12-29,53.77,54.72,55.49,56.11
2016-12-30,53.72,54.66,55.43,56.05
2017-01-03,52.33,53.29,54.12,54.81
2017-01-04,53.26,54.22,55.05,55.75
2017-01-05,53.76,54.68,55.49,56.17
2017-01-06,53.99,54.87,55.68,56.37
2017-01-09,51.96,52.87,53.72,54.47
2017-01-10,50.82,51.7,52.53,53.28
2017-01-11,52.25,53.06,53.87,54.59
2017-01-12,53.01,53.84,54.65,55.39
2017-01-13,52.37,53.15,53.95,54.68
2017-01-17,52.48,53.26,54.03,54.75
2017-01-18,51.08,51.89,52.66,53.37
2017-01-19,51.37,52.12,52.84,53.5
2017-01-20,52.42,53.22,53.96,54.62
2017-01-23,52.75,53.5,54.17,54.71
2017-01-24,53.18,53.86,54.46,54.96
2017-01-25,52.75,53.39,53.95,54.43
2017-01-26,53.78,54.38,54.9,55.34
2017-01-27,53.17,53.75,54.25,54.67
2017-01-30,52.63,53.24,53.78,54.24
2017-01-31,52.81,53.42,53.94,54.38
2017-02-01,53.88,54.49,54.99,55.41
2017-02-02,53.54,54.17,54.67,55.09
2017-02-03,53.83,54.47,54.99,55.41
2017-02-06,53.01,53.63,54.16,54.6
2017-02-07,52.17,52.78,53.3,53.72
2017-02-08,52.34,52.91,53.37,53.76
2017-02-09,53.0,53.46,53.88,54.25
2017-02-10,53.86,54.33,54.78,55.18
2017-02-13,52.93,53.43,53.86,54.25
2017-02-14,53.2,53.71,54.12,54.48
2017-02-15,53.11,53.6,53.99,54.31
2017-02-16,53.36,53.75,54.07,54.33
2017-02-17,53.4,53.78,54.12,54.37
2017-02-21,54.06,54.33,54.61,54.81
2017-02-22,53.59,53.93,54.17,54.37
2017-02-23,54.45,54.76,54.96,55.13
2017-02-24,53.99,54.32,54.56,54.76
2017-02-27,54.05,54.42,54.69,54.9
2017-02-28,54.01,54.43,54.75,55.0
2017-03-01,53.83,54.28,54.61,54.87
2017-03-02,52.61,53.07,53.41,53.69
2017-03-03,53.33,53.78,54.12,54.39
2017-03-06,53.2,53.71,54.11,54.42
2017-03-07,53.14,53.64,54.02,54.32
2017-03-08,50.28,50.83,51.24,51.57
2017-03-09,49.28,49.83,50.25,50.59
2017-03-10,48.49,49.03,49.45,49.77
2017-03-13,48.4,48.94,49.37,49.7
2017-03-14,47.72,48.35,48.83,49.19
2017-03-15,48.86,49.38,49.78,50.09
2017-03-16,48.75,49.24,49.63,49.94
2017-03-17,48.78,49.31,49.73,50.04
2017-03-20,48.22,48.91,49.44,49.81
2017-03-21,47.34,48.24,48.82,49.22
2017-03-22,48.04,48.58,48.96,49.23
2017-03-23,47.7,48.26,48.63,48.89
2017-03-24,47.97,48.51,48.87,49.13
2017-03-27,47.73,48.3,48.69,48.97
2017-03-28,48.37,48.9,49.27,49.53
2017-03-29,49.51,50.0,50.35,50.59
2017-03-30,50.35,50.78,51.1,51.34
2017-03-31,50.6,51.07,51.42,51.66
2017-04-03,50.24,50.71,51.08,51.35
2017-04-04,51.03,51.51,51.88,52.16
2017-04-05,51.15,51.6,51.95,52.22
2017-04-06,51.7,52.13,52.47,52.72
2017-04-07,52.24,52.64,52.95,53.16
2017-04-10,53.08,53.48,53.8,54.01
2017-04-11,53.4,53.79,54.11,54.31
2017-04-12,53.11,53.52,53.85,54.09
2017-04-13,53.18,53.6,53.93,54.18
2017-04-17,52.65,53.11,53.47,53.74
2017-04-18,52.41,52.85,53.2,53.46
2017-04-19,50.44,50.85,51.2,51.48
2017-04-20,50.27,50.71,51.07,51.36
2017-04-21,49.62,49.97,50.28,50.55
2017-04-24,49.23,49.58,49.89,50.17
2017-04-25,49.56,49.9,50.17,50.42
2017-04-26,49.62,49.96,50.21,50.45
2017-04-27,48.97,49.31,49.56,49.8
2017-04-28,49.33,49.62,49.85,50.08
2017-05-01,48.84,49.16,49.4,49.63
2017-05-02,47.66,47.99,48.24,48.48
2017-05-03,47.82,48.18,48.45,48.69
2017-05-04,45.52,45.9,46.19,46.47
2017-05-05,46.22,46.6,46.91,47.2
2017-05-08,46.43,46.84,47.19,47.5
2017-05-09,45.88,46.27,46.62,46.92
2017-05-10,47.33,47.7,48.02,48.29
2017-05-11,47.83,48.2,48.51,48.77
2017-05-12,47.84,48.17,48.44,48.67
2017-05-15,48.85,49.16,49.4,49.61
2017-05-16,48.66,49.0,49.29,49.55
2017-05-17,49.07,49.41,49.7,49.97
2017-05-18,49.35,49.66,49.91,50.14
2017-05-19,50.33,50.67,50.92,51.13
2017-05-22,50.73,51.13,51.4,51.63
2017-05-23,51.47,51.72,51.92,52.08
2017-05-24,51.36,51.59,51.76,51.89
2017-05-25,48.9,49.14,49.33,49.48
2017-05-26,49.8,50.05,50.23,50.36
2017-05-30,49.66,49.91,50.1,50.23
2017-05-31,48.32,48.56,48.74,48.87
2017-06-01,48.36,48.6,48.79,48.94
2017-06-02,47.66,47.87,48.05,48.2
2017-06-05,47.4,47.58,47.75,47.89
2017-06-06,48.19,48.34,48.49,48.61
2017-06-07,45.72,45.98,46.22,46.43
2017-06-08,45.64,45.89,46.13,46.35
2017-06-09,45.83,46.07,46.32,46.53
2017-06-12,46.08,46.32,46.56,46.75
2017-06-13,46.46,46.67,46.89,47.07
2017-06-14,44.73,44.93,45.14,45.34
2017-06-15,44.46,44.68,44.91,45.14
2017-06-16,44.74,44.97,45.2,45.41
2017-06-19,44.2,44.43,44.69,44.92
2017-06-20,43.23,43.51,43.77,44.02
2017-06-21,42.53,42.75,42.96,43.22
2017-06-22,42.74,42.97,43.19,43.45
2017-06-23,43.01,43.27,43.51,43.79
2017-06-26,43.38,43.61,43.84,44.11
2017-06-27,44.24,44.49,44.73,45.01
2017-06-28,44.74,44.99,45.23,45.51
2017-06-29,44.93,45.2,45.44,45.72
2017-06-30,46.04,46.29,46.51,46.77
2017-07-03,47.07,47.29,47.49,47.74
2017-07-05,45.13,45.34,45.55,45.81
2017-07-06,45.52,45.7,45.89,46.13
2017-07-07,44.23,44.39,44.56,44.8
2017-07-10,44.4,44.6,44.79,45.04
2017-07-11,45.04,45.23,45.4,45.65
2017-07-12,45.49,45.66,45.81,46.01
2017-07-13,46.08,46.25,46.4,46.59
2017-07-14,46.54,46.75,46.92,47.12
2017-07-17,46.02,46.23,46.41,46.64
2017-07-18,46.4,46.59,46.76,46.99
2017-07-19,47.12,47.32,47.5,47.73
2017-07-20,46.79,46.92,47.1,47.34
2017-07-21,45.77,45.95,46.19,46.45
2017-07-24,46.34,46.51,46.72,46.95
2017-07-25,47.89,48.02,48.19,48.37
2017-07-26,48.75,48.85,48.99,49.11
2017-07-27,49.04,49.17,49.32,49.44
2017-07-28,49.71,49.81,49.93,50.0
2017-07-31,50.17,50.26,50.37,50.46
2017-08-01,49.16,49.29,49.43,49.57
2017-08-02,49.59,49.73,49.87,49.99
2017-08-03,49.03,49.19,49.34,49.48
2017-08-04,49.58,49.73,49.88,50.02
2017-08-07,49.39,49.57,49.75,49.92
2017-08-08,49.17,49.35,49.52,49.68
2017-08-09,49.56,49.72,49.87,50.01
2017-08-10,48.59,48.75,48.88,49.0
2017-08-11,48.82,48.97,49.11,49.23
2017-08-14,47.59,47.73,47.88,48.03
2017-08-15,47.55,47.7,47.84,47.96
2017-08-16,46.78,46.94,47.1,47.25
2017-08-17,47.09,47.24,47.4,47.53
2017-08-18,48.51,48.66,48.82,48.93
2017-08-21,47.37,47.53,47.68,47.79
2017-08-22,47.64,47.83,48.02,48.18
2017-08-23,48.41,48.62,48.8,48.97
2017-08-24,47.43,47.7,47.92,48.11
2017-08-25,47.87,48.12,48.34,48.53
2017-08-28,46.57,46.96,47.27,47.52
2017-08-29,46.44,47.0,47.45,47.79
2017-08-30,45.96,46.51,46.94,47.25
2017-08-31,47.23,47.96,48.56,49.0
2017-09-01,47.29,47.99,48.54,48.99
2017-09-05,48.66,49.14,49.53,49.86
2017-09-06,49.16,49.62,50.0,50.31
2017-09-07,49.09,49.53,49.91,50.23
2017-09-08,47.48,48.06,48.56,48.95
2017-09-11,48.07,48.62,49.07,49.42
2017-09-12,48.23,48.75,49.17,49.48
2017-09-13,49.3,49.75,50.1,50.35
2017-09-14,49.89,50.35,50.66,50.89
2017-09-15,49.89,50.44,50.81,51.09
2017-09-18,49.91,50.35,50.66,50.9
2017-09-19,49.48,49.9,50.24,50.5
2017-09-20,50.41,50.69,51.04,51.29
2017-09-21,50.55,50.93,51.21,51.39
2017-09-22,50.66,51.03,51.31,51.47
2017-09-25,52.22,52.52,52.74,52.84
2017-09-26,51.88,52.19,52.42,52.54
2017-09-27,52.14,52.43,52.63,52.72
2017-09-28,51.56,51.87,52.09,52.2
2017-09-29,51.67,51.95,52.14,52.22
2017-10-02,50.58,50.9,51.14,51.27
2017-10-03,50.42,50.74,50.99,51.13
2017-10-04,49.98,50.32,50.6,50.79
2017-10-05,50.79,51.15,51.44,51.64
2017-10-06,49.29,49.65,49.92,50.12
2017-10-10,50.92,51.23,51.43,51.58
2017-10-11,51.3,51.6,51.8,51.95
2017-10-12,50.6,50.93,51.15,51.33
2017-10-13,51.45,51.73,51.94,52.1
2017-10-16,51.87,52.14,52.34,52.49
2017-10-17,51.88,52.11,52.28,52.39
2017-10-18,52.04,52.26,52.45,52.56
2017-10-19,51.29,51.51,51.73,51.87
2017-10-20,51.47,51.84,52.04,52.17
2017-10-23,51.9,52.08,52.19,52.26
2017-10-24,52.47,52.67,52.79,52.87
2017-10-25,52.18,52.43,52.59,52.71
2017-10-26,52.64,52.86,53.0,53.1
2017-10-27,53.9,54.09,54.18,54.21
2017-10-30,54.15,54.37,54.48,54.53
2017-10-31,54.38,54.59,54.69,54.72
2017-11-01,54.3,54.51,54.62,54.66
2017-11-02,54.54,54.77,54.89,54.93
2017-11-03,55.64,55.86,55.98,56.02
2017-11-06,57.35,57.57,57.7,57.72
2017-11-07,57.2,57.43,57.59,57.63
2017-11-08,56.81,57.05,57.22,57.32
2017-11-09,57.17,57.39,57.56,57.65
2017-11-13,56.76,56.97,57.13,57.27
2017-11-14,55.7,55.89,56.03,56.16
2017-11-15,55.33,55.52,55.66,55.79
2017-11-16,55.14,55.35,55.49,55.6
2017-11-17,56.55,56.71,56.81,56.87
2017-11-20,56.09,56.42,56.53,56.6
2017-11-21,56.83,56.92,56.96,56.92
2017-11-22,58.02,58.02,57.94,57.78
2017-11-27,58.11,58.16,58.08,57.92
2017-11-28,57.99,58.05,58.0,57.88
2017-11-29,57.3,57.36,57.31,57.2
2017-11-30,57.4,57.45,57.4,57.28
2017-12-01,58.36,58.38,58.31,58.17
2017-12-04,57.47,57.49,57.42,57.31
2017-12-05,57.62,57.67,57.65,57.58
2017-12-06,55.96,56.03,56.05,56.07
2017-12-07,56.69,56.75,56.76,56.76
2017-12-08,57.36,57.44,57.46,57.46
2017-12-11,57.99,58.05,58.04,58.01
2017-12-12,57.14,57.16,57.13,57.08
2017-12-13,56.6,56.59,56.5,56.4
2017-12-14,57.04,57.08,57.01,56.93
2017-12-15,57.3,57.33,57.24,57.12
2017-12-18,57.16,57.22,57.23,57.2
2017-12-19,57.46,57.56,57.58,57.56
2017-12-20,58.09,58.13,58.11,58.04
2017-12-21,58.36,58.4,58.39,58.3
2017-12-22,58.47,58.54,58.54,58.48
2017-12-26,59.97,60.0,59.98,59.86
2017-12-27,59.64,59.69,59.68,59.6
2017-12-28,59.84,59.87,59.84,59.73
2017-12-29,60.42,60.44,60.4,60.27
2018-01-01,60.42,60.44,60.4,60.27
2018-01-02,60.37,60.38,60.33,60.2
2018-01-03,61.63,61.55,61.41,61.21
2018-01-04,62.01,61.9,61.73,61.52
2018-01-05,61.44,61.41,61.3,61.15
2018-01-08,61.73,61.72,61.62,61.48
2018-01-09,62.96,62.87,62.7,62.49
2018-01-10,63.57,63.42,63.21,62.98
2018-01-11,63.8,63.68,63.46,63.2
2018-01-12,64.3,64.23,64.03,63.77
2018-01-15,64.3,64.23,64.03,63.77
2018-01-16,63.73,63.67,63.49,63.27
2018-01-17,63.97,63.92,63.74,63.52
2018-01-18,63.95,63.89,63.71,63.49
2018-01-19,63.37,63.31,63.16,62.96
2018-01-22,63.49,63.57,63.43,63.23
2018-01-23,64.47,64.31,64.09,63.79
2018-01-24,65.61,65.36,65.03,64.61
2018-01-25,65.51,65.37,65.1,64.72
2018-01-26,66.14,65.97,65.67,65.26
2018-01-29,65.56,65.39,65.1,64.71
2018-01-30,64.5,64.35,64.11,63.77
2018-01-31,64.73,64.56,64.31,63.96
2018-02-01,65.8,65.55,65.21,64.8
2018-02-02,65.45,65.07,64.61,64.11
2018-02-05,64.15,63.83,63.41,62.96
2018-02-06,63.39,63.11,62.7,62.26
2018-02-07,61.79,61.55,61.19,60.81
2018-02-08,61.15,60.94,60.62,60.27
2018-02-09,59.2,58.99,58.67,58.32
2018-02-12,59.29,59.08,58.73,58.35
2018-02-13,59.19,59.03,58.75,58.41
2018-02-14,60.6,60.51,60.27,59.92
2018-02-15,61.34,61.17,60.78,60.28
2018-02-16,61.68,61.55,61.2,60.73
2018-02-19,61.68,61.55,61.2,60.73
2018-02-20,61.9,61.79,61.56,61.2
2018-02-21,61.68,61.52,61.2,60.78
2018-02-22,62.77,62.6,62.25,61.78
2018-02-23,63.55,63.41,63.1,62.67
2018-02-26,63.91,63.77,63.45,63.0
2018-02-27,63.01,62.9,62.63,62.22
2018-02-28,61.64,61.47,61.14,60.67
2018-03-01,60.99,60.8,60.44,59.98
2018-03-02,61.25,61.09,60.78,60.36
2018-03-05,62.57,62.39,62.05,61.6
2018-03-06,62.6,62.45,62.16,61.73
2018-03-07,61.15,61.02,60.75,60.37
2018-03-08,60.12,60.06,59.91,59.64
2018-03-09,62.04,61.92,61.69,61.33
2018-03-12,61.36,61.33,61.16,60.87
2018-03-13,60.71,60.75,60.65,60.41
2018-03-14,60.96,61.02,60.91,60.66
2018-03-15,61.19,61.25,61.13,60.85
2018-03-16,62.34,62.41,62.25,61.94
2018-03-19,62.06,62.13,61.96,61.61
2018-03-20,63.4,63.54,63.31,62.9
2018-03-21,65.17,64.95,64.54,64.0
2018-03-22,64.3,64.18,63.83,63.37
2018-03-23,65.88,65.71,65.29,64.74
2018-03-26,65.55,65.41,65.03,64.49
2018-03-27,65.25,65.18,64.86,64.36
2018-03-28,64.38,64.35,64.06,63.59
2018-03-29,64.94,64.87,64.54,64.04
2018-03-30,64.94,64.87,64.54,64.04
2018-04-02,63.01,62.99,62.72,62.26
2018-04-03,63.51,63.46,63.21,62.77
2018-04-04,63.37,63.33,63.1,62.69
2018-04-05,63.54,63.54,63.34,62.98
2018-04-06,62.06,62.1,61.96,61.64
2018-04-09,63.42,63.43,63.26,62.91
2018-04-10,65.51,65.44,65.17,64.7
2018-04-11,66.82,66.74,66.44,65.91
2018-04-12,67.07,66.95,66.58,66.01
2018-04-13,67.39,67.33,67.0,66.45
2018-04-16,66.22,66.2,65.94,65.46
2018-04-17,66.52,66.51,66.24,65.75
2018-04-18,68.47,68.47,68.15,67.55
2018-04-19,68.29,68.33,68.08,67.53
2018-04-20,68.38,68.4,68.18,67.66
2018-04-23,68.64,68.47,68.02,67.43
2018-04-24,67.7,67.57,67.17,66.62
2018-04-25,68.05,67.92,67.53,66.98
2018-04-26,68.19,68.08,67.74,67.21
2018-04-27,68.1,67.98,67.63,67.1
2018-04-30,68.57,68.48,68.17,67.68
2018-05-01,67.25,67.13,66.82,66.35
2018-05-02,67.93,67.77,67.35,66.82
2018-05-03,68.43,68.26,67.8,67.22
2018-05-04,69.72,69.58,69.16,68.62
2018-05-07,70.73,70.62,70.26,69.76
2018-05-08,69.06,68.97,68.66,68.19
2018-05-09,71.14,71.05,70.75,70.27
2018-05-10,71.36,71.31,71.07,70.63
2018-05-11,70.7,70.68,70.47,70.09
2018-05-14,70.96,70.99,70.81,70.45
2018-05-15,71.31,71.37,71.15,70.72
2018-05-16,71.49,71.56,71.35,70.93
2018-05-17,71.49,71.57,71.33,70.86
2018-05-18,71.28,71.37,71.11,70.62
2018-05-21,72.24,72.35,72.08,71.54
2018-05-22,72.13,72.2,72.02,71.57
2018-05-23,71.84,71.71,71.32,70.82
2018-05-24,70.71,70.58,70.19,69.69
2018-05-25,67.88,67.78,67.45,67.06
2018-05-28,67.88,67.78,67.45,67.06
2018-05-29,66.73,66.62,66.27,65.87
2018-05-30,68.21,68.08,67.66,67.18
2018-05-31,67.04,66.91,66.54,66.11
2018-06-01,65.81,65.77,65.53,65.23
2018-06-04,64.75,64.68,64.48,64.26
2018-06-05,65.52,65.46,65.23,64.95
2018-06-06,64.73,64.7,64.52,64.27
2018-06-07,65.95,65.89,65.63,65.3
2018-06-08,65.74,65.67,65.4,65.06
2018-06-11,66.1,66.03,65.74,65.36
2018-06-12,66.36,66.28,65.98,65.58
2018-06-13,66.64,66.52,66.22,65.84
2018-06-14,66.89,66.69,66.27,65.79
2018-06-15,65.06,64.85,64.4,63.94
2018-06-18,65.85,65.69,65.28,64.81
2018-06-19,65.07,64.9,64.56,64.13
2018-06-20,66.22,65.71,65.24,64.72
2018-06-21,65.54,64.86,64.19,63.84
2018-06-22,68.58,67.63,66.79,66.34
2018-06-25,68.08,67.04,66.18,65.79
2018-06-26,70.53,69.28,68.16,67.59
2018-06-27,72.76,71.26,69.96,69.22
2018-06-28,73.45,71.81,70.34,69.51
2018-06-29,74.15,72.46,70.92,70.16
2018-07-02,73.94,71.62,69.3,68.51
2018-07-03,74.14,71.59,68.84,68.06
2018-07-04,74.14,71.59,68.84,68.06
2018-07-05,72.94,70.63,68.46,67.96
2018-07-06,73.8,71.57,69.14,68.5
2018-07-09,73.85,71.98,69.85,69.22
2018-07-10,74.11,72.56,70.62,69.88
2018-07-11,70.38,68.86,67.1,66.33
2018-07-12,70.33,69.35,68.07,67.44
2018-07-13,71.01,69.95,68.55,68.01
2018-07-16,68.06,67.07,65.66,65.11
2018-07-17,68.08,67.16,65.84,65.27
2018-07-18,68.76,67.75,66.38,65.89
2018-07-19,69.46,68.24,66.53,65.99
2018-07-20,70.46,68.26,66.64,66.18
2018-07-23,67.89,66.75,66.43,66.14
2018-07-24,68.52,67.19,66.77,66.47
2018-07-25,69.3,68.01,67.59,67.26
2018-07-26,69.61,68.43,68.0,67.67
2018-07-27,68.69,67.73,67.36,67.04
2018-07-30,70.13,68.95,68.51,68.14
2018-07-31,68.76,67.63,67.27,66.97
2018-08-01,67.66,66.5,66.11,65.78
2018-08-02,68.96,67.66,67.18,66.79
2018-08-03,68.49,67.35,66.93,66.59
2018-08-06,69.01,67.94,67.48,67.1
2018-08-07,69.17,68.33,67.96,67.62
2018-08-08,66.94,66.25,65.87,65.54
2018-08-09,66.81,66.14,65.78,65.48
2018-08-10,67.63,66.94,66.54,66.21
2018-08-13,67.2,66.57,66.21,65.88
2018-08-14,67.04,66.33,66.0,65.71
2018-08-15,65.01,64.46,64.24,64.0
2018-08-16,65.46,64.88,64.66,64.42
2018-08-17,65.91,65.21,64.94,64.66
2018-08-20,66.43,65.42,65.1,64.8
2018-08-21,67.35,65.84,65.49,65.19
2018-08-22,67.86,67.51,67.2,66.93
2018-08-23,67.83,67.53,67.24,66.98
2018-08-24,68.72,68.36,68.05,67.78
2018-08-27,68.87,68.54,68.25,67.99
2018-08-28,68.53,68.22,67.93,67.69
2018-08-29,69.51,69.17,68.87,68.61
2018-08-30,70.25,69.81,69.46,69.17
2018-08-31,69.8,69.37,69.05,68.79
2018-09-03,69.8,69.37,69.05,68.79
2018-09-04,69.87,69.56,69.29,69.04
2018-09-05,68.72,68.42,68.17,67.94
2018-09-06,67.77,67.52,67.3,67.07
2018-09-07,67.75,67.55,67.39,67.19
2018-09-10,67.54,67.41,67.31,67.17
2018-09-11,69.25,69.04,68.89,68.71
2018-09-12,70.37,70.16,70.04,69.88
2018-09-13,68.59,68.41,68.35,68.25
2018-09-14,68.99,68.77,68.67,68.54
2018-09-17,68.91,68.68,68.59,68.47
2018-09-18,69.85,69.59,69.45,69.3
2018-09-19,71.12,70.77,70.52,70.28
2018-09-20,70.8,70.32,70.06,69.88
2018-09-21,70.78,70.37,70.06,69.79
2018-09-24,72.08,71.76,71.51,71.26
2018-09-25,72.28,72.1,71.91,71.69
2018-09-26,71.57,71.41,71.25,71.06
2018-09-27,72.12,71.96,71.82,71.63
2018-09-28,73.25,73.06,72.89,72.7
2018-10-01,75.3,75.14,75.0,74.83
2018-10-02,75.23,75.04,74.9,74.76
2018-10-03,76.41,76.24,76.1,75.96
2018-10-04,74.33,74.25,74.13,74.03
2018-10-05,74.34,74.26,74.15,74.05
2018-10-08,74.29,74.17,74.03,73.9
2018-10-09,74.96,74.81,74.65,74.51
2018-10-10,73.17,73.03,72.91,72.82
2018-10-11,70.97,70.81,70.69,70.6
2018-10-12,71.34,71.18,71.08,70.99
2018-10-15,71.78,71.61,71.53,71.45
2018-10-16,71.92,71.76,71.7,71.64
2018-10-17,69.75,69.7,69.72,69.73
2018-10-18,68.65,68.71,68.75,68.76
2018-10-19,69.12,69.28,69.35,69.39
2018-10-22,69.17,69.36,69.49,69.57
2018-10-23,66.43,66.62,66.76,66.89
2018-10-24,66.82,66.96,67.06,67.16
2018-10-25,67.33,67.44,67.51,67.58
2018-10-26,67.59,67.75,67.84,67.93
2018-10-29,67.04,67.21,67.34,67.48
2018-10-30,66.18,66.31,66.42,66.55
2018-10-31,65.31,65.44,65.58,65.73
2018-11-01,63.69,63.81,63.92,64.06
2018-11-02,63.14,63.28,63.41,63.56
2018-11-05,63.1,63.21,63.31,63.45
2018-11-06,62.21,62.34,62.46,62.6
2018-11-07,61.67,61.82,62.0,62.2
2018-11-08,60.67,60.86,61.07,61.29
2018-11-09,60.19,60.36,60.56,60.75
2018-11-12,59.93,60.08,60.28,60.49
2018-11-13,55.69,55.84,56.05,56.28
2018-11-14,56.25,56.44,56.67,56.89
2018-11-15,56.46,56.68,56.9,57.1
2018-11-16,56.46,56.68,56.88,57.07
2018-11-19,56.76,57.2,57.32,57.43
2018-11-20,53.43,53.57,53.71,53.82
2018-11-21,54.63,54.8,54.97,55.11
2018-11-22,54.63,54.8,54.97,55.11
2018-11-23,50.42,50.59,50.76,50.91
2018-11-26,51.63,51.8,51.95,52.08
2018-11-27,51.56,51.73,51.89,52.02
2018-11-28,50.29,50.49,50.67,50.83
2018-11-29,51.45,51.62,51.78,51.92
2018-11-30,50.93,51.09,51.23,51.36
2018-12-03,52.95,53.14,53.33,53.52
2018-12-04,53.25,53.46,53.67,53.9
2018-12-05,52.89,53.12,53.36,53.61
2018-12-06,51.49,51.7,51.95,52.24
2018-12-07,52.61,52.81,53.05,53.31
2018-12-10,51.0,51.2,51.4,51.65
2018-12-11,51.65,51.84,52.01,52.21
2018-12-12,51.15,51.36,51.59,51.86
2018-12-13,52.58,52.83,53.07,53.33
2018-12-14,51.2,51.47,51.76,52.06
2018-12-17,49.88,50.2,50.55,50.91
2018-12-18,46.24,46.6,46.94,47.3
2018-12-19,47.2,48.17,48.49,48.83
2018-12-20,45.88,46.19,46.52,46.88
2018-12-21,45.59,45.89,46.23,46.61
2018-12-24,42.53,42.82,43.16,43.55
2018-12-25,42.53,42.82,43.16,43.55
2018-12-26,46.22,46.54,46.88,47.26
2018-12-27,44.61,44.9,45.23,45.63
2018-12-28,45.33,45.6,45.9,46.27
2018-12-31,45.41,45.72,46.08,46.51
2019-01-02,46.54,46.86,47.24,47.7
2019-01-03,47.09,47.4,47.77,48.22
2019-01-04,47.96,48.28,48.65,49.1
2019-01-07,48.52,48.82,49.17,49.6
2019-01-08,49.78,50.11,50.49,50.93
2019-01-09,52.36,52.69,53.07,53.51
2019-01-10,52.59,52.91,53.28,53.73
2019-01-11,51.59,51.91,52.27,52.7
2019-01-14,50.51,50.8,51.14,51.55
2019-01-15,52.11,52.39,52.7,53.08
2019-01-16,52.31,52.61,52.93,53.33
2019-01-17,52.07,52.36,52.69,53.11
2019-01-18,53.8,54.04,54.3,54.64
2019-01-22,52.57,53.01,53.3,53.7
2019-01-23,52.62,52.92,53.32,53.73
2019-01-24,53.13,53.42,53.78,54.14
2019-01-25,53.69,53.98,54.31,54.66
2019-01-28,51.99,52.29,52.64,53.01
2019-01-29,53.31,53.6,53.93,54.27
2019-01-30,54.23,54.47,54.72,55.0
2019-01-31,53.79,54.04,54.31,54.6
2019-02-01,55.26,55.55,55.88,56.21
2019-02-04,54.56,54.89,55.29,55.7
2019-02-05,53.66,54.0,54.44,54.91
2019-02-06,54.01,54.34,54.8,55.28
2019-02-07,52.64,53.0,53.45,53.93
2019-02-08,52.72,53.09,53.55,54.02
2019-02-11,52.41,52.78,53.28,53.79
2019-02-12,53.1,53.47,54.0,54.53
2019-02-13,53.9,54.31,54.88,55.42
2019-02-14,54.41,54.79,55.35,55.9
2019-02-15,55.59,55.98,56.54,57.1
2019-02-19,56.09,56.45,56.95,57.48
2019-02-20,56.92,57.16,57.64,58.13
2019-02-21,56.96,57.46,57.98,58.45
2019-02-22,57.26,57.75,58.25,58.71
2019-02-25,55.48,55.92,56.42,56.88
2019-02-26,55.5,55.97,56.51,57.01
2019-02-27,56.94,57.37,57.87,58.33
2019-02-28,57.22,57.61,58.06,58.49
2019-03-01,55.8,56.19,56.65,57.11
2019-03-04,56.59,56.97,57.42,57.89
2019-03-05,56.56,56.94,57.4,57.87
2019-03-06,56.22,56.62,57.1,57.6
2019-03-07,56.66,57.03,57.48,57.95
2019-03-08,56.07,56.43,56.87,57.32
2019-03-11,56.79,57.12,57.54,57.97
2019-03-12,56.87,57.2,57.62,58.06
2019-03-13,58.26,58.59,58.94,59.32
2019-03-14,58.61,58.91,59.21,59.54
2019-03-15,58.52,58.82,59.12,59.44
2019-03-18,59.09,59.38,59.65,59.94
2019-03-19,59.03,59.29,59.58,59.88
2019-03-20,59.83,60.23,60.48,60.73
2019-03-21,59.98,60.2,60.43,60.62
2019-03-22,59.04,59.29,59.53,59.75
2019-03-25,58.82,59.08,59.33,59.55
2019-03-26,59.94,60.1,60.23,60.34
2019-03-27,59.41,59.61,59.77,59.91
2019-03-28,59.3,59.48,59.63,59.76
2019-03-29,60.14,60.28,60.4,60.49
2019-04-01,61.59,61.71,61.8,61.83
2019-04-02,62.58,62.61,62.6,62.55
2019-04-03,62.46,62.52,62.55,62.55
2019-04-04,62.1,62.19,62.26,62.29
2019-04-05,63.08,63.15,63.18,63.17
2019-04-08,64.4,64.33,64.22,64.06
2019-04-09,63.98,63.96,63.91,63.77
2019-04-10,64.61,64.65,64.67,64.57
2019-04-11,63.58,63.67,63.73,63.69
2019-04-12,63.89,64.02,64.1,64.08
2019-04-15,63.4,63.56,63.67,63.7
2019-04-16,64.05,64.19,64.26,64.27
2019-04-17,63.76,63.87,63.94,63.97
2019-04-18,64.0,64.07,64.12,64.11
2019-04-19,64.0,64.07,64.12,64.11
2019-04-22,65.7,65.55,65.51,65.37
2019-04-23,66.3,66.24,66.06,65.79
2019-04-24,65.89,65.89,65.77,65.55
2019-04-25,65.21,65.28,65.23,65.07
2019-04-26,63.3,63.38,63.36,63.23
2019-04-29,63.5,63.57,63.54,63.42
2019-04-30,63.91,63.98,63.97,63.84
2019-05-01,63.6,63.69,63.71,63.62
2019-05-02,61.81,61.9,61.94,61.89
2019-05-03,61.94,62.04,62.07,62.01
2019-05-06,62.25,62.37,62.42,62.35
2019-05-07,61.4,61.51,61.54,61.47
2019-05-08,62.12,62.22,62.25,62.19
2019-05-09,61.7,61.81,61.86,61.82
2019-05-10,61.66,61.8,61.86,61.83
2019-05-13,61.04,61.21,61.3,61.3
2019-05-14,61.78,61.96,62.08,62.1
2019-05-15,62.02,62.24,62.39,62.45
2019-05-16,62.87,63.06,63.17,63.19
2019-05-17,62.76,62.92,62.99,62.98
2019-05-20,63.1,63.21,63.26,63.23
2019-05-21,62.99,63.13,63.21,63.19
2019-05-22,61.42,61.5,61.48,61.37
2019-05-23,57.91,57.99,57.99,57.91
2019-05-24,58.63,58.71,58.73,58.66
2019-05-28,59.14,59.35,59.45,59.45
2019-05-29,58.81,58.95,58.99,58.94
2019-05-30,56.59,56.74,56.81,56.78
2019-05-31,53.5,53.64,53.73,53.72
2019-06-03,53.25,53.38,53.45,53.44
2019-06-04,53.48,53.63,53.71,53.71
2019-06-05,51.68,51.83,51.91,51.91
2019-06-06,52.59,52.73,52.83,52.8
2019-06-07,53.99,54.16,54.27,54.25
2019-06-10,53.26,53.48,53.62,53.64
2019-06-11,53.27,53.52,53.68,53.74
2019-06-12,51.14,51.37,51.54,51.62
2019-06-13,52.28,52.54,52.72,52.78
2019-06-14,52.51,52.77,52.95,53.0
2019-06-17,51.93,52.17,52.31,52.35
2019-06-18,53.9,54.11,54.19,54.14
2019-06-19,53.76,53.97,54.03,53.99
2019-06-20,56.65,57.07,57.13,57.05
2019-06-21,57.43,57.5,57.42,57.25
2019-06-24,57.9,57.93,57.82,57.64
2019-06-25,57.83,57.89,57.8,57.66
2019-06-26,59.38,59.43,59.31,59.14
2019-06-27,59.43,59.49,59.38,59.19
2019-06-28,58.47,58.52,58.4,58.22
2019-07-01,59.09,59.14,59.01,58.83
2019-07-02,56.25,56.34,56.28,56.18
2019-07-03,57.34,57.44,57.43,57.37
2019-07-05,57.51,57.59,57.56,57.48
2019-07-08,57.66,57.76,57.73,57.65
2019-07-09,57.83,57.94,57.91,57.85
2019-07-10,60.43,60.52,60.46,60.34
2019-07-11,60.2,60.28,60.23,60.11
2019-07-12,60.21,60.3,60.27,60.15
2019-07-15,59.58,59.68,59.64,59.52
2019-07-16,57.62,57.74,57.71,57.61
2019-07-17,56.78,56.92,56.95,56.93
2019-07-18,55.3,55.42,55.44,55.43
2019-07-19,55.63,55.76,55.82,55.86
2019-07-22,56.22,56.22,56.29,56.33
2019-07-23,56.77,56.85,56.89,56.85
2019-07-24,55.88,56.0,56.07,56.05
2019-07-25,56.02,56.16,56.26,56.27
2019-07-26,56.2,56.33,56.42,56.43
2019-07-29,56.87,56.96,57.01,56.97
2019-07-30,58.05,58.11,58.11,58.0
2019-07-31,58.58,58.63,58.61,58.5
2019-08-01,53.95,54.01,54.03,53.95
2019-08-02,55.66,55.67,55.66,55.56
2019-08-05,54.69,54.58,54.45,54.3
2019-08-06,53.63,53.59,53.53,53.42
2019-08-07,51.09,51.03,50.95,50.86
2019-08-08,52.54,52.46,52.29,52.1
2019-08-09,54.5,54.37,54.09,53.78
2019-08-12,54.93,54.85,54.54,54.19
2019-08-13,57.1,57.1,56.87,56.54
2019-08-14,55.23,55.25,54.99,54.66
2019-08-15,54.47,54.42,54.09,53.71
2019-08-16,54.87,54.81,54.42,53.99
2019-08-19,56.21,56.14,55.71,55.21
2019-08-20,56.34,56.13,55.8,55.34
2019-08-21,55.68,55.49,55.18,54.82
2019-08-22,55.35,55.16,54.87,54.52
2019-08-23,54.17,54.02,53.74,53.41
2019-08-26,53.64,53.5,53.24,52.91
2019-08-27,54.93,54.77,54.46,54.09
2019-08-28,55.78,55.6,55.26,54.86
2019-08-29,56.71,56.45,56.05,55.61
2019-08-30,55.1,54.89,54.56,54.16
2019-09-03,53.94,53.76,53.48,53.13
2019-09-04,56.26,56.1,55.8,55.43
2019-09-05,56.3,56.16,55.88,55.53
2019-09-06,56.52,56.43,56.17,55.82
2019-09-09,57.85,57.73,57.43,57.03
2019-09-10,57.4,57.29,57.0,56.6
2019-09-11,55.75,55.67,55.44,55.12
2019-09-12,55.09,55.05,54.86,54.57
2019-09-13,54.85,54.8,54.59,54.27
2019-09-16,62.9,62.67,62.02,61.13
2019-09-17,59.34,59.1,58.57,57.92
2019-09-18,58.11,58.04,57.62,57.08
2019-09-19,58.13,58.19,57.91,57.43
2019-09-20,58.09,58.09,57.84,57.39
2019-09-23,58.64,58.42,57.96,57.45
2019-09-24,57.29,57.08,56.63,56.14
2019-09-25,56.49,56.32,55.93,55.47
2019-09-26,56.41,56.28,55.9,55.45
2019-09-27,55.91,55.79,55.43,54.98
2019-09-30,54.07,53.98,53.7,53.32
2019-10-01,53.62,53.5,53.24,52.91
2019-10-02,52.64,52.51,52.25,51.95
2019-10-03,52.45,52.36,52.16,51.89
2019-10-04,52.81,52.74,52.56,52.33
2019-10-07,52.75,52.71,52.57,52.37
2019-10-08,52.63,52.62,52.49,52.29
2019-10-09,52.59,52.61,52.48,52.29
2019-10-10,53.55,53.56,53.41,53.19
2019-10-11,54.7,54.78,54.72,54.54
2019-10-14,53.59,53.65,53.66,53.58
2019-10-15,52.81,52.88,52.91,52.81
2019-10-16,53.36,53.45,53.47,53.36
2019-10-17,53.93,54.03,54.01,53.86
2019-10-18,53.78,53.87,53.82,53.62
2019-10-21,53.31,53.51,53.54,53.41
2019-10-22,54.16,54.48,54.5,54.34
2019-10-23,55.97,55.99,55.82,55.52
2019-10-24,56.23,56.27,56.13,55.85
2019-10-25,56.66,56.71,56.59,56.32
2019-10-28,55.81,55.9,55.83,55.63
2019-10-29,55.54,55.68,55.64,55.47
2019-10-30,55.06,55.1,54.94,54.66
2019-10-31,54.18,54.25,54.16,53.92
2019-11-01,56.2,56.27,56.15,55.86
2019-11-04,56.54,56.6,56.47,56.18
2019-11-05,57.23,57.29,57.15,56.84
2019-11-06,56.35,56.38,56.2,55.84
2019-11-07,57.15,57.15,56.93,56.54
2019-11-08,57.24,57.26,57.1,56.77
2019-11-12,56.8,56.85,56.74,56.48
2019-11-13,57.12,57.2,57.09,56.82
2019-11-14,56.77,56.88,56.77,56.48
2019-11-15,57.72,57.83,57.69,57.37
2019-11-18,57.05,57.14,57.0,56.67
2019-11-19,55.21,55.35,55.26,55.0
2019-11-20,57.11,57.01,56.88,56.58
2019-11-21,58.58,58.41,58.02,57.58
2019-11-22,57.77,57.66,57.35,56.98
2019-11-25,58.01,57.91,57.63,57.28
2019-11-26,58.41,58.32,58.06,57.71
2019-11-27,58.11,58.05,57.85,57.54
2019-11-28,58.11,58.05,57.85,57.54
2019-11-29,55.17,55.14,54.98,54.74
2019-12-02,55.96,55.91,55.74,55.47
2019-12-03,56.1,56.03,55.82,55.52
2019-12-04,58.43,58.34,58.04,57.64
2019-12-05,58.43,58.34,58.06,57.68
2019-12-06,59.2,59.1,58.78,58.37
2019-12-09,59.02,58.92,58.64,58.28
2019-12-10,59.24,59.14,58.88,58.53
2019-12-11,58.76,58.65,58.36,57.98
2019-12-12,59.18,59.06,58.76,58.36
2019-12-13,60.07,59.98,59.67,59.26
2019-12-16,60.21,60.14,59.85,59.46
2019-12-17,60.94,60.87,60.53,60.09
2019-12-18,60.93,60.85,60.56,60.15
2019-12-19,61.22,61.18,60.88,60.46
2019-12-20,60.44,60.25,59.95,59.55
2019-12-23,60.52,60.35,60.07,59.68
2019-12-24,61.11,60.94,60.65,60.26
2019-12-26,61.68,61.48,61.16,60.73
2019-12-27,61.72,61.53,61.21,60.79
2019-12-30,61.68,61.44,61.1,60.66
2019-12-31,61.06,60.77,60.41,59.97
2020-01-02,61.18,60.95,60.64,60.24
2020-01-03,63.05,62.82,62.48,62.02
2020-01-06,63.27,63.04,62.69,62.23
2020-01-07,62.7,62.51,62.21,61.81
2020-01-08,59.61,59.46,59.23,58.92
2020-01-09,59.56,59.44,59.25,58.99
2020-01-10,59.04,58.99,58.85,58.63
2020-01-13,58.08,58.08,57.99,57.82
2020-01-14,58.23,58.26,58.19,58.02
2020-01-15,57.81,57.84,57.77,57.58
2020-01-16,58.52,58.53,58.43,58.21
2020-01-17,58.54,58.58,58.51,58.3
2020-01-21,58.34,58.38,58.34,58.16
2020-01-22,56.74,56.76,56.66,56.43
2020-01-23,55.59,55.61,55.54,55.34
2020-01-24,54.19,54.2,54.12,53.91
2020-01-27,53.14,53.18,53.13,52.97
2020-01-28,53.48,53.52,53.48,53.33
2020-01-29,53.33,53.41,53.42,53.31
2020-01-30,52.14,52.23,52.27,52.23
2020-01-31,51.56,51.68,51.77,51.8
2020-02-03,50.11,50.28,50.45,50.58
2020-02-04,49.61,49.8,50.01,50.19
2020-02-05,50.75,50.92,51.13,51.31
2020-02-06,50.95,51.14,51.37,51.58
2020-02-07,50.32,50.55,50.82,51.04
2020-02-10,49.57,49.78,50.03,50.25
2020-02-11,49.94,50.17,50.45,50.68
2020-02-12,51.17,51.41,51.68,51.91
2020-02-13,51.42,51.66,51.93,52.15
2020-02-14,52.05,52.32,52.6,52.79
2020-02-18,52.05,52.29,52.58,52.82
2020-02-19,53.29,53.49,53.74,53.9
2020-02-20,53.78,53.88,54.06,54.13
2020-02-21,53.38,53.5,53.54,53.5
2020-02-24,51.43,51.58,51.67,51.72
2020-02-25,49.9,50.06,50.13,50.14
2020-02-26,48.73,48.88,48.96,48.99
2020-02-27,47.09,47.29,47.44,47.55
2020-02-28,44.76,44.94,45.1,45.23
2020-03-02,46.75,46.92,47.05,47.14
2020-03-03,47.18,47.33,47.45,47.52
2020-03-04,46.78,46.95,47.11,47.22
2020-03-05,45.9,46.06,46.21,46.34
2020-03-06,41.28,41.51,41.77,42.04
2020-03-09,31.13,31.47,31.94,32.46
2020-03-10,34.36,34.73,35.14,35.58
2020-03-11,32.98,33.39,33.86,34.39
2020-03-12,31.5,31.98,32.51,33.11
2020-03-13,31.73,32.11,32.59,33.15
2020-03-16,28.7,29.0,29.55,30.22
2020-03-17,26.95,27.33,28.05,28.96
2020-03-18,20.37,20.83,21.93,23.22
2020-03-19,25.22,25.91,26.79,27.96
2020-03-20,22.43,22.63,24.36,25.93
2020-03-23,23.36,25.48,27.23,28.44
2020-03-24,24.01,26.2,28.05,29.3
2020-03-25,24.49,27.16,29.19,30.46
2020-03-26,22.6,25.71,28.27,29.85
2020-03-27,21.51,25.15,28.13,30.05
2020-03-30,20.09,24.09,27.4,29.56
2020-03-31,20.48,24.51,27.69,29.79
2020-04-01,20.31,23.74,26.42,28.31
2020-04-02,25.32,28.05,29.92,30.91
2020-04-03,28.34,30.9,32.33,33.0
2020-04-06,26.08,29.98,32.04,32.93
2020-04-07,23.63,28.69,31.84,32.92
2020-04-08,25.09,30.17,32.92,33.65
2020-04-09,22.76,28.82,32.0,33.12
2020-04-13,22.41,29.26,32.96,34.42
2020-04-14,20.11,27.4,31.87,33.65
2020-04-15,19.87,26.04,29.96,31.49
2020-04-16,19.87,25.53,29.55,31.09
2020-04-17,18.27,25.03,29.42,31.2
2020-04-20,-37.63,20.43,26.28,28.51
2020-04-21,10.01,11.57,18.69,21.61
2020-04-22,13.78,20.69,23.76,25.77
2020-04-23,16.5,21.44,24.12,25.89
2020-04-24,16.94,21.22,23.86,25.71
2020-04-27,12.78,18.08,21.42,23.84
2020-04-28,12.34,17.6,21.17,23.77
2020-04-29,15.06,19.12,22.19,24.5
2020-04-30,18.84,21.85,24.37,26.37
2020-05-01,19.78,22.29,24.2,25.69
2020-05-04,20.39,22.78,24.63,26.08
2020-05-05,24.56,26.49,28.09,29.26
2020-05-06,23.99,25.62,27.04,28.19
2020-05-07,23.55,24.83,26.49,27.81
2020-05-08,24.74,26.17,28.05,29.51
2020-05-11,24.14,25.08,26.76,28.1
2020-05-12,25.78,26.33,27.43,28.49
2020-05-13,25.29,25.68,26.8,27.84
2020-05-14,27.56,27.88,28.66,29.42
2020-05-15,29.43,29.52,30.12,30.69
2020-05-18,31.82,31.65,32.27,32.87
2020-05-19,32.5,31.96,32.47,33.01
2020-05-20,33.49,33.94,34.38,34.65
2020-05-21,33.92,34.34,34.81,35.12
2020-05-22,33.25,33.65,34.14,34.49
2020-05-26,34.35,34.77,35.24,35.56
2020-05-27,32.81,33.23,33.69,34.04
2020-05-28,33.71,34.06,34.49,34.81
2020-05-29,35.49,35.84,36.2,36.43
2020-06-01,35.44,35.79,36.17,36.4
2020-06-02,36.81,37.06,37.35,37.53
2020-06-03,37.29,37.59,37.87,38.05
2020-06-04,37.41,37.72,38.0,38.21
2020-06-05,39.55,39.8,40.03,40.15
2020-06-08,38.19,38.43,38.65,38.8
2020-06-09,38.94,39.16,39.38,39.53
2020-06-10,39.6,39.78,39.97,40.09
2020-06-11,36.34,36.57,36.81,37.0
2020-06-12,36.26,36.51,36.78,37.0
2020-06-15,37.12,37.43,37.71,37.96
2020-06-16,38.38,38.65,38.87,39.09
2020-06-17,37.96,38.21,38.4,38.58
2020-06-18,38.84,39.05,39.23,39.38
2020-06-19,39.75,39.83,39.93,40.02
2020-06-22,40.46,40.73,40.85,40.95
2020-06-23,40.37,40.51,40.63,40.73
2020-06-24,38.01,38.21,38.39,38.56
2020-06-25,38.72,38.91,39.08,39.26
2020-06-26,38.49,38.65,38.8,38.94
2020-06-29,39.7,39.81,39.92,40.04
2020-06-30,39.27,39.34,39.48,39.58
2020-07-01,39.82,39.92,40.09,40.23
2020-07-02,40.65,40.76,40.91,41.02
2020-07-06,40.63,40.73,40.88,40.99
2020-07-07,40.62,40.7,40.84,40.94
2020-07-08,40.9,41.04,41.18,41.29
2020-07-09,39.62,39.83,40.02,40.2
2020-07-10,40.55,40.76,40.94,41.1
2020-07-13,40.1,40.32,40.49,40.64
2020-07-14,40.29,40.55,40.73,40.88
2020-07-15,41.2,41.4,41.57,41.69
2020-07-16,40.75,40.93,41.1,41.24
2020-07-17,40.59,40.75,40.94,41.11
2020-07-20,40.81,40.92,41.09,41.24
2020-07-21,41.96,41.92,42.06,42.17
2020-07-22,41.9,42.04,42.17,42.28
2020-07-23,41.07,41.21,41.37,41.51
2020-07-24,41.29,41.45,41.64,41.82
2020-07-27,41.6,41.8,42.0,42.18
2020-07-28,41.04,41.28,41.52,41.74
2020-07-29,41.27,41.54,41.81,42.04
2020-07-30,39.92,40.24,40.6,40.92
2020-07-31,40.27,40.57,40.91,41.22
2020-08-03,41.01,41.31,41.68,41.99
2020-08-04,41.7,41.91,42.21,42.46
2020-08-05,42.19,42.43,42.76,43.04
2020-08-06,41.95,42.2,42.56,42.89
2020-08-07,41.22,41.49,41.86,42.19
2020-08-10,41.94,42.17,42.5,42.8
2020-08-11,41.61,41.87,42.2,42.51
2020-08-12,42.67,42.95,43.25,43.52
2020-08-13,42.24,42.52,42.84,43.15
2020-08-14,42.01,42.31,42.67,43.0
2020-08-17,42.89,43.17,43.48,43.78
2020-08-18,42.89,43.12,43.44,43.76
2020-08-19,42.93,43.11,43.39,43.69
2020-08-20,42.58,42.82,43.09,43.39
2020-08-21,42.34,42.62,42.93,43.23
2020-08-24,42.62,42.93,43.27,43.6
2020-08-25,43.35,43.65,43.94,44.24
2020-08-26,43.39,43.69,44.0,44.31
2020-08-27,43.04,43.31,43.61,43.91
2020-08-28,42.97,43.29,43.62,43.94
2020-08-31,42.61,42.9,43.21,43.53
2020-09-01,42.76,43.08,43.41,43.75
2020-09-02,41.51,41.85,42.22,42.6
2020-09-03,41.37,41.72,42.11,42.5
2020-09-04,39.77,40.15,40.59,41.02
2020-09-08,36.76,37.19,37.71,38.21
2020-09-09,38.05,38.41,38.87,39.34
2020-09-10,37.3,37.66,38.11,38.6
2020-09-11,37.33,37.65,38.08,38.56
2020-09-14,37.26,37.56,37.99,38.47
2020-09-15,38.28,38.55,38.93,39.38
2020-09-16,40.16,40.41,40.72,41.1
2020-09-17,40.97,41.22,41.53,41.87
2020-09-18,41.11,41.32,41.61,41.93
2020-09-21,39.31,39.54,39.85,40.19
2020-09-22,39.6,39.8,40.09,40.4
2020-09-23,39.93,40.22,40.53,40.86
2020-09-24,40.31,40.58,40.9,41.24
2020-09-25,40.25,40.51,40.81,41.13
2020-09-28,40.6,40.87,41.18,41.5
2020-09-29,39.29,39.56,39.88,40.23
2020-09-30,40.22,40.47,40.79,41.13
2020-10-01,38.72,39.01,39.38,39.76
2020-10-02,37.05,37.34,37.74,38.15
2020-10-05,39.22,39.5,39.89,40.28
2020-10-06,40.67,40.93,41.27,41.61
2020-10-07,39.95,40.23,40.59,40.94
2020-10-08,41.19,41.47,41.81,42.14
2020-10-09,40.6,40.91,41.27,41.6
2020-10-12,39.43,39.73,40.11,40.47
2020-10-13,40.2,40.49,40.85,41.19
2020-10-14,41.04,41.34,41.66,41.97
2020-10-15,40.96,41.24,41.55,41.84
2020-10-16,40.88,41.12,41.42,41.7
2020-10-19,40.83,41.06,41.34,41.63
2020-10-20,41.46,41.7,41.97,42.24
2020-10-21,40.03,40.31,40.61,40.9
2020-10-22,40.64,40.94,41.23,41.5
2020-10-23,39.85,40.15,40.45,40.73
2020-10-26,38.56,38.89,39.22,39.54
2020-10-27,39.57,39.87,40.18,40.46
2020-10-28,37.39,37.72,38.08,38.43
2020-10-29,36.17,36.51,36.87,37.25
2020-10-30,35.79,36.15,36.57,37.0
2020-11-02,36.81,37.18,37.63,38.08
2020-11-03,37.66,37.99,38.41,38.83
2020-11-04,39.15,39.47,39.86,40.24
2020-11-05,38.79,39.11,39.48,39.87
2020-11-06,37.14,37.49,37.9,38.34
2020-11-09,40.29,40.62,40.97,41.31
2020-11-10,41.36,41.67,41.98,42.27
2020-11-11,41.45,41.74,42.06,42.37
2020-11-12,41.12,41.41,41.74,42.05
2020-11-13,40.13,40.4,40.7,41.01
2020-11-16,41.34,41.57,41.82,42.09
2020-11-17,41.43,41.65,41.9,42.17
2020-11-18,41.82,42.01,42.24,42.49
2020-11-19,41.74,41.9,42.11,42.34
2020-11-20,42.15,42.42,42.64,42.84
2020-11-23,43.06,43.28,43.46,43.59
2020-11-24,44.91,45.11,45.25,45.35
2020-11-25,45.71,45.91,46.03,46.11
2020-11-30,45.34,45.51,45.65,45.74
2020-12-01,44.55,44.73,44.88,44.98
2020-12-02,45.28,45.44,45.57,45.64
2020-12-03,45.64,45.79,45.91,45.96
2020-12-04,46.26,46.42,46.54,46.6
2020-12-07,45.76,45.95,46.09,46.19
2020-12-08,45.6,45.8,45.96,46.09
2020-12-09,45.52,45.72,45.87,45.99
2020-12-10,46.78,46.96,47.07,47.15
2020-12-11,46.57,46.75,46.87,46.96
2020-12-14,46.99,47.15,47.27,47.36
2020-12-15,47.62,47.78,47.88,47.95
2020-12-16,47.82,48.0,48.12,48.19
2020-12-17,48.36,48.54,48.65,48.73
2020-12-18,49.1,49.24,49.34,49.4
2020-12-21,47.74,47.97,48.09,48.17
2020-12-22,47.02,47.16,47.26,47.32
2020-12-23,48.12,48.24,48.33,48.37
2020-12-24,48.23,48.35,48.43,48.45
2020-12-28,47.62,47.77,47.87,47.93
2020-12-29,48.0,48.14,48.25,48.3
2020-12-30,48.4,48.5,48.57,48.59
2020-12-31,48.52,48.63,48.69,48.69
2021-01-04,47.62,47.76,47.87,47.92
2021-01-05,49.93,50.01,50.04,50.01
2021-01-06,50.63,50.69,50.67,50.57
2021-01-07,50.83,50.87,50.83,50.73
2021-01-08,52.24,52.26,52.19,52.04
2021-01-11,52.25,52.27,52.2,52.06
2021-01-12,53.21,53.24,53.16,53.0
2021-01-13,52.91,52.96,52.92,52.81
2021-01-14,53.57,53.62,53.53,53.37
2021-01-15,52.36,52.42,52.36,52.23
2021-01-19,52.98,52.98,52.9,52.75
2021-01-20,53.24,53.31,53.2,52.98
2021-01-21,53.13,53.05,52.87,52.61
2021-01-22,52.27,52.19,52.04,51.82
2021-01-25,52.77,52.67,52.5,52.26
2021-01-26,52.61,52.52,52.36,52.12
2021-01-27,52.85,52.73,52.53,52.26
2021-01-28,52.34,52.24,52.06,51.81
2021-01-29,52.2,52.08,51.88,51.63
2021-02-01,53.55,53.42,53.19,52.9
2021-02-02,54.76,54.62,54.36,54.01
2021-02-03,55.69,55.54,55.28,54.92
2021-02-04,56.23,56.07,55.8,55.42
2021-02-05,56.85,56.7,56.4,56.01
2021-02-08,57.97,57.83,57.55,57.15
2021-02-09,58.36,58.25,57.97,57.56
2021-02-10,58.68,58.57,58.31,57.91
2021-02-11,58.24,58.14,57.88,57.49
2021-02-12,59.47,59.38,59.06,58.6
2021-02-16,60.05,60.08,59.78,59.32
2021-02-17,61.14,61.16,60.76,60.18
2021-02-18,60.52,60.53,60.19,59.67
2021-02-19,59.24,59.26,59.06,58.66
2021-02-22,61.49,61.7,61.4,60.9
2021-02-23,61.67,61.43,60.96,60.37
2021-02-24,63.22,63.0,62.52,61.93
2021-02-25,63.53,63.22,62.7,62.07
2021-02-26,61.5,61.23,60.74,60.12
2021-03-01,60.64,60.42,59.96,59.38
2021-03-02,59.75,59.57,59.17,58.65
2021-03-03,61.28,61.1,60.69,60.15
2021-03-04,63.83,63.62,63.15,62.52
2021-03-05,66.09,65.92,65.45,64.81
2021-03-08,65.05,64.93,64.52,63.94
2021-03-09,64.01,63.99,63.69,63.2
2021-03-10,64.44,64.42,64.09,63.58
2021-03-11,66.02,66.0,65.66,65.11
2021-03-12,65.61,65.64,65.36,64.84
2021-03-15,65.39,65.44,65.2,64.71
2021-03-16,64.8,64.86,64.68,64.25
2021-03-17,64.6,64.63,64.45,64.05
2021-03-18,60.0,60.06,59.94,59.66
2021-03-19,61.42,61.44,61.31,61.01
2021-03-22,61.55,61.56,61.49,61.23
2021-03-23,57.76,57.78,57.64,57.38
2021-03-24,61.18,61.16,60.96,60.6
2021-03-25,58.56,58.57,58.4,58.07
2021-03-26,60.97,60.96,60.76,60.4
2021-03-29,61.56,61.53,61.3,60.87
2021-03-30,60.55,60.56,60.35,59.94
2021-03-31,59.16,59.18,59.03,58.69
2021-04-01,61.45,61.48,61.35,61.04
2021-04-05,58.65,58.68,58.61,58.39
2021-04-06,59.33,59.37,59.32,59.13
2021-04-07,59.77,59.81,59.73,59.5
2021-04-08,59.6,59.63,59.52,59.25
2021-04-09,59.32,59.35,59.27,59.04
2021-04-12,59.7,59.75,59.69,59.48
2021-04-13,60.18,60.24,60.19,60.0
2021-04-14,63.15,63.22,63.12,62.85
2021-04-15,63.46,63.51,63.4,63.11
2021-04-16,63.13,63.19,63.09,62.81
2021-04-19,63.38,63.43,63.31,63.0
2021-04-20,62.44,62.67,62.6,62.31
2021-04-21,61.35,61.27,61.01,60.63
2021-04-22,61.43,61.34,61.07,60.7
2021-04-23,62.14,62.02,61.72,61.34
2021-04-26,61.91,61.8,61.52,61.14
2021-04-27,62.94,62.8,62.48,62.06
2021-04-28,63.86,63.75,63.44,63.0
2021-04-29,65.01,64.88,64.52,64.02
2021-04-30,63.58,63.48,63.14,62.65
2021-05-03,64.49,64.41,64.1,63.62
2021-05-04,65.69,65.61,65.33,64.87
2021-05-05,65.63,65.59,65.35,64.91
2021-05-06,64.71,64.67,64.47,64.11
2021-05-07,64.9,64.88,64.71,64.38
2021-05-10,64.92,64.93,64.78,64.48
2021-05-11,65.28,65.3,65.15,64.86
2021-05-12,66.08,66.1,65.95,65.65
2021-05-13,63.82,63.84,63.69,63.4
2021-05-14,65.37,65.36,65.16,64.8
2021-05-17,66.27,66.28,66.07,65.68
2021-05-18,65.49,65.5,65.33,64.97
2021-05-19,63.36,63.35,63.18,62.84
2021-05-20,62.05,61.94,61.79,61.49
2021-05-21,63.58,63.36,62.99,62.54
2021-05-24,66.05,65.78,65.32,64.79
2021-05-25,66.07,65.79,65.32,64.78
2021-05-26,66.21,65.96,65.51,64.98
2021-05-27,66.85,66.6,66.12,65.56
2021-05-28,66.32,66.1,65.6,65.02
2021-06-01,67.72,67.52,67.06,66.47
2021-06-02,68.83,68.63,68.17,67.55
2021-06-03,68.81,68.6,68.14,67.53
2021-06-04,69.62,69.39,68.89,68.23
2021-06-07,69.23,69.04,68.59,67.97
2021-06-08,70.05,69.87,69.4,68.75
2021-06-09,69.96,69.79,69.33,68.68
2021-06-10,70.29,70.09,69.58,68.89
2021-06-11,70.91,70.6,69.92,69.16
2021-06-14,70.88,70.63,70.0,69.29
2021-06-15,72.12,71.86,71.14,70.32
2021-06-16,72.15,71.95,71.27,70.47
2021-06-17,71.04,70.78,70.03,69.18
2021-06-18,71.64,71.29,70.45,69.56
2021-06-21,73.66,73.12,72.03,70.97
2021-06-22,73.06,72.85,72.05,71.06
2021-06-23,73.08,72.36,71.44,70.6
2021-06-24,73.3,72.63,71.77,70.96
2021-06-25,74.05,73.33,72.4,71.52
2021-06-28,72.91,72.2,71.31,70.51
2021-06-29,72.98,72.31,71.41,70.62
2021-06-30,73.47,72.77,71.76,70.89
2021-07-01,75.23,74.33,73.06,72.05
2021-07-02,75.16,74.36,73.25,72.27
2021-07-06,73.37,72.58,71.46,70.43
2021-07-07,72.2,71.5,70.42,69.45
2021-07-08,72.94,72.22,71.17,70.19
2021-07-09,74.56,73.81,72.68,71.64
2021-07-12,74.1,73.44,72.36,71.39
2021-07-13,75.25,74.69,73.69,72.74
2021-07-14,73.13,72.64,71.81,70.96
2021-07-15,71.65,71.38,70.64,69.86
2021-07-16,71.81,71.56,70.82,70.07
2021-07-19,66.42,66.35,65.76,65.12
2021-07-20,67.42,67.2,66.62,65.95
2021-07-21,70.3,69.57,68.78,68.05
2021-07-22,71.91,71.14,70.26,69.4
2021-07-23,72.07,71.38,70.52,69.66
2021-07-26,71.91,71.34,70.57,69.74
2021-07-27,71.65,71.14,70.42,69.6
2021-07-28,72.39,71.79,71.02,70.17
2021-07-29,73.62,72.98,72.21,71.38
2021-07-30,73.95,73.23,72.43,71.57
2021-08-02,71.26,70.61,69.91,69.15
2021-08-03,70.56,70.03,69.44,68.79
2021-08-04,68.15,67.79,67.35,66.84
2021-08-05,69.09,68.74,68.32,67.84
2021-08-06,68.28,68.1,67.76,67.37
2021-08-09,66.48,66.3,65.99,65.62
2021-08-10,68.29,68.06,67.69,67.24
2021-08-11,69.25,69.02,68.65,68.18
2021-08-12,69.09,68.9,68.55,68.11
2021-08-13,68.44,68.21,67.84,67.41
2021-08-16,67.29,67.05,66.7,66.29
2021-08-17,66.59,66.34,65.99,65.6
2021-08-18,65.46,65.21,64.87,64.51
2021-08-19,63.69,63.5,63.15,62.78
2021-08-20,62.32,62.14,61.84,61.49
2021-08-23,65.64,65.34,64.96,64.57
2021-08-24,67.54,67.25,66.86,66.44
2021-08-25,68.36,68.06,67.66,67.23
2021-08-26,67.42,67.1,66.69,66.28
2021-08-27,68.74,68.48,68.11,67.7
2021-08-30,69.21,68.93,68.56,68.16
2021-08-31,68.5,68.26,67.94,67.6
2021-09-01,68.59,68.32,68.0,67.67
2021-09-02,69.99,69.73,69.41,69.05
2021-09-03,69.29,69.07,68.79,68.46
2021-09-07,68.35,68.13,67.85,67.53
2021-09-08,69.3,69.05,68.7,68.31
2021-09-09,68.14,67.92,67.61,67.24
2021-09-10,69.72,69.47,69.13,68.72
2021-09-13,70.45,70.19,69.81,69.37
2021-09-14,70.46,70.23,69.83,69.38
2021-09-15,72.61,72.33,71.84,71.26
2021-09-16,72.61,72.37,71.91,71.33
2021-09-17,71.97,71.82,71.38,70.81
2021-09-20,70.29,70.14,69.73,69.21
2021-09-21,70.56,70.49,70.14,69.67
2021-09-22,72.23,71.89,71.4,70.83
2021-09-23,73.3,72.95,72.42,71.83
2021-09-24,73.98,73.61,73.07,72.47
2021-09-27,75.45,75.08,74.53,73.92
2021-09-28,75.29,74.9,74.33,73.7
2021-09-29,74.83,74.5,73.99,73.41
2021-09-30,75.03,74.7,74.19,73.59
2021-10-01,75.88,75.58,75.12,74.55
2021-10-04,77.62,77.33,76.88,76.3
2021-10-05,78.93,78.57,78.09,77.51
2021-10-06,77.43,77.06,76.59,76.04
2021-10-07,78.3,77.96,77.45,76.87
2021-10-08,79.35,78.76,78.03,77.31
2021-10-11,80.52,79.92,79.25,78.56
2021-10-12,80.64,79.92,79.19,78.47
2021-10-13,80.44,79.82,79.12,78.38
2021-10-14,81.31,80.77,80.05,79.27
2021-10-15,82.28,81.73,80.88,79.97
2021-10-18,82.44,81.69,80.74,79.76
2021-10-19,82.96,82.44,81.5,80.45
2021-10-20,83.87,83.42,82.38,81.29
2021-10-21,82.5,81.36,80.13,79.02
2021-10-22,83.76,82.5,80.98,79.62
2021-10-25,83.76,82.61,81.21,79.95
2021-10-26,84.65,83.36,81.89,80.56
2021-10-27,82.66,81.48,80.09,78.84
2021-10-28,82.81,81.46,79.95,78.62
2021-10-29,83.57,81.78,79.98,78.46
2021-11-01,84.05,82.45,80.71,79.13
2021-11-02,83.91,82.44,80.88,79.35
2021-11-03,80.86,79.57,78.21,76.79
2021-11-04,78.81,77.7,76.57,75.47
2021-11-05,81.27,80.13,79.0,77.86
2021-11-08,81.93,80.74,79.57,78.4
2021-11-09,84.15,82.56,81.05,79.66
2021-11-10,81.34,80.06,78.74,77.5
2021-11-11,81.59,80.42,79.07,77.78
2021-11-12,80.79,79.69,78.44,77.17
2021-11-15,80.88,79.75,78.48,77.22
2021-11-16,80.76,79.74,78.54,77.35
2021-11-17,78.36,77.55,76.56,75.53
2021-11-18,79.01,78.41,77.55,76.62
2021-11-19,76.1,75.94,75.23,74.42
2021-11-22,76.75,76.12,75.39,74.7
2021-11-23,78.5,77.94,77.27,76.64
2021-11-24,78.39,77.81,77.15,76.51
2021-11-29,69.95,69.62,69.28,68.92
2021-11-30,66.18,65.85,65.49,65.15
2021-12-01,65.57,65.37,65.11,64.83
2021-12-02,66.5,66.27,66.03,65.77
2021-12-03,66.26,66.1,65.93,65.71
2021-12-06,69.49,69.3,69.07,68.8
2021-12-07,72.05,71.84,71.56,71.26
2021-12-08,72.36,72.18,71.9,71.64
2021-12-09,70.94,70.79,70.54,70.29
2021-12-10,71.67,71.48,71.22,70.95
2021-12-13,71.29,71.06,70.8,70.53
2021-12-14,70.73,70.52,70.26,69.98
2021-12-15,70.87,70.66,70.36,70.05
2021-12-16,72.38,72.15,71.75,71.35
2021-12-17,70.86,70.72,70.35,69.95
2021-12-20,68.23,68.61,68.36,68.03
2021-12-21,71.12,70.82,70.44,70.05
2021-12-22,72.76,72.33,71.83,71.32
2021-12-23,73.79,73.42,72.93,72.4
2021-12-27,75.57,75.18,74.67,74.12
2021-12-28,75.98,75.6,75.13,74.59
2021-12-29,76.56,76.18,75.71,75.18
2021-12-30,76.99,76.61,76.13,75.58
2021-12-31,75.21,74.88,74.45,73.94
2022-01-03,76.08,75.85,75.48,75.04
2022-01-04,76.99,76.74,76.38,75.95
2022-01-05,77.85,77.47,77.01,76.48
2022-01-06,79.46,78.88,78.23,77.6
2022-01-07,78.9,78.44,77.82,77.19
2022-01-10,78.23,77.7,77.1,76.48
2022-01-11,81.22,80.67,79.98,79.28
2022-01-12,82.64,82.02,81.18,80.34
2022-01-13,82.12,81.62,80.86,80.09
2022-01-14,83.82,83.3,82.42,81.56
2022-01-18,85.43,84.83,83.86,82.92
2022-01-19,86.96,85.8,84.79,83.8
2022-01-20,86.9,85.55,84.65,83.77
2022-01-21,85.14,84.14,83.2,82.28
2022-01-24,83.31,82.41,81.54,80.68
2022-01-25,85.6,84.37,83.29,82.27
2022-01-26,87.35,85.96,84.78,83.67
2022-01-27,86.61,85.29,84.13,83.03
2022-01-28,86.82,85.43,84.21,83.06
2022-01-31,88.15,86.49,85.11,83.85
2022-02-01,88.2,86.46,85.02,83.72
2022-02-02,88.26,86.69,85.32,84.07
2022-02-03,90.27,88.45,87.0,85.67
2022-02-04,92.31,90.33,88.78,87.36
2022-02-07,91.32,89.77,88.33,87.02
2022-02-08,89.36,87.9,86.55,85.29
2022-02-09,89.66,88.53,87.33,86.15
2022-02-10,89.88,88.56,87.26,86.01
2022-02-11,93.1,91.42,89.7,88.09
2022-02-14,95.46,93.5,91.52,89.6
2022-02-15,92.07,90.21,88.29,86.39
2022-02-16,93.66,91.83,89.81,87.79
2022-02-17,91.76,90.04,88.19,86.35
2022-02-18,91.07,90.21,88.6,86.92
2022-02-22,92.35,91.91,90.39,88.67
2022-02-23,92.1,90.69,89.08,87.56
2022-02-24,92.81,90.94,88.84,86.99
2022-02-25,91.59,89.89,87.93,86.19
2022-02-28,95.72,93.5,90.98,88.72
2022-03-01,103.41,100.21,96.24,92.64
2022-03-02,110.6,107.06,102.37,97.58
2022-03-03,107.67,104.61,100.74,96.78
2022-03-04,115.68,112.11,108.12,104.18
2022-03-07,119.4,115.8,111.71,107.72
2022-03-08,123.7,119.65,115.21,110.83
2022-03-09,108.7,105.05,100.95,97.26
2022-03-10,106.02,102.99,99.64,96.73
2022-03-11,109.33,106.3,103.2,100.48
2022-03-14,103.01,101.18,98.44,95.84
2022-03-15,96.44,94.79,92.83,90.87
2022-03-16,95.04,93.59,91.59,89.53
2022-03-17,102.98,101.65,99.38,96.98
2022-03-18,104.7,103.09,100.65,98.19
2022-03-21,112.12,109.97,107.06,103.98
2022-03-22,111.76,109.27,106.55,103.57
2022-03-23,114.93,111.99,108.65,105.26
2022-03-24,112.34,109.43,106.19,102.87
2022-03-25,113.9,111.06,107.93,104.54
2022-03-28,105.96,103.42,100.72,97.84
2022-03-29,104.24,102.05,99.65,97.07
2022-03-30,107.82,105.68,103.32,100.74
2022-03-31,100.28,98.52,96.88,95.08
2022-04-01,99.27,97.9,96.76,95.53
2022-04-04,103.28,101.84,100.6,99.28
2022-04-05,101.96,100.68,99.55,98.31
2022-04-06,96.23,95.41,94.63,93.76
2022-04-07,96.03,95.51,94.81,94.12
2022-04-08,98.26,97.73,97.01,96.29
2022-04-11,94.29,93.92,93.46,92.97
2022-04-12,100.6,100.15,99.4,98.52
2022-04-13,104.25,103.79,102.89,101.76
2022-04-14,106.95,106.38,105.44,104.03
2022-04-18,108.21,107.61,106.41,104.74
2022-04-19,102.56,102.05,101.16,99.84
2022-04-20,102.75,102.19,101.36,100.17
2022-04-21,103.79,102.96,101.74,100.23
2022-04-22,102.07,101.05,99.72,98.16
2022-04-25,98.54,97.67,96.53,95.18
2022-04-26,101.7,100.41,98.95,97.39
2022-04-27,102.02,100.68,99.21,97.66
2022-04-28,105.36,103.47,101.52,99.47
2022-04-29,104.69,102.94,100.88,98.69
2022-05-02,105.17,103.42,101.38,99.29
2022-05-03,102.41,100.9,99.22,97.52
2022-05-04,107.81,106.22,104.42,102.49
2022-05-05,108.26,106.74,104.86,102.84
2022-05-06,109.77,108.33,106.48,104.45
2022-05-09,103.09,101.77,100.1,98.35
2022-05-10,99.76,98.45,96.87,95.26
2022-05-11,105.71,104.03,102.2,100.34
2022-05-12,106.13,104.4,102.42,100.42
2022-05-13,110.49,108.63,106.27,103.86
2022-05-16,114.2,111.82,108.91,105.93
2022-05-17,112.4,109.63,106.76,103.86
2022-05-18,109.59,107.04,104.07,101.08
2022-05-19,112.21,109.89,106.82,103.67
2022-05-20,113.23,110.28,107.17,103.94
2022-05-23,110.29,107.54,104.61,101.94
2022-05-24,109.77,107.2,104.45,101.93
2022-05-25,110.33,107.75,105.03,102.54
2022-05-26,114.09,111.25,108.28,105.57
2022-05-27,115.07,112.23,109.23,106.48
2022-05-31,114.67,111.91,108.9,106.05
2022-06-01,115.26,112.72,109.96,107.32
2022-06-02,116.87,114.3,111.58,108.85
2022-06-03,118.87,116.23,113.47,110.7
2022-06-06,118.5,116.06,113.35,110.67
2022-06-07,119.41,117.1,114.54,112.04
2022-06-08,122.11,119.78,117.15,114.57
2022-06-09,121.51,119.09,116.49,114.01
2022-06-10,120.67,118.12,115.34,112.73
2022-06-13,120.93,118.25,115.31,112.62
2022-06-14,118.93,116.26,113.48,110.86
2022-06-15,115.31,113.09,110.75,108.42
2022-06-16,117.59,115.25,112.7,110.25
2022-06-17,109.56,107.99,105.78,103.57
2022-06-21,110.65,109.52,107.34,105.06
2022-06-22,106.19,103.99,101.83,99.9
2022-06-23,104.27,101.58,99.05,96.88
2022-06-24,107.62,104.45,101.47,98.97
2022-06-27,109.57,106.38,103.3,100.68
2022-06-28,111.76,108.89,105.99,103.43
2022-06-29,109.78,107.01,104.13,101.56
2022-06-30,105.76,103.1,100.27,97.75
2022-07-01,108.43,105.39,102.31,99.62
2022-07-05,99.5,96.52,93.44,90.73
2022-07-06,98.53,94.98,91.85,89.24
2022-07-07,102.73,99.25,96.04,93.24
2022-07-08,104.79,101.53,98.37,95.59
2022-07-11,104.09,101.21,98.2,95.58
2022-07-12,95.84,93.31,90.7,88.48
2022-07-13,96.3,93.83,91.36,89.27
2022-07-14,95.78,92.83,90.15,87.96
2022-07-15,97.59,94.57,91.74,89.37
2022-07-18,102.6,99.42,96.36,93.79
2022-07-19,104.22,100.74,97.45,94.71
2022-07-20,102.26,99.88,96.88,94.45
2022-07-21,96.35,93.78,91.72,89.95
2022-07-22,94.7,92.43,90.6,88.93
2022-07-25,96.7,94.42,92.58,90.89
2022-07-26,94.98,92.88,91.32,89.84
2022-07-27,97.26,95.29,93.79,92.34
2022-07-28,96.42,94.65,93.28,91.91
2022-07-29,98.62,96.75,95.3,93.87
2022-08-01,93.89,92.39,91.34,90.29
2022-08-02,94.42,93.22,92.29,91.33
2022-08-03,90.66,89.74,89.07,88.32
2022-08-04,88.54,87.56,86.81,85.99
2022-08-05,89.01,88.08,87.26,86.39
2022-08-08,90.76,89.93,89.16,88.36
2022-08-09,90.5,89.67,88.9,88.08
2022-08-10,91.93,91.2,90.47,89.68
2022-08-11,94.34,93.53,92.69,91.79
2022-08-12,92.09,91.46,90.87,90.16
2022-08-15,89.41,88.85,88.41,87.9
2022-08-16,86.53,86.16,85.86,85.48
2022-08-17,88.11,87.69,87.3,86.84
2022-08-18,90.5,90.11,89.67,89.08
2022-08-19,90.77,90.44,90.11,89.61
2022-08-22,90.23,90.36,89.97,89.45
2022-08-23,93.74,93.25,92.53,91.68
2022-08-24,94.89,94.4,93.65,92.72
2022-08-25,92.52,92.19,91.58,90.71
2022-08-26,93.06,92.39,91.55,90.5
2022-08-29,97.01,96.19,95.03,93.73
2022-08-30,91.64,91.17,90.46,89.53
2022-08-31,89.55,89.03,88.31,87.52
2022-09-01,86.61,86.22,85.66,84.99
2022-09-02,86.87,86.48,85.9,85.19
2022-09-06,86.88,86.51,86.03,85.43
2022-09-07,81.94,81.63,81.25,80.75
2022-09-08,83.54,83.07,82.46,81.8
2022-09-09,86.79,86.36,85.75,85.05
2022-09-12,87.78,87.41,86.86,86.21
2022-09-13,87.31,86.89,86.25,85.5
2022-09-14,88.48,88.05,87.36,86.5
2022-09-15,85.1,84.65,83.9,82.96
2022-09-16,85.11,84.76,84.07,83.16
2022-09-19,85.73,85.36,84.61,83.68
2022-09-20,84.45,83.94,83.28,82.37
2022-09-21,82.94,82.43,81.62,80.68
2022-09-22,83.49,83.03,82.27,81.33
2022-09-23,78.74,78.25,77.53,76.73
2022-09-26,76.71,76.18,75.45,74.61
2022-09-27,78.5,77.81,76.93,75.98
2022-09-28,82.15,81.24,80.2,79.09
2022-09-29,81.23,80.42,79.42,78.3
2022-09-30,79.49,78.72,77.75,76.63
2022-10-03,83.63,82.7,81.38,79.96
2022-10-04,86.52,85.5,84.17,82.71
2022-10-05,87.76,86.84,85.7,84.42
2022-10-06,88.45,87.59,86.51,85.3
2022-10-07,92.64,91.35,89.85,88.3
2022-10-10,91.13,89.84,88.4,86.88
2022-10-11,89.35,87.97,86.56,85.1
2022-10-12,87.27,86.06,84.74,83.35
2022-10-13,89.11,87.95,86.65,85.25
2022-10-14,85.61,84.65,83.55,82.29
2022-10-17,85.46,84.53,83.51,82.31
2022-10-18,82.82,82.07,81.29,80.36
2022-10-19,85.55,84.52,83.42,82.25
2022-10-20,85.98,84.51,83.3,81.99
2022-10-21,85.05,83.95,82.65,81.43
2022-10-24,84.58,83.59,82.39,81.25
2022-10-25,85.32,84.31,83.15,82.05
2022-10-26,87.91,86.68,85.34,84.05
2022-10-27,89.08,87.83,86.43,85.06
2022-10-28,87.9,86.61,85.17,83.83
2022-10-31,86.53,85.4,84.1,82.88
2022-11-01,88.37,87.19,85.82,84.53
2022-11-02,90.0,88.86,87.53,86.27
2022-11-03,88.17,87.18,86.02,84.87
2022-11-04,92.61,91.45,90.12,88.83
2022-11-07,91.79,90.73,89.54,88.38
2022-11-08,88.91,88.0,86.95,85.91
2022-11-09,85.83,85.0,84.0,83.02
2022-11-10,86.47,85.66,84.69,83.7
2022-11-11,88.96,88.16,87.17,86.14
2022-11-14,85.87,85.16,84.36,83.52
2022-11-15,86.92,86.25,85.52,84.77
2022-11-16,85.59,85.0,84.26,83.52
2022-11-17,81.64,81.4,81.09,80.67
2022-11-18,80.08,80.11,79.83,79.49
2022-11-21,79.73,80.04,79.91,79.72
2022-11-22,80.95,80.73,80.48,80.14
2022-11-23,77.94,78.07,78.12,78.05
2022-11-25,76.28,76.43,76.54,76.54
2022-11-28,77.24,77.33,77.36,77.24
2022-11-29,78.2,78.28,78.32,78.24
2022-11-30,80.55,80.66,80.75,80.71
2022-12-01,81.22,81.14,81.03,80.85
2022-12-02,79.98,80.05,80.08,80.02
2022-12-05,76.93,77.08,77.2,77.31
2022-12-06,74.25,74.46,74.63,74.75
2022-12-07,72.01,72.28,72.52,72.72
2022-12-08,71.46,71.58,71.72,71.9
2022-12-09,71.02,71.21,71.43,71.67
2022-12-12,73.17,73.28,73.46,73.63
2022-12-13,75.39,75.44,75.58,75.67
2022-12-14,77.28,77.31,77.33,77.28
2022-12-15,76.11,76.15,76.12,75.99
2022-12-16,74.29,74.46,74.54,74.52
2022-12-19,75.19,75.38,75.44,75.38
2022-12-20,76.09,76.23,76.23,76.16
2022-12-21,78.29,78.24,78.09,77.82
2022-12-22,77.49,77.42,77.26,76.99
2022-12-23,79.56,79.64,79.62,79.42
2022-12-27,79.53,79.64,79.68,79.57
2022-12-28,78.96,79.08,79.13,79.05
2022-12-29,78.4,78.5,78.54,78.46
2022-12-30,80.26,80.45,80.53,80.45
2023-01-03,76.93,77.12,77.27,77.33
2023-01-04,72.84,73.1,73.33,73.51
2023-01-05,73.67,73.92,74.14,74.3
2023-01-06,73.77,74.04,74.26,74.44
2023-01-09,74.63,74.92,75.17,75.39
2023-01-10,75.12,75.37,75.6,75.77
2023-01-11,77.41,77.68,77.9,78.04
2023-01-12,78.39,78.65,78.88,79.0
2023-01-13,79.86,80.11,80.3,80.38
2023-01-17,80.18,80.45,80.65,80.71
2023-01-18,79.48,79.8,80.03,80.16
2023-01-19,80.33,80.61,80.85,80.99
2023-01-20,81.31,81.64,81.89,82.0
2023-01-23,81.62,81.93,82.13,82.14
2023-01-24,80.13,80.44,80.65,80.65
2023-01-25,80.15,80.44,80.63,80.61
2023-01-26,81.01,81.28,81.44,81.38
2023-01-27,79.68,79.96,80.14,80.08
2023-01-30,77.9,78.18,78.37,78.34
2023-01-31,78.87,79.17,79.38,79.36
2023-02-01,76.41,76.73,76.94,76.92
2023-02-02,75.88,76.2,76.44,76.45
2023-02-03,73.39,73.74,74.0,74.05
2023-02-06,74.11,74.47,74.74,74.83
2023-02-07,77.14,77.39,77.56,77.56
2023-02-08,78.47,78.69,78.84,78.81
2023-02-09,78.06,78.27,78.39,78.35
2023-02-10,79.72,79.92,80.04,79.95
2023-02-13,80.14,80.33,80.45,80.36
2023-02-14,79.06,79.24,79.4,79.37
2023-02-15,78.59,78.83,79.02,79.01
2023-02-16,78.49,78.74,78.9,78.87
2023-02-17,76.34,76.55,76.7,76.71
2023-02-21,76.16,76.36,76.53,76.56
2023-02-22,73.95,74.19,74.31,74.24
2023-02-23,75.39,75.6,75.68,75.57
2023-02-24,76.32,76.47,76.48,76.33
2023-02-27,75.68,75.81,75.79,75.61
2023-02-28,77.05,77.19,77.14,76.9
2023-03-01,77.69,77.83,77.8,77.57
2023-03-02,78.16,78.31,78.29,78.08
2023-03-03,79.68,79.79,79.77,79.56
2023-03-06,80.46,80.56,80.51,80.28
2023-03-07,77.58,77.72,77.71,77.53
2023-03-08,76.66,76.81,76.85,76.7
2023-03-09,75.72,75.84,75.88,75.74
2023-03-10,76.68,76.78,76.8,76.65
2023-03-13,74.8,74.91,74.95,74.82
2023-03-14,71.33,71.49,71.57,71.49
2023-03-15,67.61,67.74,67.82,67.76
2023-03-16,68.35,68.52,68.63,68.59
2023-03-17,66.74,66.93,67.12,67.16
2023-03-20,67.64,67.82,67.99,68.01
2023-03-21,69.33,69.67,69.77,69.72
2023-03-22,70.9,71.02,70.97,70.74
2023-03-23,69.96,70.12,70.11,69.93
2023-03-24,69.26,69.41,69.4,69.24
2023-03-27,72.81,72.93,72.88,72.67
2023-03-28,73.2,73.34,73.29,73.06
2023-03-29,72.97,73.12,73.06,72.81
2023-03-30,74.37,74.49,74.41,74.13
2023-03-31,75.67,75.8,75.73,75.44
2023-04-03,80.42,80.44,80.16,79.64
2023-04-04,80.71,80.72,80.43,79.89
2023-04-05,80.61,80.63,80.36,79.82
2023-04-06,80.7,80.68,80.35,79.76
2023-04-10,79.74,79.77,79.46,78.92
2023-04-11,81.53,81.49,81.14,80.57
2023-04-12,83.26,83.09,82.65,81.98
2023-04-13,82.16,82.04,81.68,81.1
2023-04-14,82.52,82.43,82.06,81.47
2023-04-17,80.83,80.83,80.56,80.05
2023-04-18,80.86,80.9,80.61,80.09
2023-04-19,79.16,79.24,78.96,78.45
2023-04-20,77.29,77.37,77.11,76.64
2023-04-21,77.87,77.71,77.32,76.8
2023-04-24,78.76,78.6,78.23,77.72
2023-04-25,77.07,76.87,76.46,75.92
2023-04-26,74.3,74.19,73.87,73.42
2023-04-27,74.76,74.58,74.23,73.75
2023-04-28,76.78,76.61,76.24,75.72
2023-05-01,75.66,75.51,75.15,74.64
2023-05-02,71.66,71.55,71.27,70.85
2023-05-03,68.6,68.55,68.37,68.08
2023-05-04,68.56,68.51,68.32,68.0
2023-05-05,71.34,71.27,71.03,70.65
2023-05-08,73.16,73.07,72.81,72.42
2023-05-09,73.71,73.62,73.39,73.02
2023-05-10,72.56,72.52,72.35,72.02
2023-05-11,70.87,70.88,70.71,70.39
2023-05-12,70.04,70.02,69.83,69.5
2023-05-15,71.11,71.09,70.91,70.58
2023-05-16,70.86,70.84,70.66,70.33
2023-05-17,72.83,72.89,72.77,72.48
2023-05-18,71.86,71.94,71.86,71.61
2023-05-19,71.55,71.69,71.59,71.31
2023-05-22,71.99,72.05,71.97,71.68
2023-05-23,72.91,72.85,72.58,72.19
2023-05-24,74.34,74.29,74.01,73.61
2023-05-25,71.83,71.93,71.75,71.41
2023-05-26,72.67,72.76,72.57,72.24
2023-05-30,69.46,69.6,69.48,69.23
2023-05-31,68.09,68.24,68.14,67.92
2023-06-01,70.1,70.2,70.03,69.76
2023-06-02,71.74,71.84,71.64,71.32
2023-06-05,72.15,72.26,72.03,71.67
2023-06-06,71.74,71.85,71.63,71.27
2023-06-07,72.53,72.64,72.44,72.09
2023-06-08,71.29,71.44,71.31,71.0
2023-06-09,70.17,70.33,70.27,70.02
2023-06-12,67.12,67.29,67.3,67.16
2023-06-13,69.42,69.58,69.59,69.45
2023-06-14,68.27,68.46,68.49,68.38
2023-06-15,70.62,70.81,70.85,70.72
2023-06-16,71.78,71.93,71.92,71.75
2023-06-20,70.5,71.19,71.18,71.0
2023-06-21,72.53,72.52,72.34,72.09
2023-06-22,69.51,69.63,69.59,69.47
2023-06-23,69.16,69.32,69.32,69.24
2023-06-26,69.37,69.54,69.55,69.48
2023-06-27,67.7,67.9,67.99,68.01
2023-06-28,69.56,69.73,69.77,69.73
2023-06-29,69.86,70.02,70.04,69.97
2023-06-30,70.64,70.78,70.72,70.58
2023-07-03,69.79,69.91,69.8,69.62
2023-07-05,71.79,71.88,71.72,71.5
2023-07-06,71.8,71.79,71.56,71.28
2023-07-07,73.86,73.77,73.44,73.05
2023-07-10,72.99,72.95,72.7,72.39
2023-07-11,74.83,74.71,74.44,74.11
2023-07-12,75.75,75.54,75.25,74.91
2023-07-13,76.89,76.76,76.47,76.13
2023-07-14,75.42,75.32,75.05,74.75
2023-07-17,74.15,74.08,73.89,73.66
2023-07-18,75.75,75.66,75.42,75.14
2023-07-19,75.35,75.29,75.11,74.86
2023-07-20,75.63,75.65,75.43,75.16
2023-07-21,77.07,76.78,76.45,76.07
2023-07-24,78.74,78.4,78.02,77.58
2023-07-25,79.63,79.2,78.75,78.26
2023-07-26,78.78,78.4,78.01,77.59
2023-07-27,80.09,79.63,79.18,78.7
2023-07-28,80.58,80.18,79.76,79.32
2023-07-31,81.8,81.32,80.84,80.35
2023-08-01,81.37,80.92,80.46,79.98
2023-08-02,79.49,79.13,78.73,78.32
2023-08-03,81.55,81.08,80.61,80.12
2023-08-04,82.82,82.27,81.75,81.21
2023-08-07,81.94,81.49,81.02,80.53
2023-08-08,82.92,82.36,81.85,81.35
2023-08-09,84.4,83.69,83.07,82.49
2023-08-10,82.82,82.29,81.8,81.33
2023-08-11,83.19,82.57,82.02,81.51
2023-08-14,82.51,81.92,81.37,80.86
2023-08-15,80.99,80.5,80.05,79.61
2023-08-16,79.38,79.02,78.73,78.42
2023-08-17,80.39,79.9,79.51,79.11
2023-08-18,81.25,80.66,80.2,79.75
2023-08-21,80.72,80.12,79.76,79.38
2023-08-22,80.35,79.64,79.35,79.03
2023-08-23,78.89,78.59,78.28,77.96
2023-08-24,79.05,78.66,78.26,77.87
2023-08-25,79.83,79.49,79.09,78.69
2023-08-28,80.1,79.67,79.21,78.76
2023-08-29,81.16,80.68,80.17,79.67
2023-08-30,81.63,81.12,80.57,80.02
2023-08-31,83.63,82.96,82.26,81.58
2023-09-01,85.55,84.75,83.9,83.11
2023-09-05,86.69,86.01,85.21,84.38
2023-09-06,87.54,86.79,85.93,85.06
2023-09-07,86.87,86.15,85.32,84.49
2023-09-08,87.51,86.81,86.0,85.15
2023-09-11,87.29,86.66,85.94,85.15
2023-09-12,88.84,88.16,87.36,86.5
2023-09-13,88.52,87.88,87.11,86.27
2023-09-14,90.16,89.61,88.81,87.9
2023-09-15,90.77,90.02,88.97,87.92
2023-09-18,91.48,90.58,89.26,88.01
2023-09-19,91.2,90.48,89.17,87.89
2023-09-20,90.28,89.66,88.34,87.06
2023-09-21,89.63,88.32,87.06,85.83
2023-09-22,90.03,88.35,86.76,85.33
2023-09-25,89.68,88.17,86.7,85.29
2023-09-26,90.39,88.78,87.22,85.71
2023-09-27,93.68,91.3,89.3,87.42
2023-09-28,91.71,89.59,87.75,85.98
2023-09-29,90.79,88.8,86.98,85.27
2023-10-02,88.82,87.17,85.62,84.2
2023-10-03,89.23,87.44,85.77,84.27
2023-10-04,84.22,82.55,80.98,79.62
2023-10-05,82.31,80.81,79.41,78.24
2023-10-06,82.79,81.28,79.83,78.64
2023-10-09,86.38,84.6,83.0,81.62
2023-10-10,85.97,84.13,82.57,81.29
2023-10-11,83.49,82.07,80.92,79.96
2023-10-12,82.91,81.8,80.73,79.79
2023-10-13,87.69,86.35,85.08,83.89
2023-10-16,86.66,85.26,84.02,82.92
2023-10-17,86.66,85.44,84.3,83.26
2023-10-18,88.32,87.27,86.09,84.97
2023-10-19,89.37,88.37,87.06,85.79
2023-10-20,88.75,88.08,86.82,85.57
2023-10-23,85.49,84.42,83.4,82.51
2023-10-24,83.74,82.97,82.14,81.39
2023-10-25,85.39,84.69,83.86,83.08
2023-10-26,83.21,82.54,81.84,81.19
2023-10-27,85.54,84.7,83.84,83.05
2023-10-30,82.31,81.68,80.99,80.34
2023-10-31,81.02,80.5,79.96,79.42
2023-11-01,80.44,80.1,79.63,79.13
2023-11-02,82.46,82.16,81.7,81.2
2023-11-03,80.51,80.23,79.86,79.46
2023-11-06,80.82,80.6,80.32,79.99
2023-11-07,77.37,77.21,76.98,76.73
2023-11-08,75.33,75.31,75.12,74.93
2023-11-09,75.74,75.75,75.57,75.38
2023-11-10,77.17,77.15,76.93,76.68
2023-11-13,78.26,78.19,77.99,77.75
2023-11-14,78.26,78.17,77.98,77.75
2023-11-15,76.66,76.79,76.8,76.72
2023-11-16,72.9,73.09,73.19,73.28
2023-11-17,75.89,76.04,76.11,76.08
2023-11-20,77.6,77.83,77.9,77.83
2023-11-21,77.77,77.92,77.88,77.74
2023-11-22,77.1,77.25,77.23,77.08
2023-11-24,75.54,75.77,75.83,75.75
2023-11-27,74.86,75.09,75.22,75.2
2023-11-28,76.41,76.59,76.66,76.59
2023-11-29,77.86,77.99,77.98,77.86
2023-11-30,75.96,76.05,75.99,75.85
2023-12-01,74.07,74.25,74.31,74.28
2023-12-04,73.04,73.32,73.53,73.68
2023-12-05,72.32,72.53,72.7,72.8
2023-12-06,69.38,69.65,69.91,70.12
2023-12-07,69.34,69.59,69.81,70.0
2023-12-08,71.23,71.44,71.58,71.69
2023-12-11,71.32,71.56,71.76,71.92
2023-12-12,68.61,68.85,69.09,69.31
2023-12-13,69.47,69.72,69.98,70.24
2023-12-14,71.58,71.91,72.21,72.45
2023-12-15,71.43,71.78,72.05,72.31
2023-12-18,72.47,72.82,73.1,73.35
2023-12-19,73.44,73.94,74.21,74.44
2023-12-20,74.22,74.45,74.62,74.73
2023-12-21,73.89,74.06,74.18,74.24
2023-12-22,73.56,73.73,73.84,73.88
2023-12-26,75.57,75.71,75.79,75.79
2023-12-27,74.11,74.34,74.51,74.6
2023-12-28,71.77,71.97,72.14,72.27
2023-12-29,71.65,71.84,72.01,72.13
2024-01-02,70.38,70.62,70.82,70.99
2024-01-03,72.7,72.89,73.03,73.12
2024-01-04,72.19,72.36,72.46,72.49
2024-01-05,73.81,73.86,73.87,73.81
2024-01-08,70.77,70.92,71.02,71.06
2024-01-09,72.24,72.29,72.33,72.3
2024-01-10,71.37,71.44,71.5,71.54
2024-01-11,72.02,72.09,72.17,72.21
2024-01-12,72.68,72.79,72.88,72.93
2024-01-16,72.4,72.52,72.58,72.59
2024-01-17,72.56,72.48,72.46,72.41
2024-01-18,74.08,73.95,73.83,73.7
2024-01-19,73.41,73.25,73.12,72.99
2024-01-22,75.19,74.76,74.65,74.54
2024-01-23,74.37,74.27,74.16,73.98
2024-01-24,75.09,74.98,74.85,74.64
2024-01-25,77.36,77.19,77.01,76.72
2024-01-26,78.01,77.86,77.68,77.39
2024-01-29,76.78,76.67,76.55,76.33
2024-01-30,77.82,77.65,77.48,77.22
2024-01-31,75.85,75.71,75.56,75.35
2024-02-01,73.82,73.79,73.7,73.54
2024-02-02,72.28,72.3,72.28,72.18
2024-02-05,72.78,72.85,72.87,72.79
2024-02-06,73.31,73.37,73.35,73.23
2024-02-07,73.86,73.91,73.89,73.77
2024-02-08,76.22,76.19,76.04,75.78
2024-02-09,76.84,76.77,76.61,76.35
2024-02-12,76.92,76.82,76.65,76.39
2024-02-13,77.87,77.56,77.24,76.87
2024-02-14,76.64,76.36,76.11,75.79
2024-02-15,78.03,77.59,77.22,76.81
2024-02-16,79.19,78.46,77.98,77.48
2024-02-20,78.18,77.04,76.62,76.2
2024-02-21,77.91,77.31,76.78,76.22
2024-02-22,78.61,77.93,77.34,76.74
2024-02-23,76.49,76.08,75.62,75.13
2024-02-26,77.58,77.09,76.59,76.05
2024-02-27,78.87,78.23,77.64,77.0
2024-02-28,78.54,77.83,77.21,76.57
2024-02-29,78.26,77.45,76.81,76.18
2024-03-01,79.97,79.09,78.33,77.59
2024-03-04,78.74,78.17,77.61,77.01
2024-03-05,78.15,77.41,76.82,76.22
2024-03-06,79.13,78.41,77.78,77.14
2024-03-07,78.93,78.32,77.78,77.2
2024-03-08,78.01,77.5,77.03,76.51
2024-03-11,77.93,77.53,77.14,76.69
2024-03-12,77.56,77.25,76.9,76.46
2024-03-13,79.72,79.3,78.84,78.31
2024-03-14,81.26,80.74,80.19,79.57
2024-03-15,81.04,80.58,80.14,79.61
2024-03-18,82.72,82.16,81.61,80.96
2024-03-19,83.47,82.73,82.08,81.38
2024-03-20,81.68,81.27,80.78,80.18
2024-03-21,81.07,80.64,80.09,79.45
2024-03-22,80.63,80.17,79.61,78.95
2024-03-25,81.95,81.38,80.77,80.06
2024-03-26,81.62,81.04,80.43,79.73
2024-03-27,81.35,80.78,80.19,79.52
2024-03-28,83.17,82.42,81.67,80.89
2024-04-01,83.71,82.82,81.98,81.12
2024-04-02,85.15,84.22,83.29,82.34
2024-04-03,85.43,84.61,83.77,82.88
2024-04-04,86.59,85.81,84.96,84.03
2024-04-05,86.91,86.1,85.2,84.24
