report_id,week_ending,release_date,knowledge_cutoff,cushing_mbbl,us_mbbl,source_url,sha256,timestamp_quality,national_mbbl,reports_on_release_date,inv_z,inv_reference_n,inv_reference_mean,inv_reference_std,inv_delta1,inv_delta4,national_definition,national_z,national_reference_n,national_reference_mean,national_reference_std,national_delta1,national_delta4,state,low_hinge,high_hinge,inv_interaction
2011_08_03,2011-07-29,2011-08-03,2011-08-04T03:59:59+00:00,35.953,354.975,https://www.eia.gov/petroleum/supply/weekly/archive/2011/2011_08_03/csv/table9.csv,77fd141d9b906e9aa0aab765ddaf2adba73e7350b3ede492e3507da1c0597a54,release_date_only_ny_end_of_day,319.02200000000005,1,,0,,,,,includes_lease_stocks,,0,,,,,Unavailable,,,
2011_08_10,2011-08-05,2011-08-10,2011-08-11T03:59:59+00:00,34.581,349.75,https://www.eia.gov/petroleum/supply/weekly/archive/2011/2011_08_10/csv/table9.csv,2cd5cc7ddc4942449e801a22f3fda43d0214da611a19c949ffa7905d436fb113,release_date_only_ny_end_of_day,315.169,1,,0,,,-1.3719999999999999,,includes_lease_stocks,,0,,,-3.8530000000000655,,Unavailable,,,
2011_08_17,2011-08-12,2011-08-17,2011-08-18T03:59:59+00:00,33.688,353.983,https://www.eia.gov/petroleum/supply/weekly/archive/2011/2011_08_17/csv/table9.csv,87813410cf76b2c269b8be59e301e8910cfec9e5e0ccdb33bc5a29e0a5fe0454,release_date_only_ny_end_of_day,320.295,1,,0,,,-0.8930000000000007,,includes_lease_stocks,,0,,,5.126000000000033,,Unavailable,,,
2011_08_24,2011-08-19,2011-08-24,2011-08-25T03:59:59+00:00,33.662,351.77,https://www.eia.gov/petroleum/supply/weekly/archive/2011/2011_08_24/csv/table9.csv,0c7a9472a2a7f0705859cd78730da1c3b27f9a660e311c44a34658ab8c766595,release_date_only_ny_end_of_day,318.108,1,,0,,,-0.026000000000003354,,includes_lease_stocks,,0,,,-2.187000000000012,,Unavailable,,,
2011_08_31,2011-08-26,2011-08-31,2011-09-01T03:59:59+00:00,33.085,357.051,https://www.eia.gov/petroleum/supply/weekly/archive/2011/2011_08_31/csv/table9.csv,2930a4f608acf08034544bca7d2c0f6e30a83af6e6ed58792445bbfa6fa40048,release_date_only_ny_end_of_day,323.966,1,,0,,,-0.5769999999999982,-2.868000000000002,includes_lease_stocks,,0,,,5.858000000000004,4.94399999999996,Unavailable,,,
2011_09_08,2011-09-02,2011-09-08,2011-09-09T03:59:59+00:00,32.689,353.088,https://www.eia.gov/petroleum/supply/weekly/archive/2011/2011_09_08/csv/table9.csv,d5576c57948280c64fe1cc2d001f75d4234033c7f5a115b7494e37b5a14b41be,release_date_only_ny_end_of_day,320.399,1,,0,,,-0.3960000000000008,-1.892000000000003,includes_lease_stocks,,0,,,-3.5670000000000073,5.230000000000018,Unavailable,,,
2011_09_14,2011-09-09,2011-09-14,2011-09-15T03:59:59+00:00,32.229,346.384,https://www.eia.gov/petroleum/supply/weekly/archive/2011/2011_09_14/csv/table9.csv,196666e65c60187795db84e03fd8b750528a862f7c184ad77297f62e73871de1,release_date_only_ny_end_of_day,314.15500000000003,1,,0,,,-0.46000000000000085,-1.4590000000000032,includes_lease_stocks,,0,,,-6.243999999999971,-6.139999999999986,Unavailable,,,
2011_09_21,2011-09-16,2011-09-21,2011-09-22T03:59:59+00:00,31.998,339.048,https://www.eia.gov/petroleum/supply/weekly/archive/2011/2011_09_21/csv/table9.csv,39fd40a84b7233bc469381e717b2744ac11da40919cf5f1ed46a3809326d4253,release_date_only_ny_end_of_day,307.05,1,,0,,,-0.2309999999999981,-1.663999999999998,includes_lease_stocks,,0,,,-7.105000000000018,-11.057999999999993,Unavailable,,,
2011_09_28,2011-09-23,2011-09-28,2011-09-29T03:59:59+00:00,30.92,340.963,https://www.eia.gov/petroleum/supply/weekly/archive/2011/2011_09_28/csv/table9.csv,f2a2e2e210eb22207115bd62e76d7dcd2c350fbf3b6ab34d6e9fdda0181ec3ca,release_date_only_ny_end_of_day,310.043,1,,0,,,-1.0779999999999994,-2.164999999999999,includes_lease_stocks,,0,,,2.992999999999995,-13.923000000000002,Unavailable,,,
2011_10_05,2011-09-30,2011-10-05,2011-10-06T03:59:59+00:00,30.089,336.284,https://www.eia.gov/petroleum/supply/weekly/archive/2011/2011_10_05/csv/table9.csv,8ffff0c391fb63570d1c98d3dd437b1b5e3592f07212f19550fea46604a420ec,release_date_only_ny_end_of_day,306.195,1,,0,,,-0.8310000000000031,-2.6000000000000014,includes_lease_stocks,,0,,,-3.848000000000013,-14.204000000000008,Unavailable,,,
2011_10_13,2011-10-07,2011-10-13,2011-10-14T03:59:59+00:00,30.621,337.628,https://www.eia.gov/petroleum/supply/weekly/archive/2011/2011_10_13/csv/table9.csv,a0018cba8e26ebabb5fa19189084175cac6d5f4fbe3b17da479b959fb47bb0c0,release_date_only_ny_end_of_day,307.007,1,,0,,,0.532,-1.6080000000000005,includes_lease_stocks,,0,,,0.8120000000000118,-7.148000000000025,Unavailable,,,
2011_10_19,2011-10-14,2011-10-19,2011-10-20T03:59:59+00:00,31.092,332.899,https://www.eia.gov/petroleum/supply/weekly/archive/2011/2011_10_19/csv/table9.csv,5fe268b37ab7563f0037afbd28fa76e9126221535aa611f50a47be8c467ae6de,release_date_only_ny_end_of_day,301.807,1,,0,,,0.4710000000000001,-0.9060000000000024,includes_lease_stocks,,0,,,-5.199999999999989,-5.242999999999995,Unavailable,,,
2011_10_26,2011-10-21,2011-10-26,2011-10-27T03:59:59+00:00,31.511,337.634,https://www.eia.gov/petroleum/supply/weekly/archive/2011/2011_10_26/csv/table9.csv,3024f49e356b3f130fa811ce189fb6ca7193da8c1bd4c095e56cb3759553c153,release_date_only_ny_end_of_day,306.123,1,,0,,,0.4190000000000005,0.5909999999999975,includes_lease_stocks,,0,,,4.315999999999974,-3.920000000000016,Unavailable,,,
2011_11_02,2011-10-28,2011-11-02,2011-11-03T03:59:59+00:00,32.071,339.46,https://www.eia.gov/petroleum/supply/weekly/archive/2011/2011_11_02/csv/table9.csv,00ea1f2163ce8ef5e1996bb55d572d35ae6eb87e34c8891ca0c75747374435a5,release_date_only_ny_end_of_day,307.389,1,,0,,,0.5599999999999987,1.9819999999999993,includes_lease_stocks,,0,,,1.2660000000000196,1.1940000000000168,Unavailable,,,
2011_11_09,2011-11-04,2011-11-09,2011-11-10T04:59:59+00:00,31.139,338.09,https://www.eia.gov/petroleum/supply/weekly/archive/2011/2011_11_09/csv/table9.csv,de7875c920d94edd734c0fe7137893833d26f6f72198f7de9e00333a83925e58,release_date_only_ny_end_of_day,306.95099999999996,1,,0,,,-0.9319999999999986,0.5180000000000007,includes_lease_stocks,,0,,,-0.438000000000045,-0.05600000000004002,Unavailable,,,
2011_11_16,2011-11-11,2011-11-16,2011-11-17T04:59:59+00:00,32.029,337.034,https://www.eia.gov/petroleum/supply/weekly/archive/2011/2011_11_16/csv/table9.csv,c10f7baeea5de0bf9c0434834f4f135bbd46bbc2e3c47974e70180a2e2940707,release_date_only_ny_end_of_day,305.005,1,,0,,,0.8900000000000041,0.9370000000000047,includes_lease_stocks,,0,,,-1.9459999999999695,3.197999999999979,Unavailable,,,
2011_11_23,2011-11-18,2011-11-23,2011-11-24T04:59:59+00:00,32.016,330.815,https://www.eia.gov/petroleum/supply/weekly/archive/2011/2011_11_23/csv/table9.csv,a8c69351dd6256d110acabb78919e8f49f839f7f1d13015f9fb58504f25464f3,release_date_only_ny_end_of_day,298.799,1,,0,,,-0.01300000000000523,0.504999999999999,includes_lease_stocks,,0,,,-6.206000000000017,-7.324000000000012,Unavailable,,,
2011_11_30,2011-11-25,2011-11-30,2011-12-01T04:59:59+00:00,31.301,334.747,https://www.eia.gov/petroleum/supply/weekly/archive/2011/2011_11_30/csv/table9.csv,8fe0936006c3f4cae86a45a921e61f83def1e598e8a88b1d597cb790dced5266,release_date_only_ny_end_of_day,303.446,1,,0,,,-0.7149999999999999,-0.7699999999999996,includes_lease_stocks,,0,,,4.647000000000048,-3.9429999999999836,Unavailable,,,
2011_12_07,2011-12-02,2011-12-07,2011-12-08T04:59:59+00:00,31.105,336.083,https://www.eia.gov/petroleum/supply/weekly/archive/2011/2011_12_07/csv/table9.csv,398723a224003ee3badfc7cc66adfaf5e0600f68fb428efe1d37765acdc322b0,release_date_only_ny_end_of_day,304.978,1,,0,,,-0.19599999999999795,-0.03399999999999892,includes_lease_stocks,,0,,,1.5319999999999823,-1.9729999999999563,Unavailable,,,
2011_12_14,2011-12-09,2011-12-14,2011-12-15T04:59:59+00:00,31.188,334.151,https://www.eia.gov/petroleum/supply/weekly/archive/2011/2011_12_14/csv/table9.csv,bf630cc767fd3b52ad40da75f0aad30271e571eb117bbe39ea0a201c67703288,release_date_only_ny_end_of_day,302.963,1,,0,,,0.08299999999999841,-0.8410000000000046,includes_lease_stocks,,0,,,-2.0149999999999864,-2.041999999999973,Unavailable,,,
2011_12_21,2011-12-16,2011-12-21,2011-12-22T04:59:59+00:00,30.198,323.581,https://www.eia.gov/petroleum/supply/weekly/archive/2011/2011_12_21/csv/table9.csv,e8bb470b2e226cb058d25e097ea2294e70bbfb2b939040b29754b2ca6186d43a,release_date_only_ny_end_of_day,293.38300000000004,1,,0,,,-0.9899999999999984,-1.8179999999999978,includes_lease_stocks,,0,,,-9.579999999999984,-5.41599999999994,Unavailable,,,
2011_12_29,2011-12-23,2011-12-29,2011-12-30T04:59:59+00:00,29.909,327.48,https://www.eia.gov/petroleum/supply/weekly/archive/2011/2011_12_29/csv/table9.csv,d57a4b149a254f30a7c9f1da9215a32883020b11678112e7748ce0b5aec45479,release_date_only_ny_end_of_day,297.571,1,,0,,,-0.2890000000000015,-1.3919999999999995,includes_lease_stocks,,0,,,4.187999999999988,-5.875,Unavailable,,,
2012_01_05,2011-12-30,2012-01-05,2012-01-06T04:59:59+00:00,29.296,329.689,https://www.eia.gov/petroleum/supply/weekly/archive/2012/2012_01_05/csv/table9.csv,e3011708ffbed92c2562bb52286b757bfb1113b9d6c40f366f59e6b7d418a1e4,release_date_only_ny_end_of_day,300.39300000000003,1,,0,,,-0.6129999999999995,-1.809000000000001,includes_lease_stocks,,0,,,2.8220000000000027,-4.5849999999999795,Unavailable,,,
2012_01_11,2012-01-06,2012-01-11,2012-01-12T04:59:59+00:00,29.105,334.647,https://www.eia.gov/petroleum/supply/weekly/archive/2012/2012_01_11/csv/table9.csv,ba4e4d7c5b0ec486067d14addf874fd2d902e089ede6706d24af4924953d26b1,release_date_only_ny_end_of_day,305.542,1,,4,30.147749999999995,0.7889074195789176,-0.19099999999999895,-2.0829999999999984,includes_lease_stocks,,4,298.5775,4.103840599568485,5.148999999999944,2.578999999999951,Unavailable,,,
2012_01_19,2012-01-13,2012-01-19,2012-01-20T04:59:59+00:00,28.273,331.209,https://www.eia.gov/petroleum/supply/weekly/archive/2012/2012_01_19/csv/table9.csv,45318392078d73edddc59c8f2f87df4e39f682964913f0d942fce42001c73994,release_date_only_ny_end_of_day,302.936,1,,3,29.801,0.4605963525691453,-0.8320000000000007,-1.9250000000000007,includes_lease_stocks,,3,297.1156666666667,3.527112322188407,-2.6059999999999945,9.55299999999994,Unavailable,,,
2012_01_25,2012-01-20,2012-01-25,2012-01-26T04:59:59+00:00,28.647,334.767,https://www.eia.gov/petroleum/supply/weekly/archive/2012/2012_01_25/csv/table9.csv,4f876df8039fbb16f8c3e13cd8fa9bccc8c4dc95ba85ba2a8836bf47f2b5b8a0,release_date_only_ny_end_of_day,306.12,1,,2,29.6025,0.43345645686735335,0.3739999999999988,-1.2620000000000005,includes_lease_stocks,,2,298.982,1.995455336508439,3.184000000000026,8.548999999999978,Unavailable,,,
2012_02_01,2012-01-27,2012-02-01,2012-02-02T04:59:59+00:00,30.123,338.942,https://www.eia.gov/petroleum/supply/weekly/archive/2012/2012_02_01/csv/table9.csv,c616df856ddb970406be5de2c02074764724cacec72839b3bdcad6c909299048,release_date_only_ny_end_of_day,308.819,1,,1,29.296,,1.4760000000000026,0.8270000000000017,includes_lease_stocks,,1,300.39300000000003,,2.6990000000000123,8.425999999999988,Unavailable,,,
2012_02_08,2012-02-03,2012-02-08,2012-02-09T04:59:59+00:00,30.49,339.246,https://www.eia.gov/petroleum/supply/weekly/archive/2012/2012_02_08/csv/table9.csv,7b8b49e5faba443171621fcd511cc8c73af1b8d92485456b3d17dc64efa89a78,release_date_only_ny_end_of_day,308.756,1,,0,,,0.36699999999999733,1.384999999999998,includes_lease_stocks,,0,,,-0.06300000000004502,3.2139999999999986,Unavailable,,,
2012_02_15,2012-02-10,2012-02-15,2012-02-16T04:59:59+00:00,32.48,339.075,https://www.eia.gov/petroleum/supply/weekly/archive/2012/2012_02_15/csv/table9.csv,a0f81785a078f8b0fe6aa82aa5f75d26b18bfff5c1a64b4a4b73946c36bce464,release_date_only_ny_end_of_day,306.59499999999997,1,,0,,,1.9899999999999984,4.206999999999997,includes_lease_stocks,,0,,,-2.1610000000000014,3.658999999999992,Unavailable,,,
2012_02_23,2012-02-17,2012-02-23,2012-02-24T04:59:59+00:00,32.165,340.708,https://www.eia.gov/petroleum/supply/weekly/archive/2012/2012_02_23/csv/table9.csv,581bbdc4d9fd4cb44691081d22ae8f5e90baa771f273ab047a64ca522ce7cb24,release_date_only_ny_end_of_day,308.543,1,,0,,,-0.3149999999999977,3.5180000000000007,includes_lease_stocks,,0,,,1.948000000000036,2.423000000000002,Unavailable,,,
2012_02_29,2012-02-24,2012-02-29,2012-03-01T04:59:59+00:00,33.813,344.868,https://www.eia.gov/petroleum/supply/weekly/archive/2012/2012_02_29/csv/table9.csv,e5e4a512e68b180dd2b6bba47192d0bb5d8e9c7de136a677e2077da0bde86982,release_date_only_ny_end_of_day,311.055,1,,0,,,1.6480000000000032,3.6900000000000013,includes_lease_stocks,,0,,,2.5120000000000005,2.23599999999999,Unavailable,,,
2012_03_07,2012-03-02,2012-03-07,2012-03-08T04:59:59+00:00,36.178,345.7,https://www.eia.gov/petroleum/supply/weekly/archive/2012/2012_03_07/csv/table9.csv,80bd1771f982d3cac1c621b88340a370dd9d7310842e2154dcd39f2081b1131c,release_date_only_ny_end_of_day,309.522,1,,0,,,2.364999999999995,5.687999999999999,includes_lease_stocks,,0,,,-1.5330000000000155,0.7660000000000196,Unavailable,,,
2012_03_14,2012-03-09,2012-03-14,2012-03-15T03:59:59+00:00,38.697,347.45,https://www.eia.gov/petroleum/supply/weekly/archive/2012/2012_03_14/csv/table9.csv,d16632d7984bfd588478028c3c26db6b30d8ef2686874918bac2914cdce9d0ee,release_date_only_ny_end_of_day,308.753,1,,0,,,2.5190000000000055,6.217000000000006,includes_lease_stocks,,0,,,-0.7690000000000055,2.1580000000000155,Unavailable,,,
2012_03_21,2012-03-16,2012-03-21,2012-03-22T03:59:59+00:00,38.521,346.288,https://www.eia.gov/petroleum/supply/weekly/archive/2012/2012_03_21/csv/table9.csv,0bc0d3107cfd10d3418012cbfc5773e1e1d3b4cc400a342382e2592d35ba9750,release_date_only_ny_end_of_day,307.767,1,,0,,,-0.17600000000000193,6.356000000000002,includes_lease_stocks,,0,,,-0.98599999999999,-0.7760000000000105,Unavailable,,,
2012_03_28,2012-03-23,2012-03-28,2012-03-29T03:59:59+00:00,39.564,353.39,https://www.eia.gov/petroleum/supply/weekly/archive/2012/2012_03_28/csv/table9.csv,82470ac19704d836aabfa592cc6ef0f7bdf25bd9b47192f54454ae92b4eeaa6a,release_date_only_ny_end_of_day,313.82599999999996,1,,0,,,1.0429999999999993,5.750999999999998,includes_lease_stocks,,0,,,6.058999999999969,2.770999999999958,Unavailable,,,
2012_04_04,2012-03-30,2012-04-04,2012-04-05T03:59:59+00:00,40.293,362.399,https://www.eia.gov/petroleum/supply/weekly/archive/2012/2012_04_04/csv/table9.csv,cf2d61adfdaf3e4f8b27edc360579bc4dc373553ef5e4ec3f2f430cbd9a0d11a,release_date_only_ny_end_of_day,322.106,1,,0,,,0.7289999999999992,4.115000000000002,includes_lease_stocks,,0,,,8.28000000000003,12.584000000000003,Unavailable,,,
2012_04_11,2012-04-06,2012-04-11,2012-04-12T03:59:59+00:00,40.585,365.19,https://www.eia.gov/petroleum/supply/weekly/archive/2012/2012_04_11/csv/table9.csv,c36a0c3a90c602744ad0fe1f3ad25b3ba2790fd0fbe47a5eea337f37a092371d,release_date_only_ny_end_of_day,324.605,1,,0,,,0.2920000000000016,1.8879999999999981,includes_lease_stocks,,0,,,2.4990000000000236,15.852000000000032,Unavailable,,,
2012_04_18,2012-04-13,2012-04-18,2012-04-19T03:59:59+00:00,41.177,369.046,https://www.eia.gov/petroleum/supply/weekly/archive/2012/2012_04_18/csv/table9.csv,fe421bbdbfaa0b1db4df2a632df538439835801febfa3305597b6f8dee494ee6,release_date_only_ny_end_of_day,327.86899999999997,1,,0,,,0.5919999999999987,2.655999999999999,includes_lease_stocks,,0,,,3.263999999999953,20.101999999999975,Unavailable,,,
2012_04_25,2012-04-20,2012-04-25,2012-04-26T03:59:59+00:00,41.751,373.024,https://www.eia.gov/petroleum/supply/weekly/archive/2012/2012_04_25/csv/table9.csv,635f4f11544d3ad826a7039941a057c0b0875c59ecc2ccf7665eba5038d50df5,release_date_only_ny_end_of_day,331.273,1,,0,,,0.5739999999999981,2.1869999999999976,includes_lease_stocks,,0,,,3.404000000000053,17.44700000000006,Unavailable,,,
2012_05_02,2012-04-27,2012-05-02,2012-05-03T03:59:59+00:00,42.964,375.864,https://www.eia.gov/petroleum/supply/weekly/archive/2012/2012_05_02/csv/table9.csv,42310733083f0c5bfeefe310de5d8005c1f24a5d9dc953d56f489fcb774ffa20,release_date_only_ny_end_of_day,332.9,1,,0,,,1.213000000000001,2.6709999999999994,includes_lease_stocks,,0,,,1.6269999999999527,10.793999999999983,Unavailable,,,
2012_05_09,2012-05-04,2012-05-09,2012-05-10T03:59:59+00:00,44.127,379.516,https://www.eia.gov/petroleum/supply/weekly/archive/2012/2012_05_09/csv/table9.csv,507dc613a2a96a15a855f1f78e1aac0ba0a7db0c3afd2154b08e04f342e157e3,release_date_only_ny_end_of_day,335.389,1,,0,,,1.1630000000000038,3.5420000000000016,includes_lease_stocks,,0,,,2.4890000000000327,10.783999999999992,Unavailable,,,
2012_05_16,2012-05-11,2012-05-16,2012-05-17T03:59:59+00:00,45.127,381.644,https://www.eia.gov/petroleum/supply/weekly/archive/2012/2012_05_16/csv/table9.csv,f5c81d13c79fd7579a647033d05f7de2ac9c6f83ba1bc7a93b632ea26840bb3a,release_date_only_ny_end_of_day,336.517,1,,0,,,1.0,3.950000000000003,includes_lease_stocks,,0,,,1.127999999999986,8.648000000000025,Unavailable,,,
2012_05_23,2012-05-18,2012-05-23,2012-05-24T03:59:59+00:00,46.795,382.527,https://www.eia.gov/petroleum/supply/weekly/archive/2012/2012_05_23/csv/table9.csv,184c1610323a674e76db1b3e09ff5a8ebc4f1f9dfe1bf0a86e216f14d1634778,release_date_only_ny_end_of_day,335.73199999999997,1,,0,,,1.6679999999999993,5.044000000000004,includes_lease_stocks,,0,,,-0.785000000000025,4.458999999999946,Unavailable,,,
2012_05_31,2012-05-25,2012-05-31,2012-06-01T03:59:59+00:00,46.849,384.74,https://www.eia.gov/petroleum/supply/weekly/archive/2012/2012_05_31/csv/table9.csv,07decbd8eae7518ce611e2e6d962c1221fd57939c72aa2481a9de07aed1cfcbc,release_date_only_ny_end_of_day,337.891,1,,0,,,0.05399999999999494,3.884999999999998,includes_lease_stocks,,0,,,2.1590000000000487,4.991000000000042,Unavailable,,,
2012_06_06,2012-06-01,2012-06-06,2012-06-07T03:59:59+00:00,47.775,384.629,https://www.eia.gov/petroleum/supply/weekly/archive/2012/2012_06_06/csv/table9.csv,e3683021c78750fc59ff05360a137e91b1375408af1d84e68ee6605c394f0f5c,release_date_only_ny_end_of_day,336.85400000000004,1,,0,,,0.9260000000000019,3.647999999999996,includes_lease_stocks,,0,,,-1.0369999999999777,1.4650000000000318,Unavailable,,,
2012_06_13,2012-06-08,2012-06-13,2012-06-14T03:59:59+00:00,47.395,384.438,https://www.eia.gov/petroleum/supply/weekly/archive/2012/2012_06_13/csv/table9.csv,b9c2ddac7707c0120471d55a7f742e5cde06056dee1c2169f1a4dd46ebcf5591,release_date_only_ny_end_of_day,337.043,1,,0,,,-0.37999999999999545,2.2680000000000007,includes_lease_stocks,,0,,,0.18899999999996453,0.5260000000000105,Unavailable,,,
2012_06_20,2012-06-15,2012-06-20,2012-06-21T03:59:59+00:00,47.755,387.299,https://www.eia.gov/petroleum/supply/weekly/archive/2012/2012_06_20/csv/table9.csv,24a6873e3eda2a1a9c7c2c36a6e590e5bf48259c2baeb081bfd57f12ed727b5a,release_date_only_ny_end_of_day,339.544,1,,0,,,0.35999999999999943,0.9600000000000009,includes_lease_stocks,,0,,,2.5009999999999764,3.812000000000012,Unavailable,,,
2012_06_27,2012-06-22,2012-06-27,2012-06-28T03:59:59+00:00,47.416,387.166,https://www.eia.gov/petroleum/supply/weekly/archive/2012/2012_06_27/csv/table9.csv,c044a5bb3015c7da03eb79ae9cc0eaeaa2f2c2666286c70b52bb82c2e76bfb3e,release_date_only_ny_end_of_day,339.75,1,,0,,,-0.33900000000000574,0.5670000000000002,includes_lease_stocks,,0,,,0.20600000000001728,1.8589999999999804,Unavailable,,,
2012_07_05,2012-06-29,2012-07-05,2012-07-06T03:59:59+00:00,47.641,382.896,https://www.eia.gov/petroleum/supply/weekly/archive/2012/2012_07_05/csv/table9.csv,091e93761479ad3bc7836717c6deec20c6e5d83b8febce2836deb040c9bfa18a,release_date_only_ny_end_of_day,335.255,1,,0,,,0.22500000000000142,-0.13400000000000034,includes_lease_stocks,,0,,,-4.4950000000000045,-1.5990000000000464,Unavailable,,,
2012_07_11,2012-07-06,2012-07-11,2012-07-12T03:59:59+00:00,46.782,378.2,https://www.eia.gov/petroleum/supply/weekly/archive/2012/2012_07_11/csv/table9.csv,46e26ca2f42043931f250650ed24426da6903387cf20ee9cd15c65b9d767533a,release_date_only_ny_end_of_day,331.418,1,,1,35.953,,-0.8590000000000018,-0.6130000000000067,includes_lease_stocks,,1,319.02200000000005,,-3.836999999999989,-5.625,Unavailable,,,
2012_07_18,2012-07-13,2012-07-18,2012-07-19T03:59:59+00:00,46.282,377.391,https://www.eia.gov/petroleum/supply/weekly/archive/2012/2012_07_18/csv/table9.csv,dd4672d1d44469a514e621834bbb6448985ad510811fcec583df47c1b2b17e40,release_date_only_ny_end_of_day,331.10900000000004,1,,2,35.267,0.9701505037879431,-0.5,-1.473000000000006,includes_lease_stocks,,2,317.0955,2.724482427911814,-0.3089999999999691,-8.434999999999945,Unavailable,,,
2012_07_25,2012-07-20,2012-07-25,2012-07-26T03:59:59+00:00,46.485,380.108,https://www.eia.gov/petroleum/supply/weekly/archive/2012/2012_07_25/csv/table9.csv,81922597c0685061174721bc20b67cd568fa6baf94ab58e34bf38329f38dc315,release_date_only_ny_end_of_day,333.623,1,,3,34.74066666666667,1.1409103090661132,0.20300000000000296,-0.9309999999999974,includes_lease_stocks,,3,318.16200000000003,2.66902023222008,2.513999999999953,-6.1270000000000095,Unavailable,,,
2012_08_01,2012-07-27,2012-08-01,2012-08-02T03:59:59+00:00,45.1,373.586,https://www.eia.gov/petroleum/supply/weekly/archive/2012/2012_08_01/csv/table9.csv,8e1e7b125422b782f268c1b4b06fa45347cbd079ad79dfde8ffce5da9b584ee9,release_date_only_ny_end_of_day,328.486,1,,4,34.471000000000004,1.0764128699837572,-1.384999999999998,-2.540999999999997,includes_lease_stocks,,4,318.1485,2.1794131473097873,-5.1370000000000005,-6.7690000000000055,Unavailable,,,
2012_08_08,2012-08-03,2012-08-08,2012-08-09T03:59:59+00:00,44.298,369.857,https://www.eia.gov/petroleum/supply/weekly/archive/2012/2012_08_08/csv/table9.csv,da3d6d6d0f6ad2a78fd9fbbf46d241951ac8f969d22203d34c564cc199ddb587,release_date_only_ny_end_of_day,325.559,1,,5,34.1938,1.1194631302548568,-0.8019999999999996,-2.4839999999999947,includes_lease_stocks,,5,319.312,3.2141939113874343,-2.926999999999964,-5.8589999999999804,Unavailable,,,
2012_08_15,2012-08-10,2012-08-15,2012-08-16T03:59:59+00:00,45.197,366.158,https://www.eia.gov/petroleum/supply/weekly/archive/2012/2012_08_15/csv/table9.csv,9b54fab3e41ebff2f519207ff4da9d5aea89e6c938b2759128c669a1a9800d9c,release_date_only_ny_end_of_day,320.961,1,,6,33.943000000000005,1.1747178384616463,0.8990000000000009,-1.0849999999999937,includes_lease_stocks,,6,319.49316666666664,2.9089108213671153,-4.598000000000013,-10.148000000000025,Unavailable,,,
2012_08_22,2012-08-17,2012-08-22,2012-08-23T03:59:59+00:00,45.242,360.746,https://www.eia.gov/petroleum/supply/weekly/archive/2012/2012_08_22/csv/table9.csv,bec216c9f03fbfce69b18669477e8c8ce2324d9749be72602299f69a37a15006,release_date_only_ny_end_of_day,315.50399999999996,1,,7,33.698142857142855,1.2528581229295197,0.0449999999999946,-1.243000000000002,includes_lease_stocks,,7,318.7305714285714,3.3350155850281955,-5.4570000000000505,-18.119000000000028,Unavailable,,,
2012_08_29,2012-08-24,2012-08-29,2012-08-30T03:59:59+00:00,44.821,364.524,https://www.eia.gov/petroleum/supply/weekly/archive/2012/2012_08_29/csv/table9.csv,3bc373b34b9f01a0875033e0b837c092e67d8b465f58bc2396a379ccd3333f41,release_date_only_ny_end_of_day,319.703,1,,8,33.485625,1.3064179967157754,-0.4209999999999994,-0.27900000000000347,includes_lease_stocks,,8,317.2705,5.156344967956608,4.199000000000012,-8.783000000000015,Unavailable,,,
2012_09_06,2012-08-31,2012-09-06,2012-09-07T03:59:59+00:00,44.915,357.098,https://www.eia.gov/petroleum/supply/weekly/archive/2012/2012_09_06/csv/table9.csv,ce774cf07aec7f17792b7fa8697575bd08f873f7df09ec9b1379b0214b501878,release_date_only_ny_end_of_day,312.183,1,,8,32.856500000000004,1.1510989779957492,0.0940000000000012,0.6169999999999973,includes_lease_stocks,,8,316.14812500000005,5.672067560485706,-7.519999999999982,-13.376000000000033,Unavailable,,,
2012_09_12,2012-09-07,2012-09-12,2012-09-13T03:59:59+00:00,44.087,359.092,https://www.eia.gov/petroleum/supply/weekly/archive/2012/2012_09_12/csv/table9.csv,6209595b5fa13d207b705c0f289d5957e180410ae74af8fe6f44be1bc76e8961,release_date_only_ny_end_of_day,315.005,1,,8,32.295,1.278285682355195,-0.8279999999999959,-1.1099999999999994,includes_lease_stocks,,8,315.02637500000003,6.689500086756432,2.8220000000000027,-5.956000000000017,Unavailable,,,
2012_09_19,2012-09-14,2012-09-19,2012-09-20T03:59:59+00:00,43.813,367.626,https://www.eia.gov/petroleum/supply/weekly/archive/2012/2012_09_19/csv/table9.csv,be3716ff006ad7dd54ff41bb8c52c91917619fc4997b973cf0edb015c5056d7f,release_date_only_ny_end_of_day,323.813,1,,8,31.911625,1.2606186618935507,-0.2740000000000009,-1.428999999999995,includes_lease_stocks,,8,313.36537500000003,6.842372999760913,8.807999999999993,8.309000000000026,Unavailable,,,
2012_09_26,2012-09-21,2012-09-26,2012-09-27T03:59:59+00:00,43.73,365.18,https://www.eia.gov/petroleum/supply/weekly/archive/2012/2012_09_26/csv/table9.csv,b9595dae8a0844dba5d81a45057e8eb68a17487ce5d148ebbbddf86ea92af522,release_date_only_ny_end_of_day,321.45,1,,8,31.590375,1.062777753611464,-0.08300000000000551,-1.091000000000001,includes_lease_stocks,,8,311.32775000000004,7.612158446477958,-2.3629999999999995,1.747000000000014,Unavailable,,,
2012_10_03,2012-09-28,2012-10-03,2012-10-04T03:59:59+00:00,43.865,364.698,https://www.eia.gov/petroleum/supply/weekly/archive/2012/2012_10_03/csv/table9.csv,835012c3dd2a5d13d5781cdcdbe24ebda7ffad475439581e8ce4cf397ef75d34,release_date_only_ny_end_of_day,320.83299999999997,1,,8,31.393625,0.8758006846798619,0.13500000000000512,-1.0499999999999972,includes_lease_stocks,,8,309.09737500000006,5.771632250870263,-0.6170000000000186,8.649999999999977,Unavailable,,,
2012_10_11,2012-10-05,2012-10-11,2012-10-12T03:59:59+00:00,44.165,366.37,https://www.eia.gov/petroleum/supply/weekly/archive/2012/2012_10_11/csv/table9.csv,28c8b3147e9047cb5eb5640c55b516451cadac94b3e9946ebe593f4e97efe495,release_date_only_ny_end_of_day,322.205,1,,8,31.316375,0.7655332291938738,0.29999999999999716,0.07799999999999585,includes_lease_stocks,,8,307.47112500000003,3.5298012261922924,1.372000000000014,7.199999999999989,Unavailable,,,
2012_10_17,2012-10-12,2012-10-17,2012-10-18T03:59:59+00:00,44.025,369.23,https://www.eia.gov/petroleum/supply/weekly/archive/2012/2012_10_17/csv/table9.csv,04c9f27600327dd6b9f2dc78975f86c399803feaa72b8856d7bdd286e59525a0,release_date_only_ny_end_of_day,325.20500000000004,1,,8,31.180124999999997,0.6710708792668627,-0.14000000000000057,0.2119999999999962,includes_lease_stocks,,8,306.570625,2.2780198128763343,3.000000000000057,1.3920000000000528,Unavailable,,,
2012_10_24,2012-10-19,2012-10-24,2012-10-25T03:59:59+00:00,44.065,375.126,https://www.eia.gov/petroleum/supply/weekly/archive/2012/2012_10_24/csv/table9.csv,517774c2d5d08e80387bee00508e4bb3b01fda72da98c7949ca1a7c01f5c819b,release_date_only_ny_end_of_day,331.061,1,,8,31.183999999999997,0.6765355021832088,0.03999999999999915,0.33500000000000085,includes_lease_stocks,,8,306.315,2.33067274162878,5.855999999999938,9.61099999999999,Unavailable,,,
2012_11_01,2012-10-26,2012-11-01,2012-11-02T03:59:59+00:00,43.394,373.081,https://www.eia.gov/petroleum/supply/weekly/archive/2012/2012_11_01/csv/table9.csv,02afbd014e2f2a655b2888012b9a60d276bf2e0ca1909569c44df823f7aebd96,release_date_only_ny_end_of_day,329.687,1,,8,31.320999999999998,0.7246948126132629,-0.6709999999999994,-0.47100000000000364,includes_lease_stocks,,8,304.9095,3.0428623272927005,-1.3739999999999668,8.854000000000042,Unavailable,,,
2012_11_07,2012-11-02,2012-11-07,2012-11-08T04:59:59+00:00,42.966,374.847,https://www.eia.gov/petroleum/supply/weekly/archive/2012/2012_11_07/csv/table9.csv,3f0ba57258aa95e599dd8a52f8a1983dab07a8be4977b9e7624c170adbe5c763,release_date_only_ny_end_of_day,331.881,1,,8,31.472499999999997,0.531202947496126,-0.42799999999999727,-1.198999999999998,includes_lease_stocks,,8,304.565875,3.0321556423253924,2.19399999999996,9.675999999999988,Unavailable,,,
2012_11_15,2012-11-09,2012-11-15,2012-11-16T04:59:59+00:00,43.681,375.936,https://www.eia.gov/petroleum/supply/weekly/archive/2012/2012_11_15/csv/table9.csv,70fad2d7b30e4fa33a7df5e9db3b40fbcf409c8cad57d9b1117fa12c826653c4,release_date_only_ny_end_of_day,332.255,1,,8,31.532999999999998,0.4401230347462922,0.7149999999999963,-0.3440000000000012,includes_lease_stocks,,8,304.31225,2.879829496440965,0.37400000000002365,7.0499999999999545,Unavailable,,,
2012_11_21,2012-11-16,2012-11-21,2012-11-22T04:59:59+00:00,45.15,374.47,https://www.eia.gov/petroleum/supply/weekly/archive/2012/2012_11_21/csv/table9.csv,cd86bdf8729565144945e487f1a416fa718cdfa674283832ce367b037c9da92a,release_date_only_ny_end_of_day,329.32000000000005,1,,8,31.544999999999998,0.4275093983929311,1.4690000000000012,1.0850000000000009,includes_lease_stocks,,8,304.45675,2.762790553563035,-2.9349999999999454,-1.7409999999999286,Unavailable,,,
2012_11_28,2012-11-23,2012-11-28,2012-11-29T04:59:59+00:00,45.857,374.123,https://www.eia.gov/petroleum/supply/weekly/archive/2012/2012_11_28/csv/table9.csv,1929d91f7c161460e76075c07e628593c2c70a10c4cdf85b8a3eef937e72d0bb,release_date_only_ny_end_of_day,328.26599999999996,1,,8,31.380875,0.6411047245631112,0.7070000000000007,2.463000000000001,includes_lease_stocks,,8,302.86424999999997,4.675073437161928,-1.0540000000000873,-1.4210000000000491,Unavailable,,,
2012_12_05,2012-11-30,2012-12-05,2012-12-06T04:59:59+00:00,45.631,371.766,https://www.eia.gov/petroleum/supply/weekly/archive/2012/2012_12_05/csv/table9.csv,8d96fa137e39565ee36293e4d2ab2ceee6e2726f43f3cdf6a6b7bc95f52d5a80,release_date_only_ny_end_of_day,326.135,1,,8,31.110625,0.7543180340072562,-0.2259999999999991,2.664999999999999,includes_lease_stocks,,8,301.637,4.605744456654089,-2.130999999999972,-5.745999999999981,Unavailable,,,
2012_12_12,2012-12-07,2012-12-12,2012-12-13T04:59:59+00:00,46.818,372.609,https://www.eia.gov/petroleum/supply/weekly/archive/2012/2012_12_12/csv/table9.csv,b1db78ca76f5fbecb3c83d5bc7625fb4d1b46d683afb48ea6d80d4aed22ba0bd,release_date_only_ny_end_of_day,325.791,1,,8,30.880249999999997,0.9892600048232304,1.1869999999999976,3.1370000000000005,includes_lease_stocks,,8,300.81725,4.078220786778743,-0.3439999999999941,-6.463999999999999,Unavailable,,,
2012_12_19,2012-12-14,2012-12-19,2012-12-20T04:59:59+00:00,46.963,371.645,https://www.eia.gov/petroleum/supply/weekly/archive/2012/2012_12_19/csv/table9.csv,8178dda6537d377d18241307133ebed5912efab18908921a6b6b02e95a296bb1,release_date_only_ny_end_of_day,324.68199999999996,1,,7,30.716142857142852,0.9436015099202676,0.14500000000000313,1.8130000000000024,includes_lease_stocks,,7,300.219,4.007921780673865,-1.1090000000000373,-4.6380000000000905,Unavailable,,,
2012_12_28,2012-12-21,2012-12-28,2012-12-29T04:59:59+00:00,49.177,371.059,https://www.eia.gov/petroleum/supply/weekly/archive/2012/2012_12_28/csv/table9.csv,47b586da0a2a658c1a3d960a4d3eac0eb537644c6dbac96529c26ed97c126a5a,release_date_only_ny_end_of_day,321.882,1,,6,30.499499999999998,0.8211052916648387,2.2139999999999986,3.3200000000000003,includes_lease_stocks,,6,300.4556666666667,4.336545983460408,-2.7999999999999545,-6.383999999999958,Unavailable,,,
2013_01_04,2012-12-28,2013-01-04,2013-01-05T04:59:59+00:00,49.75,359.939,https://www.eia.gov/petroleum/supply/weekly/archive/2013/2013_01_04/csv/table9.csv,72d8db1e5ca357f75f8b7c4c1a4d48de3fda898145ec7276d06ebf924a341625,release_date_only_ny_end_of_day,310.189,1,,5,30.339199999999998,0.8062547364201963,0.5730000000000004,4.119,includes_lease_stocks,,5,299.8576,4.563377126646439,-11.692999999999984,-15.94599999999997,Unavailable,,,
2013_01_09,2013-01-04,2013-01-09,2013-01-10T04:59:59+00:00,50.082,361.253,https://www.eia.gov/petroleum/supply/weekly/archive/2013/2013_01_09/csv/table9.csv,9817acb6cd0a37825afc4e42f578c852d26d256696db413782bb2a294d733d43,release_date_only_ny_end_of_day,311.171,1,,12,35.78725,9.21503173303864,0.33200000000000074,3.264000000000003,includes_lease_stocks,,12,308.35591666666664,10.584465026703752,0.9819999999999709,-14.620000000000005,Unavailable,,,
2013_01_16,2013-01-11,2013-01-16,2013-01-17T04:59:59+00:00,51.862,360.302,https://www.eia.gov/petroleum/supply/weekly/archive/2013/2013_01_16/csv/table9.csv,8631998c97201d8198e7c23d77e1b7cb0ca0e4a455497170d7d969b9c1e6ffe7,release_date_only_ny_end_of_day,308.44,1,,11,34.721000000000004,8.982257177346906,1.7800000000000011,4.899000000000001,includes_lease_stocks,,11,307.29754545454546,9.418665716157834,-2.7309999999999945,-16.241999999999962,Unavailable,,,
2013_01_24,2013-01-18,2013-01-24,2013-01-25T04:59:59+00:00,51.391,363.115,https://www.eia.gov/petroleum/supply/weekly/archive/2013/2013_01_24/csv/table9.csv,af2c3f9705d9a0fa739926d26d0354e212c916dad9668d6a3c5c4cbcbfa7eccb,release_date_only_ny_end_of_day,311.724,1,,10,33.725,8.377133346862225,-0.47100000000000364,2.2139999999999986,includes_lease_stocks,,10,306.8803,6.583071185497943,3.283999999999992,-10.158000000000015,Unavailable,,,
2013_01_30,2013-01-25,2013-01-30,2013-01-31T04:59:59+00:00,51.675,369.062,https://www.eia.gov/petroleum/supply/weekly/archive/2013/2013_01_30/csv/table9.csv,e4bf89e60f666069bd20bb9fd2409321ca61bf16acc6341e6b2d5cde3274098f,release_date_only_ny_end_of_day,317.387,1,,9,32.25877777777778,6.7207369346258785,0.2839999999999989,1.9249999999999972,includes_lease_stocks,,9,306.4325555555555,3.1479688336731946,5.663000000000011,7.197999999999979,Unavailable,,,
2013_02_06,2013-02-01,2013-02-06,2013-02-07T04:59:59+00:00,51.36,371.685,https://www.eia.gov/petroleum/supply/weekly/archive/2013/2013_02_06/csv/table9.csv,e4819e539469d2414e0e3be8ce71c5b47040c1540d7879a09c427753c71d46b2,release_date_only_ny_end_of_day,320.325,1,,8,30.637,1.9999940714197846,-0.3149999999999977,1.2779999999999987,includes_lease_stocks,,8,307.29575,2.5098864943032315,2.937999999999988,9.153999999999996,Unavailable,,,
2013_02_13,2013-02-08,2013-02-13,2013-02-14T04:59:59+00:00,50.242,372.245,https://www.eia.gov/petroleum/supply/weekly/archive/2013/2013_02_13/csv/table9.csv,dc28d3de7d73256c57030bd825b435c2d9989cb0d7595b32f14792d6b7332b7a,release_date_only_ny_end_of_day,322.003,1,,8,31.521124999999998,2.675339093994842,-1.118000000000002,-1.6200000000000045,includes_lease_stocks,,8,307.79325,2.5070532360864353,1.6779999999999973,13.562999999999988,Unavailable,,,
2013_02_21,2013-02-15,2013-02-21,2013-02-22T04:59:59+00:00,50.659,376.388,https://www.eia.gov/petroleum/supply/weekly/archive/2013/2013_02_21/csv/table9.csv,b43d97e157d2ada6e703ec035956aa655e5953d9395ca614a931cf197525affd,release_date_only_ny_end_of_day,325.729,1,,8,32.824125,3.326569852286716,0.4170000000000016,-0.7319999999999993,includes_lease_stocks,,8,308.520375,1.5627707936775126,3.725999999999999,14.004999999999995,Unavailable,,,
2013_02_27,2013-02-22,2013-02-27,2013-02-28T04:59:59+00:00,50.584,377.518,https://www.eia.gov/petroleum/supply/weekly/archive/2013/2013_02_27/csv/table9.csv,69765a778ee610635cd80c650548cb67d2a695cf0b98d757cf08f4d9a2ea4d4e,release_date_only_ny_end_of_day,326.93399999999997,1,,8,34.058375,3.3865594819816773,-0.07499999999999574,-1.090999999999994,includes_lease_stocks,,8,308.72625,1.2852162408382128,1.204999999999984,9.546999999999969,Unavailable,,,
2013_03_06,2013-03-01,2013-03-06,2013-03-07T04:59:59+00:00,50.841,381.351,https://www.eia.gov/petroleum/supply/weekly/archive/2013/2013_03_06/csv/table9.csv,714ac99dfad5aa1bee480983f6505fe8ffdf6611eb0a4cbc3e1b01bb6e27c24f,release_date_only_ny_end_of_day,330.51,1,,8,35.2385,3.4633729637037782,0.2569999999999979,-0.5189999999999984,includes_lease_stocks,,8,309.352125,2.2177065655118295,3.576000000000022,10.185000000000002,Unavailable,,,
2013_03_13,2013-03-08,2013-03-13,2013-03-14T03:59:59+00:00,49.315,383.975,https://www.eia.gov/petroleum/supply/weekly/archive/2013/2013_03_13/csv/table9.csv,1c73f774bd631cda91f0b456af245a7a423e33b297a8baec59143836eb6f8cc7,release_date_only_ny_end_of_day,334.66,1,,8,36.463875,3.272221457642674,-1.5260000000000034,-0.9269999999999996,includes_lease_stocks,,8,311.020875,4.992218328487419,4.150000000000034,12.657000000000039,Unavailable,,,
2013_03_20,2013-03-15,2013-03-20,2013-03-21T03:59:59+00:00,49.029,382.661,https://www.eia.gov/petroleum/supply/weekly/archive/2013/2013_03_20/csv/table9.csv,f2335b114738047f67e7b3c5a06890206fcec30ee36432cbeec6648841c52de5,release_date_only_ny_end_of_day,333.632,1,,8,37.477000000000004,3.1134057144640086,-0.28599999999999426,-1.6299999999999955,includes_lease_stocks,,8,313.272125,6.533985623262425,-1.02800000000002,7.90300000000002,Unavailable,,,
2013_03_27,2013-03-22,2013-03-27,2013-03-28T03:59:59+00:00,49.468,385.917,https://www.eia.gov/petroleum/supply/weekly/archive/2013/2013_03_27/csv/table9.csv,2aac06bd0cf4bacf76f1aba7d29fef0dd7eb6a70aa49654563cdd7d6a9ed1504,release_date_only_ny_end_of_day,336.44899999999996,1,,8,38.6035,2.483479816708805,0.43900000000000006,-1.1159999999999997,includes_lease_stocks,,8,315.68787499999996,7.954047746498095,2.8169999999999504,9.514999999999986,Unavailable,,,
2013_04_03,2013-03-29,2013-04-03,2013-04-04T03:59:59+00:00,49.181,388.624,https://www.eia.gov/petroleum/supply/weekly/archive/2013/2013_04_03/csv/table9.csv,8ce83c683eeffed4eaabe25e106d6128210ae945b5fc8b28e84cb90303e19c48,release_date_only_ny_end_of_day,339.44300000000004,1,,8,39.595749999999995,1.7830587483310807,-0.28700000000000614,-1.6600000000000037,includes_lease_stocks,,8,318.215125,9.359523636191573,2.994000000000085,8.93300000000005,Unavailable,,,
2013_04_10,2013-04-05,2013-04-10,2013-04-11T03:59:59+00:00,50.07,388.874,https://www.eia.gov/petroleum/supply/weekly/archive/2013/2013_04_10/csv/table9.csv,1b0d647fa4a189b436aa18b16b1328cd0b2c470442e42e21336d2f804d720c5f,release_date_only_ny_end_of_day,338.80400000000003,1,,8,40.444,1.5195374296146824,0.8890000000000029,0.7550000000000026,includes_lease_stocks,,8,321.137375,9.892013733129806,-0.63900000000001,4.1440000000000055,Unavailable,,,
2013_04_17,2013-04-12,2013-04-17,2013-04-18T03:59:59+00:00,51.148,387.641,https://www.eia.gov/petroleum/supply/weekly/archive/2013/2013_04_17/csv/table9.csv,8924bcbca1c0f982dc86da5e4fc07eac5cb1ddc702d00660ef5f66abce58a816,release_date_only_ny_end_of_day,336.493,1,,8,41.12275,1.812252958533738,1.078000000000003,2.1189999999999998,includes_lease_stocks,,8,324.466875,9.606657355895003,-2.3110000000000355,2.86099999999999,Unavailable,,,
2013_04_24,2013-04-19,2013-04-24,2013-04-25T03:59:59+00:00,51.183,388.588,https://www.eia.gov/petroleum/supply/weekly/archive/2013/2013_04_24/csv/table9.csv,1a649d6ae595cdbfbe7807e4feabe405aa9f29931c7c8b4efcf7fd69dec66933,release_date_only_ny_end_of_day,337.40500000000003,1,,8,41.948499999999996,1.9566675752411302,0.03499999999999659,1.7149999999999963,includes_lease_stocks,,8,328.06062499999996,7.643993289551896,0.9120000000000346,0.9560000000000741,Unavailable,,,
2013_05_01,2013-04-26,2013-05-01,2013-05-02T03:59:59+00:00,49.801,395.284,https://www.eia.gov/petroleum/supply/weekly/archive/2013/2013_05_01/csv/table9.csv,044dcf8d3a0f9935b55ea066659b7dce147bb8288977165243ec169f49956a5e,release_date_only_ny_end_of_day,345.483,1,,8,42.852374999999995,2.331971510331978,-1.381999999999998,0.6200000000000045,includes_lease_stocks,,8,330.798875,5.4150026365248785,8.077999999999975,6.039999999999964,Unavailable,,,
2013_05_08,2013-05-03,2013-05-08,2013-05-09T03:59:59+00:00,49.149,395.514,https://www.eia.gov/petroleum/supply/weekly/archive/2013/2013_05_08/csv/table9.csv,d263bd1ced8b220dacfb3b1ceb29189416209aee0adde44ec0934286ba935f8b,release_date_only_ny_end_of_day,346.365,1,,8,43.671875,2.452887711453584,-0.652000000000001,-0.9209999999999994,includes_lease_stocks,,8,332.772,4.611199998760781,0.882000000000005,7.560999999999979,Unavailable,,,
2013_05_15,2013-05-10,2013-05-15,2013-05-16T03:59:59+00:00,49.724,394.89,https://www.eia.gov/petroleum/supply/weekly/archive/2013/2013_05_15/csv/table9.csv,b3483da5fe5c513f65c78be86acdf9084036985383e1ff585d93435fd73b8f16,release_date_only_ny_end_of_day,345.166,1,,8,44.570625,2.477367031893798,0.5749999999999957,-1.4240000000000066,includes_lease_stocks,,8,334.303125,3.3816784267790654,-1.1990000000000123,8.673000000000002,Unavailable,,,
2013_05_22,2013-05-17,2013-05-22,2013-05-23T03:59:59+00:00,50.173,394.552,https://www.eia.gov/petroleum/supply/weekly/archive/2013/2013_05_22/csv/table9.csv,4b74006f73029ac57d31f855fec8042fb2981326827907dbb682e5266d4cf9ef,release_date_only_ny_end_of_day,344.379,1,,8,45.347875,2.222896915385096,0.4490000000000052,-1.009999999999998,includes_lease_stocks,,8,335.449875,2.2563848732936913,-0.7869999999999777,6.9739999999999895,Unavailable,,,
2013_05_30,2013-05-24,2013-05-30,2013-05-31T03:59:59+00:00,50.508,397.552,https://www.eia.gov/petroleum/supply/weekly/archive/2013/2013_05_30/csv/table9.csv,21099aa0efe0a1941532829f23a43e5e3d332c18494e4979f06409a5dbbe38af,release_date_only_ny_end_of_day,347.04400000000004,1,,8,46.098375000000004,1.8102736129025991,0.33500000000000085,0.7070000000000007,includes_lease_stocks,,8,336.48375,1.9421381258808614,2.6650000000000205,1.5610000000000355,Unavailable,,,
2013_06_05,2013-05-31,2013-06-05,2013-06-06T03:59:59+00:00,50.024,391.285,https://www.eia.gov/petroleum/supply/weekly/archive/2013/2013_06_05/csv/table9.csv,aa2e0fe9fcb1b495f213bd73d37019d18d9ad1b7d12060873a82b3c1ab19c07a,release_date_only_ny_end_of_day,341.261,1,,8,46.654875000000004,1.3295501320264032,-0.48400000000000176,0.875,includes_lease_stocks,,8,337.34000000000003,1.6196611638593674,-5.7830000000000155,-5.103999999999985,Unavailable,,,
2013_06_12,2013-06-07,2013-06-12,2013-06-13T03:59:59+00:00,49.265,393.808,https://www.eia.gov/petroleum/supply/weekly/archive/2013/2013_06_12/csv/table9.csv,a3541b15529b8c2de3e209f3131ede009f810f7cb2b96e0c6a5a2dcbaf3bb74b,release_date_only_ny_end_of_day,344.543,1,,8,47.094125,0.879341545459685,-0.7590000000000003,-0.4589999999999961,includes_lease_stocks,,8,337.32325000000003,1.6432413743226273,3.2819999999999823,-0.6229999999999905,Unavailable,,,
2013_06_19,2013-06-14,2013-06-19,2013-06-20T03:59:59+00:00,48.596,394.121,https://www.eia.gov/petroleum/supply/weekly/archive/2013/2013_06_19/csv/table9.csv,f1fba8fcfacb2635c82509a68b6af7e65bc5d45a075a78cbc46fcfd56e9e4ec6,release_date_only_ny_end_of_day,345.525,1,,8,47.301,0.4306397234679728,-0.669000000000004,-1.5770000000000053,includes_lease_stocks,,8,336.685875,2.6692336748052394,0.9819999999999709,1.1459999999999582,Unavailable,,,
2013_06_26,2013-06-21,2013-06-26,2013-06-27T03:59:59+00:00,49.26,394.139,https://www.eia.gov/petroleum/supply/weekly/archive/2013/2013_06_26/csv/table9.csv,289371a4470873aef5391c596dab444c8dafbd39a33fd22052bae4eb297d4ece,release_date_only_ny_end_of_day,344.879,1,,8,47.236875,0.5408436366323598,0.6640000000000015,-1.2480000000000047,includes_lease_stocks,,8,336.10800000000006,3.325095057717461,-0.6459999999999582,-2.1650000000000205,Unavailable,,,
2013_07_03,2013-06-28,2013-07-03,2013-07-04T03:59:59+00:00,49.652,383.792,https://www.eia.gov/petroleum/supply/weekly/archive/2013/2013_07_03/csv/table9.csv,06be035b7b8efbefbe811ee57079a5e440f8049ed3ddb0ca03f1811817f03c69,release_date_only_ny_end_of_day,334.14,1,,8,47.191375,0.5911115286354307,0.392000000000003,-0.3719999999999999,includes_lease_stocks,,8,335.5745,3.3405080451931184,-10.739000000000033,-7.121000000000038,Unavailable,,,
2013_07_10,2013-07-05,2013-07-10,2013-07-11T03:59:59+00:00,46.965,373.918,https://www.eia.gov/petroleum/supply/weekly/archive/2013/2013_07_10/csv/table9.csv,6fe12655635b8db9693c7a9b8d5975ba23b91736fc408eb4dbd4f4ce22155e54,release_date_only_ny_end_of_day,326.953,1,,9,45.64544444444445,3.729461794653187,-2.6869999999999976,-2.299999999999997,includes_lease_stocks,,9,332.80555555555554,6.439181297166401,-7.187000000000012,-17.590000000000032,Unavailable,,,
2013_07_17,2013-07-12,2013-07-17,2013-07-18T03:59:59+00:00,46.083,367.016,https://www.eia.gov/petroleum/supply/weekly/archive/2013/2013_07_17/csv/table9.csv,6c2e0100a2901680883e028f7a96d1ffcdbef214a0c897f875c9a36d18880eba,release_date_only_ny_end_of_day,320.933,1,,10,44.2293,4.857903344036394,-0.882000000000005,-2.512999999999998,includes_lease_stocks,,10,329.8935,8.113832458626845,-6.019999999999982,-24.591999999999985,Unavailable,,,
2013_07_24,2013-07-19,2013-07-24,2013-07-25T03:59:59+00:00,44.023,364.191,https://www.eia.gov/petroleum/supply/weekly/archive/2013/2013_07_24/csv/table9.csv,b3842bc87bfb02697ceb7a2365f5fc899131a6dc7da23fa9709c79e9805ad20a,release_date_only_ny_end_of_day,320.16799999999995,1,,11,43.03845454545455,5.444434504402386,-2.059999999999995,-5.236999999999995,includes_lease_stocks,,11,327.33154545454545,7.740138117160907,-0.7650000000000432,-24.71100000000007,Unavailable,,,
2013_07_31,2013-07-26,2013-07-31,2013-08-01T03:59:59+00:00,42.119,364.622,https://www.eia.gov/petroleum/supply/weekly/archive/2013/2013_07_31/csv/table9.csv,6ecacf458e835e21b38f0245dab4f6dbf7a28fb0e910f371fbf4ad211dca8ae7,release_date_only_ny_end_of_day,322.50300000000004,1,,12,42.07591666666667,5.712120517864276,-1.9040000000000035,-7.533000000000001,includes_lease_stocks,,12,324.54241666666667,7.239369114380234,2.3350000000000932,-11.636999999999944,Unavailable,,,
2013_08_07,2013-08-02,2013-08-07,2013-08-08T03:59:59+00:00,39.874,363.302,https://www.eia.gov/petroleum/supply/weekly/archive/2013/2013_08_07/csv/table9.csv,ef13b4e70336955dc93cf9a72b4a3eb4b4036920512e3468067f9498a89158e5,release_date_only_ny_end_of_day,323.428,1,,13,41.16738461538462,5.813653792846364,-2.2449999999999974,-7.091000000000001,includes_lease_stocks,,13,323.3017692307693,6.228136467594014,0.9249999999999545,-3.5249999999999773,Unavailable,,,
2013_08_14,2013-08-09,2013-08-14,2013-08-15T03:59:59+00:00,38.515,360.49,https://www.eia.gov/petroleum/supply/weekly/archive/2013/2013_08_14/csv/table9.csv,7e54be1402c99db9a5704de4451ca8c92f1d522f94a1154e46e759fc66b69a9d,release_date_only_ny_end_of_day,321.975,1,,14,40.428428571428576,5.898772893437383,-1.3590000000000018,-7.567999999999998,includes_lease_stocks,,14,321.7205,6.18092804520487,-1.4529999999999745,1.04200000000003,Unavailable,,,
2013_08_21,2013-08-16,2013-08-21,2013-08-22T03:59:59+00:00,37.425,359.062,https://www.eia.gov/petroleum/supply/weekly/archive/2013/2013_08_21/csv/table9.csv,2ecda142cc7b4196c0d3b3acd40986c6205c1d5cffef7aa08a460e4115126a57,release_date_only_ny_end_of_day,321.637,1,,15,39.73546666666667,5.92506970262396,-1.0900000000000034,-6.598000000000006,includes_lease_stocks,,15,320.1425333333334,5.815566829843929,-0.3380000000000223,1.469000000000051,Unavailable,,,
2013_08_28,2013-08-23,2013-08-28,2013-08-29T03:59:59+00:00,36.588,362.048,https://www.eia.gov/petroleum/supply/weekly/archive/2013/2013_08_28/csv/table9.csv,e8def8bb6ed8c61fd29fa09545ce56b0f7b60dd14cd621ded7b53cfb18404e43,release_date_only_ny_end_of_day,325.46,1,,16,39.084875,5.863198613669278,-0.8369999999999962,-5.530999999999999,includes_lease_stocks,,16,318.71112500000004,5.439806012166243,3.822999999999979,2.956999999999937,Unavailable,,,
2013_09_05,2013-08-30,2013-09-05,2013-09-06T03:59:59+00:00,34.759,360.212,https://www.eia.gov/petroleum/supply/weekly/archive/2013/2013_09_05/csv/table9.csv,2fa965847cb9d6a0bed5ace12e65c15d78119c971690e7037ccdbe6b861525ba,release_date_only_ny_end_of_day,325.453,1,,16,38.6846875,6.084658683593791,-1.8290000000000006,-5.115000000000002,includes_lease_stocks,,16,317.7101875,5.258867624863107,-0.007000000000005002,2.0249999999999773,Unavailable,,,
2013_09_11,2013-09-06,2013-09-11,2013-09-12T03:59:59+00:00,34.12,359.993,https://www.eia.gov/petroleum/supply/weekly/archive/2013/2013_09_11/csv/table9.csv,7bb8a170507cc4237a2330204f14843a7b027d76cf047caf50d2f1b5f8843094,release_date_only_ny_end_of_day,325.873,1,,16,38.376875,6.357158934356343,-0.6390000000000029,-4.395000000000003,includes_lease_stocks,,16,316.8539375,5.6414815721729195,0.4200000000000159,3.8979999999999677,Unavailable,,,
2013_09_18,2013-09-13,2013-09-18,2013-09-19T03:59:59+00:00,33.259,355.625,https://www.eia.gov/petroleum/supply/weekly/archive/2013/2013_09_18/csv/table9.csv,7b093a29c133a6ffd70c17bccc086277adfcadc2272f4f8cca23eba08a5966fe,release_date_only_ny_end_of_day,322.366,1,,16,38.1206875,6.482326061106461,-0.8609999999999971,-4.165999999999997,includes_lease_stocks,,16,316.10118750000004,6.138489327934568,-3.507000000000005,0.728999999999985,Unavailable,,,
2013_09_25,2013-09-20,2013-09-25,2013-09-26T03:59:59+00:00,32.847,358.26,https://www.eia.gov/petroleum/supply/weekly/archive/2013/2013_09_25/csv/table9.csv,a0f28934df3950f86dadf72c0ae5e47e2c91212e266edd8cd904ceffb33bcf3e,release_date_only_ny_end_of_day,325.413,1,,16,37.884,6.547683050769435,-0.41199999999999903,-3.7409999999999997,includes_lease_stocks,,16,315.6886875,7.506941398632332,3.0470000000000255,-0.04699999999996862,Unavailable,,,
2013_10_02,2013-09-27,2013-10-02,2013-10-03T03:59:59+00:00,32.788,363.732,https://www.eia.gov/petroleum/supply/weekly/archive/2013/2013_10_02/csv/table9.csv,4b1254a36bc4138aaa1e42deed6a63375483041a236b473e163664a5bc18526d,release_date_only_ny_end_of_day,330.944,1,,16,37.738375000000005,6.5848842751157495,-0.059000000000004604,-1.9710000000000036,includes_lease_stocks,,16,315.283375,8.50829339624972,5.531000000000006,5.491000000000042,Unavailable,,,
2013_10_09,2013-10-04,2013-10-09,2013-10-10T03:59:59+00:00,32.62,370.539,https://www.eia.gov/petroleum/supply/weekly/archive/2013/2013_10_09/csv/table9.csv,f8fde7e8a29820e9a8bf4419eecef967e6e938b548c1ffe1ecf7ebf7cc1b602b,release_date_only_ny_end_of_day,337.919,1,,16,37.6046875,6.517819959861323,-0.16799999999999926,-1.5,includes_lease_stocks,,16,315.56425,9.37588118880922,6.974999999999966,12.045999999999992,Unavailable,,,
2013_10_21,2013-10-11,2013-10-21,2013-10-22T03:59:59+00:00,32.986,374.538,https://www.eia.gov/petroleum/supply/weekly/archive/2013/2013_10_21/csv/table9.csv,9b1d1ef98414feaf48005e96e9c24561e7484a1a8961854d17b2b6731304c527,release_date_only_ny_end_of_day,341.552,1,,16,37.466499999999996,6.514366267463526,0.36599999999999966,-0.27300000000000324,includes_lease_stocks,,16,316.16875,10.49090449548242,3.633000000000038,19.186000000000035,Unavailable,,,
2013_10_23,2013-10-18,2013-10-23,2013-10-24T03:59:59+00:00,33.344,379.784,https://www.eia.gov/petroleum/supply/weekly/archive/2013/2013_10_23/csv/table9.csv,a0e55bfff108f2289bf2ebfab4914ed071cd9ebe4c5c8bb4d6f939f8fd253f68,release_date_only_ny_end_of_day,346.44,1,,16,37.4601875,6.5041409498744205,0.3580000000000041,0.4969999999999999,includes_lease_stocks,,16,316.5685625,11.225385368106519,4.887999999999977,21.026999999999987,Unavailable,,,
2013_10_30,2013-10-25,2013-10-30,2013-10-31T03:59:59+00:00,35.522,383.871,https://www.eia.gov/petroleum/supply/weekly/archive/2013/2013_10_30/csv/table9.csv,28b2c135d1a8d95c2bd40faefb5c83dc8216c867d328e7abd7e385f5ac939175,release_date_only_ny_end_of_day,348.349,1,,16,37.6174375,6.536308305343315,2.1779999999999973,2.7340000000000018,includes_lease_stocks,,16,316.3576875,12.386478567205184,1.9089999999999918,17.404999999999973,Unavailable,,,
2013_11_06,2013-11-01,2013-11-06,2013-11-07T04:59:59+00:00,36.513,385.448,https://www.eia.gov/petroleum/supply/weekly/archive/2013/2013_11_06/csv/table9.csv,7a2bff2a672d24fcec65fc8a4c38e34b75ed55482c0fefa071dfadb431e9e656,release_date_only_ny_end_of_day,348.935,1,,16,37.8176875,6.5943746604587155,0.9909999999999997,3.8930000000000007,includes_lease_stocks,,16,316.6504375,12.871706620692015,0.5860000000000127,11.01600000000002,Unavailable,,,
2013_11_14,2013-11-08,2013-11-14,2013-11-15T04:59:59+00:00,38.204,388.088,https://www.eia.gov/petroleum/supply/weekly/archive/2013/2013_11_14/csv/table9.csv,ee765a7724151046b94894ee3205f760431749a948819ca211d387b9192bfb4c,release_date_only_ny_end_of_day,349.884,1,,16,37.939562499999994,6.6637143793207905,1.6910000000000025,5.2180000000000035,includes_lease_stocks,,16,316.76924999999994,13.13352016533775,0.9490000000000123,8.331999999999994,Unavailable,,,
2013_11_20,2013-11-15,2013-11-20,2013-11-21T04:59:59+00:00,39.94,388.463,https://www.eia.gov/petroleum/supply/weekly/archive/2013/2013_11_20/csv/table9.csv,864da3069e6beed09cfc4ad8b36c82dc578fc3cd96e3cfbf97484cfc0392d5ca,release_date_only_ny_end_of_day,348.523,1,,16,38.120125,6.8607253345886585,1.735999999999997,6.5959999999999965,includes_lease_stocks,,16,316.878125,13.074464495726009,-1.36099999999999,2.083000000000027,Unavailable,,,
2013_11_27,2013-11-22,2013-11-27,2013-11-28T04:59:59+00:00,40.616,391.416,https://www.eia.gov/petroleum/supply/weekly/archive/2013/2013_11_27/csv/table9.csv,90d53c4f3b80a6a6d44706e70fc2fabd1b5d12a4f054ba92163f816674ca82db,release_date_only_ny_end_of_day,350.8,1,,16,38.219187500000004,7.154582207403867,0.6760000000000019,5.094000000000001,includes_lease_stocks,,16,315.68318750000003,13.753479618960666,2.276999999999987,2.451000000000022,Unavailable,,,
2013_12_04,2013-11-29,2013-12-04,2013-12-05T04:59:59+00:00,40.598,385.831,https://www.eia.gov/petroleum/supply/weekly/archive/2013/2013_12_04/csv/table9.csv,e434a28d6363fe676647ad69ebe493b6258a655372262f90a05f4f7eeaff7b6e,release_date_only_ny_end_of_day,345.233,1,,16,38.4455,7.709540401346892,-0.018000000000000682,4.085000000000001,includes_lease_stocks,,16,314.58175,13.951197542385614,-5.567000000000007,-3.701999999999998,Unavailable,,,
2013_12_11,2013-12-06,2013-12-11,2013-12-12T04:59:59+00:00,41.223,375.246,https://www.eia.gov/petroleum/supply/weekly/archive/2013/2013_12_11/csv/table9.csv,77823512236777d925e544e5f3fc4431d7204801f81dd60dd66160665ddf5b43,release_date_only_ny_end_of_day,334.02299999999997,1,,16,38.7543125,8.277336783601756,0.625,3.0189999999999984,includes_lease_stocks,,16,312.816125,13.497615270236926,-11.210000000000036,-15.861000000000047,Unavailable,,,
2013_12_18,2013-12-13,2013-12-18,2013-12-19T04:59:59+00:00,40.623,372.305,https://www.eia.gov/petroleum/supply/weekly/archive/2013/2013_12_18/csv/table9.csv,fa3de686ef9035dc39f30d64ce2bd6ad36148e00d3248ad8ec1df84d053d0867,release_date_only_ny_end_of_day,331.682,1,,15,38.23093333333333,8.64875230858406,-0.6000000000000014,0.6829999999999998,includes_lease_stocks,,15,311.556,12.881312333321134,-2.3409999999999513,-16.841000000000008,Unavailable,,,
2013_12_27,2013-12-20,2013-12-27,2013-12-28T04:59:59+00:00,40.177,367.574,https://www.eia.gov/petroleum/supply/weekly/archive/2013/2013_12_27/csv/table9.csv,5d7d908e4624470963d38087f4cf42eb5f7ce403133c33272fcfd8120458e9fb,release_date_only_ny_end_of_day,327.397,1,,14,37.469357142857135,8.994675395922966,-0.44599999999999795,-0.43900000000000006,includes_lease_stocks,,14,310.58264285714284,12.107641011470275,-4.285000000000025,-23.40300000000002,Unavailable,,,
2014_01_03,2013-12-27,2014-01-03,2014-01-04T04:59:59+00:00,39.625,360.567,https://www.eia.gov/petroleum/supply/weekly/archive/2014/2014_01_03/csv/table9.csv,e8ae013ff2d1c5bba5e1e24dcdae0fef1c8a4cc978d047928578aa3eb6fce33f,release_date_only_ny_end_of_day,320.942,1,,13,36.62,9.182451179650599,-0.5519999999999996,-0.972999999999999,includes_lease_stocks,,13,309.4280769230769,11.345658930926962,-6.454999999999984,-24.290999999999997,Unavailable,,,
2014_01_08,2014-01-03,2014-01-08,2014-01-09T04:59:59+00:00,40.725,357.892,https://www.eia.gov/petroleum/supply/weekly/archive/2014/2014_01_08/csv/table9.csv,d7e65b35839e3cdd894837084c55df3d176e41183f94dde03624a3267b4e96d4,release_date_only_ny_end_of_day,317.167,1,0.09849548559113691,20,39.80525,9.337991426510252,1.1000000000000014,-0.49799999999999756,includes_lease_stocks,0.3434311904988847,20,313.15185,11.691279391855318,-3.775000000000034,-16.855999999999995,Normal,0.0,0.0,0.10834503415025074
2014_01_15,2014-01-10,2014-01-15,2014-01-16T04:59:59+00:00,40.87,350.234,https://www.eia.gov/petroleum/supply/weekly/archive/2014/2014_01_15/csv/table9.csv,7f501f28527d5d3017452e80e05fa3c29fb3b67ba0397ab0845a61ed358616b3,release_date_only_ny_end_of_day,309.364,1,,19,39.93294736842106,9.86377835806726,0.14499999999999602,0.2469999999999999,includes_lease_stocks,,19,312.0705789473684,10.39880432932229,-7.802999999999997,-22.31800000000004,Unavailable,,,
2014_01_23,2014-01-17,2014-01-23,2014-01-24T04:59:59+00:00,41.592,351.224,https://www.eia.gov/petroleum/supply/weekly/archive/2014/2014_01_23/csv/table9.csv,530742b6636f9e06fc291e6bb3f8e9a260dd56f868cbc671390b2c9154e6b739,release_date_only_ny_end_of_day,309.632,1,,18,40.20355555555556,10.195535592902601,0.7220000000000013,1.4149999999999991,includes_lease_stocks,,18,311.5662222222222,8.322920772361496,0.2680000000000291,-17.764999999999986,Unavailable,,,
2014_01_29,2014-01-24,2014-01-29,2014-01-30T04:59:59+00:00,41.829,357.645,https://www.eia.gov/petroleum/supply/weekly/archive/2014/2014_01_29/csv/table9.csv,f525e1ec94e5e239873c558e86b4536baa5e67de47174b456633335176e172fa,release_date_only_ny_end_of_day,315.816,1,,17,40.425,10.469395433834755,0.23700000000000188,2.2040000000000006,includes_lease_stocks,,17,311.50670588235295,7.221392098867655,6.183999999999969,-5.126000000000033,Unavailable,,,
2014_02_05,2014-01-31,2014-02-05,2014-02-06T04:59:59+00:00,40.276,358.085,https://www.eia.gov/petroleum/supply/weekly/archive/2014/2014_02_05/csv/table9.csv,fd5056206fd5b60ab891c1cc809c6ac1b0da753b120a6470f7b2632c2c7f22fe,release_date_only_ny_end_of_day,317.80899999999997,1,,16,40.8094375,10.604529648338959,-1.5529999999999973,-0.44899999999999807,includes_lease_stocks,,16,312.6299375,7.474933814366962,1.992999999999995,0.6419999999999959,Unavailable,,,
2014_02_12,2014-02-07,2014-02-12,2014-02-13T04:59:59+00:00,37.603,361.352,https://www.eia.gov/petroleum/supply/weekly/archive/2014/2014_02_12/csv/table9.csv,a1492a93b6c2b8a260664df7d5fbc7e52f652c7534e1558623c64085a081b03a,release_date_only_ny_end_of_day,323.74899999999997,1,,16,41.2989375,10.270070298160897,-2.673000000000002,-3.266999999999996,includes_lease_stocks,,16,314.08737499999995,8.489688261846444,5.939999999999998,14.384999999999991,Unavailable,,,
2014_02_20,2014-02-14,2014-02-20,2014-02-21T04:59:59+00:00,35.87,362.325,https://www.eia.gov/petroleum/supply/weekly/archive/2014/2014_02_20/csv/table9.csv,547afcddcaa723c6b1287efef6f20cce7ff7d384bc6f6cfdcbb07d56e3ebae37,release_date_only_ny_end_of_day,326.455,1,,16,41.791250000000005,9.549908247377738,-1.733000000000004,-5.722000000000001,includes_lease_stocks,,16,316.0896875,9.353845781058897,2.7060000000000173,16.82299999999998,Unavailable,,,
2014_02_26,2014-02-21,2014-02-26,2014-02-27T04:59:59+00:00,34.792,362.393,https://www.eia.gov/petroleum/supply/weekly/archive/2014/2014_02_26/csv/table9.csv,e2fa071c09c362ec5ab1fa189d43c0930ea6a4bd928e942fe13e84d4761806c2,release_date_only_ny_end_of_day,327.601,1,,16,42.26075,8.803928596560365,-1.0779999999999959,-7.036999999999999,includes_lease_stocks,,16,317.561875,10.120227420863626,1.146000000000015,11.785000000000025,Unavailable,,,
2014_03_05,2014-02-28,2014-03-05,2014-03-06T04:59:59+00:00,32.132,363.822,https://www.eia.gov/petroleum/supply/weekly/archive/2014/2014_03_05/csv/table9.csv,913baef56afc694a37e71d1139470068bb8e2332039fc1aee657a8bc6624f1b2,release_date_only_ny_end_of_day,331.69,1,,16,42.712875000000004,8.09374467824793,-2.6600000000000037,-8.144000000000005,includes_lease_stocks,,16,319.06618749999996,10.937061020333571,4.088999999999999,13.881000000000029,Unavailable,,,
2014_03_12,2014-03-07,2014-03-12,2014-03-13T03:59:59+00:00,30.791,370.002,https://www.eia.gov/petroleum/supply/weekly/archive/2014/2014_03_12/csv/table9.csv,900e5448a4926793a79efe624376001da12aa2e1795bae3b66a2efc0f401c4ef,release_date_only_ny_end_of_day,339.211,1,,16,43.189375,7.314454637907054,-1.3409999999999975,-6.812000000000001,includes_lease_stocks,,16,321.09543749999995,11.676113051689482,7.521000000000015,15.462000000000046,Unavailable,,,
2014_03_19,2014-03-14,2014-03-19,2014-03-20T03:59:59+00:00,29.802,375.852,https://www.eia.gov/petroleum/supply/weekly/archive/2014/2014_03_19/csv/table9.csv,c3cca2ae09192606bc91d5f7ed07e6a6fcabcefdd5eb32f207a8282ba036a3e1,release_date_only_ny_end_of_day,346.04999999999995,1,,16,43.6851875,6.773876076208756,-0.9890000000000008,-6.067999999999998,includes_lease_stocks,,16,323.271125,11.78716884229062,6.838999999999942,19.59499999999997,Unavailable,,,
2014_03_26,2014-03-21,2014-03-26,2014-03-27T03:59:59+00:00,28.477,382.471,https://www.eia.gov/petroleum/supply/weekly/archive/2014/2014_03_26/csv/table9.csv,bd271332f82bc5433d009b31dea2f74e071e4f3472f92638da64744ebe7f6a8e,release_date_only_ny_end_of_day,353.994,1,,16,44.278999999999996,6.127941133311689,-1.3249999999999993,-6.315000000000001,includes_lease_stocks,,16,325.15175,11.54836741997183,7.944000000000074,26.39300000000003,Unavailable,,,
2014_04_02,2014-03-28,2014-04-02,2014-04-03T03:59:59+00:00,27.254,380.092,https://www.eia.gov/petroleum/supply/weekly/archive/2014/2014_04_02/csv/table9.csv,277e3e7344ad6113f620cd640103d9895617b2bd5f93ce17e8141c0cc2624467,release_date_only_ny_end_of_day,352.83799999999997,1,,16,44.812562500000006,5.558691296444396,-1.222999999999999,-4.877999999999997,includes_lease_stocks,,16,327.0698125,11.335270890565441,-1.1560000000000628,21.147999999999968,Unavailable,,,
2014_04_09,2014-04-04,2014-04-09,2014-04-10T03:59:59+00:00,27.599,384.122,https://www.eia.gov/petroleum/supply/weekly/archive/2014/2014_04_09/csv/table9.csv,5f141858da74e6ce551c4a2169add5bfd1c15b1b349447ff172c7fdbfe3c1d8f,release_date_only_ny_end_of_day,356.523,1,,16,45.171687500000004,5.0254430347814445,0.34499999999999886,-3.192,includes_lease_stocks,,16,329.46675,11.221041214314008,3.685000000000059,17.312000000000012,Unavailable,,,
2014_04_16,2014-04-11,2014-04-16,2014-04-17T03:59:59+00:00,26.828,394.135,https://www.eia.gov/petroleum/supply/weekly/archive/2014/2014_04_16/csv/table9.csv,fb264bd477ea0422099c44a1b72fb016a96787472e5c285a2956aa03448915d5,release_date_only_ny_end_of_day,367.307,1,,16,45.5006875,4.725223659168598,-0.7710000000000008,-2.974,includes_lease_stocks,,16,331.8630625,10.524238958827388,10.783999999999992,21.257000000000062,Unavailable,,,
2014_04_23,2014-04-18,2014-04-23,2014-04-24T03:59:59+00:00,26.04,397.659,https://www.eia.gov/petroleum/supply/weekly/archive/2014/2014_04_23/csv/table9.csv,8f144c0ce152db1ccb9806e4cc829d034b4450575f54bc8edba3cbd37099ed51,release_date_only_ny_end_of_day,371.61899999999997,1,,16,45.957,4.384788295915779,-0.7880000000000003,-2.437000000000001,includes_lease_stocks,,16,334.38081250000005,8.850035617395381,4.311999999999955,17.624999999999943,Unavailable,,,
2014_04_30,2014-04-25,2014-04-30,2014-05-01T03:59:59+00:00,25.428,399.357,https://www.eia.gov/petroleum/supply/weekly/archive/2014/2014_04_30/csv/table9.csv,22933d1fe8c38c9033205aada3993bf958c680d641843757c3d2947d8bb0e155,release_date_only_ny_end_of_day,373.92900000000003,1,,16,46.453,4.080348024372431,-0.6119999999999983,-1.8260000000000005,includes_lease_stocks,,16,336.2455625,7.2765468913833065,2.310000000000059,21.091000000000065,Unavailable,,,
2014_05_07,2014-05-02,2014-05-07,2014-05-08T03:59:59+00:00,24.033,397.576,https://www.eia.gov/petroleum/supply/weekly/archive/2014/2014_05_07/csv/table9.csv,7f507fce4564a1111f3c94e50615ba113b791cd0e8b2b2302ee1650d5a1a7443,release_date_only_ny_end_of_day,373.543,1,,16,46.945687500000005,3.8040942981433403,-1.3949999999999996,-3.565999999999999,includes_lease_stocks,,16,337.70718750000003,6.67933799333188,-0.3860000000000241,17.019999999999982,Unavailable,,,
2014_05_14,2014-05-09,2014-05-14,2014-05-15T03:59:59+00:00,23.441,398.523,https://www.eia.gov/petroleum/supply/weekly/archive/2014/2014_05_14/csv/table9.csv,c4f932c4f1a7aa6adecdad9b3835e27e7925c61c9fdfed817de8b9ddc5d837c3,release_date_only_ny_end_of_day,375.08200000000005,1,,16,47.392187500000006,3.404127871055963,-0.5920000000000023,-3.3870000000000005,includes_lease_stocks,,16,338.62631250000004,5.751370187109049,1.539000000000044,7.775000000000034,Unavailable,,,
2014_05_21,2014-05-16,2014-05-21,2014-05-22T03:59:59+00:00,23.216,391.297,https://www.eia.gov/petroleum/supply/weekly/archive/2014/2014_05_21/csv/table9.csv,372326fde018a2b7a9a21332eae0158666944bc2a785d0990e3fd93ffdd35b03,release_date_only_ny_end_of_day,368.081,1,,16,47.663125,2.868443663382637,-0.22499999999999787,-2.823999999999998,includes_lease_stocks,,16,339.70281250000005,5.130792820071772,-7.001000000000033,-3.537999999999954,Unavailable,,,
2014_05_29,2014-05-23,2014-05-29,2014-05-30T03:59:59+00:00,21.691,392.954,https://www.eia.gov/petroleum/supply/weekly/archive/2014/2014_05_29/csv/table9.csv,e53f6effa1411bbe10a4e62dbd79ad63c6163b414f744acd93a6462cab3f4839,release_date_only_ny_end_of_day,371.26300000000003,1,,16,47.8766875,2.2542662876939215,-1.5250000000000021,-3.737000000000002,includes_lease_stocks,,16,340.72725,4.730506505650325,3.1820000000000164,-2.665999999999997,Unavailable,,,
2014_06_04,2014-05-30,2014-06-04,2014-06-05T03:59:59+00:00,21.37,389.523,https://www.eia.gov/petroleum/supply/weekly/archive/2014/2014_06_04/csv/table9.csv,69cdb1719280a5d2244989524cc0ece3d5ffa08cf8533bf64abaa842a209c2a3,release_date_only_ny_end_of_day,368.153,1,,16,48.121125,1.8176552982711909,-0.32099999999999795,-2.6630000000000003,includes_lease_stocks,,16,341.117625,4.223238407904534,-3.1100000000000136,-5.389999999999986,Unavailable,,,
2014_06_11,2014-06-06,2014-06-11,2014-06-12T03:59:59+00:00,21.172,386.927,https://www.eia.gov/petroleum/supply/weekly/archive/2014/2014_06_11/csv/table9.csv,ee0b2bdfcc602b92a294d08bea86e6a52cb7ac4edbb9243109243a3a261e1dc4,release_date_only_ny_end_of_day,365.755,1,,16,48.3721875,1.5080689736105133,-0.1980000000000004,-2.2689999999999984,includes_lease_stocks,,16,340.3451875,4.325853429767748,-2.3980000000000246,-9.327000000000055,Unavailable,,,
2014_06_18,2014-06-13,2014-06-18,2014-06-19T03:59:59+00:00,21.419,386.348,https://www.eia.gov/petroleum/supply/weekly/archive/2014/2014_06_18/csv/table9.csv,fb00a7be227b87635978dba2b228f12db0dd325717c5588396c5ef3a76c67db6,release_date_only_ny_end_of_day,364.92900000000003,1,,16,48.3031875,1.3213159712322164,0.2469999999999999,-1.7970000000000006,includes_lease_stocks,,16,338.8881875,5.584977734587081,-0.825999999999965,-3.151999999999987,Unavailable,,,
2014_06_25,2014-06-20,2014-06-25,2014-06-26T03:59:59+00:00,21.835,388.09,https://www.eia.gov/petroleum/supply/weekly/archive/2014/2014_06_25/csv/table9.csv,b3e81562bfd3500f08c929312e5e7238ca3b604ec3be8af9d5578a90c8a3afa2,release_date_only_ny_end_of_day,366.255,1,,16,48.0155,1.3688807106537817,0.41600000000000037,0.1440000000000019,includes_lease_stocks,,16,337.133875,7.124754132599952,1.325999999999965,-5.008000000000038,Unavailable,,,
2014_07_02,2014-06-27,2014-07-02,2014-07-03T03:59:59+00:00,20.476,384.935,https://www.eia.gov/petroleum/supply/weekly/archive/2014/2014_07_02/csv/table9.csv,cc0282a9b1d86097f0b9b555661b3e23c696b6438a1f428990bd3d3c303fab90,release_date_only_ny_end_of_day,364.459,1,,16,47.5874375,1.546715313979919,-1.3590000000000018,-0.8940000000000019,includes_lease_stocks,,16,335.187375,7.755399700638699,-1.7959999999999923,-3.694000000000017,Unavailable,,,
2014_07_09,2014-07-04,2014-07-09,2014-07-10T03:59:59+00:00,20.923,382.565,https://www.eia.gov/petroleum/supply/weekly/archive/2014/2014_07_09/csv/table9.csv,0b56b95a5d09b98decfa0740e9adcca6c9f4ae8ba3614a3e0592c1377b243629,release_date_only_ny_end_of_day,361.642,1,,17,46.28070588235295,3.2819191177706117,0.4469999999999992,-0.24900000000000233,includes_lease_stocks,,17,332.6408235294117,8.729992262563107,-2.8170000000000073,-4.1129999999999995,Unavailable,,,
2014_07_16,2014-07-11,2014-07-16,2014-07-17T03:59:59+00:00,20.273,375.04,https://www.eia.gov/petroleum/supply/weekly/archive/2014/2014_07_16/csv/table9.csv,369304b48dd0bd8117f8ee0332c2c317461a3bdf7e0a093c33e84c53601a54a1,release_date_only_ny_end_of_day,354.767,1,,18,44.93694444444445,4.280914147458284,-0.6499999999999986,-1.1460000000000008,includes_lease_stocks,,18,329.85911111111113,8.94221187198104,-6.875,-10.162000000000035,Unavailable,,,
2014_07_23,2014-07-18,2014-07-23,2014-07-24T03:59:59+00:00,18.823,371.071,https://www.eia.gov/petroleum/supply/weekly/archive/2014/2014_07_23/csv/table9.csv,dd142f756acfe6909b29514645e3fa32817c1dc02032f898fc0d9e96fe71b6d3,release_date_only_ny_end_of_day,352.24800000000005,1,,19,43.67968421052632,4.87641776594973,-1.4499999999999993,-3.0120000000000005,includes_lease_stocks,,19,327.1382105263158,7.860949784140076,-2.5189999999999486,-14.006999999999948,Unavailable,,,
2014_07_30,2014-07-25,2014-07-30,2014-07-31T03:59:59+00:00,17.899,367.374,https://www.eia.gov/petroleum/supply/weekly/archive/2014/2014_07_30/csv/table9.csv,9a3f670ad6b6267026a757e5f05bb0e6f85375a40ba3487df19455c35fa4de88,release_date_only_ny_end_of_day,349.475,1,-4.810766289150965,20,42.47835,5.109238013792169,-0.9239999999999995,-2.576999999999998,includes_lease_stocks,4.070791264293532,20,324.3123,6.181279846184132,-2.7730000000000246,-14.98399999999998,Low,3.8107662891509646,0.0,4.445148051175488
2014_08_06,2014-08-01,2014-08-06,2014-08-07T03:59:59+00:00,17.982,365.618,https://www.eia.gov/petroleum/supply/weekly/archive/2014/2014_08_06/csv/table9.csv,a178a90e55e20e31cbc91856d11e48c32602244b608078afd525b4e6d89aa436,release_date_only_ny_end_of_day,347.63599999999997,1,-4.58635673528619,21,41.27466666666667,5.078686201502641,0.08299999999999841,-2.940999999999999,includes_lease_stocks,4.881538333770691,21,323.1419047619048,5.017700069800529,-1.8390000000000555,-14.006000000000029,Low,3.5863567352861896,0.0,-0.3806676090287464
2014_08_13,2014-08-08,2014-08-13,2014-08-14T03:59:59+00:00,18.4,367.019,https://www.eia.gov/petroleum/supply/weekly/archive/2014/2014_08_13/csv/table9.csv,668af3cbb6e573c14548794baf6fa7d82519332462f81ef25e1cf65f6a2bfdae,release_date_only_ny_end_of_day,348.619,1,-4.233113112032825,22,40.244727272727275,5.160440246832196,0.41799999999999926,-1.873000000000001,includes_lease_stocks,5.291570416305686,22,322.0747272727273,5.0163317576721695,0.9830000000000609,-6.147999999999968,Low,3.233113112032825,0.0,-1.7694412808297177
2014_08_20,2014-08-15,2014-08-20,2014-08-21T03:59:59+00:00,20.155,362.545,https://www.eia.gov/petroleum/supply/weekly/archive/2014/2014_08_20/csv/table9.csv,8feb59a639a0108fea98393a37406e83780426470083d2d74f0550ea925773df,release_date_only_ny_end_of_day,342.39,1,-3.7125928028317143,23,39.28065217391305,5.151562045620865,1.7550000000000026,1.3320000000000007,includes_lease_stocks,4.203061723864638,23,321.245,5.030856406400224,-6.229000000000042,-9.858000000000061,Low,2.7125928028317143,0.0,-6.515600368969668
2014_08_27,2014-08-22,2014-08-27,2014-08-28T03:59:59+00:00,20.663,360.475,https://www.eia.gov/petroleum/supply/weekly/archive/2014/2014_08_27/csv/table9.csv,8c74c6a305864421bb65ba275c371abb5fb44c61fc87a7a9aceec871de8db60e,release_date_only_ny_end_of_day,339.812,1,-3.472033893524328,24,38.417375,5.113537351439336,0.5079999999999991,2.7639999999999993,includes_lease_stocks,3.8388900649320106,24,320.33637500000003,5.073243742483911,-2.5779999999999745,-9.663000000000011,Low,2.472033893524328,0.0,-1.7637932179103555
2014_09_04,2014-08-29,2014-09-04,2014-09-05T03:59:59+00:00,20.278,359.57,https://www.eia.gov/petroleum/supply/weekly/archive/2014/2014_09_04/csv/table9.csv,c5f5638b666b19056d4b837e35447db66c12e4243f7b09f9c622558cfee166c3,release_date_only_ny_end_of_day,339.292,1,-3.3092098231153946,24,37.76425,5.284116431014909,-0.38500000000000156,2.2959999999999994,includes_lease_stocks,3.6827784220981776,24,319.79033333333336,5.295367907460473,-0.5200000000000387,-8.343999999999994,Low,2.3092098231153946,0.0,1.2740457818994322
2014_09_10,2014-09-05,2014-09-10,2014-09-11T03:59:59+00:00,20.356,358.598,https://www.eia.gov/petroleum/supply/weekly/archive/2014/2014_09_10/csv/table9.csv,2194f91f43e19c1cf0e480ba77c23963f4c2220d8334177ff70e7ca3f566b4cd,release_date_only_ny_end_of_day,338.242,1,-3.0652134294217266,24,37.26379166666667,5.516024269101691,0.07800000000000296,1.956000000000003,includes_lease_stocks,3.014762175479784,24,319.53266666666667,6.205906882308503,-1.0499999999999545,-10.37700000000001,Low,2.0652134294217266,0.0,-0.23908664749490374
2014_09_17,2014-09-12,2014-09-17,2014-09-18T03:59:59+00:00,19.999,362.271,https://www.eia.gov/petroleum/supply/weekly/archive/2014/2014_09_17/csv/table9.csv,847075e640ce1534df257617a4677d1db941dfcc2dcb0e9b78fa838db0ba7be2,release_date_only_ny_end_of_day,342.272,1,-2.9871818555047107,24,36.847375,5.64022406903423,-0.35700000000000287,-0.15600000000000236,includes_lease_stocks,2.9160554675797714,24,319.6951666666667,7.74225099088095,4.029999999999973,-0.117999999999995,Low,1.9871818555047107,0.0,1.0664239224151904
2014_09_24,2014-09-19,2014-09-24,2014-09-25T03:59:59+00:00,20.19,357.998,https://www.eia.gov/petroleum/supply/weekly/archive/2014/2014_09_24/csv/table9.csv,46a4d5fc6b7d6354bdeb4c3b1c9118c81592b33f8b24153e8c35a128827dfb3a,release_date_only_ny_end_of_day,337.808,1,-2.8618466348372524,24,36.504625000000004,5.70073350591262,0.1910000000000025,-0.472999999999999,includes_lease_stocks,1.8053461931200672,24,320.2499583333333,9.725581571876916,-4.463999999999999,-2.004000000000019,Low,1.8618466348372524,0.0,-0.5466127072539224
2014_10_01,2014-09-26,2014-10-01,2014-10-02T03:59:59+00:00,20.505,356.635,https://www.eia.gov/petroleum/supply/weekly/archive/2014/2014_10_01/csv/table9.csv,c3182b53a9f894bdf6489763a846605a5762f8bbaa438096d4cef734c6cd0b4b,release_date_only_ny_end_of_day,336.13,1,-2.7476634022592927,24,36.272375000000004,5.738466723047345,0.3149999999999977,0.2270000000000003,includes_lease_stocks,1.3099425773891415,24,320.8539166666667,11.661643492633246,-1.6779999999999973,-3.1619999999999777,Low,1.7476634022592927,0.0,-0.865513971711671
2014_10_08,2014-10-03,2014-10-08,2014-10-09T03:59:59+00:00,18.929,361.65,https://www.eia.gov/petroleum/supply/weekly/archive/2014/2014_10_08/csv/table9.csv,f973672beff6ca5552a7ff9b778ca140b663da0c08bb602ae1c2cfaff8145f48,release_date_only_ny_end_of_day,342.721,1,-3.0549031397728883,24,36.21504166666667,5.658458182065889,-1.5760000000000005,-1.4270000000000032,includes_lease_stocks,1.5686042810460854,24,321.99516666666665,13.2129139157465,6.591000000000008,4.478999999999985,Low,2.0549031397728883,0.0,4.814527348282073
2014_10_16,2014-10-10,2014-10-16,2014-10-17T03:59:59+00:00,19.645,370.573,https://www.eia.gov/petroleum/supply/weekly/archive/2014/2014_10_16/csv/table9.csv,805bce93ab77bd2279ca1611293452771ba7907e7d1103c64073da4845694bc2,release_date_only_ny_end_of_day,350.928,1,-2.9514626433963547,24,36.222625,5.616749050539745,0.7160000000000011,-0.3539999999999992,includes_lease_stocks,1.8897314683662079,24,323.35908333333333,14.588801175281128,8.206999999999994,8.656000000000006,Low,1.9514626433963547,0.0,-2.113247252671793
2014_10_22,2014-10-17,2014-10-22,2014-10-23T03:59:59+00:00,20.598,377.684,https://www.eia.gov/petroleum/supply/weekly/archive/2014/2014_10_22/csv/table9.csv,f0d64328e472d39069705eb25a266e4ac004154c21d988eb6f77cb7de236f3a5,release_date_only_ny_end_of_day,357.086,1,-2.8335510712080896,24,36.424458333333334,5.5853795945826015,0.9529999999999994,0.4079999999999977,includes_lease_stocks,2.0527128408027395,24,324.77220833333337,15.741993241504703,6.1580000000000155,19.27800000000002,Low,1.8335510712080896,0.0,-2.700374170861308
2014_10_29,2014-10-24,2014-10-29,2014-10-30T03:59:59+00:00,21.374,379.745,https://www.eia.gov/petroleum/supply/weekly/archive/2014/2014_10_29/csv/table9.csv,626c55107bc487544f774b5d2ad24af85a2b6de9adadd79b17d433f663069d0b,release_date_only_ny_end_of_day,358.371,1,-2.7517395086860716,24,36.82483333333334,5.614933130320522,0.7759999999999998,0.8689999999999998,includes_lease_stocks,1.9183254764954039,24,325.59454166666666,17.085973540430043,1.2849999999999682,22.240999999999985,Low,1.7517395086860716,0.0,-2.135349858740391
2014_11_05,2014-10-31,2014-11-05,2014-11-06T04:59:59+00:00,20.823,380.205,https://www.eia.gov/petroleum/supply/weekly/archive/2014/2014_11_05/csv/table9.csv,0f47345346ee1b87195ed4f0ee65655b815aa38e8219f11d85ac73c439abbe2e,release_date_only_ny_end_of_day,359.382,1,-2.9114039874228266,24,37.2845,5.654144897483538,-0.5509999999999984,1.894000000000002,includes_lease_stocks,1.8273158448784201,24,326.61704166666664,17.93064862058008,1.011000000000024,16.661,Low,1.9114039874228266,0.0,1.6041835970699727
2014_11_13,2014-11-07,2014-11-13,2014-11-14T04:59:59+00:00,22.527,378.47,https://www.eia.gov/petroleum/supply/weekly/archive/2014/2014_11_13/csv/table9.csv,d339b49ff5f6a80559c8af4bf85629a61838144d3c969cf95a3850031d22ddc0,release_date_only_ny_end_of_day,355.94300000000004,1,-2.6809676862730414,24,37.698166666666665,5.658839807859425,1.7040000000000006,2.8820000000000014,includes_lease_stocks,1.584416653761255,24,327.00100000000003,18.266659802706847,-3.4389999999999645,5.015000000000043,Low,1.6809676862730414,0.0,-4.568368937409264
2014_11_19,2014-11-14,2014-11-19,2014-11-20T04:59:59+00:00,23.245,381.078,https://www.eia.gov/petroleum/supply/weekly/archive/2014/2014_11_19/csv/table9.csv,82d3528a8fdc3479103f9d65ee1b29a16951458041413527b5f6fa432bb41793,release_date_only_ny_end_of_day,357.83299999999997,1,-2.5890733077823254,24,38.16175,5.76142435023478,0.718,2.647000000000002,includes_lease_stocks,1.726291953039504,24,326.759875,17.999924604461665,1.8899999999999295,0.7469999999999573,Low,1.5890733077823254,0.0,-1.8589546349877095
2014_11_26,2014-11-21,2014-11-26,2014-11-27T04:59:59+00:00,24.579,383.024,https://www.eia.gov/petroleum/supply/weekly/archive/2014/2014_11_26/csv/table9.csv,d0202837d356beafade2c3cc878b6cb40b7be55030c6bb53e9ff7eec06240dba,release_date_only_ny_end_of_day,358.445,1,-2.358569870002284,24,38.531083333333335,5.915484425873643,1.3339999999999996,3.205000000000002,includes_lease_stocks,1.8070927296783692,24,325.34833333333336,18.314869028639865,0.6120000000000232,0.07400000000001228,Low,1.3585698700022841,0.0,-3.1463322065830464
2014_12_03,2014-11-28,2014-12-03,2014-12-04T04:59:59+00:00,23.885,379.335,https://www.eia.gov/petroleum/supply/weekly/archive/2014/2014_12_03/csv/table9.csv,2c1444069ca8781ce83d8514b93f7f10132827319be1d960e7942f7cc4ff35c3,release_date_only_ny_end_of_day,355.45,1,-2.3729381529284614,24,38.87591666666667,6.31744938154678,-0.6939999999999991,3.062000000000001,includes_lease_stocks,1.7477798945534004,24,323.74104166666666,18.142420811766875,-2.9950000000000045,-3.9320000000000164,Low,1.3729381529284614,0.0,1.64681907813235
2014_12_10,2014-12-05,2014-12-10,2014-12-11T04:59:59+00:00,24.905,380.789,https://www.eia.gov/petroleum/supply/weekly/archive/2014/2014_12_10/csv/table9.csv,053e2db05ae69d09e83ab5c2291208df495f0fb1a2a434d3c3a95e4336296f78,release_date_only_ny_end_of_day,355.884,1,-2.1238332917882805,24,39.21145833333333,6.736149390184578,1.0199999999999996,2.378,includes_lease_stocks,1.950193695585895,24,321.39758333333333,17.683585350893036,0.4340000000000259,-0.05900000000002592,Low,1.1238332917882805,0.0,-2.1663099576240454
2014_12_17,2014-12-12,2014-12-17,2014-12-18T04:59:59+00:00,27.825,379.942,https://www.eia.gov/petroleum/supply/weekly/archive/2014/2014_12_17/csv/table9.csv,60902d17b54482d3b902f3b768fb0579bc1eb0126b9d0ce63b7f0f1a0d35f321,release_date_only_ny_end_of_day,352.117,1,-1.5743802083560932,23,39.4064347826087,7.356186721059956,2.919999999999998,4.579999999999998,includes_lease_stocks,1.9497276728538917,23,319.265695652174,16.849175813225404,-3.766999999999996,-5.715999999999951,Low,0.5743802083560932,0.0,-4.597190208399789
2014_12_24,2014-12-19,2014-12-24,2014-12-25T04:59:59+00:00,28.798,387.209,https://www.eia.gov/petroleum/supply/weekly/archive/2014/2014_12_24/csv/table9.csv,2fcd00bb5e2d160975c62f6db61947f96bf9704b5474b73e5bd13688c13ca81b,release_date_only_ny_end_of_day,358.411,1,-1.3216152552656366,22,39.51713636363637,8.110633046137083,0.972999999999999,4.218999999999998,includes_lease_stocks,2.6313192515003796,22,317.17477272727274,15.671312878212838,6.293999999999983,-0.033999999999991815,Low,0.3216152552656366,0.0,-1.285931643373463
2014_12_31,2014-12-26,2014-12-31,2015-01-01T04:59:59+00:00,30.793,385.455,https://www.eia.gov/petroleum/supply/weekly/archive/2014/2014_12_31/csv/table9.csv,020fdbb7b2965a27390fcf4c65938951619c468a7a0b5fe63f6d5ef67127551a,release_date_only_ny_end_of_day,354.662,1,-1.0066483733519915,21,39.601952380952376,8.750773968490961,1.995000000000001,6.907999999999998,includes_lease_stocks,2.8990763988634467,21,314.9131904761905,13.710852718263169,-3.7490000000000236,-0.7880000000000109,Low,0.006648373351991532,0.0,-2.008263504837224
2015_01_07,2015-01-02,2015-01-07,2015-01-08T04:59:59+00:00,32.098,382.393,https://www.eia.gov/petroleum/supply/weekly/archive/2015/2015_01_07/csv/table9.csv,171a7c21677d993d5a4ccbfc939cb9cf863766907c812c6e9d99a4810c88c71d,release_date_only_ny_end_of_day,350.29499999999996,1,-0.8458650312796481,24,39.702125,8.989761627214063,1.3049999999999997,7.192999999999998,includes_lease_stocks,1.6203220592452718,24,322.5741666666667,17.108224365127327,-4.367000000000019,-5.5890000000000555,Normal,0.0,0.0,-1.1038538658199404
2015_01_14,2015-01-09,2015-01-14,2015-01-15T04:59:59+00:00,33.874,387.782,https://www.eia.gov/petroleum/supply/weekly/archive/2015/2015_01_14/csv/table9.csv,e080369a256f4064fb6091ae7370902b9bf517faf6b769eeea880a0321e5905b,release_date_only_ny_end_of_day,353.90799999999996,1,-0.7011761199820868,24,40.084624999999996,8.857439412167457,1.7760000000000034,6.049000000000003,includes_lease_stocks,2.211188856754459,24,319.70716666666664,15.4671697213293,3.6129999999999995,1.79099999999994,Normal,0.0,0.0,-1.2452887890881885
2015_01_22,2015-01-16,2015-01-22,2015-01-23T04:59:59+00:00,36.783,397.853,https://www.eia.gov/petroleum/supply/weekly/archive/2015/2015_01_22/csv/table9.csv,ddae7b4a238d9c408319b0fc5ac3bab884a2077d2c943345e5c4ba3a3c9e0787,release_date_only_ny_end_of_day,361.07,1,-0.3993966477000173,24,40.289375,8.779179845879929,2.908999999999999,7.985000000000003,includes_lease_stocks,3.1791756305271273,24,317.36825,13.74625219832664,7.162000000000035,2.658999999999992,Normal,0.0,0.0,-1.16184484815935
2015_01_28,2015-01-23,2015-01-28,2015-01-29T04:59:59+00:00,38.868,406.727,https://www.eia.gov/petroleum/supply/weekly/archive/2015/2015_01_28/csv/table9.csv,c71487069988ad8d8001ff74277b25bf66b29218796d037bf559ab220345b582,release_date_only_ny_end_of_day,367.859,1,-0.16531681081358426,24,40.31195833333333,8.734491829518621,2.085000000000001,8.075000000000003,includes_lease_stocks,4.859561168642221,24,315.4114583333333,10.792649757163298,6.788999999999987,13.197000000000003,Normal,0.0,0.0,-0.3446855505463233
2015_02_04,2015-01-30,2015-02-04,2015-02-05T04:59:59+00:00,41.384,413.06,https://www.eia.gov/petroleum/supply/weekly/archive/2015/2015_02_04/csv/table9.csv,10c8a8779fafabb202f845ee529b8719e8ffa3fbec7ec9514f7d0190f32710b9,release_date_only_ny_end_of_day,371.676,1,0.12747862715011682,24,40.271166666666666,8.729567914336569,2.5159999999999982,9.286000000000001,includes_lease_stocks,7.415701201217926,24,314.5696666666667,7.7007327808669475,3.8170000000000073,21.38100000000003,Normal,0.0,0.0,0.3207362259096937
2015_02_11,2015-02-06,2015-02-11,2015-02-12T04:59:59+00:00,42.598,417.928,https://www.eia.gov/petroleum/supply/weekly/archive/2015/2015_02_11/csv/table9.csv,5a5c832f228893d14270189047f70dcc49e0e1eb62de32e3c0999720bf8350de,release_date_only_ny_end_of_day,375.33,1,0.272240042564851,24,40.23945833333334,8.663463480412974,1.2139999999999986,8.723999999999997,includes_lease_stocks,6.732923847017988,24,316.14641666666665,8.790175661877676,3.6539999999999964,21.422000000000025,Normal,0.0,0.0,0.33049941167372876
2015_02_19,2015-02-13,2015-02-19,2015-02-20T04:59:59+00:00,46.261,425.644,https://www.eia.gov/petroleum/supply/weekly/archive/2015/2015_02_19/csv/table9.csv,28b6d05acf755e12c35a2ccd8b080631359aea5ffce422f76f34db82a7077e78,release_date_only_ny_end_of_day,379.383,1,0.7281009489184441,24,40.147708333333334,8.396214392726234,3.663000000000004,9.478000000000002,includes_lease_stocks,6.109713395929846,24,318.7249166666666,9.928138916261181,4.052999999999997,18.312999999999988,Normal,0.0,0.0,2.6670337758882634
2015_02_25,2015-02-20,2015-02-25,2015-02-26T04:59:59+00:00,48.68,434.071,https://www.eia.gov/petroleum/supply/weekly/archive/2015/2015_02_25/csv/table9.csv,4a40e79b90690ebd2e25e9e366d7e357a59a9ae4b806bc6c4a5b452e4f935572,release_date_only_ny_end_of_day,385.391,1,1.0615995355630137,24,39.969458333333336,8.205110660722996,2.418999999999997,9.811999999999998,includes_lease_stocks,5.699211909398327,24,321.2237916666666,11.258961651788733,6.008000000000038,17.53200000000004,High,0.0,0.061599535563013674,2.5680092765269267
2015_03_04,2015-02-27,2015-03-04,2015-03-05T04:59:59+00:00,49.216,444.374,https://www.eia.gov/petroleum/supply/weekly/archive/2015/2015_03_04/csv/table9.csv,c8a9d423b2898ade9966ec84b175c26417617845ad8b65f8eea3fd43e32e146d,release_date_only_ny_end_of_day,395.158,1,1.1642222660522972,24,39.71454166666667,8.161206507028378,0.5360000000000014,7.832000000000001,includes_lease_stocks,5.466885179732118,24,323.8174166666667,13.04958509057786,9.766999999999996,23.482000000000028,High,0.0,0.16422226605229717,0.6240231346040329
2015_03_11,2015-03-06,2015-03-11,2015-03-12T03:59:59+00:00,51.538,448.886,https://www.eia.gov/petroleum/supply/weekly/archive/2015/2015_03_11/csv/table9.csv,3386db97b6b4454bae6248619d28a800eee2eb4dab96fcb8442e9ff732079068,release_date_only_ny_end_of_day,397.348,1,1.465350694655879,24,39.489625000000004,8.222178515996417,2.3219999999999956,8.939999999999998,includes_lease_stocks,5.032902224371896,24,326.6297916666667,14.051178660073997,2.1899999999999977,22.01800000000003,High,0.0,0.46535069465587897,3.4025443129909445
2015_03_18,2015-03-13,2015-03-18,2015-03-19T03:59:59+00:00,54.403,458.508,https://www.eia.gov/petroleum/supply/weekly/archive/2015/2015_03_18/csv/table9.csv,294a7b5b716a35cdf65d759f43ea25b65a83f4e2dd2578762304618e1d61fb69,release_date_only_ny_end_of_day,404.10499999999996,1,1.775820019451975,24,39.403333333333336,8.44661424151284,2.865000000000002,8.141999999999996,includes_lease_stocks,5.081184788394463,24,329.4458333333333,14.693259500656186,6.756999999999948,24.72199999999998,High,0.0,0.7758200194519751,5.087724355729912
2015_03_25,2015-03-20,2015-03-25,2015-03-26T03:59:59+00:00,56.314,466.678,https://www.eia.gov/petroleum/supply/weekly/archive/2015/2015_03_25/csv/table9.csv,4ac8532ffb0333e0a95e20f8104532e0013feb5c8ec819253b54766e8a66b62c,release_date_only_ny_end_of_day,410.364,1,1.9372674110185852,24,39.42245833333333,8.719261765615185,1.9110000000000014,7.634,includes_lease_stocks,4.91721152159487,24,332.40175,15.85497179806358,6.2590000000000146,24.972999999999956,High,0.0,0.9372674110185852,3.702118022456519
2015_04_01,2015-03-27,2015-04-01,2015-04-02T03:59:59+00:00,58.943,471.444,https://www.eia.gov/petroleum/supply/weekly/archive/2015/2015_04_01/csv/table9.csv,4f194b812d6a6183f4dcb9ab3645c3fedf32dda6ff5e03202ce7df3ed36107e2,release_date_only_ny_end_of_day,412.50100000000003,1,2.1521580201607975,24,39.413500000000006,9.074380141724378,2.628999999999998,9.726999999999997,includes_lease_stocks,4.543036188149089,24,335.5145416666667,16.94603677913888,2.1370000000000573,17.343000000000018,High,0.0,1.1521580201607975,5.658023435002732
2015_04_08,2015-04-03,2015-04-08,2015-04-09T03:59:59+00:00,60.175,482.393,https://www.eia.gov/petroleum/supply/weekly/archive/2015/2015_04_08/csv/table9.csv,e473bfde0bbc67a20299eed4e7dd74372f80d2dbdfd13822726566fcd5d887be,release_date_only_ny_end_of_day,422.21799999999996,1,2.221885402783906,24,39.373583333333336,9.362056495174583,1.2319999999999993,8.637,includes_lease_stocks,4.71036496867402,24,338.8724583333333,17.694073011529003,9.716999999999928,24.869999999999948,High,0.0,1.2218854027839061,2.737362816229771
2015_04_15,2015-04-10,2015-04-15,2015-04-16T03:59:59+00:00,61.462,483.687,https://www.eia.gov/petroleum/supply/weekly/archive/2015/2015_04_15/csv/table9.csv,185909f3197841d722ca01e0d35a5bfaf38ab04a05958498d2e38f590ac6295a,release_date_only_ny_end_of_day,422.225,1,2.266730637709546,24,39.31133333333333,9.772077148544287,1.2870000000000061,7.059000000000005,includes_lease_stocks,4.500663381525129,24,341.9005,17.84725787974408,0.007000000000061846,18.12000000000006,High,0.0,1.266730637709546,2.9172823307321996
2015_04_22,2015-04-17,2015-04-22,2015-04-23T03:59:59+00:00,62.2,489.002,https://www.eia.gov/petroleum/supply/weekly/archive/2015/2015_04_22/csv/table9.csv,ac270fb82e4341de6330479bff415bb0264f0d71ee2440a97939fe92fe055968,release_date_only_ny_end_of_day,426.802,1,2.234541176339771,24,39.350500000000004,10.225589146416178,0.7379999999999995,5.886000000000003,includes_lease_stocks,4.695786930049559,24,344.78866666666664,17.465301248765947,4.576999999999998,16.438000000000045,High,0.0,1.234541176339771,1.64909138813875
2015_04_29,2015-04-24,2015-04-29,2015-04-30T03:59:59+00:00,61.686,490.912,https://www.eia.gov/petroleum/supply/weekly/archive/2015/2015_04_29/csv/table9.csv,317833dc52bda1b3dcc2e41aa46f13f2a766e05bb55cae817233fa9c9621b460,release_date_only_ny_end_of_day,429.226,1,2.083511376781147,24,39.461958333333335,10.666628420815718,-0.5140000000000029,2.743000000000002,includes_lease_stocks,4.933963946818794,24,346.6187916666667,16.742564239164096,2.423999999999978,16.724999999999966,High,0.0,1.0835113767811468,-1.0709248476655155
2015_05_06,2015-05-01,2015-05-06,2015-05-07T03:59:59+00:00,61.674,487.03,https://www.eia.gov/petroleum/supply/weekly/archive/2015/2015_05_06/csv/table9.csv,e34d4a206010b42783bce8863c53632a12ffd3679d2c9c327c47ea902c97b744,release_date_only_ny_end_of_day,425.356,1,1.9815597015026367,24,39.558625,11.160589803693368,-0.012000000000000455,1.4990000000000023,includes_lease_stocks,4.627633991972692,24,348.3609166666667,16.638109985986908,-3.8700000000000045,3.1380000000000337,High,0.0,0.9815597015026367,-0.02377871641803254
2015_05_13,2015-05-08,2015-05-13,2015-05-14T03:59:59+00:00,60.684,484.839,https://www.eia.gov/petroleum/supply/weekly/archive/2015/2015_05_13/csv/table9.csv,a325882a0077266821b2a4f2846e7eddd75777936ecce04dff5fb5e28afcc97a,release_date_only_ny_end_of_day,424.155,1,1.8110848751869313,24,39.59675,11.643435539056929,-0.990000000000002,-0.7780000000000058,includes_lease_stocks,4.553104509565938,24,349.4582500000001,16.405674379550092,-1.2010000000000218,1.92999999999995,High,0.0,0.8110848751869313,-1.7929740264350655
2015_05_20,2015-05-15,2015-05-20,2015-05-21T03:59:59+00:00,60.443,482.165,https://www.eia.gov/petroleum/supply/weekly/archive/2015/2015_05_20/csv/table9.csv,a090f245e3269768e70c926b256995f0d49e828e6ff26286ee96ff641957a5ef,release_date_only_ny_end_of_day,421.72200000000004,1,1.7415593800603943,24,39.54170833333333,12.001480917602617,-0.24099999999999966,-1.757000000000005,includes_lease_stocks,4.5604025771642664,24,350.11125,15.702725535369028,-2.432999999999936,-5.079999999999984,High,0.0,0.7415593800603943,-0.41971581059455443
2015_05_28,2015-05-22,2015-05-28,2015-05-29T03:59:59+00:00,60.01,479.363,https://www.eia.gov/petroleum/supply/weekly/archive/2015/2015_05_28/csv/table9.csv,702ad44c69661bf9d23669bec21c28d71b1157b0e277f22d16dea7c9fb645a62,release_date_only_ny_end_of_day,419.353,1,1.6709882819095114,24,39.49154166666667,12.279235321678012,-0.43299999999999983,-1.676000000000002,includes_lease_stocks,4.649915515310878,24,350.51545833333336,14.804041372365536,-2.369000000000028,-9.87299999999999,High,0.0,0.6709882819095114,-0.7235379260668182
2015_06_03,2015-05-29,2015-06-03,2015-06-04T03:59:59+00:00,59.027,477.415,https://www.eia.gov/petroleum/supply/weekly/archive/2015/2015_06_03/csv/table9.csv,61cccc3c1f2c2cb7ba1216c198e514ea665a70b2c0399a78a0a7a3aeed436c81,release_date_only_ny_end_of_day,418.38800000000003,1,1.5557226477100994,24,39.50479166666667,12.548643141544849,-0.982999999999997,-2.6469999999999985,includes_lease_stocks,4.828695171295159,24,350.4559583333333,14.068405491922142,-0.964999999999975,-6.967999999999961,High,0.0,0.5557226477100994,-1.529275362699023
2015_06_10,2015-06-05,2015-06-10,2015-06-11T03:59:59+00:00,58.003,470.603,https://www.eia.gov/petroleum/supply/weekly/archive/2015/2015_06_10/csv/table9.csv,3774d8cfe5636ef01ac1c715858ebfa22574b198ccc0b9929c3d625ea9487137,release_date_only_ny_end_of_day,412.6,1,1.4377823929780593,24,39.52395833333333,12.852460676188471,-1.024000000000001,-2.6809999999999974,includes_lease_stocks,4.5321272738579745,24,349.5625,13.909031276242013,-5.788000000000011,-11.55499999999995,High,0.0,0.4377823929780593,-1.472289170409534
2015_06_17,2015-06-12,2015-06-17,2015-06-18T03:59:59+00:00,58.115,467.927,https://www.eia.gov/petroleum/supply/weekly/archive/2015/2015_06_17/csv/table9.csv,0e340c8c66910db50074236c1453ee792ed6d3a1cdbfb163641643e7032b9c9d,release_date_only_ny_end_of_day,409.812,1,1.4469712413379132,24,39.373041666666666,12.952543767216795,0.11200000000000188,-2.327999999999996,includes_lease_stocks,4.397872543616661,24,348.03116666666665,14.047890820075224,-2.788000000000011,-11.910000000000025,High,0.0,0.4469712413379132,0.162060779029849
2015_06_24,2015-06-19,2015-06-24,2015-06-25T03:59:59+00:00,56.245,462.993,https://www.eia.gov/petroleum/supply/weekly/archive/2015/2015_06_24/csv/table9.csv,3eff3b14071d3d69d6b9594795fa271d7ca1190a6b7c099f9144b6af797da0aa,release_date_only_ny_end_of_day,406.748,1,1.3230342407056905,24,39.058625,12.990121095303621,-1.8700000000000045,-3.7650000000000006,includes_lease_stocks,4.112921453213152,24,346.30687500000005,14.69542408906966,-3.0640000000000214,-12.605000000000018,High,0.0,0.32303424070569053,-2.474074030119647
2015_07_01,2015-06-26,2015-07-01,2015-07-02T03:59:59+00:00,56.368,465.379,https://www.eia.gov/petroleum/supply/weekly/archive/2015/2015_07_01/csv/table9.csv,3c6f6e25d28435f668ba7c897c5850d1189697e06f5a9bbbe9a98ab71818086a,release_date_only_ny_end_of_day,409.011,1,1.3650908728919224,24,38.65375,12.976608628605549,0.12300000000000466,-2.658999999999999,includes_lease_stocks,4.373871394365452,24,344.2169166666667,14.81389768725321,2.2630000000000337,-9.37700000000001,High,0.0,0.36509087289192244,0.1679061773657128
2015_07_08,2015-07-03,2015-07-08,2015-07-09T03:59:59+00:00,56.667,465.763,https://www.eia.gov/petroleum/supply/weekly/archive/2015/2015_07_08/csv/table9.csv,5f9d492bf3802c1dcadd2ca322e960b80f4314cd7f106306af6b23d44e08dffa,release_date_only_ny_end_of_day,409.096,1,1.4397901016721395,24,38.06829166666666,12.917652588202422,0.2989999999999995,-1.3359999999999985,includes_lease_stocks,4.4980706612714,24,342.3084166666667,14.84805116744331,0.08499999999997954,-3.504000000000019,High,0.0,0.4397901016721395,0.43049724039996895
2015_07_15,2015-07-10,2015-07-15,2015-07-16T03:59:59+00:00,57.105,461.417,https://www.eia.gov/petroleum/supply/weekly/archive/2015/2015_07_15/csv/table9.csv,c78922cb83ef329ce454c98ec0a49e4594cb33b74b6cd11cd6a8f48aadf9dded,release_date_only_ny_end_of_day,404.31199999999995,1,1.536842874084525,24,37.41504166666667,12.811952780184084,0.4379999999999953,-1.0100000000000051,includes_lease_stocks,4.3285587608216245,24,340.19516666666664,14.81251309642912,-4.784000000000049,-5.500000000000057,High,0.0,0.536842874084525,0.6731371788490147
2015_07_22,2015-07-17,2015-07-22,2015-07-23T03:59:59+00:00,57.918,463.885,https://www.eia.gov/petroleum/supply/weekly/archive/2015/2015_07_22/csv/table9.csv,2e35f64f2c6ccf48c8f06dcfa1b9017144dd7226e806f03a4358e1f9c1f9878d,release_date_only_ny_end_of_day,405.967,1,1.667798703678154,24,36.762625,12.684609331656183,0.8130000000000024,1.6730000000000018,includes_lease_stocks,4.609263833053533,24,337.7600416666667,14.797798694926884,1.6550000000000296,-0.7810000000000059,High,0.0,0.6677987036781541,1.3559203460903433
2015_07_29,2015-07-24,2015-07-29,2015-07-30T03:59:59+00:00,57.706,459.682,https://www.eia.gov/petroleum/supply/weekly/archive/2015/2015_07_29/csv/table9.csv,9a27a18722aa2d049978cd734d7b17b23540479b1932c29ea45d3177aa8b011c,release_date_only_ny_end_of_day,401.976,1,1.7393442393136742,24,36.108916666666666,12.41679642544785,-0.2119999999999962,1.338000000000001,includes_lease_stocks,4.68305681531778,24,334.787,14.347252798691649,-3.9909999999999854,-7.035000000000025,High,0.0,0.7393442393136742,-0.3687409787344923
2015_08_05,2015-07-31,2015-08-05,2015-08-06T03:59:59+00:00,57.164,455.275,https://www.eia.gov/petroleum/supply/weekly/archive/2015/2015_08_05/csv/table9.csv,cbeb7754b1f3b9a709c2f4483fa4485334bf7efe242193d812c473a569bfa363,release_date_only_ny_end_of_day,398.111,1,1.815210992740705,24,35.454874999999994,11.959560121009615,-0.5420000000000016,0.4969999999999999,includes_lease_stocks,4.899248378826957,24,332.750375,13.340949457159278,-3.865000000000009,-10.985000000000014,High,0.0,0.815210992740705,-0.983844358065465
2015_08_12,2015-08-07,2015-08-12,2015-08-13T03:59:59+00:00,57.113,453.593,https://www.eia.gov/petroleum/supply/weekly/archive/2015/2015_08_12/csv/table9.csv,75ba72b910b68ce7c34b2368133b37725cf5e3cd449311dec25864e496b053c8,release_date_only_ny_end_of_day,396.48,1,1.9094364584037544,24,34.841625,11.663847153425762,-0.05100000000000193,0.008000000000002672,includes_lease_stocks,5.190665511394774,24,330.9551666666666,12.623590017405366,-1.6309999999999718,-7.831999999999937,High,0.0,0.9094364584037544,-0.09738125937859517
2015_08_19,2015-08-14,2015-08-19,2015-08-20T03:59:59+00:00,57.439,456.213,https://www.eia.gov/petroleum/supply/weekly/archive/2015/2015_08_19/csv/table9.csv,b03a05d7a6597bcbdc036b3f883a8d4fd5c4cf288172a4190c173d6c5d3b9d9c,release_date_only_ny_end_of_day,398.774,1,2.0480944522430318,24,34.25516666666667,11.319709063194262,0.3260000000000005,-0.4789999999999992,includes_lease_stocks,5.758952191146828,24,329.80145833333336,11.97657826934166,2.2939999999999827,-7.192999999999984,High,0.0,1.0480944522430318,0.6676787914312294
2015_08_26,2015-08-21,2015-08-26,2015-08-27T03:59:59+00:00,57.695,450.761,https://www.eia.gov/petroleum/supply/weekly/archive/2015/2015_08_26/csv/table9.csv,fe5d1b1b70683dc7d3a46358ab17eef0dd554f85700746d1b423a329afc06d22,release_date_only_ny_end_of_day,393.06600000000003,1,2.1890403549741078,24,33.74433333333334,10.941171830041458,0.2560000000000002,-0.011000000000002785,includes_lease_stocks,5.678263729391179,24,329.06862499999994,11.270588695756452,-5.70799999999997,-8.909999999999968,High,0.0,1.1890403549741078,0.5603943308733721
2015_09_02,2015-08-28,2015-09-02,2015-09-03T03:59:59+00:00,57.307,455.428,https://www.eia.gov/petroleum/supply/weekly/archive/2015/2015_09_02/csv/table9.csv,e325c311829f1b18519b2eab1bb7e82ef759652df4d8e74b5989466a24ddaf13,release_date_only_ny_end_of_day,398.121,1,2.2556300312505977,24,33.396375,10.600419691496633,-0.3879999999999981,0.14300000000000068,includes_lease_stocks,6.557645237799934,24,328.41058333333336,10.630403771286383,5.05499999999995,0.009999999999990905,High,0.0,1.2556300312505977,-0.8751844521252277
2015_09_10,2015-09-04,2015-09-10,2015-09-11T03:59:59+00:00,56.41,457.998,https://www.eia.gov/petroleum/supply/weekly/archive/2015/2015_09_10/csv/table9.csv,f8f2cf5ce22905a9582c721dd4da7d013137d0962f56ef22b2b6dcb45ce9e68f,release_date_only_ny_end_of_day,401.58799999999997,1,2.2448503155201536,24,33.18820833333333,10.344472193143067,-0.8970000000000056,-0.703000000000003,includes_lease_stocks,7.32732440729845,24,328.0474166666666,10.036485249661196,3.4669999999999845,5.107999999999947,High,0.0,1.2448503155201536,-2.01363073302159
2015_09_16,2015-09-11,2015-09-16,2015-09-17T03:59:59+00:00,54.504,455.894,https://www.eia.gov/petroleum/supply/weekly/archive/2015/2015_09_16/csv/table9.csv,62bfd25d3c25d582ab2d9f25be6ffa6576b8420903c3da744815cb9433686b00,release_date_only_ny_end_of_day,401.39,1,2.116174816051359,24,32.921625,10.198767529173828,-1.9059999999999988,-2.9350000000000023,includes_lease_stocks,7.540438567596483,24,328.51783333333333,9.664181468146976,-0.19799999999997908,2.6159999999999854,High,0.0,1.116174816051359,-4.033429199393888
2015_09_23,2015-09-18,2015-09-23,2015-09-24T03:59:59+00:00,54.042,453.969,https://www.eia.gov/petroleum/supply/weekly/archive/2015/2015_09_23/csv/table9.csv,36c2474fb923413af8900f21ae6fcc9250856985ed6c22f2d58e5aecdc623e61,release_date_only_ny_end_of_day,399.927,1,2.11250368225224,24,32.66470833333333,10.119410368968131,-0.4619999999999962,-3.6529999999999987,includes_lease_stocks,6.890574487505246,24,330.10758333333337,10.132597331800268,-1.4629999999999654,6.86099999999999,High,0.0,1.1125036822522398,-0.9759767012005267
2015_09_30,2015-09-25,2015-09-30,2015-10-01T03:59:59+00:00,52.974,457.924,https://www.eia.gov/petroleum/supply/weekly/archive/2015/2015_09_30/csv/table9.csv,8f28ee499d31a837d22f133b5ae4553c66bc1dc56239d5bbd8421b9f0bbc29cf,release_date_only_ny_end_of_day,404.95,1,2.0375311033981567,24,32.49533333333333,10.050725916533361,-1.068000000000005,-4.3330000000000055,includes_lease_stocks,6.340223287462405,24,332.17474999999996,11.478341802868494,5.022999999999968,6.829000000000008,High,0.0,1.0375311033981567,-2.1760832184292416
2015_10_07,2015-10-02,2015-10-07,2015-10-08T03:59:59+00:00,53.072,460.997,https://www.eia.gov/petroleum/supply/weekly/archive/2015/2015_10_07/csv/table9.csv,c9c57e0ef6cbffa23d043ef4f98786e6b6c8d865627392696ee14b9c139b6c88,release_date_only_ny_end_of_day,407.925,1,2.0714543752079924,24,32.50941666666666,9.92664071168291,0.09800000000000608,-3.337999999999994,includes_lease_stocks,6.079048513923517,24,334.6530416666667,12.053195194200283,2.9750000000000227,6.337000000000046,High,0.0,1.0714543752079924,0.20300252877039585
2015_10_15,2015-10-09,2015-10-15,2015-10-16T03:59:59+00:00,54.197,468.559,https://www.eia.gov/petroleum/supply/weekly/archive/2015/2015_10_15/csv/table9.csv,472de1f3d416442f69a055b0dd3331c59c5ceaadd716d62b6a64125eecfc2c9b,release_date_only_ny_end_of_day,414.362,1,2.1883883849087895,24,32.581875,9.877188687830158,1.125,-0.30699999999999505,includes_lease_stocks,6.225834000576958,24,337.19795833333336,12.394169465410698,6.437000000000012,12.972000000000037,High,0.0,1.1883883849087895,2.4619369330223884
2015_10_21,2015-10-16,2015-10-21,2015-10-22T03:59:59+00:00,54.119,476.587,https://www.eia.gov/petroleum/supply/weekly/archive/2015/2015_10_21/csv/table9.csv,91b743fd7537eb5660a04fbd592f9140b894f8eceed216caee842fcb435957d8,release_date_only_ny_end_of_day,422.46799999999996,1,2.164660397184815,24,32.88775,9.808120492069646,-0.07800000000000296,0.07699999999999818,includes_lease_stocks,6.704259781373465,24,339.26591666666667,12.410331050192111,8.105999999999938,22.54099999999994,High,0.0,1.1646603971848148,-0.16884351098042197
2015_10_28,2015-10-23,2015-10-28,2015-10-29T03:59:59+00:00,53.334,479.963,https://www.eia.gov/petroleum/supply/weekly/archive/2015/2015_10_28/csv/table9.csv,46370703589505464369598ee214b0d9575c251a5006ce02e724ccb5e2eb9a30,release_date_only_ny_end_of_day,426.629,1,2.031484831774558,24,33.36975,9.827417703414834,-0.7849999999999966,0.36000000000000654,includes_lease_stocks,6.957732998283771,24,341.39112500000005,12.250811438298246,4.161000000000058,21.67900000000003,High,0.0,1.031484831774558,-1.594715592943021
2015_11_04,2015-10-30,2015-11-04,2015-11-05T04:59:59+00:00,53.122,482.81,https://www.eia.gov/petroleum/supply/weekly/archive/2015/2015_11_04/csv/table9.csv,f1f2a53ca0ef39a65f6b5e69393fe2d4135226ecf0176caf8d26f4c3d901e114,release_date_only_ny_end_of_day,429.688,1,1.950265584298149,24,33.94866666666667,9.83113966000345,-0.2120000000000033,0.04999999999999716,includes_lease_stocks,7.154000106128428,24,343.4579583333334,12.053402346583441,3.058999999999969,21.762999999999977,High,0.0,0.9502655842981489,-0.413456303871214
2015_11_12,2015-11-06,2015-11-12,2015-11-13T04:59:59+00:00,55.359,487.034,https://www.eia.gov/petroleum/supply/weekly/archive/2015/2015_11_12/csv/table9.csv,89ae21746666f2e82dcd407c1e7820f7f7a2a81d267a11c684a904dda6cdc7d9,release_date_only_ny_end_of_day,431.675,1,2.145143036075719,24,34.54866666666667,9.70114019594858,2.237000000000002,1.161999999999999,includes_lease_stocks,7.301622630033177,24,344.45683333333335,11.94503894352458,1.9870000000000232,17.312999999999988,High,0.0,1.1451430360757189,4.7986849717013875
2015_11_18,2015-11-13,2015-11-18,2015-11-19T04:59:59+00:00,56.854,487.286,https://www.eia.gov/petroleum/supply/weekly/archive/2015/2015_11_18/csv/table9.csv,76c25e7a4eafcbcbd0309a72e8eb76d40ff221cc050f083b49d2600d6ff10c6e,release_date_only_ny_end_of_day,430.432,1,2.2487606676915965,24,35.22741666666666,9.617112058231395,1.4949999999999974,2.7349999999999994,includes_lease_stocks,7.028153644340754,24,344.37404166666664,12.244746300136653,-1.242999999999995,7.9640000000000555,High,0.0,1.2487606676915965,3.361897198198931
2015_11_25,2015-11-20,2015-11-25,2015-11-26T04:59:59+00:00,58.598,488.247,https://www.eia.gov/petroleum/supply/weekly/archive/2015/2015_11_25/csv/table9.csv,a51108fecf09ea8895af2a381c29171cf435e9752c1e93378bb67dad853188af,release_date_only_ny_end_of_day,429.649,1,2.404179697769342,24,35.95258333333334,9.41918638098377,1.7439999999999998,5.263999999999996,includes_lease_stocks,6.822197919288183,24,343.2862916666666,12.659074004458716,-0.7830000000000155,3.019999999999982,High,0.0,1.404179697769342,4.1928893929097315
2015_12_02,2015-11-27,2015-12-02,2015-12-03T04:59:59+00:00,59.026,489.424,https://www.eia.gov/petroleum/supply/weekly/archive/2015/2015_12_02/csv/table9.csv,42ec875f9853a84e999c63700699df03df172b86e91ea0480fdcbc1d2ac61889,release_date_only_ny_end_of_day,430.39799999999997,1,2.392674000535493,24,36.69683333333333,9.332306307365437,0.4280000000000044,5.9040000000000035,includes_lease_stocks,6.5720449430692796,24,342.08975000000004,13.436951628446742,0.7489999999999668,0.7099999999999795,High,0.0,1.392674000535493,1.0240644722292014
2015_12_09,2015-12-04,2015-12-09,2015-12-10T04:59:59+00:00,59.449,485.856,https://www.eia.gov/petroleum/supply/weekly/archive/2015/2015_12_09/csv/table9.csv,9b8a6d77ba508aa8c63377765dc03d51b531c56ea218af77eacdcec07ce92dea,release_date_only_ny_end_of_day,426.407,1,2.4064100368926202,24,37.52458333333333,9.110839936064057,0.4229999999999947,4.089999999999996,includes_lease_stocks,5.757160588447414,24,339.822875,15.039379859186784,-3.9909999999999854,-5.268000000000029,High,0.0,1.4064100368926202,1.0179114456055656
2015_12_16,2015-12-11,2015-12-16,2015-12-17T04:59:59+00:00,60.056,490.657,https://www.eia.gov/petroleum/supply/weekly/archive/2015/2015_12_16/csv/table9.csv,6afeb66ce8b38639a8f9f25b5be3476d4f64033665f87c2ef92bae919ad2a865,release_date_only_ny_end_of_day,430.601,1,2.4241378100963944,24,38.17041666666667,9.028192721627102,0.6069999999999993,3.201999999999998,includes_lease_stocks,5.515448611144562,24,335.48112499999996,17.246081272119916,4.194000000000017,0.16899999999998272,High,0.0,1.4241378100963944,1.4714516507285098
2015_12_23,2015-12-18,2015-12-23,2015-12-24T04:59:59+00:00,62.101,484.78,https://www.eia.gov/petroleum/supply/weekly/archive/2015/2015_12_23/csv/table9.csv,44836701bc6fbb55965543a22feaea71ab2e6cf85dec6726a931329d3c964442,release_date_only_ny_end_of_day,422.679,1,2.5843282354007266,24,38.69833333333333,9.055609247343863,2.0450000000000017,3.503,includes_lease_stocks,4.915301094548641,24,330.692125,18.71439271584377,-7.9220000000000255,-6.970000000000027,High,0.0,1.5843282354007266,5.284951241394491
2015_12_30,2015-12-25,2015-12-30,2015-12-31T04:59:59+00:00,62.993,487.409,https://www.eia.gov/petroleum/supply/weekly/archive/2015/2015_12_30/csv/table9.csv,01cfe4e7567e3ae3f97d7403481ae6e68fda3aff50337934b3d8faf07bfbfd20,release_date_only_ny_end_of_day,424.416,1,2.6261204799812314,24,39.13908333333333,9.083329134555605,0.892000000000003,3.9669999999999987,includes_lease_stocks,5.3461034884182155,24,326.1073333333333,18.38884467531209,1.7370000000000232,-5.981999999999971,High,0.0,1.6261204799812314,2.3424994681432665
2016_01_06,2016-01-01,2016-01-06,2016-01-07T04:59:59+00:00,63.91,482.324,https://www.eia.gov/petroleum/supply/weekly/archive/2016/2016_01_06/csv/table9.csv,e52d5760f41941b80201b405ab6be7e1d6b6ae807c10e5fa47a5b8188f919bd6,release_date_only_ny_end_of_day,418.414,1,1.8992261586217352,24,42.92570833333334,11.048864070982951,0.9169999999999945,4.4609999999999985,includes_lease_stocks,1.734891760104432,24,348.87725,40.08131896125566,-6.0020000000000095,-7.992999999999995,High,0.0,0.8992261586217352,1.7415903874561207
2016_01_13,2016-01-08,2016-01-13,2016-01-14T04:59:59+00:00,64.007,482.558,https://www.eia.gov/petroleum/supply/weekly/archive/2016/2016_01_13/csv/table9.csv,338c89c1a59ff126fd5d61ab3147f94ab96554d63cadc39f9fe39c18a6042859,release_date_only_ny_end_of_day,418.551,1,2.0837669487666624,24,43.235833333333325,9.968085288501527,0.09700000000000841,3.9510000000000076,includes_lease_stocks,1.9716452252479348,24,344.4395833333333,37.58861671340855,0.13700000000000045,-12.050000000000011,High,0.0,1.0837669487666624,0.20212539403038376
2016_01_21,2016-01-15,2016-01-21,2016-01-22T04:59:59+00:00,64.198,486.537,https://www.eia.gov/petroleum/supply/weekly/archive/2016/2016_01_21/csv/table9.csv,0ef9a58910608b42832a07cf4504cdee4d3c54890205ea36ed25df7360d3cd5b,release_date_only_ny_end_of_day,422.339,1,2.335135857735203,24,43.316624999999995,8.942252730533797,0.1909999999999883,2.096999999999994,includes_lease_stocks,2.4152508720227623,24,340.5513333333333,33.8630109253081,3.788000000000011,-0.339999999999975,High,0.0,1.335135857735203,0.44601094882739645
2016_01_27,2016-01-22,2016-01-27,2016-01-28T04:59:59+00:00,63.427,494.92,https://www.eia.gov/petroleum/supply/weekly/archive/2016/2016_01_27/csv/table9.csv,db25e51cc5a2e2fd1df2719efc80af9360ffb736c72b3b6c53248fdbf2dff485,release_date_only_ny_end_of_day,431.493,1,2.583670687672344,24,43.38804166666667,7.756003282053965,-0.7709999999999937,0.4339999999999975,includes_lease_stocks,3.129390692664151,24,337.3463333333333,30.084663729384527,9.153999999999996,7.076999999999998,High,0.0,1.583670687672344,-1.992010100195361
2016_02_03,2016-01-29,2016-02-03,2016-02-04T04:59:59+00:00,64.174,502.712,https://www.eia.gov/petroleum/supply/weekly/archive/2016/2016_02_03/csv/table9.csv,1d8e0eede5bfb79df25f0d24d582e1b0906ff0683a4132ecf36034e155f073b0,release_date_only_ny_end_of_day,438.538,1,3.180088148326276,24,43.41491666666667,6.527832677927222,0.747000000000007,0.26400000000001,includes_lease_stocks,4.056686577325365,24,334.8424166666667,25.561645287790856,7.045000000000016,20.124000000000024,High,0.0,2.180088148326276,2.3755258467997504
2016_02_10,2016-02-05,2016-02-10,2016-02-11T04:59:59+00:00,64.697,501.958,https://www.eia.gov/petroleum/supply/weekly/archive/2016/2016_02_10/csv/table9.csv,4943fbf49136a3d9789d67af9018061051c9b51ef73a5b7808844a6b5067f384,release_date_only_ny_end_of_day,437.261,1,3.1487652372193096,24,43.80174999999999,6.636013937467346,0.5229999999999961,0.6899999999999977,includes_lease_stocks,3.612172215662844,24,338.12262499999997,27.445639100517766,-1.2769999999999868,18.710000000000036,High,0.0,2.1487652372193096,1.6468042190656866
2016_02_18,2016-02-12,2016-02-18,2016-02-19T04:59:59+00:00,64.733,504.105,https://www.eia.gov/petroleum/supply/weekly/archive/2016/2016_02_18/csv/table9.csv,4c11df68b8867db4a654f089634674649bf16a918c40478147c84992098f2c52,release_date_only_ny_end_of_day,439.372,1,2.9974060974945,24,44.01166666666666,6.9130884035546885,0.036000000000001364,0.5350000000000108,includes_lease_stocks,3.4260493812030353,24,342.26874999999995,28.34263000783219,2.11099999999999,17.033000000000015,High,0.0,1.9974060974944998,0.10790661950980608
2016_02_24,2016-02-19,2016-02-24,2016-02-25T04:59:59+00:00,65.066,507.607,https://www.eia.gov/petroleum/supply/weekly/archive/2016/2016_02_24/csv/table9.csv,d354bd8a0e72c800144b4d23ad46253e4534e65c4adcbb982ba8cabcba51609c,release_date_only_ny_end_of_day,442.54100000000005,1,2.7588716285774737,24,44.15616666666667,7.579125145491035,0.3329999999999984,1.639000000000003,includes_lease_stocks,3.289496931061335,24,346.49212500000004,29.19865165188358,3.1690000000000396,11.048000000000059,High,0.0,1.7588716285774737,0.9187042523162944
2016_03_02,2016-02-26,2016-03-02,2016-03-03T04:59:59+00:00,66.256,517.981,https://www.eia.gov/petroleum/supply/weekly/archive/2016/2016_03_02/csv/table9.csv,cbe37b8873cd21f01f9a8d5b14e99e916d7f394e604d9a6bf319124297afac51,release_date_only_ny_end_of_day,451.725,1,2.597581933443907,24,44.234791666666666,8.477579879121402,1.1899999999999977,2.0819999999999936,includes_lease_stocks,3.3303239303703327,24,350.64816666666667,30.35045102116946,9.183999999999969,13.187000000000012,High,0.0,1.597581933443907,3.0911225007982432
2016_03_09,2016-03-04,2016-03-09,2016-03-10T04:59:59+00:00,66.946,521.861,https://www.eia.gov/petroleum/supply/weekly/archive/2016/2016_03_09/csv/table9.csv,f2befb25ef778e09e94582949036dfee6b7e11a67df20f563085d179aebd6d23,release_date_only_ny_end_of_day,454.91499999999996,1,2.3624032562553308,24,44.33304166666667,9.572014546397705,0.6899999999999977,2.2489999999999952,includes_lease_stocks,3.219546251084245,24,354.60533333333336,31.156460831362605,3.189999999999941,17.65399999999994,High,0.0,1.3624032562553308,1.6300582468161728
2016_03_16,2016-03-11,2016-03-16,2016-03-17T03:59:59+00:00,67.491,523.178,https://www.eia.gov/petroleum/supply/weekly/archive/2016/2016_03_16/csv/table9.csv,83d8149b493cf2de8b77a04aa7a3d6b6f2e5ebdeaa48e1965513fa7b7b8db40d,release_date_only_ny_end_of_day,455.687,1,2.1550098215441285,24,44.641416666666665,10.603006587209395,0.5450000000000017,2.7579999999999956,includes_lease_stocks,2.9849679284346173,24,358.624625,32.51705791388575,0.7720000000000482,16.314999999999998,High,0.0,1.1550098215441285,1.1744803527415537
2016_03_23,2016-03-18,2016-03-23,2016-03-24T03:59:59+00:00,66.233,532.535,https://www.eia.gov/petroleum/supply/weekly/archive/2016/2016_03_23/csv/table9.csv,26ca000ab12233f9d9d41e1fe5d180f0e4a6ef84c239310e0b792b24a73d1a72,release_date_only_ny_end_of_day,466.30199999999996,1,1.8327804293316647,24,44.918416666666666,11.62964367810597,-1.2579999999999956,1.1670000000000016,includes_lease_stocks,3.0849536203473114,24,362.560375,33.62826083210952,10.614999999999952,23.76099999999991,High,0.0,0.8327804293316647,-2.305637780099226
2016_03_30,2016-03-25,2016-03-30,2016-03-31T03:59:59+00:00,65.961,534.834,https://www.eia.gov/petroleum/supply/weekly/archive/2016/2016_03_30/csv/table9.csv,dd464bb2bd62c4f4cb46487c42bc5a14d2734d52523e2628e319660feef60941,release_date_only_ny_end_of_day,468.87299999999993,1,1.6514983948821964,24,45.14204166666667,12.606102674909575,-0.27200000000000557,-0.2950000000000017,includes_lease_stocks,2.9613785289078502,24,366.55620833333336,34.55039288894986,2.5709999999999695,17.14799999999991,High,0.0,0.6514983948821964,-0.44920756340796664
2016_04_06,2016-04-01,2016-04-06,2016-04-07T03:59:59+00:00,66.318,529.897,https://www.eia.gov/petroleum/supply/weekly/archive/2016/2016_04_06/csv/table9.csv,700b0ad968f9e5bc821f4d739c4841069060d96fd3fe1b6dc6f1c2c071545908,release_date_only_ny_end_of_day,463.57900000000006,1,1.567513718336303,24,45.33895833333333,13.383641509008923,0.3569999999999993,-0.6280000000000001,includes_lease_stocks,2.6621609455552617,24,370.3595416666667,35.01646228000316,-5.293999999999869,8.664000000000101,High,0.0,0.567513718336303,0.5596023974460591
2016_04_13,2016-04-08,2016-04-13,2016-04-14T03:59:59+00:00,64.551,536.531,https://www.eia.gov/petroleum/supply/weekly/archive/2016/2016_04_13/csv/table9.csv,3f98dde5e19ac57516b19067b8beb4c879bc74af0f0da0aa121f09facc347b4a,release_date_only_ny_end_of_day,471.97999999999996,1,1.3506803185868845,24,45.472791666666666,14.124888081062315,-1.766999999999996,-2.9399999999999977,includes_lease_stocks,2.7937847579502253,24,373.44475000000006,35.26944934451369,8.400999999999897,16.29299999999995,High,0.0,0.35068031858688453,-2.3866521229430195
2016_04_20,2016-04-15,2016-04-20,2016-04-21T03:59:59+00:00,64.303,538.611,https://www.eia.gov/petroleum/supply/weekly/archive/2016/2016_04_20/csv/table9.csv,4827c47639a164b2459417b378a29d2f636603244a1f7732504893481a784187,release_date_only_ny_end_of_day,474.308,1,1.2772223311138118,24,45.498416666666664,14.723030497700936,-0.24800000000000466,-1.9300000000000068,includes_lease_stocks,2.790853188249928,24,375.9704166666667,35.235670492218986,2.3280000000000314,8.006000000000029,High,0.0,0.2772223311138118,-0.3167511381162313
2016_04_27,2016-04-22,2016-04-27,2016-04-28T03:59:59+00:00,66.049,540.61,https://www.eia.gov/petroleum/supply/weekly/archive/2016/2016_04_27/csv/table9.csv,ceb0e35ef59fbe4f2f64fcee815f2f55a00eb1fe912c89818331ef3206d4d8b9,release_date_only_ny_end_of_day,474.56100000000004,1,1.3543346452814342,24,45.480624999999996,15.187069954727363,1.7460000000000093,0.08800000000000807,includes_lease_stocks,2.764418860996292,24,377.3610416666667,35.16108202875689,0.25300000000004275,5.688000000000102,High,0.0,0.3543346452814342,2.3646682906613967
2016_05_04,2016-04-29,2016-05-04,2016-05-05T03:59:59+00:00,66.292,543.394,https://www.eia.gov/petroleum/supply/weekly/archive/2016/2016_05_04/csv/table9.csv,a9551ac1fa18276925ad3b5d6d7bb37a3320a65d83d12755b14b6751ab67a5bd,release_date_only_ny_end_of_day,477.102,1,1.3446460204679045,24,45.34858333333333,15.57541267208664,0.242999999999995,-0.02599999999999625,includes_lease_stocks,2.8276862499697177,24,378.7309583333333,34.78852778228848,2.54099999999994,13.52299999999991,High,0.0,0.3446460204679045,0.3267489829736941
2016_05_11,2016-05-06,2016-05-11,2016-05-12T03:59:59+00:00,67.812,539.984,https://www.eia.gov/petroleum/supply/weekly/archive/2016/2016_05_11/csv/table9.csv,55c836ffe1fbbe05453c8eff6d6a8e3ed469cca586cf51adeb688985ecbdb786,release_date_only_ny_end_of_day,472.172,1,1.4335415791533401,24,45.03929166666666,15.885628058854815,1.519999999999996,3.2609999999999957,includes_lease_stocks,2.7177009320822823,24,379.15833333333336,34.225129619174204,-4.92999999999995,0.19200000000006412,High,0.0,0.43354157915334013,2.178983200313071
2016_05_18,2016-05-13,2016-05-18,2016-05-19T03:59:59+00:00,68.273,541.294,https://www.eia.gov/petroleum/supply/weekly/archive/2016/2016_05_18/csv/table9.csv,b44a90f0d768e9c6293c3410b5bf3970cf05009623184a4981229c562391c564,release_date_only_ny_end_of_day,473.02099999999996,1,1.4772425474271942,24,44.581041666666664,16.03796097979705,0.4609999999999985,3.969999999999999,includes_lease_stocks,2.816154657452758,24,379.0280416666667,33.376348164894786,0.8489999999999327,-1.2870000000000346,High,0.0,0.4772425474271942,0.6810088143639343
2016_05_25,2016-05-20,2016-05-25,2016-05-26T03:59:59+00:00,67.624,537.068,https://www.eia.gov/petroleum/supply/weekly/archive/2016/2016_05_25/csv/table9.csv,11d873da47d582821ec1610294afb60c31aeadfdb17c258b1aa98e421fb4d59f,release_date_only_ny_end_of_day,469.44399999999996,1,1.4620837386968286,24,44.1105,16.08218419894187,-0.6490000000000009,1.5749999999999886,includes_lease_stocks,2.8302615198408403,24,378.3797083333334,32.17522162820755,-3.576999999999998,-5.1170000000000755,High,0.0,0.4620837386968286,-0.9488923464142431
2016_06_02,2016-05-27,2016-06-02,2016-06-03T03:59:59+00:00,66.92,535.702,https://www.eia.gov/petroleum/supply/weekly/archive/2016/2016_06_02/csv/table9.csv,f3a3b300c0e14d22e8d3d2ddc0770f0d0f08bf11bab1c16c535b88949197b9d0,release_date_only_ny_end_of_day,468.782,1,1.446057344472112,24,43.71154166666667,16.04947301851688,-0.7039999999999935,0.6280000000000001,includes_lease_stocks,2.9538730218655145,24,377.09820833333333,31.0385013126813,-0.6619999999999777,-8.319999999999993,High,0.0,0.4460573444721121,-1.0180243705083576
2016_06_08,2016-06-03,2016-06-08,2016-06-09T03:59:59+00:00,65.557,532.476,https://www.eia.gov/petroleum/supply/weekly/archive/2016/2016_06_08/csv/table9.csv,719f3449b163107651d280912a511f503937ebcc15b5df85625286a06942123b,release_date_only_ny_end_of_day,466.919,1,1.383654707835452,24,43.363208333333326,16.039978428856706,-1.3629999999999995,-2.2549999999999955,includes_lease_stocks,2.9659927675071414,24,375.5292916666667,30.81251894290508,-1.8629999999999995,-5.253000000000043,High,0.0,0.38365470783545197,-1.8859213667797203
2016_06_15,2016-06-10,2016-06-15,2016-06-16T03:59:59+00:00,66.461,531.543,https://www.eia.gov/petroleum/supply/weekly/archive/2016/2016_06_15/csv/table9.csv,f563cd5a2b132ca1f231785c88049a9cfee605b419b5e8dc6d87ec2ee9445e9c,release_date_only_ny_end_of_day,465.082,1,1.470060780699386,24,42.97595833333333,15.975558272831131,0.9039999999999964,-1.8119999999999976,includes_lease_stocks,2.949235120172044,24,373.5829583333334,31.02466841006863,-1.836999999999989,-7.9389999999999645,High,0.0,0.47006078069938595,1.3289349457522395
2016_06_22,2016-06-17,2016-06-22,2016-06-23T03:59:59+00:00,65.181,530.626,https://www.eia.gov/petroleum/supply/weekly/archive/2016/2016_06_22/csv/table9.csv,4bc3fbcb11e40ea2e276465f6eb8688b9c1a7f78ebe391f17d459449efb82d4d,release_date_only_ny_end_of_day,465.445,1,1.4202727668653163,24,42.54383333333333,15.93860503051759,-1.2800000000000011,-2.442999999999998,includes_lease_stocks,2.983728138720698,24,371.325875,31.544135599550454,0.36299999999999955,-3.998999999999967,High,0.0,0.42027276686531634,-1.8179491415876066
2016_06_29,2016-06-24,2016-06-29,2016-06-30T03:59:59+00:00,64.23,526.573,https://www.eia.gov/petroleum/supply/weekly/archive/2016/2016_06_29/csv/table9.csv,e3019ac3a4c6b55cc1e29675b2d5ab807ceeb3f5a32394da1c2a177609faa82b,release_date_only_ny_end_of_day,462.34299999999996,1,1.3914265733875817,24,42.06695833333333,15.928286903927885,-0.9509999999999934,-2.6899999999999977,includes_lease_stocks,2.892613859346788,24,368.856,32.31921180835083,-3.1020000000000323,-6.439000000000021,High,0.0,0.3914265733875817,-1.323246671291581
2016_07_07,2016-07-01,2016-07-07,2016-07-08T03:59:59+00:00,64.148,524.35,https://www.eia.gov/petroleum/supply/weekly/archive/2016/2016_07_07/csv/table9.csv,02b72dd42a0c9aaf6fd428721fa91caf378ca3bc631ca44cdebbcd996a2bdfba,release_date_only_ny_end_of_day,460.202,1,1.4143352202929338,24,41.53791666666667,15.986368018644393,-0.08200000000000784,-1.409000000000006,includes_lease_stocks,2.878768731466372,24,366.6123333333333,32.51031096860444,-2.1409999999999627,-6.7169999999999845,High,0.0,0.4143352202929338,-0.11597548806403167
2016_07_13,2016-07-08,2016-07-13,2016-07-14T03:59:59+00:00,63.916,521.804,https://www.eia.gov/petroleum/supply/weekly/archive/2016/2016_07_13/csv/table9.csv,602ce64cb87cfeff8d0d34eba1b017f8808e88acd831fe7111a327a6bb02d5a4,release_date_only_ny_end_of_day,457.888,1,1.4288882928109765,24,40.97875,16.052514472546175,-0.23199999999999932,-2.5450000000000017,includes_lease_stocks,2.847642390227117,24,364.373875,32.83913925461043,-2.3140000000000214,-7.194000000000017,High,0.0,0.4288882928109765,-0.3315020839321456
2016_07_20,2016-07-15,2016-07-20,2016-07-21T03:59:59+00:00,64.105,519.462,https://www.eia.gov/petroleum/supply/weekly/archive/2016/2016_07_20/csv/table9.csv,7067e2e5d1d93f165483d15b11ee182970d601875e768f6485fe16268a271d54,release_date_only_ny_end_of_day,455.35699999999997,1,1.4730911854985211,24,40.39116666666666,16.098007758635895,0.18900000000000716,-1.0759999999999934,includes_lease_stocks,2.8077403942576185,24,362.15754166666665,33.1937591252897,-2.531000000000006,-10.088000000000022,High,0.0,0.47309118549852114,0.27841423405923105
2016_07_27,2016-07-22,2016-07-27,2016-07-28T03:59:59+00:00,65.215,521.133,https://www.eia.gov/petroleum/supply/weekly/archive/2016/2016_07_27/csv/table9.csv,64718d2cc813a056855bdded57c2f929cf870bbf9d96bed7ab5cecd01fe0680c,release_date_only_ny_end_of_day,455.918,1,1.5702147354475835,24,39.87779166666667,16.136142249430023,1.1099999999999994,0.9849999999999994,includes_lease_stocks,2.8413788580600152,24,359.8625,33.805945915140306,0.5610000000000355,-6.4249999999999545,High,0.0,0.5702147354475835,1.7429383563468168
2016_08_03,2016-07-29,2016-08-03,2016-08-04T03:59:59+00:00,64.092,522.546,https://www.eia.gov/petroleum/supply/weekly/archive/2016/2016_08_03/csv/table9.csv,2d42f896db1375ca9763da6f14b4d5ddb587052a18688e99cf857bf354af09d8,release_date_only_ny_end_of_day,458.45400000000006,1,1.5371274981224807,24,39.39654166666667,16.065979148442477,-1.1230000000000047,-0.055999999999997385,includes_lease_stocks,3.006519346907226,24,357.8095,33.47542070651631,2.536000000000058,-1.7479999999999336,High,0.0,0.5371274981224807,-1.726194180391553
2016_08_10,2016-08-05,2016-08-10,2016-08-11T03:59:59+00:00,65.255,523.601,https://www.eia.gov/petroleum/supply/weekly/archive/2016/2016_08_10/csv/table9.csv,0f911d67a6c8e2004b60ae3af552390946d0ae166b45538bfd46b1273896e261,release_date_only_ny_end_of_day,458.346,1,1.6405257416763086,24,38.887750000000004,16.072439054237346,1.1629999999999967,1.3389999999999986,includes_lease_stocks,3.0847426594397604,24,356.3584583333333,33.061928635949585,-0.10800000000006094,0.45800000000002683,High,0.0,0.6405257416763086,1.9079314375695415
2016_08_17,2016-08-12,2016-08-17,2016-08-18T03:59:59+00:00,64.531,521.093,https://www.eia.gov/petroleum/supply/weekly/archive/2016/2016_08_17/csv/table9.csv,5cb6e1163053d85cbc353b5184e0a5158a32f319062b096b99cbebd8c51e1bab,release_date_only_ny_end_of_day,456.56199999999995,1,1.6368571371287235,24,38.363791666666664,15.98625056505193,-0.7239999999999895,0.42600000000000193,includes_lease_stocks,3.064845552628223,24,355.76225,32.88901455851839,-1.7840000000000487,1.204999999999984,High,0.0,0.6368571371287235,-1.1850845672811787
2016_08_24,2016-08-19,2016-08-24,2016-08-25T03:59:59+00:00,64.906,523.594,https://www.eia.gov/petroleum/supply/weekly/archive/2016/2016_08_24/csv/table9.csv,9af5de3761850cc5d156ae44659464b196e549c487f36acbd3571bb8e09b7139,release_date_only_ny_end_of_day,458.68800000000005,1,1.720672576517776,24,37.82204166666667,15.740332415911864,0.375,-0.3089999999999975,includes_lease_stocks,3.1724817359214446,24,355.24745833333327,32.6055593939054,2.12600000000009,2.7700000000000387,High,0.0,0.7206725765177759,0.645252216194166
2016_08_31,2016-08-26,2016-08-31,2016-09-01T03:59:59+00:00,63.867,525.87,https://www.eia.gov/petroleum/supply/weekly/archive/2016/2016_08_31/csv/table9.csv,9d67e5ebc27607961b696fde39704cede45419395751a034484cdb5cb917e2be,release_date_only_ny_end_of_day,462.003,1,1.7157915867909814,24,37.3785,15.438063809102262,-1.0390000000000086,-0.22500000000000142,includes_lease_stocks,3.294938078666721,24,354.79720833333334,32.53651179692181,3.314999999999941,3.5489999999999213,High,0.0,0.7157915867909814,-1.7827074586758445
2016_09_08,2016-09-02,2016-09-08,2016-09-09T03:59:59+00:00,63.433,511.357,https://www.eia.gov/petroleum/supply/weekly/archive/2016/2016_09_08/csv/table9.csv,9ae86919d3279c700d67a69aa5a9911c33cc4e969bbae626d8add001b0b8c861,release_date_only_ny_end_of_day,447.92400000000004,1,1.7480596536410473,24,37.01379166666667,15.11344780385758,-0.4339999999999975,-1.8219999999999956,includes_lease_stocks,2.8284738742205535,24,354.91591666666665,32.88277971418907,-14.07899999999995,-10.421999999999969,High,0.0,0.7480596536410473,-0.7586578896802102
2016_09_14,2016-09-09,2016-09-14,2016-09-15T03:59:59+00:00,62.188,510.798,https://www.eia.gov/petroleum/supply/weekly/archive/2016/2016_09_14/csv/table9.csv,82e5f6ffa136f3fee3f7e886baf56b19ec288fd1ad45c649c2d42536ae1619ec,release_date_only_ny_end_of_day,448.61,1,1.7166598534861186,24,36.621833333333335,14.892971729226382,-1.2449999999999974,-2.3430000000000035,includes_lease_stocks,2.801009145503916,24,355.811375,33.13042556428535,0.6859999999999786,-7.951999999999941,High,0.0,0.7166598534861186,-2.1372415175902133
2016_09_21,2016-09-16,2016-09-21,2016-09-22T03:59:59+00:00,62.714,504.598,https://www.eia.gov/petroleum/supply/weekly/archive/2016/2016_09_21/csv/table9.csv,ecd08b37d2b4060febf008acc80a6424748aac3db0262a2f9b0663b0493272db,release_date_only_ny_end_of_day,441.884,1,1.7921269000136892,24,36.280541666666664,14.74976930100844,0.5259999999999962,-2.1920000000000073,includes_lease_stocks,2.5236464909056493,24,357.64641666666665,33.37931189526605,-6.725999999999999,-16.80400000000003,High,0.0,0.7921269000136892,0.9426587494071939
2016_09_28,2016-09-23,2016-09-28,2016-09-29T03:59:59+00:00,62.083,502.716,https://www.eia.gov/petroleum/supply/weekly/archive/2016/2016_09_28/csv/table9.csv,cfe23592c835991d5ec00b1f2dc995beda2a6a06b04c82fd009a996e3646df4c,release_date_only_ny_end_of_day,440.63300000000004,1,1.7925580570759212,24,35.99366666666666,14.554247339632113,-0.6310000000000002,-1.783999999999999,includes_lease_stocks,2.3331437181079235,24,360.46541666666667,34.360327960570615,-1.2509999999999764,-21.369999999999948,High,0.0,0.7925580570759212,-1.1311041340149066
2016_10_05,2016-09-30,2016-10-05,2016-10-06T03:59:59+00:00,62.652,499.74,https://www.eia.gov/petroleum/supply/weekly/archive/2016/2016_10_05/csv/table9.csv,d2af87b0614e74a682e3b863dcf205b2089da0929e1a725bb4627d3042079dea,release_date_only_ny_end_of_day,437.088,1,1.8742834410862754,24,35.90558333333333,14.270209126515727,0.5690000000000026,-0.7809999999999988,includes_lease_stocks,2.0975343794526826,24,363.40220833333336,35.12971820080192,-3.545000000000016,-10.836000000000013,High,0.0,0.8742834410862754,1.0664672779780957
2016_10_13,2016-10-07,2016-10-13,2016-10-14T03:59:59+00:00,61.334,473.958,https://www.eia.gov/petroleum/supply/weekly/archive/2016/2016_10_13/csv/table9.csv,1f75c2a6267236ee6a46007f8e03fd1219139d1b9414cb78e1f0fb83e11dc0bc,release_date_only_ny_end_of_day,412.624,1,1.8106667835790684,24,35.887750000000004,14.053524497589487,-1.3179999999999978,-0.8539999999999992,excludes_lease_stocks,,0,,,,,High,0.0,0.8106667835790684,-2.386458820757208
2016_10_19,2016-10-14,2016-10-19,2016-10-20T03:59:59+00:00,59.699,468.711,https://www.eia.gov/petroleum/supply/weekly/archive/2016/2016_10_19/csv/table9.csv,09f1b589af4b66630a9908846a902a22dbc2753ef9786cd3d2ff74915bf069f3,release_date_only_ny_end_of_day,409.012,1,1.6781181935439833,24,36.23475,13.982477569381649,-1.6350000000000051,-3.0150000000000006,excludes_lease_stocks,,0,,,-3.612000000000023,,High,0.0,0.6781181935439833,-2.7437232464444214
2016_10_26,2016-10-21,2016-10-26,2016-10-27T03:59:59+00:00,58.362,468.158,https://www.eia.gov/petroleum/supply/weekly/archive/2016/2016_10_26/csv/table9.csv,a142aac1f439173abf6bfd7c2951da76c0d19143cf0c847224906fae01ec724f,release_date_only_ny_end_of_day,409.796,1,1.5413770372366247,24,36.774750000000004,14.005171660466374,-1.3369999999999962,-3.7209999999999965,excludes_lease_stocks,,0,,,0.7839999999999918,,High,0.0,0.5413770372366247,-2.0608210987853615
2016_11_02,2016-10-28,2016-11-02,2016-11-03T03:59:59+00:00,58.451,482.578,https://www.eia.gov/petroleum/supply/weekly/archive/2016/2016_11_02/csv/table9.csv,a606328acb2240e1e7032fa65b3dbe1548dbd2a8616f6e6043b762c22a9d3674,release_date_only_ny_end_of_day,424.12699999999995,1,1.4818689132380012,24,37.505,14.13485350349332,0.08899999999999864,-4.2010000000000005,excludes_lease_stocks,,0,,,14.33099999999996,,High,0.0,0.4818689132380012,0.13188633327818008
2016_11_09,2016-11-04,2016-11-09,2016-11-10T04:59:59+00:00,58.479,485.01,https://www.eia.gov/petroleum/supply/weekly/archive/2016/2016_11_09/csv/table9.csv,09b3242aeb1ef28a8a8df714d12c48dfb3f14371c2c6e625b992d24b209c290d,release_date_only_ny_end_of_day,426.531,1,1.4232100666826202,24,38.292,14.184132386762942,0.027999999999998693,-2.855000000000004,excludes_lease_stocks,,0,,,2.404000000000053,13.906999999999982,High,0.0,0.4232100666826202,0.039849881867111504
2016_11_16,2016-11-11,2016-11-16,2016-11-17T04:59:59+00:00,59.17,490.284,https://www.eia.gov/petroleum/supply/weekly/archive/2016/2016_11_16/csv/table9.csv,fdef500fbc91b74cd7a10056bef713ae750feedbc70ca4464e6b0989b813f8b8,release_date_only_ny_end_of_day,431.114,1,1.418085660536425,24,39.07320833333333,14.171775532279604,0.6910000000000025,-0.5289999999999964,excludes_lease_stocks,,0,,,4.58299999999997,22.101999999999975,High,0.0,0.41808566053642493,0.9798971914306732
2016_11_23,2016-11-18,2016-11-23,2016-11-24T04:59:59+00:00,59.083,489.029,https://www.eia.gov/petroleum/supply/weekly/archive/2016/2016_11_23/csv/table9.csv,990ba95e235b2a93d9e343b4e0ec3a3b1faceae06de3d5bb598aa9fc1540dd29,release_date_only_ny_end_of_day,429.946,1,1.3590314206584084,24,39.925000000000004,14.096804318709967,-0.0870000000000033,0.7209999999999965,excludes_lease_stocks,,0,,,-1.1679999999999495,20.150000000000034,High,0.0,0.35903142065840843,-0.11823573359728601
2016_11_30,2016-11-25,2016-11-30,2016-12-01T04:59:59+00:00,61.502,488.145,https://www.eia.gov/petroleum/supply/weekly/archive/2016/2016_11_30/csv/table9.csv,fc95f1b6c822f9bfe5c96513b338600ca57202209d2f5d96440ded57d810781d,release_date_only_ny_end_of_day,426.643,1,1.4603791806048299,24,40.79358333333334,14.180164262606153,2.419000000000004,3.051000000000002,excludes_lease_stocks,,0,,,-3.303000000000054,2.5160000000000196,High,0.0,0.46037918060482985,3.532657237883089
2016_12_07,2016-12-02,2016-12-07,2016-12-08T04:59:59+00:00,65.285,485.756,https://www.eia.gov/petroleum/supply/weekly/archive/2016/2016_12_07/csv/table9.csv,6515c325d05d8fea7d8343f4ea1cc48a5f7f4cf2141cccc8ad6da6d52dc3dbc5,release_date_only_ny_end_of_day,420.471,1,1.6591593524822177,24,41.74995833333333,14.184919387915699,3.782999999999994,6.805999999999997,excludes_lease_stocks,,0,,,-6.171999999999969,-6.060000000000002,High,0.0,0.6591593524822177,6.27659983044022
2016_12_14,2016-12-09,2016-12-14,2016-12-15T04:59:59+00:00,66.508,483.193,https://www.eia.gov/petroleum/supply/weekly/archive/2016/2016_12_14/csv/table9.csv,2859644718f16cb53ec0cf60dc001197744d7d72592a3c88187b8b6c35fc9c7d,release_date_only_ny_end_of_day,416.685,1,1.8063308128825342,24,42.03391666666667,13.54905931891717,1.222999999999999,7.337999999999994,excludes_lease_stocks,,0,,,-3.7860000000000014,-14.428999999999974,High,0.0,0.8063308128825342,2.2091425841553374
2016_12_21,2016-12-16,2016-12-21,2016-12-22T04:59:59+00:00,66.263,485.449,https://www.eia.gov/petroleum/supply/weekly/archive/2016/2016_12_21/csv/table9.csv,540427faf88fbe0ff13d65b9ef435d3805fde7f19abf7207ae6a0db6637f1c96,release_date_only_ny_end_of_day,419.18600000000004,1,1.8617532291441536,24,42.307541666666665,12.867150145535476,-0.24499999999999034,7.180000000000007,excludes_lease_stocks,,0,,,2.501000000000033,-10.759999999999991,High,0.0,0.8617532291441536,-0.45612954114029963
2016_12_29,2016-12-23,2016-12-29,2016-12-30T04:59:59+00:00,66.435,486.063,https://www.eia.gov/petroleum/supply/weekly/archive/2016/2016_12_29/csv/table9.csv,31a1aafbcc0c1db86a1e5108685fb6c660abd15ca527f9e2f87e1113a9952194,release_date_only_ny_end_of_day,419.628,1,1.9822728700270458,24,42.55641666666667,12.046062726473947,0.17199999999999704,4.933,excludes_lease_stocks,,0,,,0.44199999999995043,-7.014999999999986,High,0.0,0.9822728700270458,0.340950933644646
2017_01_05,2016-12-30,2017-01-05,2017-01-06T04:59:59+00:00,67.509,479.012,https://www.eia.gov/petroleum/supply/weekly/archive/2017/2017_01_05/csv/table9.csv,7f9c4fed6911370dd8d603eb4e951f0c2f67f2e4c6bce761c407f96e6923410f,release_date_only_ny_end_of_day,411.503,1,2.2249610013058683,24,42.92570833333334,11.048864070982951,1.073999999999998,2.2240000000000038,excludes_lease_stocks,,0,,,-8.125,-8.968000000000018,High,0.0,1.2249610013058683,2.389608115402498
2017_01_11,2017-01-06,2017-01-11,2017-01-12T04:59:59+00:00,66.93,483.109,https://www.eia.gov/petroleum/supply/weekly/archive/2017/2017_01_11/csv/table9.csv,df200f4922e0759a83bb66e39ef7923daacd1f958c22fde2404141014cc7c062,release_date_only_ny_end_of_day,416.179,1,1.1611888030763347,25,49.89184,14.67303159904819,-0.5789999999999935,0.42200000000001125,excludes_lease_stocks,,4,416.7505,3.730603749171629,4.675999999999988,-0.5060000000000286,High,0.0,0.16118880307633465,-0.6723283169811902
2017_01_19,2017-01-13,2017-01-19,2017-01-20T04:59:59+00:00,65.656,485.456,https://www.eia.gov/petroleum/supply/weekly/archive/2017/2017_01_19/csv/table9.csv,3995a6217abc08344faa30e29c5cb91c1238b5ec61df09f4ad8c8321e80545af,release_date_only_ny_end_of_day,419.8,1,1.1510991144165394,25,49.5122,14.024682842522084,-1.274000000000001,-0.6069999999999993,excludes_lease_stocks,,3,416.77233333333334,4.568724803852104,3.6210000000000377,0.6139999999999759,High,0.0,0.15109911441653945,-1.4665002717666724
2017_01_25,2017-01-20,2017-01-25,2017-01-26T04:59:59+00:00,65.372,488.296,https://www.eia.gov/petroleum/supply/weekly/archive/2017/2017_01_25/csv/table9.csv,43a559dde337347cf5f8bff99552fcfbc5d9fd2543d5c45d697c9afd0e54c0cf,release_date_only_ny_end_of_day,422.924,1,1.2189655888399735,25,49.100280000000005,13.348793558220908,-0.284000000000006,-1.0630000000000024,excludes_lease_stocks,,2,415.5655,5.745242597140699,3.123999999999967,3.2959999999999923,High,0.0,0.21896558883997352,-0.3461862272305598
2017_02_01,2017-01-27,2017-02-01,2017-02-02T04:59:59+00:00,64.127,494.762,https://www.eia.gov/petroleum/supply/weekly/archive/2017/2017_02_01/csv/table9.csv,490dc36612e50b8ec3b707bed45b77153f15929525a1de9d6417ef259bc64685,release_date_only_ny_end_of_day,430.635,1,1.215100747111893,25,48.632960000000004,12.751238970782408,-1.2450000000000045,-3.382000000000005,excludes_lease_stocks,,1,411.503,,7.711000000000013,19.132000000000005,High,0.0,0.2151007471118931,-1.5128004301543123
2017_02_08,2017-02-03,2017-02-08,2017-02-09T04:59:59+00:00,65.27,508.592,https://www.eia.gov/petroleum/supply/weekly/archive/2017/2017_02_08/csv/table9.csv,be519aa23b08f50932328e28620d95f69a1cc8b91c9703a495feb0bb6924cec0,release_date_only_ny_end_of_day,443.322,1,1.3646137115263324,24,48.299416666666666,12.436181162470941,1.1430000000000007,-1.6600000000000108,excludes_lease_stocks,,0,,,12.687000000000012,27.14300000000003,High,0.0,0.3646137115263324,1.559753472274599
2017_02_15,2017-02-10,2017-02-15,2017-02-16T04:59:59+00:00,64.568,518.119,https://www.eia.gov/petroleum/supply/weekly/archive/2017/2017_02_15/csv/table9.csv,1f2c827afad03203307e8615332a6e83e5ea2af9ec0634eb14fee08ea6232112,release_date_only_ny_end_of_day,453.55100000000004,1,1.2468709996767604,24,48.73791666666667,12.695846913944688,-0.7019999999999982,-1.088000000000008,excludes_lease_stocks,,0,,,10.229000000000042,33.75100000000003,High,0.0,0.2468709996767604,-0.8753034417730835
2017_02_23,2017-02-17,2017-02-23,2017-02-24T04:59:59+00:00,63.04,518.683,https://www.eia.gov/petroleum/supply/weekly/archive/2017/2017_02_23/csv/table9.csv,b058dba5ccf674b29aa61deed5a55fd686b773c77aa82a6a7246645d447ae5a1,release_date_only_ny_end_of_day,455.643,1,1.0539579215198092,24,49.11804166666667,13.209216467824296,-1.5279999999999987,-2.3320000000000007,excludes_lease_stocks,,0,,,2.0919999999999277,32.718999999999994,High,0.0,0.05395792151980916,-1.6104477040822671
2017_03_01,2017-02-24,2017-03-01,2017-03-02T04:59:59+00:00,63.535,520.184,https://www.eia.gov/petroleum/supply/weekly/archive/2017/2017_03_01/csv/table9.csv,2ba1c52f83ad38820f80fc6ddd341a20be1b48a1e5c0e46ddbd8f606c1858b09,release_date_only_ny_end_of_day,456.649,1,1.0193652949884264,24,49.405541666666664,13.861035295981656,0.49499999999999744,-0.5919999999999987,excludes_lease_stocks,,0,,,1.0060000000000286,26.01400000000001,High,0.0,0.01936529498842643,0.5045858210192685
2017_03_08,2017-03-03,2017-03-08,2017-03-09T04:59:59+00:00,64.402,528.393,https://www.eia.gov/petroleum/supply/weekly/archive/2017/2017_03_08/csv/table9.csv,b2b2206b0ddf7ce5ca3b4c99cb34e2c7dcdab00f96d4a1c0f3cbcbc5dd2d703b,release_date_only_ny_end_of_day,463.99100000000004,1,1.0086397690521025,24,49.669041666666665,14.606759306327023,0.8670000000000044,-0.867999999999995,excludes_lease_stocks,,0,,,7.342000000000041,20.66900000000004,High,0.0,0.008639769052102508,0.8744906797681773
2017_03_15,2017-03-10,2017-03-15,2017-03-16T03:59:59+00:00,66.532,528.156,https://www.eia.gov/petroleum/supply/weekly/archive/2017/2017_03_15/csv/table9.csv,33142a1f0be72d881bfbf8204d6a83e751ca5da0d923d0737e2030e6dcac5788,release_date_only_ny_end_of_day,461.62399999999997,1,1.0798421168374657,24,50.052125,15.261374550072764,2.1299999999999955,1.9639999999999986,excludes_lease_stocks,,0,,,-2.3670000000000755,8.072999999999922,High,0.0,0.07984211683746567,2.300063708863797
2017_03_22,2017-03-17,2017-03-22,2017-03-23T03:59:59+00:00,67.951,533.11,https://www.eia.gov/petroleum/supply/weekly/archive/2017/2017_03_22/csv/table9.csv,c4b5de91b2170ad3274a98cccc3ce8c6287d7f53e67f570cd089fece67fa4b44,release_date_only_ny_end_of_day,465.159,1,1.111053119746778,24,50.30116666666667,15.885679108984395,1.418999999999997,4.910999999999994,excludes_lease_stocks,,0,,,3.535000000000025,9.51600000000002,High,0.0,0.1110531197467779,1.5765843769206744
2017_03_29,2017-03-24,2017-03-29,2017-03-30T03:59:59+00:00,67.731,533.977,https://www.eia.gov/petroleum/supply/weekly/archive/2017/2017_03_29/csv/table9.csv,90ceb09db37c86063fca21696df9df9aa168cfafac72200a83dd7c95d4285dc9,release_date_only_ny_end_of_day,466.246,1,1.0456708462657465,24,50.468041666666664,16.508979278691804,-0.21999999999999886,4.195999999999998,excludes_lease_stocks,,0,,,1.086999999999989,9.59699999999998,High,0.0,0.04567084626574647,-0.23004758617846302
2017_04_05,2017-03-31,2017-04-05,2017-04-06T03:59:59+00:00,69.144,535.543,https://www.eia.gov/petroleum/supply/weekly/archive/2017/2017_04_05/csv/table9.csv,3f7ab3deb128a8da8b9d7b5c9b2bf51614a15801b8d41e6786d29d18732ca310,release_date_only_ny_end_of_day,466.399,1,1.082613534588703,24,50.699666666666666,17.03685825463151,1.413000000000011,4.742000000000004,excludes_lease_stocks,,0,,,0.15300000000002,2.4079999999999586,High,0.0,0.08261353458870291,1.5297329243738491
2017_04_12,2017-04-07,2017-04-12,2017-04-13T03:59:59+00:00,69.42,533.377,https://www.eia.gov/petroleum/supply/weekly/archive/2017/2017_04_12/csv/table9.csv,7b73a0a0643f9db694ac5844faa1dba373cb33eae5cbdee8ab3bdd794396aacd,release_date_only_ny_end_of_day,463.95699999999994,1,1.0598329136528915,24,50.81316666666667,17.55638374090664,0.27599999999999625,2.8880000000000052,excludes_lease_stocks,,0,,,-2.442000000000064,2.33299999999997,High,0.0,0.05983291365289145,0.29251388416819407
2017_04_19,2017-04-14,2017-04-19,2017-04-20T03:59:59+00:00,68.642,532.343,https://www.eia.gov/petroleum/supply/weekly/archive/2017/2017_04_19/csv/table9.csv,c78d7f7de2168eda536a3a8b10c80bb7099d8e06b4bde5788a0987dab93faf9a,release_date_only_ny_end_of_day,463.70099999999996,1,0.9872647763306897,24,50.82320833333333,18.048645200219482,-0.7780000000000058,0.6910000000000025,excludes_lease_stocks,,0,,,-0.2559999999999718,-1.4580000000000268,Normal,0.0,0.0,-0.7680919959852823
2017_04_26,2017-04-21,2017-04-26,2017-04-27T03:59:59+00:00,67.439,528.702,https://www.eia.gov/petroleum/supply/weekly/archive/2017/2017_04_26/csv/table9.csv,66ed2e08f39e916e1e83b3f9f7d6f6e20d89697042eb2065866f8273b09eac20,release_date_only_ny_end_of_day,461.26300000000003,1,0.895379406688848,24,50.861041666666665,18.515009625516562,-1.203000000000003,-0.2920000000000016,excludes_lease_stocks,,0,,,-2.4379999999999313,-4.982999999999947,Normal,0.0,0.0,-1.0771414262466867
2017_05_03,2017-04-28,2017-05-03,2017-05-04T03:59:59+00:00,66.711,527.772,https://www.eia.gov/petroleum/supply/weekly/archive/2017/2017_05_03/csv/table9.csv,da32b90a86a87854dda17a34c62d097ea94fbcbc38e0a552cb5115763df898ec,release_date_only_ny_end_of_day,461.06100000000004,1,0.8431588690781263,24,50.742999999999995,18.93830520629965,-0.7279999999999944,-2.433000000000007,excludes_lease_stocks,,0,,,-0.20199999999999818,-5.337999999999965,Normal,0.0,0.0,-0.6138196566888713
2017_05_10,2017-05-05,2017-05-10,2017-05-11T03:59:59+00:00,66.273,522.525,https://www.eia.gov/petroleum/supply/weekly/archive/2017/2017_05_10/csv/table9.csv,3bd0ae2ecbea650cd5e1142c4c657351ef2613c938ac8e9a942528e879de7f3b,release_date_only_ny_end_of_day,456.25199999999995,1,0.8190082905498798,24,50.460708333333336,19.3066319952028,-0.4380000000000024,-3.1470000000000056,excludes_lease_stocks,,0,,,-4.809000000000083,-7.704999999999984,Normal,0.0,0.0,-0.3587256312608493
2017_05_17,2017-05-12,2017-05-17,2017-05-18T03:59:59+00:00,66.308,520.772,https://www.eia.gov/petroleum/supply/weekly/archive/2017/2017_05_17/csv/table9.csv,575ca5ee60f8554110d8d2c6193502a70fb9b19b67340f37dab17b1223c59635,release_date_only_ny_end_of_day,454.46400000000006,1,0.8258073610438865,24,50.122833333333325,19.599203676517654,0.0350000000000108,-2.333999999999989,excludes_lease_stocks,,0,,,-1.7879999999998972,-9.23699999999991,Normal,0.0,0.0,0.028903257636544947
2017_05_24,2017-05-19,2017-05-24,2017-05-25T03:59:59+00:00,65.567,516.34,https://www.eia.gov/petroleum/supply/weekly/archive/2017/2017_05_24/csv/table9.csv,c31a41bf58defe03e9a68598430f34f8e82449cc8e021e73a3bd30279cdd806b,release_date_only_ny_end_of_day,450.773,1,0.7918556717858984,24,49.85,19.848313979431275,-0.7410000000000139,-1.8719999999999999,excludes_lease_stocks,,0,,,-3.691000000000031,-10.490000000000009,Normal,0.0,0.0,-0.5867650527933618
2017_06_01,2017-05-26,2017-06-01,2017-06-02T03:59:59+00:00,64.82,509.912,https://www.eia.gov/petroleum/supply/weekly/archive/2017/2017_06_01/csv/table9.csv,857d54b4ca57e61ce3133da97296e8d2ff66dfdf55f1f2462bbd839777b875ad,release_date_only_ny_end_of_day,445.092,1,0.7725487175174404,24,49.43741666666667,19.91147352203851,-0.7469999999999999,-1.8910000000000053,excludes_lease_stocks,,0,,,-5.68100000000004,-15.969000000000051,Normal,0.0,0.0,-0.5770938919855279
2017_06_07,2017-06-02,2017-06-07,2017-06-08T03:59:59+00:00,63.376,513.207,https://www.eia.gov/petroleum/supply/weekly/archive/2017/2017_06_07/csv/table9.csv,b190462425720f528c009d4067e00c779fe1dfbe3845c6a7891c15191642e367,release_date_only_ny_end_of_day,449.831,1,0.7220406488725593,24,48.982208333333325,19.934877197207754,-1.4439999999999955,-2.8969999999999985,excludes_lease_stocks,,0,,,4.739000000000033,-6.420999999999935,Normal,0.0,0.0,-1.0426266969719724
2017_06_14,2017-06-09,2017-06-14,2017-06-15T03:59:59+00:00,62.22,511.546,https://www.eia.gov/petroleum/supply/weekly/archive/2017/2017_06_14/csv/table9.csv,d6517770feb1ce9d1586e8c0a3b92c21546542701efd3ee49cc31fa60b6eeda8,release_date_only_ny_end_of_day,449.326,1,0.6880772066233166,24,48.55724999999999,19.856419989624207,-1.1559999999999988,-4.088000000000008,excludes_lease_stocks,,0,,,-0.5049999999999955,-5.138000000000034,Normal,0.0,0.0,-0.7954172508565532
2017_06_21,2017-06-16,2017-06-21,2017-06-22T03:59:59+00:00,61.14,509.095,https://www.eia.gov/petroleum/supply/weekly/archive/2017/2017_06_21/csv/table9.csv,b791465b8a2f45d0b72f1f52d7747ed144a7cdfdbc2c1c4cd50c45b85c518e13,release_date_only_ny_end_of_day,447.95500000000004,1,0.658480131773922,24,48.114,19.781918043462337,-1.0799999999999983,-4.4269999999999925,excludes_lease_stocks,,0,,,-1.370999999999981,-2.8179999999999836,Normal,0.0,0.0,-0.7111585423158345
2017_06_28,2017-06-23,2017-06-28,2017-06-29T03:59:59+00:00,60.843,509.213,https://www.eia.gov/petroleum/supply/weekly/archive/2017/2017_06_28/csv/table9.csv,2104aee271c40fefddf98c67b81f2102dc19ef1786c3732e8dd53a712e0f5883,release_date_only_ny_end_of_day,448.37,1,0.6618234582617488,24,47.76070833333333,19.76704135121888,-0.29699999999999704,-3.9769999999999897,excludes_lease_stocks,,0,,,0.4149999999999636,3.27800000000002,Normal,0.0,0.0,-0.19656156710373746
2017_07_06,2017-06-30,2017-07-06,2017-07-07T03:59:59+00:00,59.509,502.914,https://www.eia.gov/petroleum/supply/weekly/archive/2017/2017_07_06/csv/table9.csv,587b6dbfa2b1de8259d1d216f6b9b0df09d2114d78ca6b5097198e175beae08d,release_date_only_ny_end_of_day,443.405,1,0.6045760769817549,24,47.49,19.880045634625255,-1.3340000000000032,-3.8669999999999973,excludes_lease_stocks,,0,,,-4.965000000000032,-6.426000000000045,Normal,0.0,0.0,-0.8065044866936629
2017_07_12,2017-07-07,2017-07-12,2017-07-13T03:59:59+00:00,57.561,495.35,https://www.eia.gov/petroleum/supply/weekly/archive/2017/2017_07_12/csv/table9.csv,10c8ae77fa585e623810aa5bb2c08ba9c38ee388ca02c037ed3cf8a646e24ef2,release_date_only_ny_end_of_day,437.78900000000004,1,0.515021774686444,24,47.26108333333334,19.998992611404567,-1.9480000000000004,-4.658999999999999,excludes_lease_stocks,,0,,,-5.615999999999929,-11.536999999999978,Normal,0.0,0.0,-1.003262417089193
2017_07_19,2017-07-14,2017-07-19,2017-07-20T03:59:59+00:00,57.538,490.623,https://www.eia.gov/petroleum/supply/weekly/archive/2017/2017_07_19/csv/table9.csv,14ac2f2d97e174539a800e29e18a647b246570352f7dbe50d6e0fd28ec4f47d7,release_date_only_ny_end_of_day,433.085,1,0.5219773388943109,24,47.04329166666667,20.10567806557265,-0.02300000000000324,-3.602000000000004,excludes_lease_stocks,,0,,,-4.704000000000065,-14.870000000000061,Normal,0.0,0.0,-0.012005478794570841
2017_07_26,2017-07-21,2017-07-26,2017-07-27T03:59:59+00:00,55.839,483.415,https://www.eia.gov/petroleum/supply/weekly/archive/2017/2017_07_26/csv/table9.csv,1b46393ab1bec8ee01c3c59367d43ffc9d4eae6df48fec90457304e5e7412a79,release_date_only_ny_end_of_day,427.576,1,0.4377679969554424,24,46.995958333333334,20.200292685092606,-1.698999999999998,-5.004000000000005,excludes_lease_stocks,,0,,,-5.508999999999958,-20.793999999999983,Normal,0.0,0.0,-0.7437678268272958
2017_08_02,2017-07-28,2017-08-02,2017-08-03T03:59:59+00:00,55.8,481.888,https://www.eia.gov/petroleum/supply/weekly/archive/2017/2017_08_02/csv/table9.csv,2fe3d240e6203020df6269acf7b26d6810c7c15fdc385e6034dcd4696c5f5c07,release_date_only_ny_end_of_day,426.08799999999997,1,0.43039680673754976,24,47.08720833333333,20.243625255285902,-0.03900000000000148,-3.709000000000003,excludes_lease_stocks,,0,,,-1.4880000000000564,-17.317000000000007,Normal,0.0,0.0,-0.016785475462765077
2017_08_09,2017-08-04,2017-08-09,2017-08-10T03:59:59+00:00,56.369,475.437,https://www.eia.gov/petroleum/supply/weekly/archive/2017/2017_08_09/csv/table9.csv,0c9866c9a988b3fec379ca246990c4819ac69b15bbb2aa0771ebd15b7196e079,release_date_only_ny_end_of_day,419.068,1,0.45818672148268624,24,47.075291666666665,20.28367016673686,0.5690000000000026,-1.1920000000000002,excludes_lease_stocks,,0,,,-7.019999999999982,-18.72100000000006,Normal,0.0,0.0,0.26070824452364966
2017_08_16,2017-08-11,2017-08-16,2017-08-17T03:59:59+00:00,57.047,466.492,https://www.eia.gov/petroleum/supply/weekly/archive/2017/2017_08_16/csv/table9.csv,18dc204b0451d1f72c25fa037fc9b931ecc38496c08f30c6883c600a5daf7792,release_date_only_ny_end_of_day,409.44500000000005,1,0.494751209736063,24,47.029666666666664,20.247213420008254,0.6779999999999973,-0.49099999999999966,excludes_lease_stocks,,0,,,-9.622999999999934,-23.63999999999993,Normal,0.0,0.0,0.3354413202010494
2017_08_23,2017-08-18,2017-08-23,2017-08-24T03:59:59+00:00,56.544,463.165,https://www.eia.gov/petroleum/supply/weekly/archive/2017/2017_08_23/csv/table9.csv,9be3008fac3999e88e9c4f76b4d3e8f441b68c4f01ff34fdc067dd84e0b9be3d,release_date_only_ny_end_of_day,406.62100000000004,1,0.4833578419736584,24,46.856541666666665,20.042000960980108,-0.5030000000000001,0.7049999999999983,excludes_lease_stocks,,0,,,-2.8240000000000123,-20.954999999999984,Normal,0.0,0.0,-0.24312899451275022
2017_08_30,2017-08-25,2017-08-30,2017-08-31T03:59:59+00:00,57.233,457.773,https://www.eia.gov/petroleum/supply/weekly/archive/2017/2017_08_30/csv/table9.csv,ac8e8b97b8c6f22484c040b9e4fcd6cf8a074b8436d033a31db9ce9caee24c64,release_date_only_ny_end_of_day,400.54,1,0.5339344983814215,24,46.695125,19.736269208947355,0.6890000000000001,1.4329999999999998,excludes_lease_stocks,,0,,,-6.081000000000017,-25.547999999999945,Normal,0.0,0.0,0.3678808693847994
2017_09_07,2017-09-01,2017-09-07,2017-09-08T03:59:59+00:00,58.03,462.353,https://www.eia.gov/petroleum/supply/weekly/archive/2017/2017_09_07/csv/table9.csv,d00c5f29090268a94dbdd8b6b3a586d93baa967d641a0a03e231c366e7f3426d,release_date_only_ny_end_of_day,404.323,1,0.5912264670993367,24,46.54195833333333,19.430865000054997,0.7970000000000041,1.6610000000000014,excludes_lease_stocks,,0,,,3.7829999999999586,-14.745000000000005,Normal,0.0,0.0,0.47120749427817377
2017_09_13,2017-09-08,2017-09-13,2017-09-14T03:59:59+00:00,59.053,468.241,https://www.eia.gov/petroleum/supply/weekly/archive/2017/2017_09_13/csv/table9.csv,de931fe6249a04757cda6b3ba5ab67fc948d7c9394e032c46ac8e68b6c088ec5,release_date_only_ny_end_of_day,409.188,1,0.6643262519167564,24,46.28716666666667,19.216210854983572,1.0229999999999961,2.0060000000000002,excludes_lease_stocks,,0,,,4.865000000000009,-0.25700000000006185,Normal,0.0,0.0,0.6796057557108393
2017_09_20,2017-09-15,2017-09-20,2017-09-21T03:59:59+00:00,59.756,472.832,https://www.eia.gov/petroleum/supply/weekly/archive/2017/2017_09_20/csv/table9.csv,faa935a206bfc04f6f0e529923ba6ff165660dd00ab036d7f6071e7404dc9fc8,release_date_only_ny_end_of_day,413.076,1,0.7220963536956602,24,45.997625,19.053378305520017,0.703000000000003,3.2120000000000033,excludes_lease_stocks,,1,412.624,,3.8880000000000337,6.454999999999984,Normal,0.0,0.0,0.5076337366480512
2017_09_27,2017-09-22,2017-09-27,2017-09-28T03:59:59+00:00,60.937,470.986,https://www.eia.gov/petroleum/supply/weekly/archive/2017/2017_09_27/csv/table9.csv,a3c39459712d44e61f539e21df2be6ec699ad8b4ec9aa2f0a73b66fcb80e981b,release_date_only_ny_end_of_day,410.049,1,0.8152628967841673,24,45.62895833333334,18.77681632152004,1.1809999999999974,3.7040000000000006,excludes_lease_stocks,,2,410.818,2.5540696936458263,-3.0270000000000437,9.508999999999958,Normal,0.0,0.0,0.9628254811020994
2017_10_04,2017-09-29,2017-10-04,2017-10-05T03:59:59+00:00,62.462,464.963,https://www.eia.gov/petroleum/supply/weekly/archive/2017/2017_10_04/csv/table9.csv,ceaec2421db1f44be8ce446fedd6cd45a4c91c2d346d097945d35104846dbdae,release_date_only_ny_end_of_day,402.50100000000003,1,0.932778452696059,24,45.27970833333334,18.42054950669559,1.5250000000000057,4.432000000000002,excludes_lease_stocks,,3,410.4773333333333,1.8999466659181223,-7.547999999999945,-1.8219999999999459,Normal,0.0,0.0,1.4224871403614952
2017_10_12,2017-10-06,2017-10-12,2017-10-13T03:59:59+00:00,63.784,462.216,https://www.eia.gov/petroleum/supply/weekly/archive/2017/2017_10_12/csv/table9.csv,80f1504c935f1dfd5d5e83b31d24d31688ea475168412fdeee8e66d1049b00b7,release_date_only_ny_end_of_day,398.432,1,1.0385630558476038,24,44.95458333333334,18.130258495763055,1.3219999999999956,4.731000000000002,excludes_lease_stocks,,4,413.88975,6.998920029785525,-4.069000000000017,-10.755999999999972,High,0.0,0.03856305584760378,1.3729803598305277
2017_10_18,2017-10-13,2017-10-18,2017-10-19T03:59:59+00:00,63.986,456.485,https://www.eia.gov/petroleum/supply/weekly/archive/2017/2017_10_18/csv/table9.csv,be6232aa62f414d66adc692165438c3615d8684ce9935154952d76e97c8b944a,release_date_only_ny_end_of_day,392.499,1,1.065847987392802,24,44.940999999999995,17.868401709503118,0.20199999999999818,4.229999999999997,excludes_lease_stocks,,5,416.418,8.288480047632365,-5.932999999999993,-20.576999999999998,High,0.0,0.06584798739280195,0.21530129345334406
2017_10_25,2017-10-20,2017-10-25,2017-10-26T03:59:59+00:00,63.749,457.341,https://www.eia.gov/petroleum/supply/weekly/archive/2017/2017_10_25/csv/table9.csv,0ac5dc0bd5d2b3c6198f9648579a62a66572022b7655baad1d25db0439d7f7cc,release_date_only_ny_end_of_day,393.592,1,1.0614612428407453,24,45.03779166666667,17.627782888480496,-0.23699999999999477,2.8120000000000047,excludes_lease_stocks,,6,418.86733333333336,9.537008119251364,1.092999999999961,-16.456999999999994,High,0.0,0.06146124284074528,-0.25156631455325107
2017_11_01,2017-10-27,2017-11-01,2017-11-02T03:59:59+00:00,63.839,454.906,https://www.eia.gov/petroleum/supply/weekly/archive/2017/2017_11_01/csv/table9.csv,88e81735ee3ff2e83050e20d195204e01aefaa8e045112a6f25d66dcc04ecd66,release_date_only_ny_end_of_day,391.067,1,1.062510464856944,24,45.316875,17.43241653859269,0.0899999999999963,1.3769999999999953,excludes_lease_stocks,,7,420.45,9.66070768629296,-2.5249999999999773,-11.434000000000026,High,0.0,0.06251046485694389,0.09562594183712103
2017_11_08,2017-11-03,2017-11-08,2017-11-09T04:59:59+00:00,64.559,457.143,https://www.eia.gov/petroleum/supply/weekly/archive/2017/2017_11_08/csv/table9.csv,63ea575b1502dc790ca97fdcac843bec5ad139f3340781e590f0ed4bd4c70a7e,release_date_only_ny_end_of_day,392.58399999999995,1,1.09240563317621,24,45.72354166666667,17.242183453932338,0.7199999999999989,0.7749999999999986,excludes_lease_stocks,,8,421.22412499999996,9.208185263084449,1.516999999999939,-5.84800000000007,High,0.0,0.09240563317620998,0.7865320558868699
2017_11_15,2017-11-10,2017-11-15,2017-11-16T04:59:59+00:00,63.055,458.997,https://www.eia.gov/petroleum/supply/weekly/archive/2017/2017_11_15/csv/table9.csv,8c9d3791a11525056bc91fe032f1273428b8da18bdfc3bce407a20aa359358b4,release_date_only_ny_end_of_day,395.942,1,0.9702158347135793,24,46.326166666666666,17.242383328315714,-1.5039999999999978,-0.9309999999999974,excludes_lease_stocks,,8,422.205,8.556057603492725,3.358000000000061,3.4429999999999836,Normal,0.0,0.0,-1.459204615409221
2017_11_22,2017-11-17,2017-11-22,2017-11-23T04:59:59+00:00,61.228,457.142,https://www.eia.gov/petroleum/supply/weekly/archive/2017/2017_11_22/csv/table9.csv,9b287585e323a5e5b51e72d37cf2f82803607a03812d584cc07485878f0a9889,release_date_only_ny_end_of_day,395.914,1,0.8148007972384126,24,47.158375,17.267564106080762,-1.8269999999999982,-2.521000000000001,excludes_lease_stocks,,8,423.164125,7.186282934223663,-0.02800000000002001,2.3220000000000027,Normal,0.0,0.0,-1.4886410565545782
2017_11_29,2017-11-24,2017-11-29,2017-11-30T04:59:59+00:00,58.314,453.713,https://www.eia.gov/petroleum/supply/weekly/archive/2017/2017_11_29/csv/table9.csv,f1fced85684c8df78e5461d63dcb339c3b9637fa29f009300425cf5e4e77be96,release_date_only_ny_end_of_day,395.399,1,0.5848196440058,24,48.16220833333333,17.35884177407349,-2.9140000000000015,-5.524999999999999,excludes_lease_stocks,,8,424.337875,5.17681420063122,-0.5149999999999864,4.331999999999994,Normal,0.0,0.0,-1.7041644426329021
2017_12_06,2017-12-01,2017-12-06,2017-12-07T04:59:59+00:00,55.561,448.103,https://www.eia.gov/petroleum/supply/weekly/archive/2017/2017_12_06/csv/table9.csv,ed4a826230de5788fcc9e98d9b4997edd18046d79f24df1af9b8866a4c60d802,release_date_only_ny_end_of_day,392.54200000000003,1,0.3608620194148147,24,49.321583333333336,17.29031134056363,-2.753,-8.997999999999998,excludes_lease_stocks,,8,423.77549999999997,5.4406428979356,-2.856999999999971,-0.041999999999916326,Normal,0.0,0.0,-0.993453139448985
2017_12_13,2017-12-08,2017-12-13,2017-12-14T04:59:59+00:00,52.244,442.986,https://www.eia.gov/petroleum/supply/weekly/archive/2017/2017_12_13/csv/table9.csv,7ba9e3f8c08eb08c1f7729453266b9748174bc6f7d25762e63b6e65519cac092,release_date_only_ny_end_of_day,390.74199999999996,1,0.12822775491882935,25,50.0638,17.00255924608606,-3.317,-10.811,excludes_lease_stocks,,8,421.897,6.782283054294579,-1.8000000000000682,-5.2000000000000455,Normal,0.0,0.0,-0.425331463065757
2017_12_20,2017-12-15,2017-12-20,2017-12-21T04:59:59+00:00,52.998,436.491,https://www.eia.gov/petroleum/supply/weekly/archive/2017/2017_12_20/csv/table9.csv,b6a9278c3a2a042242f2ea7f3d68d0b4f970d7a484eaf25aeaa303cf0adaf86a,release_date_only_ny_end_of_day,383.493,1,0.17777340767020047,25,50.04308000000001,16.62183359550524,0.7539999999999978,-8.230000000000004,excludes_lease_stocks,,7,420.58028571428576,6.122449120907032,-7.248999999999967,-12.420999999999992,Normal,0.0,0.0,0.13404114938333075
2017_12_28,2017-12-22,2017-12-28,2017-12-29T04:59:59+00:00,51.414,431.882,https://www.eia.gov/petroleum/supply/weekly/archive/2017/2017_12_28/csv/table9.csv,23387fdc5af0bb97583ead2f5e84145a0107e6ebcb337f83e6cc0eeafa579ef5,release_date_only_ny_end_of_day,380.468,1,0.08400824456248583,25,50.055600000000005,16.16984150870585,-1.583999999999996,-6.899999999999999,excludes_lease_stocks,,6,419.0193333333334,4.951166758115366,-3.0249999999999773,-14.930999999999983,Normal,0.0,0.0,-0.13306905938697722
2018_01_04,2017-12-29,2018-01-04,2018-01-05T04:59:59+00:00,48.973,424.463,https://www.eia.gov/petroleum/supply/weekly/archive/2018/2018_01_04/csv/table9.csv,42875f06b2334d7fed33b3d49ec7a8a268d09b00dd8b8cf824d1a6882aef6773,release_date_only_ny_end_of_day,375.49,1,-0.06919318523914329,25,50.04404,15.47898100511357,-2.4410000000000025,-6.588000000000001,excludes_lease_stocks,,5,417.4946,3.6340717246636807,-4.978000000000009,-17.05200000000002,Normal,0.0,0.0,0.16890056516874896
2018_01_10,2018-01-05,2018-01-10,2018-01-11T04:59:59+00:00,46.578,419.515,https://www.eia.gov/petroleum/supply/weekly/archive/2018/2018_01_10/csv/table9.csv,d077f3bd36eaadeec90c0f4926a84cba02b08f95f6ee52deb22bcfb6b89d241c,release_date_only_ny_end_of_day,372.937,1,-0.8859133428127447,25,56.892079999999986,11.642312516993062,-2.394999999999996,-5.665999999999997,excludes_lease_stocks,,12,407.22775,19.058351908737354,-2.5529999999999973,-17.80499999999995,Normal,0.0,0.0,2.12176245603652
2018_01_18,2018-01-12,2018-01-18,2018-01-19T04:59:59+00:00,42.394,412.654,https://www.eia.gov/petroleum/supply/weekly/archive/2018/2018_01_18/csv/table9.csv,7c8224e7074a455c3b4ffb2d53c872bf146e9c8185f74305b1fc26518fc9c71e,release_date_only_ny_end_of_day,370.26,1,-1.18619184996444,25,56.64235999999999,12.011851203013352,-4.184000000000005,-10.604,excludes_lease_stocks,,11,411.14799999999997,21.83564046232672,-2.677000000000021,-13.233000000000004,Low,0.18619184996443994,0.0,4.9630267002512225
2018_01_24,2018-01-19,2018-01-24,2018-01-25T04:59:59+00:00,39.244,411.583,https://www.eia.gov/petroleum/supply/weekly/archive/2018/2018_01_24/csv/table9.csv,a9b1a851ec0e85d927b41a00e227e85bd67047d31143a59ae3d2f15926abbee2,release_date_only_ny_end_of_day,372.33900000000006,1,-1.4091045373714233,25,56.41036,12.182460239623193,-3.1499999999999986,-12.170000000000002,excludes_lease_stocks,,10,417.35,24.385582817175674,2.0790000000000646,-8.128999999999962,Low,0.40910453737142327,0.0,4.438679292719981
2018_01_31,2018-01-26,2018-01-31,2018-02-01T04:59:59+00:00,37.02,418.359,https://www.eia.gov/petroleum/supply/weekly/archive/2018/2018_01_31/csv/table9.csv,ced9aa7253104df320f51f8c600323b3bda18af6275a1daba0bc750ab5eb593c,release_date_only_ny_end_of_day,381.339,1,-1.5763135895317637,25,56.24812,12.198156589966096,-2.2239999999999966,-11.952999999999996,excludes_lease_stocks,,9,425.44966666666664,24.653476134208745,8.999999999999943,5.8489999999999895,Low,0.5763135895317637,0.0,3.5057214231186373
2018_02_07,2018-02-02,2018-02-07,2018-02-08T04:59:59+00:00,36.309,420.254,https://www.eia.gov/petroleum/supply/weekly/archive/2018/2018_02_07/csv/table9.csv,18a995cb10d60ad084811fd8aa00dff4e5845101dbeb76351fc54d5ec4c56baa,release_date_only_ny_end_of_day,383.94500000000005,1,-1.8504656774796757,24,57.196666666666665,11.287789295889864,-0.7110000000000056,-10.269000000000005,excludes_lease_stocks,,8,437.337875,16.96481948400867,2.6060000000000514,11.008000000000038,Low,0.8504656774796757,0.0,1.3156810966880599
2018_02_14,2018-02-09,2018-02-14,2018-02-15T04:59:59+00:00,32.667,422.095,https://www.eia.gov/petroleum/supply/weekly/archive/2018/2018_02_14/csv/table9.csv,2fe07d9470af00453a9951164ad49b753cc9da7f712fd5fc9790900f81ededc8,release_date_only_ny_end_of_day,389.428,1,-2.46947811218367,24,57.94979166666667,10.238111259998176,-3.641999999999996,-9.726999999999997,excludes_lease_stocks,,8,443.31437500000004,16.867459643920483,5.482999999999947,19.168000000000006,Low,1.46947811218367,0.0,8.993839284572916
2018_02_22,2018-02-16,2018-02-22,2018-02-23T04:59:59+00:00,30.003,420.479,https://www.eia.gov/petroleum/supply/weekly/archive/2018/2018_02_22/csv/table9.csv,2b2bf180745375888d2071b0a776c94f934208210fe375e20023447c2797fa2c,release_date_only_ny_end_of_day,390.476,1,-3.0775426187042574,24,58.85766666666667,9.375878823350103,-2.6640000000000015,-9.241,excludes_lease_stocks,,8,448.542375,14.90560310695757,1.0480000000000018,18.136999999999944,Low,2.0775426187042574,0.0,8.198573536228146
2018_02_28,2018-02-23,2018-02-28,2018-03-01T04:59:59+00:00,28.785,423.498,https://www.eia.gov/petroleum/supply/weekly/archive/2018/2018_02_28/csv/table9.csv,c3d34cad5d98e30e211ca4b17618e0da4aff832ffb78a88563e232032f9b5abb,release_date_only_ny_end_of_day,394.71299999999997,1,-3.629138291886477,24,59.80895833333333,8.548574300045932,-1.218,-8.235000000000003,excludes_lease_stocks,,8,453.82174999999995,11.662367521832168,4.236999999999966,13.373999999999967,Low,2.629138291886477,0.0,4.4202904395177285
2018_03_07,2018-03-02,2018-03-07,2018-03-08T04:59:59+00:00,28.18,425.906,https://www.eia.gov/petroleum/supply/weekly/archive/2018/2018_03_07/csv/table9.csv,9bb9ecfbbdbdfeeb38a7852ba02cc1643540547e6eae40cc8f6b9a918741b728,release_date_only_ny_end_of_day,397.726,1,-4.202123211564405,24,60.765208333333334,7.754462849556049,-0.6050000000000004,-8.128999999999998,excludes_lease_stocks,,8,458.273125,7.655944570584159,3.0130000000000337,13.780999999999949,Low,3.2021232115644054,0.0,2.542284542996467
2018_03_14,2018-03-09,2018-03-14,2018-03-15T03:59:59+00:00,28.518,430.928,https://www.eia.gov/petroleum/supply/weekly/archive/2018/2018_03_14/csv/table9.csv,02dcb0c2d175b5335ca89d41edda587a7bc6f2872197a58f48c154977e1fc5eb,release_date_only_ny_end_of_day,402.40999999999997,1,-4.809746440970179,24,61.72654166666666,6.904426683242813,0.33800000000000097,-4.149000000000001,excludes_lease_stocks,,8,461.15774999999996,5.157790577646312,4.683999999999969,12.981999999999971,Low,3.809746440970179,0.0,-1.6256942970479251
2018_03_21,2018-03-16,2018-03-21,2018-03-22T03:59:59+00:00,29.423,428.306,https://www.eia.gov/petroleum/supply/weekly/archive/2018/2018_03_21/csv/table9.csv,836ec9e97484ee90d9bcf34ca7cbb5dcca2a7b336fd2ae3acc3a170411decdcc,release_date_only_ny_end_of_day,398.883,1,-5.32334497851679,24,62.5545,6.223812308559274,0.9049999999999976,-0.5800000000000018,excludes_lease_stocks,,8,462.45849999999996,4.185983004538568,-3.526999999999987,8.406999999999982,Low,4.32334497851679,0.0,-4.817627205557682
2018_03_28,2018-03-23,2018-03-28,2018-03-29T03:59:59+00:00,31.227,429.949,https://www.eia.gov/petroleum/supply/weekly/archive/2018/2018_03_28/csv/table9.csv,d5cb0b9b35b4ee49b13de9d9d6d2a21e492589faa5f147f46549573fa8ffc972,release_date_only_ny_end_of_day,398.72200000000004,1,-5.743567375415783,24,63.31945833333333,5.587547988154333,1.804000000000002,2.442,excludes_lease_stocks,,8,463.46574999999996,3.15398889163729,-0.16099999999994452,4.009000000000071,Low,4.743567375415783,0.0,-10.361395545250085
2018_04_04,2018-03-30,2018-04-04,2018-04-05T03:59:59+00:00,34.893,425.332,https://www.eia.gov/petroleum/supply/weekly/archive/2018/2018_04_04/csv/table9.csv,6b8418e546dcf803527a188eeb5f3f18489fb608913a102e2e3336037446582d,release_date_only_ny_end_of_day,390.43899999999996,1,-6.081036031151916,24,63.993083333333324,4.785382488158184,3.6660000000000004,6.713000000000001,excludes_lease_stocks,,8,464.0425,1.9032462493629856,-8.283000000000072,-7.287000000000035,Low,5.081036031151916,0.0,-22.293078090202926
2018_04_11,2018-04-06,2018-04-11,2018-04-12T03:59:59+00:00,36.022,428.638,https://www.eia.gov/petroleum/supply/weekly/archive/2018/2018_04_11/csv/table9.csv,8dea9e9efdcc0001292c3d506bab9046be5799c9ae4752acfa9169c4032db7e7,release_date_only_ny_end_of_day,392.616,1,-7.0494443852722375,24,64.484375,4.037534512572913,1.1289999999999978,7.503999999999998,excludes_lease_stocks,,8,463.67625,2.1768260479094534,2.177000000000021,-9.793999999999983,Low,6.0494443852722375,0.0,-7.95882271097234
2018_04_18,2018-04-13,2018-04-18,2018-04-19T03:59:59+00:00,34.907,427.567,https://www.eia.gov/petroleum/supply/weekly/archive/2018/2018_04_18/csv/table9.csv,e24a3371fee80e88a206f973dfd6c7ec9953d9816900f2dca1d7b151f181bab4,release_date_only_ny_end_of_day,392.66,1,-8.44621708377245,24,64.74866666666667,3.5331399099368257,-1.115000000000002,5.483999999999998,excludes_lease_stocks,,8,463.00475,3.3905427610171386,0.04400000000003956,-6.222999999999956,Low,7.446217083772449,0.0,9.417532048406297
2018_04_25,2018-04-20,2018-04-25,2018-04-26T03:59:59+00:00,35.366,429.737,https://www.eia.gov/petroleum/supply/weekly/archive/2018/2018_04_25/csv/table9.csv,4d159afe2604b4e6381aeda2d62a7418e83fbf8794430601b0079c1f049d28bc,release_date_only_ny_end_of_day,394.37100000000004,1,-9.230700294300597,24,64.93724999999999,3.2035760080151734,0.4590000000000032,4.138999999999999,excludes_lease_stocks,,8,461.667875,4.38302245480052,1.7110000000000127,-4.350999999999999,Low,8.230700294300597,0.0,-4.2368914350840035
2018_05_02,2018-04-27,2018-05-02,2018-05-03T03:59:59+00:00,35.782,435.955,https://www.eia.gov/petroleum/supply/weekly/archive/2018/2018_05_02/csv/table9.csv,d1b6e078138994992ffac1f724a1990c3b6c886045d16d9f19203ccc1f970833,release_date_only_ny_end_of_day,400.173,1,-9.367872793310983,24,64.96083333333333,3.1147768524534323,0.4159999999999968,0.8889999999999958,excludes_lease_stocks,,8,459.73375,5.375719985001328,5.801999999999964,9.734000000000037,Low,8.367872793310983,0.0,-3.8970350820173394
2018_05_09,2018-05-04,2018-05-09,2018-05-10T03:59:59+00:00,37.17,433.758,https://www.eia.gov/petroleum/supply/weekly/archive/2018/2018_05_09/csv/table9.csv,87618d3d613145c29c3b43267a72463ccbd8d595b8edef5861297ff4f50c370e,release_date_only_ny_end_of_day,396.58799999999997,1,-8.940936686138194,24,64.75791666666667,3.0855734287256826,1.3880000000000052,1.1480000000000032,excludes_lease_stocks,,8,457.070375,6.713475913361541,-3.5850000000000364,3.97199999999998,Low,7.940936686138194,0.0,-12.41002012035986
2018_05_16,2018-05-11,2018-05-16,2018-05-17T03:59:59+00:00,37.223,432.354,https://www.eia.gov/petroleum/supply/weekly/archive/2018/2018_05_16/csv/table9.csv,86018843d39494f3be3a7f75289a74c54720522d2510ac532017ead839935287,release_date_only_ny_end_of_day,395.131,1,-8.567353829139822,24,64.40387499999999,3.1726102997579817,0.05299999999999727,2.3160000000000025,excludes_lease_stocks,,8,455.304625,6.497639943801573,-1.4569999999999936,2.470999999999947,Low,7.567353829139822,0.0,-0.45406975294438723
2018_05_23,2018-05-18,2018-05-23,2018-05-24T03:59:59+00:00,36.1,438.132,https://www.eia.gov/petroleum/supply/weekly/archive/2018/2018_05_23/csv/table9.csv,1808f4010c65f6113f84565addd6e9b3ee9e57db2a22cf808124f2288cf5f081,release_date_only_ny_end_of_day,402.032,1,-8.40709576063134,24,64.056,3.325286257700556,-1.1229999999999976,0.7340000000000018,excludes_lease_stocks,,8,453.50775,5.793469716598418,6.9010000000000105,7.6609999999999445,Low,7.407095760631339,0.0,9.441168539188974
2018_05_31,2018-05-25,2018-05-31,2018-06-01T03:59:59+00:00,35.544,434.512,https://www.eia.gov/petroleum/supply/weekly/archive/2018/2018_05_31/csv/table9.csv,7e5fbab40644efb53917a30bb10ea09f70eb19974378a9b58761c43d5b0dd6b7,release_date_only_ny_end_of_day,398.968,1,-7.782347982907203,24,63.53066666666666,3.5961726111625065,-0.5560000000000045,-0.23799999999999955,excludes_lease_stocks,,8,451.84425000000005,5.120007135876726,-3.0639999999999645,-1.204999999999984,Low,6.782347982907203,0.0,4.32698547849644
2018_06_06,2018-06-01,2018-06-06,2018-06-07T03:59:59+00:00,34.589,436.584,https://www.eia.gov/petroleum/supply/weekly/archive/2018/2018_06_06/csv/table9.csv,4453e6c4111b218df7f5c875d71ea9270c8591cc82fcb3fd74bf6b24754c91bd,release_date_only_ny_end_of_day,401.995,1,-7.518140520434464,24,62.979166666666664,3.776221871552094,-0.9549999999999983,-2.581000000000003,excludes_lease_stocks,,8,450.257875,3.595444714695047,3.026999999999987,5.407000000000039,Low,6.518140520434464,0.0,7.1798241970149
2018_06_13,2018-06-08,2018-06-13,2018-06-14T03:59:59+00:00,33.902,432.441,https://www.eia.gov/petroleum/supply/weekly/archive/2018/2018_06_13/csv/table9.csv,2c07b67587be7c1ca715e890a70d982468664384126e9501f18fac4637fd2775,release_date_only_ny_end_of_day,398.539,1,-7.482907149248733,24,62.37729166666666,3.8053781904170108,-0.6869999999999976,-3.320999999999998,excludes_lease_stocks,,8,448.65200000000004,3.399416840745339,-3.4560000000000173,3.4080000000000155,Low,6.482907149248733,0.0,5.140757211533862
2018_06_20,2018-06-15,2018-06-20,2018-06-21T03:59:59+00:00,32.606,426.527,https://www.eia.gov/petroleum/supply/weekly/archive/2018/2018_06_20/csv/table9.csv,2a93ae67cf1225f137d6adc5ee6f696bda8630a739240fb832dd9cf6c712fb4e,release_date_only_ny_end_of_day,393.921,1,-7.783210265262397,24,61.692208333333326,3.737045170570467,-1.2959999999999994,-3.4939999999999998,excludes_lease_stocks,,8,446.567625,4.315432702605184,-4.617999999999995,-8.11099999999999,Low,6.783210265262397,0.0,10.087040503780061
2018_06_27,2018-06-22,2018-06-27,2018-06-28T03:59:59+00:00,29.893,416.636,https://www.eia.gov/petroleum/supply/weekly/archive/2018/2018_06_27/csv/table9.csv,efc433a1a2025c3417fbb92d2b7a537615d5ec2e91e3541c3be32e4b1934ff49,release_date_only_ny_end_of_day,386.74300000000005,1,-8.680074575399807,24,61.123875,3.5979961610596525,-2.713000000000001,-5.650999999999996,excludes_lease_stocks,,8,444.356625,6.0397320881334355,-7.17799999999994,-12.224999999999966,Low,7.680074575399807,0.0,23.549042323059684
2018_07_05,2018-06-29,2018-07-05,2018-07-06T03:59:59+00:00,27.78,417.881,https://www.eia.gov/petroleum/supply/weekly/archive/2018/2018_07_05/csv/table9.csv,af710b5e7bbf6f5de23b4a6fd332e5eba053793c31966923085cd649cef636f7,release_date_only_ny_end_of_day,390.101,1,-9.148464696408363,24,60.62358333333333,3.5900650462396757,-2.1129999999999995,-6.8089999999999975,excludes_lease_stocks,,8,442.167125,8.435010905869827,3.3579999999999472,-11.894000000000005,Low,8.148464696408363,0.0,19.330705903510868
2018_07_11,2018-07-06,2018-07-11,2018-07-12T03:59:59+00:00,25.718,405.248,https://www.eia.gov/petroleum/supply/weekly/archive/2018/2018_07_11/csv/table9.csv,c5131c5ed7545d861d91e7659e80b3e5cc738270a76b6c85de184eb11693c131,release_date_only_ny_end_of_day,379.53,1,-9.537375638211275,24,60.21191666666666,3.616709457103439,-2.062000000000001,-8.184000000000001,excludes_lease_stocks,,8,439.19925,9.46710762512577,-10.571000000000026,-19.009000000000015,Low,8.537375638211275,0.0,19.66606856599166
2018_07_18,2018-07-13,2018-07-18,2018-07-19T03:59:59+00:00,24.858,411.084,https://www.eia.gov/petroleum/supply/weekly/archive/2018/2018_07_18/csv/table9.csv,7ae79fc56c6d85557aaaf950a1a354fbd125bd033f0394002326878449dc0477,release_date_only_ny_end_of_day,386.226,1,-9.688479791764811,24,59.876125,3.6144086329999197,-0.8599999999999994,-7.748000000000001,excludes_lease_stocks,,8,435.41700000000003,10.79454708902338,6.696000000000026,-7.694999999999993,Low,8.688479791764811,0.0,8.332092620917733
2018_07_25,2018-07-20,2018-07-25,2018-07-26T03:59:59+00:00,23.731,404.937,https://www.eia.gov/petroleum/supply/weekly/archive/2018/2018_07_25/csv/table9.csv,05089d31c1647699d14ccaf1935fb8ff102e6382e9e208de39cc413896ecbdac,release_date_only_ny_end_of_day,381.206,1,-10.091863953792709,24,59.72825,3.5669575179391484,-1.126999999999999,-6.161999999999999,excludes_lease_stocks,,8,430.60325,12.804137475831778,-5.019999999999982,-5.537000000000035,Low,9.091863953792709,0.0,11.373530675924371
2018_08_01,2018-07-27,2018-08-01,2018-08-02T03:59:59+00:00,22.393,408.74,https://www.eia.gov/petroleum/supply/weekly/archive/2018/2018_08_01/csv/table9.csv,b9309cd6b76a09ce98fe5cb16ebe06663d044103d8d70d92fe29c0b4d3c9d90d,release_date_only_ny_end_of_day,386.347,1,-10.299223701871398,24,59.63258333333332,3.615766043276328,-1.338000000000001,-5.3870000000000005,excludes_lease_stocks,,8,425.384625,13.034241113724798,5.140999999999963,-3.754000000000019,Low,9.299223701871398,0.0,13.78036131310394
2018_08_08,2018-08-03,2018-08-08,2018-08-09T03:59:59+00:00,21.803,407.389,https://www.eia.gov/petroleum/supply/weekly/archive/2018/2018_08_08/csv/table9.csv,e0aa9ebfeddf3d97dc440a98e5e65e4eeda92a4491601dff940e955a8eb442ce,release_date_only_ny_end_of_day,385.586,1,-10.444744589203502,24,59.55270833333333,3.6142299135159663,-0.5899999999999999,-3.914999999999999,excludes_lease_stocks,,8,420.0265,13.374205119237116,-0.7609999999999673,6.05600000000004,Low,9.444744589203502,0.0,6.162399307630064
2018_08_15,2018-08-10,2018-08-15,2018-08-16T03:59:59+00:00,23.446,414.194,https://www.eia.gov/petroleum/supply/weekly/archive/2018/2018_08_15/csv/table9.csv,92e615883c73aacb35ade4924773c1d895624136c88dee8cf9487a865e1f9115,release_date_only_ny_end_of_day,390.748,1,-10.011437919109378,24,59.52316666666667,3.603594903965215,1.6430000000000007,-1.411999999999999,excludes_lease_stocks,,8,415.84325,12.20762290830726,5.161999999999978,4.521999999999991,Low,9.011437919109378,0.0,-16.448792501096715
2018_08_22,2018-08-17,2018-08-22,2018-08-23T03:59:59+00:00,24.218,408.358,https://www.eia.gov/petroleum/supply/weekly/archive/2018/2018_08_22/csv/table9.csv,c7cc1f08246a67e9d930d3d5ed5e065ad4f19f885cf56a3f7d8eae06205c84dc,release_date_only_ny_end_of_day,384.14,1,-9.682076429617009,24,59.36416666666667,3.6300236754128723,0.7719999999999985,0.4869999999999983,excludes_lease_stocks,,8,412.856125,10.13349102781041,-6.608000000000004,2.933999999999969,Low,8.682076429617009,0.0,-7.474563003664316
2018_08_29,2018-08-24,2018-08-29,2018-08-30T03:59:59+00:00,24.276,405.792,https://www.eia.gov/petroleum/supply/weekly/archive/2018/2018_08_29/csv/table9.csv,dc991bff66f1984aa2086ce1f224e4aeee3e0ef814390254c1ac985510cc3df7,release_date_only_ny_end_of_day,381.51599999999996,1,-9.802026540194506,24,59.2705,3.5701290806039374,0.05799999999999983,1.8829999999999991,excludes_lease_stocks,,8,411.043625,8.245395753085461,-2.6240000000000236,-4.831000000000017,Low,8.802026540194506,0.0,-0.5685175393312797
2018_09_06,2018-08-31,2018-09-06,2018-09-07T03:59:59+00:00,24.825,401.49,https://www.eia.gov/petroleum/supply/weekly/archive/2018/2018_09_06/csv/table9.csv,735ad42f5d6ea14017ac73fff68bba7c2eb8775d61ff84231085b06dbbc8aa22,release_date_only_ny_end_of_day,376.665,1,-9.466892309153176,24,59.22625,3.6338482446598395,0.5489999999999995,3.0219999999999985,excludes_lease_stocks,,8,409.03875,5.585769258954906,-4.850999999999942,-8.920999999999992,Low,8.466892309153176,0.0,-5.197323877725089
2018_09_12,2018-09-07,2018-09-12,2018-09-13T03:59:59+00:00,23.583,396.194,https://www.eia.gov/petroleum/supply/weekly/archive/2018/2018_09_12/csv/table9.csv,6986f5f3684a97081ffd1a9a50581b56310e2aeb5b70740b63c851efbc0f2e67,release_date_only_ny_end_of_day,372.611,1,-9.628113838568353,24,59.203291666666665,3.6996126410531938,-1.2420000000000009,0.1369999999999969,excludes_lease_stocks,,8,406.967875,4.246912506667131,-4.0540000000000305,-18.137,Low,8.628113838568353,0.0,11.958117387501904
2018_09_19,2018-09-14,2018-09-19,2018-09-20T03:59:59+00:00,22.333,394.137,https://www.eia.gov/petroleum/supply/weekly/archive/2018/2018_09_19/csv/table9.csv,754da532e37ee05d59970f376961a8770fc4551f37ba56b3dbb9fc7445eeae2e,release_date_only_ny_end_of_day,371.804,1,-9.748344289144582,24,59.21570833333334,3.783484378409229,-1.25,-1.8850000000000016,excludes_lease_stocks,,9,406.3726666666667,5.265241779823597,-0.8070000000000164,-12.336000000000013,Low,8.748344289144582,0.0,12.185430361430727
2018_09_26,2018-09-21,2018-09-26,2018-09-27T03:59:59+00:00,22.794,395.989,https://www.eia.gov/petroleum/supply/weekly/archive/2018/2018_09_26/csv/table9.csv,960b1592197cab2e9f64af7abf8624f758d9556f652fa47a758bd352d666f5ad,release_date_only_ny_end_of_day,373.195,1,-9.510294382604874,24,59.15983333333333,3.8238388708397384,0.4610000000000021,-1.4819999999999993,excludes_lease_stocks,,10,405.22439999999995,6.732838615489171,1.3910000000000196,-8.32099999999997,Low,8.510294382604874,0.0,-4.384245710380867
2018_10_03,2018-09-28,2018-10-03,2018-10-04T03:59:59+00:00,24.493,403.964,https://www.eia.gov/petroleum/supply/weekly/archive/2018/2018_10_03/csv/table9.csv,7f49dbc41dde7b0a87edbbbe3a485008ec1b8f6934fe07f753220578f17c0050,release_date_only_ny_end_of_day,379.471,1,-8.703897335384255,24,59.03641666666667,3.9687297925994742,1.698999999999998,-0.33200000000000074,excludes_lease_stocks,,11,405.0083636363635,7.360267023318205,6.2760000000000105,2.805999999999983,Low,7.703897335384255,0.0,-14.787921572817833
2018_10_11,2018-10-05,2018-10-11,2018-10-12T03:59:59+00:00,26.852,409.951,https://www.eia.gov/petroleum/supply/weekly/archive/2018/2018_10_11/csv/table9.csv,a6b057521f0ee6dcb923a5d699eab53f62f47b77de7f75f8c2f4d5785e839fe1,release_date_only_ny_end_of_day,383.09900000000005,1,-7.759560654023276,24,58.933875,4.134496324011048,2.3590000000000018,3.269000000000002,excludes_lease_stocks,,12,405.49691666666655,9.992202646048405,3.6280000000000427,10.488000000000056,Low,6.759560654023276,0.0,-18.304803582840922
2018_10_17,2018-10-12,2018-10-17,2018-10-18T03:59:59+00:00,28.628,416.441,https://www.eia.gov/petroleum/supply/weekly/archive/2018/2018_10_17/csv/table9.csv,1dd47cc66256e40b5b1f95026070ac2967e98527c13c73a5a2d8a71a5da24e06,release_date_only_ny_end_of_day,387.813,1,-7.228185003611762,24,59.044375,4.208023865576437,1.7759999999999998,6.295000000000002,excludes_lease_stocks,,13,405.83769230769224,11.875491459195946,4.713999999999942,16.009000000000015,Low,6.228185003611762,0.0,-12.837256566414489
2018_10_24,2018-10-19,2018-10-24,2018-10-25T03:59:59+00:00,29.999,422.787,https://www.eia.gov/petroleum/supply/weekly/archive/2018/2018_10_24/csv/table9.csv,38acd110ff8579f2b959f2ea7db9d2f202ef1733dc9833353952d122f40e4125,release_date_only_ny_end_of_day,392.78799999999995,1,-7.0895484169076575,24,59.15133333333333,4.112015550074922,1.3709999999999987,7.204999999999998,excludes_lease_stocks,,14,406.41928571428565,13.507876377128273,4.974999999999966,19.59299999999996,Low,6.0895484169076575,0.0,-9.71977087958039
2018_10_31,2018-10-26,2018-10-31,2018-11-01T03:59:59+00:00,31.877,426.004,https://www.eia.gov/petroleum/supply/weekly/archive/2018/2018_10_31/csv/table9.csv,5e28b42b426154052a5cd94ec0cc51ac976fd13b02e9f4bff1c3aae9b555d761,release_date_only_ny_end_of_day,394.127,1,-7.091818919129681,24,59.27279166666667,3.863013421390168,1.8780000000000001,7.384,excludes_lease_stocks,,15,407.0453999999999,14.679498861629146,1.3390000000000555,14.656000000000006,Low,6.091818919129681,0.0,-13.318435930125542
2018_11_07,2018-11-02,2018-11-07,2018-11-08T04:59:59+00:00,34.296,431.787,https://www.eia.gov/petroleum/supply/weekly/archive/2018/2018_11_07/csv/table9.csv,7ab29176100c0b77bb0fbd468dd8a6de8d37d0e88a5a6ad6e356a8f7d8e4eade,release_date_only_ny_end_of_day,397.491,1,-7.052420142294724,24,59.300125,3.54546729994792,2.4190000000000005,7.443999999999999,excludes_lease_stocks,,16,407.826375,15.288605455807057,3.363999999999976,14.391999999999939,Low,6.052420142294724,0.0,-17.05980432421094
2018_11_15,2018-11-09,2018-11-15,2018-11-16T04:59:59+00:00,35.463,442.057,https://www.eia.gov/petroleum/supply/weekly/archive/2018/2018_11_15/csv/table9.csv,ea8b548fbb70dbc0a95de346aa23bd8bb254414e6b2e1ea6d1b01d085d269555,release_date_only_ny_end_of_day,406.594,1,-6.740635930129939,24,59.34095833333333,3.5423895580239475,1.1670000000000016,6.835000000000001,excludes_lease_stocks,,16,407.9486875,15.89152742698133,9.103000000000009,18.781000000000006,Low,5.740635930129939,0.0,-7.866322130461649
2018_11_21,2018-11-16,2018-11-21,2018-11-22T04:59:59+00:00,35.347,446.908,https://www.eia.gov/petroleum/supply/weekly/archive/2018/2018_11_21/csv/table9.csv,26294d9ab3b801779ff895d8b491965de80ca788eb6b374041088f216f53f409,release_date_only_ny_end_of_day,411.56100000000004,1,-6.234585981806756,24,59.38279166666666,3.855234611697695,-0.11599999999999966,5.3480000000000025,excludes_lease_stocks,,16,408.31843749999996,16.16269777798558,4.967000000000041,18.77300000000008,Low,5.234585981806756,0.0,0.7232119738895816
2018_11_28,2018-11-23,2018-11-28,2018-11-29T04:59:59+00:00,36.524,450.485,https://www.eia.gov/petroleum/supply/weekly/archive/2018/2018_11_28/csv/table9.csv,524020cb11ec65dbc130a16ac2419022a02ddbce3879a11f053ca0c90a2e54c9,release_date_only_ny_end_of_day,413.961,1,-5.690507953073814,24,59.629333333333335,4.060328800850307,1.1769999999999996,4.647000000000002,excludes_lease_stocks,,16,408.274125,17.19266448954321,2.3999999999999773,19.834000000000003,Low,4.690507953073814,0.0,-6.697727860767877
2018_12_06,2018-11-30,2018-12-06,2018-12-07T04:59:59+00:00,38.253,443.162,https://www.eia.gov/petroleum/supply/weekly/archive/2018/2018_12_06/csv/table9.csv,817dfcdc37b8478c4b0603fe27c36642ef5970edba120cc004daf9c834e4f59d,release_date_only_ny_end_of_day,404.909,1,-4.9299609831157385,24,59.85558333333333,4.381897424202429,1.7289999999999992,3.9570000000000007,excludes_lease_stocks,,16,407.33050000000003,17.84051774659768,-9.052000000000021,7.418000000000006,Low,3.9299609831157385,0.0,-8.523902539807107
2018_12_12,2018-12-07,2018-12-12,2018-12-13T04:59:59+00:00,39.401,441.954,https://www.eia.gov/petroleum/supply/weekly/archive/2018/2018_12_12/csv/table9.csv,7baca21a6f285001833a24eec46dbabd29865a0866c47d26b79d9c0a91d77a22,release_date_only_ny_end_of_day,402.553,1,-2.6046149311596785,25,58.82508,7.457563023088262,1.1480000000000032,3.9380000000000024,excludes_lease_stocks,,16,405.32287499999995,18.53803460591224,-2.3559999999999945,-4.040999999999997,Low,1.6046149311596785,0.0,-2.990097940971319
2018_12_19,2018-12-14,2018-12-19,2018-12-20T04:59:59+00:00,40.492,441.457,https://www.eia.gov/petroleum/supply/weekly/archive/2018/2018_12_19/csv/table9.csv,dc2811c3806e66a4be0ae3e25cbe602c5f94f896ed5aa241b40b3a18135ae7a2,release_date_only_ny_end_of_day,400.965,1,-1.9361964662860587,25,58.25436,9.173841761043553,1.090999999999994,5.144999999999996,excludes_lease_stocks,,15,404.9526,17.963249900043937,-1.5880000000000223,-10.59600000000006,Low,0.9361964662860587,0.0,-2.1123903447180785
2018_12_28,2018-12-21,2018-12-28,2018-12-29T04:59:59+00:00,41.291,441.411,https://www.eia.gov/petroleum/supply/weekly/archive/2018/2018_12_28/csv/table9.csv,293b2e12229f00f166c5c108ab3f59336fd8c403a259313f8f5d5d97ad46540f,release_date_only_ny_end_of_day,400.12,1,-1.5964121320257207,25,57.76348,10.31843824633037,0.7989999999999995,4.766999999999996,excludes_lease_stocks,,14,404.87350000000004,17.610067521602083,-0.8449999999999704,-13.841000000000008,Low,0.5964121320257207,0.0,-1.2755332934885502
2019_01_04,2018-12-28,2019-01-04,2019-01-05T04:59:59+00:00,41.932,441.418,https://www.eia.gov/petroleum/supply/weekly/archive/2019/2019_01_04/csv/table9.csv,a6e43528a28f9dabed876da7349834c29b26df64e577eed6679725a50c3ff718,release_date_only_ny_end_of_day,399.486,1,-1.3803108531729478,25,57.31647999999999,11.145663286378849,0.6410000000000053,3.679000000000002,excludes_lease_stocks,,13,405.31623076923074,17.774240134502918,-0.6340000000000146,-5.423000000000002,Low,0.38031085317294777,0.0,-0.8847792568838669
2019_01_09,2019-01-04,2019-01-09,2019-01-10T04:59:59+00:00,42.262,439.738,https://www.eia.gov/petroleum/supply/weekly/archive/2019/2019_01_09/csv/table9.csv,b5c632a3444b97c95acd60bbcf5ceb2e39ded7af185e821a5ce09c50f565176f,release_date_only_ny_end_of_day,397.476,1,-1.1535225542196959,25,55.29988,11.302665866658774,0.3299999999999983,2.860999999999997,excludes_lease_stocks,-0.09458941596486722,20,399.3366,19.670276859422074,-2.009999999999991,-5.076999999999998,Low,0.15352255421969585,0.0,-0.3806624428924977
2019_01_16,2019-01-11,2019-01-16,2019-01-17T04:59:59+00:00,41.519,437.055,https://www.eia.gov/petroleum/supply/weekly/archive/2019/2019_01_16/csv/table9.csv,69970c527090e18583475afca747fc13d9e24c5a3f27e30c925bc4e84265cff8,release_date_only_ny_end_of_day,395.536,1,-1.2170437201516338,25,55.62480000000001,11.59021633030779,-0.7430000000000021,1.027000000000001,excludes_lease_stocks,,19,400.2115263157895,22.513414545230134,-1.9399999999999977,-5.428999999999974,Low,0.21704372015163376,0.0,0.9042634840726664
2019_01_24,2019-01-18,2019-01-24,2019-01-25T04:59:59+00:00,41.329,445.025,https://www.eia.gov/petroleum/supply/weekly/archive/2019/2019_01_24/csv/table9.csv,6532a01fe9c73f9e11f1c4a698d11e8aacf8d9341ad6d07744f92dd82874ebc3,release_date_only_ny_end_of_day,403.69599999999997,1,-1.1802779210803829,25,55.7134,12.187299061591402,-0.18999999999999773,0.03800000000000381,excludes_lease_stocks,,18,402.4085555555555,25.847699342886617,8.159999999999968,3.575999999999965,Low,0.18027792108038287,0.0,0.22425280500527006
2019_01_30,2019-01-25,2019-01-30,2019-01-31T04:59:59+00:00,41.184,445.944,https://www.eia.gov/petroleum/supply/weekly/archive/2019/2019_01_30/csv/table9.csv,9296aeca0533f3da950ffca416f8f9ad80096db5b780f6a13330a811d40ae94f,release_date_only_ny_end_of_day,404.76,1,-1.1186996537731733,25,55.672160000000005,12.950893433401934,-0.14500000000000313,-0.7480000000000047,excludes_lease_stocks,,17,405.25041176470586,28.954299415326087,1.0640000000000214,5.274000000000001,Low,0.11869965377317326,0.0,0.16221144979711363
2019_02_06,2019-02-01,2019-02-06,2019-02-07T04:59:59+00:00,42.625,447.207,https://www.eia.gov/petroleum/supply/weekly/archive/2019/2019_02_06/csv/table9.csv,17701529afe5a031d13a2ea28bf5127092c1ca385032a1477dfe925228e37519,release_date_only_ny_end_of_day,404.582,1,-0.9109596514569704,24,55.33566666666667,13.953051209608994,1.4410000000000025,0.36299999999999955,excludes_lease_stocks,,16,409.63374999999996,31.518302954526803,-0.17799999999999727,7.1059999999999945,Normal,0.0,0.0,-1.3126928577494967
2019_02_13,2019-02-08,2019-02-13,2019-02-14T04:59:59+00:00,41.609,450.84,https://www.eia.gov/petroleum/supply/weekly/archive/2019/2019_02_13/csv/table9.csv,7cd4153feb26dd40a1ad1c8d9489a6159c9e09cc1706ee5f957cd27c307ab940,release_date_only_ny_end_of_day,409.231,1,-0.8687263338037059,24,54.58620833333333,14.93820070644435,-1.0159999999999982,0.09000000000000341,excludes_lease_stocks,,16,414.1713125,32.94301455689557,4.649000000000001,13.694999999999993,Normal,0.0,0.0,0.8826259551445637
2019_02_21,2019-02-15,2019-02-21,2019-02-22T04:59:59+00:00,45.022,454.512,https://www.eia.gov/petroleum/supply/weekly/archive/2019/2019_02_21/csv/table9.csv,b8e496708658cf642984df3f358523fc5c3220c9b33243f60e2a255dd1c2b10e,release_date_only_ny_end_of_day,409.49,1,-0.5791256204569001,24,54.181749999999994,15.816516618231166,3.4129999999999967,3.692999999999998,excludes_lease_stocks,,16,418.7946875,33.03212992773096,0.25900000000001455,5.79400000000004,Normal,0.0,0.0,-1.976555742619398
2019_02_27,2019-02-22,2019-02-27,2019-02-28T04:59:59+00:00,46.65,445.865,https://www.eia.gov/petroleum/supply/weekly/archive/2019/2019_02_27/csv/table9.csv,a36b7eae0614abd6ab561cbf6dcfefb285b9bd4e9a71881d92342ff29731636b,release_date_only_ny_end_of_day,399.21500000000003,1,-0.4450847372922361,24,53.996916666666664,16.506781857682054,1.6280000000000001,5.466000000000001,excludes_lease_stocks,,16,423.093375,33.10801245997712,-10.274999999999977,-5.544999999999959,Normal,0.0,0.0,-0.7245979523117604
2019_03_06,2019-03-01,2019-03-06,2019-03-07T04:59:59+00:00,47.523,452.934,https://www.eia.gov/petroleum/supply/weekly/archive/2019/2019_03_06/csv/table9.csv,b3746df872f8b947d5a46ef8d14825d7cbbacffd704f2d3f46c972c82926e26f,release_date_only_ny_end_of_day,405.411,1,-0.3805290234979383,24,53.98016666666666,16.968920287105625,0.8730000000000047,4.898000000000003,excludes_lease_stocks,,16,426.40549999999996,33.588086784850766,6.1959999999999695,0.8290000000000077,Normal,0.0,0.0,-0.3322018375137019
2019_03_13,2019-03-08,2019-03-13,2019-03-14T03:59:59+00:00,46.851,449.072,https://www.eia.gov/petroleum/supply/weekly/archive/2019/2019_03_13/csv/table9.csv,8bfa6207c467038347e8eb100b848fa1ec209dfdd9b2b7e6b0c0980c7aeaafdd,release_date_only_ny_end_of_day,402.221,1,-0.4240684508007296,24,54.150125,17.21213871538365,-0.6720000000000041,5.241999999999997,excludes_lease_stocks,,16,428.25368749999996,34.323702196817784,-3.1899999999999977,-7.009999999999991,Normal,0.0,0.0,0.28497399893809205
2019_03_20,2019-03-15,2019-03-20,2019-03-21T03:59:59+00:00,46.383,439.483,https://www.eia.gov/petroleum/supply/weekly/archive/2019/2019_03_20/csv/table9.csv,aa833ef5219d474befdc4f43fc4d4b18e7272ad80d0200f40cd390eb207db9cc,release_date_only_ny_end_of_day,393.1,1,-0.47119591928887633,24,54.4845,17.193485062915418,-0.4679999999999964,1.3610000000000042,excludes_lease_stocks,,16,429.1033125,34.69637968572274,-9.120999999999981,-16.389999999999986,Normal,0.0,0.0,0.22051969022719242
2019_03_27,2019-03-22,2019-03-27,2019-03-28T03:59:59+00:00,46.924,442.283,https://www.eia.gov/petroleum/supply/weekly/archive/2019/2019_03_27/csv/table9.csv,8e7c5cfb0c755e7e5a0951235e5ad916dd5f72f307ede3cf74a4178d81fb76ff,release_date_only_ny_end_of_day,395.35900000000004,1,-0.46707817311817973,24,54.890458333333335,17.055942220870314,0.5409999999999968,0.2740000000000009,excludes_lease_stocks,,16,429.74343749999997,35.004491151791264,2.2590000000000146,-3.8559999999999945,Normal,0.0,0.0,-0.25268929165693377
2019_04_03,2019-03-29,2019-04-03,2019-04-04T03:59:59+00:00,47.125,449.521,https://www.eia.gov/petroleum/supply/weekly/archive/2019/2019_04_03/csv/table9.csv,e104995457c2597218625bd98005755d72ec0576bac981eb41b7796fb2d758f4,release_date_only_ny_end_of_day,402.396,1,-0.4887502094234473,24,55.318708333333326,16.76461344742749,0.2010000000000005,-0.39800000000000324,excludes_lease_stocks,,16,430.01043749999997,35.28193749209123,7.036999999999978,-3.0149999999999864,Normal,0.0,0.0,-0.09823879209411317
2019_04_10,2019-04-05,2019-04-10,2019-04-11T03:59:59+00:00,45.992,456.55,https://www.eia.gov/petroleum/supply/weekly/archive/2019/2019_04_10/csv/table9.csv,51aadfeab78dfa7378021363280726947321f395262003d4a68f2e00b8884781,release_date_only_ny_end_of_day,410.558,1,-0.5945208414857289,24,55.70441666666667,16.336545313356872,-1.1330000000000027,-0.8590000000000018,excludes_lease_stocks,,16,429.98024999999996,34.95679113133812,8.161999999999978,8.336999999999989,Normal,0.0,0.0,0.6735921134033325
2019_04_17,2019-04-12,2019-04-17,2019-04-18T03:59:59+00:00,44.449,455.154,https://www.eia.gov/petroleum/supply/weekly/archive/2019/2019_04_17/csv/table9.csv,ad96e6e00eca399bc119001da0303151859b2399ec7398c38fbe75f7ad73c412,release_date_only_ny_end_of_day,410.705,1,-0.7353500059458579,24,56.067499999999995,15.799959075346008,-1.5429999999999993,-1.9340000000000046,excludes_lease_stocks,,16,429.280625,34.99107381390288,0.14699999999999136,17.60499999999996,Normal,0.0,0.0,1.1346450591744581
2019_04_24,2019-04-19,2019-04-24,2019-04-25T03:59:59+00:00,44.912,460.633,https://www.eia.gov/petroleum/supply/weekly/archive/2019/2019_04_24/csv/table9.csv,35369a04c6146b1fec72670258193460c6b6d0a0cea1302b0e74fc40fd735491,release_date_only_ny_end_of_day,415.721,1,-0.7507929321169184,24,56.40904166666667,15.313199119029896,0.46300000000000097,-2.0120000000000005,excludes_lease_stocks,,16,428.3776875,34.58488092354567,5.0160000000000196,20.361999999999966,Normal,0.0,0.0,-0.34761712757013397
2019_05_01,2019-04-26,2019-05-01,2019-05-02T03:59:59+00:00,45.177,470.567,https://www.eia.gov/petroleum/supply/weekly/archive/2019/2019_05_01/csv/table9.csv,4cb4450ca008c2659791ff54cabec5abdb2ae03392c2d0b25c5a15aa7ead3465,release_date_only_ny_end_of_day,425.39,1,-0.7619707978748975,24,56.59120833333333,14.97985010077426,0.26500000000000057,-1.9480000000000004,excludes_lease_stocks,,16,427.6175,33.480979720830554,9.668999999999983,22.99399999999997,Normal,0.0,0.0,-0.20192226143684827
2019_05_08,2019-05-03,2019-05-08,2019-05-09T03:59:59+00:00,45.998,466.604,https://www.eia.gov/petroleum/supply/weekly/archive/2019/2019_05_08/csv/table9.csv,c26d80996db5d289b6b0f82f351ebfcd56edeb7810d14cdd030ea1085bc24dc1,release_date_only_ny_end_of_day,420.606,1,-0.7059089172493669,24,56.463249999999995,14.82521291950627,0.820999999999998,0.006000000000000227,excludes_lease_stocks,,16,426.818875,31.66948227316007,-4.783999999999992,10.048000000000002,Normal,0.0,0.0,-0.5795512210617287
2019_05_15,2019-05-10,2019-05-15,2019-05-16T03:59:59+00:00,47.803,472.035,https://www.eia.gov/petroleum/supply/weekly/archive/2019/2019_05_15/csv/table9.csv,fa819bc415b7faada4c49b0a571f56671ffdc618e7716fdc2a7483466091c829,release_date_only_ny_end_of_day,424.232,1,-0.5684443528834922,24,56.193625,14.760679664487292,1.8049999999999997,3.353999999999999,excludes_lease_stocks,,16,426.5221875,30.154755198738282,3.626000000000033,13.527000000000044,Normal,0.0,0.0,-1.026042056954703
2019_05_22,2019-05-17,2019-05-22,2019-05-23T03:59:59+00:00,49.069,476.775,https://www.eia.gov/petroleum/supply/weekly/archive/2019/2019_05_22/csv/table9.csv,8e024c920cf7fb9f692943ee897a87c9dab64c5c13b360e0d232ad85c8118e42,release_date_only_ny_end_of_day,427.70599999999996,1,-0.46950841220671163,24,55.97408333333332,14.707049232364335,1.2660000000000053,4.157000000000004,excludes_lease_stocks,,16,425.9911875,28.762577940137785,3.4739999999999327,11.984999999999957,Normal,0.0,0.0,-0.5943976498536995
2019_05_30,2019-05-24,2019-05-30,2019-05-31T03:59:59+00:00,49.053,476.493,https://www.eia.gov/petroleum/supply/weekly/archive/2019/2019_05_30/csv/table9.csv,4328c6d9b9b3c907c3bbaa7e2d3bdf67161dcf5509ae801b1f16196281f26c80,release_date_only_ny_end_of_day,427.44,1,-0.4426601155839604,24,55.56045833333334,14.7008011434431,-0.016000000000005343,3.8759999999999977,excludes_lease_stocks,,16,425.13131250000004,27.885990697167294,-0.2659999999999627,2.0500000000000114,Normal,0.0,0.0,0.007082561849345732
2019_06_05,2019-05-31,2019-06-05,2019-06-06T03:59:59+00:00,50.844,483.264,https://www.eia.gov/petroleum/supply/weekly/archive/2019/2019_06_05/csv/table9.csv,1268e60e5d8aa81853419268dae7210035e3647a5f46e43729d49422ff16aa3b,release_date_only_ny_end_of_day,432.42,1,-0.278234543301479,24,54.98466666666667,14.881928812771744,1.791000000000004,4.846000000000004,excludes_lease_stocks,,16,423.49875000000003,27.95427494916178,4.980000000000018,11.814000000000021,Normal,0.0,0.0,-0.49831806705295
2019_06_12,2019-06-07,2019-06-12,2019-06-13T03:59:59+00:00,52.94,485.47,https://www.eia.gov/petroleum/supply/weekly/archive/2019/2019_06_12/csv/table9.csv,5bc0aad6f0a222445cf4246556c787edbba2a7c852974934561bb43e4bbf4f01,release_date_only_ny_end_of_day,432.53000000000003,1,-0.08020118610422744,24,54.15891666666667,15.19823740614757,2.0959999999999965,5.1370000000000005,excludes_lease_stocks,,16,422.29037500000004,27.583768463536675,0.11000000000001364,8.298000000000002,Normal,0.0,0.0,-0.16810168607446044
2019_06_19,2019-06-14,2019-06-19,2019-06-20T03:59:59+00:00,53.582,482.364,https://www.eia.gov/petroleum/supply/weekly/archive/2019/2019_06_19/csv/table9.csv,d8ea9173416baaa9101b20a03faa211193aeb9c6aaf5c9c63ecdbecbb465f8d4,release_date_only_ny_end_of_day,428.782,1,0.02881898069573643,24,53.133541666666666,15.561214259034534,0.642000000000003,4.512999999999998,excludes_lease_stocks,,16,420.273125,27.861249947732073,-3.7480000000000473,1.0760000000000218,Normal,0.0,0.0,0.018501785606662876
2019_06_26,2019-06-21,2019-06-26,2019-06-27T03:59:59+00:00,51.836,469.576,https://www.eia.gov/petroleum/supply/weekly/archive/2019/2019_06_26/csv/table9.csv,c28848a17af89c36f2089eb2414d4ff092f6a74a1f96cbae13a49a7de2a73e99,release_date_only_ny_end_of_day,417.74,1,-0.021850783048685953,24,52.18395833333333,15.924295827661709,-1.7460000000000022,2.7830000000000013,excludes_lease_stocks,,16,418.17975,27.849587756374422,-11.041999999999973,-9.699999999999989,Normal,0.0,0.0,0.038151467203005725
2019_07_03,2019-06-28,2019-07-03,2019-07-04T03:59:59+00:00,52.5,468.5,https://www.eia.gov/petroleum/supply/weekly/archive/2019/2019_07_03/pdf/table4.pdf,4830314aec71e723fc0d71b3fc205ecc60790ef1cb900198d88620e1a6215f51,release_date_only_ny_end_of_day,416.0,1,0.07665461354728431,24,51.246500000000005,16.35257086289758,0.6640000000000015,1.6559999999999988,excludes_lease_stocks,,16,415.974875,28.187700222792216,-1.740000000000009,-16.420000000000016,Normal,0.0,0.0,0.0508986633953969
2019_07_10,2019-07-05,2019-07-10,2019-07-11T03:59:59+00:00,52.178,458.992,https://www.eia.gov/petroleum/supply/weekly/archive/2019/2019_07_10/csv/table9.csv,4c52771031392c2bc9c2df8760f83d105531dd4ef7fc806a681d702ca65d6944,release_date_only_ny_end_of_day,406.814,1,0.10787754926651436,24,50.361625000000004,16.83737730741909,-0.32200000000000273,-0.7620000000000005,excludes_lease_stocks,,16,413.5129375,27.64010449442079,-9.185999999999979,-25.716000000000008,Normal,0.0,0.0,-0.034736570863817914
2019_07_17,2019-07-12,2019-07-17,2019-07-18T03:59:59+00:00,50.827,455.876,https://www.eia.gov/petroleum/supply/weekly/archive/2019/2019_07_17/csv/table9.csv,d47bdf4ca6994b344b741eaa4a5c622f62e71cbe4f713063c9a9af17e34c1893,release_date_only_ny_end_of_day,405.049,1,0.07290881417975974,24,49.56345833333334,17.330437765060154,-1.350999999999999,-2.7550000000000026,excludes_lease_stocks,,16,410.81224999999995,26.64195882062729,-1.7650000000000432,-23.733000000000004,Normal,0.0,0.0,-0.09849980795685534
2019_07_24,2019-07-19,2019-07-24,2019-07-25T03:59:59+00:00,50.398,445.041,https://www.eia.gov/petroleum/supply/weekly/archive/2019/2019_07_24/csv/table9.csv,ae3cabe8dbc0acde47844b8074c7045fb9593e8d249372477739bdd17bacf4b8,release_date_only_ny_end_of_day,394.643,1,0.07992828232930728,24,48.98416666666666,17.688774137648817,-0.42899999999999494,-1.4379999999999953,excludes_lease_stocks,,16,408.2070625,24.870146512016504,-10.406000000000006,-23.097000000000037,Normal,0.0,0.0,-0.03428923311927242
2019_07_31,2019-07-26,2019-07-31,2019-08-01T03:59:59+00:00,48.865,436.545,https://www.eia.gov/petroleum/supply/weekly/archive/2019/2019_07_31/csv/table9.csv,5d9d707f173a34fdf255aeb77b3df00de6a1e7af96bb503a359565b87419a919,release_date_only_ny_end_of_day,387.68,1,0.014975896993320872,24,48.59675000000001,17.91211572299356,-1.5330000000000013,-3.634999999999998,excludes_lease_stocks,,16,405.43506249999996,22.60219846672369,-6.962999999999965,-28.319999999999993,Normal,0.0,0.0,-0.022958050090760917
2019_08_07,2019-08-02,2019-08-07,2019-08-08T03:59:59+00:00,47.361,438.93,https://www.eia.gov/petroleum/supply/weekly/archive/2019/2019_08_07/csv/table9.csv,e29bd4c1738100194d59267480f34ee8ac5fd57f7b2bc7878c4e4171318aea51,release_date_only_ny_end_of_day,391.569,1,-0.05450983461177852,24,48.344208333333334,18.037265024482114,-1.5040000000000049,-4.817,excludes_lease_stocks,,16,402.21943749999997,20.68281136263879,3.88900000000001,-15.245000000000005,Normal,0.0,0.0,0.08198279125611516
2019_08_14,2019-08-09,2019-08-14,2019-08-15T03:59:59+00:00,44.821,440.51,https://www.eia.gov/petroleum/supply/weekly/archive/2019/2019_08_14/csv/table9.csv,d9c0bf5537bacdf9472e7ec410abb2c8db0ffb85b520f0b888488cf8e23df825,release_date_only_ny_end_of_day,395.68899999999996,1,-0.1927809319767795,24,48.30641666666667,18.079675364815085,-2.539999999999999,-6.006,excludes_lease_stocks,,16,399.94875,18.639803005039152,4.119999999999948,-9.360000000000014,Normal,0.0,0.0,0.4896635672210198
2019_08_21,2019-08-16,2019-08-21,2019-08-22T03:59:59+00:00,42.336,437.778,https://www.eia.gov/petroleum/supply/weekly/archive/2019/2019_08_21/csv/table9.csv,634ea5af9b8289035a4f459e4ecfcc7301572c76fe1318ff61d8c42903ed5045,release_date_only_ny_end_of_day,395.442,1,-0.32561328730195777,24,48.23654166666666,18.121317209008087,-2.4849999999999994,-8.062000000000005,excludes_lease_stocks,,16,397.60425000000004,17.64478835426106,-0.24699999999995725,0.799000000000035,Normal,0.0,0.0,0.8091490189453648
2019_08_28,2019-08-23,2019-08-28,2019-08-29T03:59:59+00:00,40.356,427.751,https://www.eia.gov/petroleum/supply/weekly/archive/2019/2019_08_28/csv/table9.csv,6dc955f882f448b7fc83de963953c8486ce62424400c624aea92f040bf2f39ac,release_date_only_ny_end_of_day,387.395,1,-0.433010429008828,24,48.237291666666664,18.201158999119585,-1.9799999999999969,-8.509,excludes_lease_stocks,,16,396.110375,17.072768351481063,-8.047000000000025,-0.285000000000025,Normal,0.0,0.0,0.8573606494374781
2019_09_05,2019-08-30,2019-09-05,2019-09-06T03:59:59+00:00,40.126,422.98,https://www.eia.gov/petroleum/supply/weekly/archive/2019/2019_09_05/csv/table9.csv,a667119e2f9b559d5c1935151671fd2c9f17beb0ba1e4576cb8f6c27dffff724,release_date_only_ny_end_of_day,382.85400000000004,1,-0.453032509879762,24,48.38433333333333,18.2290081908805,-0.23000000000000398,-7.234999999999999,excludes_lease_stocks,,16,394.2859375,16.420215830772957,-4.54099999999994,-8.714999999999975,Normal,0.0,0.0,0.10419747727234707
2019_09_11,2019-09-06,2019-09-11,2019-09-12T03:59:59+00:00,39.328,416.068,https://www.eia.gov/petroleum/supply/weekly/archive/2019/2019_09_11/csv/table9.csv,a1411601edd681c1ecb16d528b41da7f8fc8f8edbdfd67d707c9603dc4e107bb,release_date_only_ny_end_of_day,376.74,1,-0.513765515143303,24,48.64183333333333,18.12856849828749,-0.7979999999999947,-5.492999999999995,excludes_lease_stocks,,16,392.8683125,15.511990715652853,-6.114000000000033,-18.948999999999955,Normal,0.0,0.0,0.4099848810843531
2019_09_18,2019-09-13,2019-09-18,2019-09-19T03:59:59+00:00,38.681,417.126,https://www.eia.gov/petroleum/supply/weekly/archive/2019/2019_09_18/csv/table9.csv,79256cec56d0f2d997556c6a6bf0234263e701dbfb1f2e8ac84c4baf757baf3b,release_date_only_ny_end_of_day,378.445,1,-0.5689982775757858,24,48.93125,18.01455365325733,-0.6470000000000056,-3.655000000000001,excludes_lease_stocks,,17,392.9326470588235,15.50535483688288,1.704999999999984,-16.997000000000014,Normal,0.0,0.0,0.3681418855915366
2019_09_25,2019-09-20,2019-09-25,2019-09-26T03:59:59+00:00,40.937,419.538,https://www.eia.gov/petroleum/supply/weekly/archive/2019/2019_09_25/csv/table9.csv,29405d02d96b8e3a15c9302e3b4c58ffb782dd13a661a32d5f7b1fafdc2d7f94,release_date_only_ny_end_of_day,378.601,1,-0.4644846274158399,24,49.208124999999995,17.807101703271428,2.2560000000000002,0.580999999999996,excludes_lease_stocks,,18,393.24544444444444,15.078535730993572,0.1560000000000059,-8.793999999999983,Normal,0.0,0.0,-1.047877319450135
2019_10_02,2019-09-27,2019-10-02,2019-10-03T03:59:59+00:00,40.736,422.642,https://www.eia.gov/petroleum/supply/weekly/archive/2019/2019_10_02/csv/table9.csv,2b0337aa287fc017e4fbfadd896510e492579f82d060c564a6b4d7456425710c,release_date_only_ny_end_of_day,381.906,1,-0.49977086356684464,24,49.48870833333333,17.513442602206943,-0.2010000000000005,0.6099999999999994,excludes_lease_stocks,,19,394.34410526315787,14.767990643786678,3.305000000000007,-0.9480000000000359,Normal,0.0,0.0,0.10045394357693603
2019_10_09,2019-10-04,2019-10-09,2019-10-10T03:59:59+00:00,41.677,425.569,https://www.eia.gov/petroleum/supply/weekly/archive/2019/2019_10_09/csv/table9.csv,ec2100345c6de8f9c3e0de2ef3d8487772786b01b8bcc2318c38e3ca0b86f835,release_date_only_ny_end_of_day,383.892,1,-0.4743586097323466,24,49.81700000000001,17.160013190427687,0.9410000000000025,2.3489999999999966,excludes_lease_stocks,-0.8027572241001122,20,396.04355,15.137266455150034,1.98599999999999,7.151999999999987,Normal,0.0,0.0,-0.44637145175813936
2019_10_17,2019-10-11,2019-10-17,2019-10-18T03:59:59+00:00,42.953,434.85,https://www.eia.gov/petroleum/supply/weekly/archive/2019/2019_10_17/csv/table9.csv,0265be85256058d7027e73d8e603d28ecca1c0e879970f397a90610200a09385,release_date_only_ny_end_of_day,391.89700000000005,1,-0.44367091386473034,24,50.338249999999995,16.64578355084972,1.2760000000000034,4.272000000000006,excludes_lease_stocks,-0.3993295729979377,21,397.88942857142854,15.006222871100602,8.005000000000052,13.452000000000055,Normal,0.0,0.0,-0.5661240860913974
2019_10_23,2019-10-18,2019-10-23,2019-10-24T03:59:59+00:00,44.459,433.151,https://www.eia.gov/petroleum/supply/weekly/archive/2019/2019_10_23/csv/table9.csv,f20e6bf6f29a3beef0b89be0f6d04d3bfc36251c5ddf00d14510aa2808e329a9,release_date_only_ny_end_of_day,388.692,1,-0.40401019933265003,24,50.875125,15.881096592606433,1.5060000000000002,3.5220000000000056,excludes_lease_stocks,-0.7728101891225216,22,400.20218181818177,14.893931239766475,-3.205000000000041,10.091000000000008,Normal,0.0,0.0,-0.608439360194971
2019_10_30,2019-10-25,2019-10-30,2019-10-31T03:59:59+00:00,46.031,438.853,https://www.eia.gov/petroleum/supply/weekly/archive/2019/2019_10_30/csv/table9.csv,d86909561503ffa2bfc9e014d0ecc5ded5f145d56bd550486b7d237abce164f6,release_date_only_ny_end_of_day,392.822,1,-0.3495425246145976,24,51.285291666666666,15.031909701001332,1.5719999999999956,5.295000000000002,excludes_lease_stocks,-0.6628441830182548,23,402.54891304347825,14.674509172256505,4.1299999999999955,10.915999999999997,Normal,0.0,0.0,-0.5494808486941459
2019_11_06,2019-11-01,2019-11-06,2019-11-07T04:59:59+00:00,47.745,446.782,https://www.eia.gov/petroleum/supply/weekly/archive/2019/2019_11_06/csv/table9.csv,c12c9f4e040a6b3af0741650782b7a0fa2e192c65cfe96cb583a68d4cf526cb3,release_date_only_ny_end_of_day,399.037,1,-0.2703240795132327,24,51.56583333333333,14.13426928231267,1.7139999999999986,6.067999999999998,excludes_lease_stocks,-0.38930907683529475,24,404.694,14.530871065185439,6.214999999999975,15.144999999999982,Normal,0.0,0.0,-0.46333547228568045
2019_11_14,2019-11-08,2019-11-14,2019-11-15T04:59:59+00:00,46.516,449.001,https://www.eia.gov/petroleum/supply/weekly/archive/2019/2019_11_14/csv/table9.csv,0cd44ec369c11a15ed6578ec2a90a34f915a5ea6ca864d7c8aea10cfd0bd88fc,release_date_only_ny_end_of_day,402.48499999999996,1,-0.39956168448437085,24,51.862874999999995,13.381851182502821,-1.2289999999999992,3.5629999999999953,excludes_lease_stocks,-0.22473848509695116,24,405.68429166666664,14.23561997085867,3.447999999999979,10.587999999999909,Normal,0.0,0.0,0.49106131023129146
2019_11_20,2019-11-15,2019-11-20,2019-11-21T04:59:59+00:00,44.221,450.38,https://www.eia.gov/petroleum/supply/weekly/archive/2019/2019_11_20/csv/table9.csv,860e7da04b3751d980c3a0059ec07f4792002b1cdb786a5203daddb6259f5c0f,release_date_only_ny_end_of_day,406.159,1,-0.6184451554055109,24,52.106208333333335,12.75005271593251,-2.2950000000000017,-0.23800000000000665,excludes_lease_stocks,-0.027614364688291478,24,406.5449583333334,13.976723263057815,3.674000000000035,17.466999999999985,Normal,0.0,0.0,1.4193316316556486
2019_11_27,2019-11-22,2019-11-27,2019-11-28T04:59:59+00:00,44.124,451.952,https://www.eia.gov/petroleum/supply/weekly/archive/2019/2019_11_27/csv/table9.csv,dd115c368eae751fd19cd693c759c2adfa5f1bd986426fc04c599f08fa349bac,release_date_only_ny_end_of_day,407.828,1,-0.6817884264977986,24,52.42466666666667,12.174842435072438,-0.0969999999999942,-1.9069999999999965,excludes_lease_stocks,0.06695894142457368,24,406.85612499999996,14.514491706754146,1.6689999999999827,15.005999999999972,Normal,0.0,0.0,0.06613347737028251
2019_12_04,2019-11-29,2019-12-04,2019-12-05T04:59:59+00:00,43.822,447.096,https://www.eia.gov/petroleum/supply/weekly/archive/2019/2019_12_04/csv/table9.csv,d019cc85f81d1fc979511b46f00c4d4b74eefe3f0f85f95f3c7e519fb9f47967,release_date_only_ny_end_of_day,403.274,1,-0.753918245343442,24,52.631875,11.685451379395552,-0.3019999999999996,-3.9229999999999947,excludes_lease_stocks,-0.216417799836376,24,406.47675,14.798921356845137,-4.553999999999974,4.237000000000023,Normal,0.0,0.0,0.22768331009371917
2019_12_11,2019-12-06,2019-12-11,2019-12-12T04:59:59+00:00,40.429,447.918,https://www.eia.gov/petroleum/supply/weekly/archive/2019/2019_12_11/csv/table9.csv,67e74dd7b3f2b813b77bb1b01564099769bd22fae028d23bd6ce9d2d8e5540e3,release_date_only_ny_end_of_day,407.48900000000003,1,-1.1175136268632588,25,53.1262,11.362009101973706,-3.3930000000000007,-6.086999999999996,excludes_lease_stocks,0.14856885503296768,24,405.22145833333326,15.262564055996808,4.215000000000032,5.004000000000076,Low,0.11751362686325884,0.0,3.791723735947038
2019_12_18,2019-12-13,2019-12-18,2019-12-19T04:59:59+00:00,40.164,446.833,https://www.eia.gov/petroleum/supply/weekly/archive/2019/2019_12_18/csv/table9.csv,4b74897a0e67f207439d6eb44626c210238e75b86190a3e151ab305c3fc8ca3c,release_date_only_ny_end_of_day,406.66900000000004,1,-1.2329262197204878,25,53.91928000000001,11.156612439565455,-0.26500000000000057,-4.056999999999995,excludes_lease_stocks,0.19621322856934628,23,403.5122173913044,16.08853099106916,-0.8199999999999932,0.5100000000000477,Low,0.23292621972048777,0.0,0.32672544822592997
2019_12_27,2019-12-20,2019-12-27,2019-12-28T04:59:59+00:00,37.771,441.359,https://www.eia.gov/petroleum/supply/weekly/archive/2019/2019_12_27/csv/table9.csv,53b23f52a2c002e39bd5d0d82a5173d0a86a073b7e35fd28a672ddc0607ebf44,release_date_only_ny_end_of_day,403.58799999999997,1,-1.5222074548974522,25,54.582879999999996,11.044407873519825,-2.3930000000000007,-6.3530000000000015,excludes_lease_stocks,0.12082922991663379,22,401.5190909090909,17.122587740867992,-3.081000000000074,-4.240000000000009,Low,0.5222074548974522,0.0,3.642642439569604
2020_01_03,2019-12-27,2020-01-03,2020-01-04T04:59:59+00:00,36.322,429.896,https://www.eia.gov/petroleum/supply/weekly/archive/2020/2020_01_03/csv/table9.csv,75cfb1bbc58a0f6af276fb7eb5e415d4b340433823babde2740166e3f518e43a,release_date_only_ny_end_of_day,393.574,1,-1.6853143957203238,25,55.051,11.113060000887845,-1.448999999999998,-7.5,excludes_lease_stocks,-0.3353201907113471,21,399.6514285714286,18.124254786256525,-10.013999999999953,-9.699999999999989,Low,0.6853143957203238,0.0,2.442020559398746
2020_01_08,2020-01-03,2020-01-08,2020-01-09T04:59:59+00:00,35.501,431.06,https://www.eia.gov/petroleum/supply/weekly/archive/2020/2020_01_08/csv/table9.csv,849de3ae44a2974c5208c2d7f2290d5368f5c76360a15c09eec7c96aec5f502d,release_date_only_ny_end_of_day,395.559,1,-1.1277768489162519,24,46.54358333333334,9.791461266424133,-0.8210000000000051,-4.928000000000004,excludes_lease_stocks,-0.09904293036838141,24,397.18825,16.449937354843048,1.9850000000000136,-11.930000000000007,Low,0.12777684891625185,0.0,0.9259047929602485
2020_01_15,2020-01-10,2020-01-15,2020-01-16T04:59:59+00:00,35.843,428.511,https://www.eia.gov/petroleum/supply/weekly/archive/2020/2020_01_15/csv/table9.csv,209c69aca2a6ee50d169227127c5cc39f41453d7e2fe6b598d6dca760aad5053,release_date_only_ny_end_of_day,392.668,1,-1.0644976247861442,24,47.049,10.527031473885405,0.34200000000000585,-4.320999999999998,excludes_lease_stocks,-0.30488691577275173,24,398.4826249999999,19.07141533201729,-2.8910000000000196,-14.001000000000033,Low,0.06449762478614418,0.0,-0.36405818767686754
2020_01_23,2020-01-17,2020-01-23,2020-01-24T04:59:59+00:00,34.882,428.106,https://www.eia.gov/petroleum/supply/weekly/archive/2020/2020_01_23/csv/table9.csv,d9b4cb018dda7d8ba144bb4f072d7faa503252a866292f2adc7f697d2b943ed7,release_date_only_ny_end_of_day,393.224,1,-1.090603568365387,24,47.26525,11.354492465635525,-0.9610000000000056,-2.889000000000003,excludes_lease_stocks,-0.3545528373414939,24,401.02775,22.010118600415304,0.5559999999999832,-10.363999999999976,Low,0.09060356836538697,0.0,1.048070029199143
2020_01_29,2020-01-24,2020-01-29,2020-01-30T04:59:59+00:00,35.64,431.654,https://www.eia.gov/petroleum/supply/weekly/archive/2020/2020_01_29/csv/table9.csv,42ec5b63441752d46d26780d1a3b1c651eca31d02b70d11f544c9f2408266d9d,release_date_only_ny_end_of_day,396.014,1,-0.9862752849112122,24,47.58145833333333,12.10763213478308,0.7580000000000027,-0.6820000000000022,excludes_lease_stocks,-0.3277989321412687,24,404.004125,24.375079405556274,2.7900000000000205,2.4399999999999977,Normal,0.0,0.0,-0.7475966659627015
2020_02_05,2020-01-31,2020-02-05,2020-02-06T04:59:59+00:00,36.708,435.009,https://www.eia.gov/petroleum/supply/weekly/archive/2020/2020_02_05/csv/table9.csv,17f81f380a909145bad2460684aa6261152dd44e1f8104d02f185bfc8bfc452f,release_date_only_ny_end_of_day,398.30100000000004,1,-0.8823833124452259,24,48.07075,12.877340085355867,1.0679999999999978,1.2070000000000007,excludes_lease_stocks,-0.3533653757557074,24,407.4219166666667,25.811574343300137,2.2870000000000346,2.7420000000000186,Normal,0.0,0.0,-0.9423853776914994
2020_02_12,2020-02-07,2020-02-12,2020-02-13T04:59:59+00:00,38.376,442.468,https://www.eia.gov/petroleum/supply/weekly/archive/2020/2020_02_12/csv/table9.csv,b7785522959817c1a820abc8ddecd002443b14767a989adf44328599e4f72508,release_date_only_ny_end_of_day,404.09200000000004,1,-0.679326056392229,24,47.41804166666666,13.310311862152352,1.6679999999999993,2.532999999999994,excludes_lease_stocks,-0.24600911302097342,24,410.7775833333333,27.176161286201243,5.790999999999997,11.424000000000035,Normal,0.0,0.0,-1.1331158620622375
2020_02_20,2020-02-14,2020-02-20,2020-02-21T04:59:59+00:00,38.243,442.883,https://www.eia.gov/petroleum/supply/weekly/archive/2020/2020_02_20/csv/table9.csv,d83ed8ef6e3e67129da202279c1de02fb3ea5550adeb0d8108e47cfb86b75cdb,release_date_only_ny_end_of_day,404.64,1,-0.6400695189831023,24,47.098541666666655,13.8352810187489,-0.13299999999999557,3.361000000000004,excludes_lease_stocks,-0.3444572222460186,24,414.138375,27.574904477445013,0.547999999999945,11.415999999999997,Normal,0.0,0.0,0.08512924602474976
2020_02_26,2020-02-21,2020-02-26,2020-02-27T04:59:59+00:00,39.149,443.335,https://www.eia.gov/petroleum/supply/weekly/archive/2020/2020_02_26/csv/table9.csv,f41339423001d6a982faa14752ccbb90c4e412610668c25694bfd3866ccde8a8,release_date_only_ny_end_of_day,404.186,1,-0.5484918307248201,24,47.007374999999996,14.327241646635507,0.9059999999999988,3.5090000000000003,excludes_lease_stocks,-0.43414287937257834,24,416.5626666666667,28.508279773132372,-0.45400000000000773,8.171999999999969,Normal,0.0,0.0,-0.49693359863668635
2020_03_04,2020-02-28,2020-03-04,2020-03-05T04:59:59+00:00,37.178,444.119,https://www.eia.gov/petroleum/supply/weekly/archive/2020/2020_03_04/csv/table9.csv,0af6cc4196e4ed5523138c6775d713bf1726eb3a496cec349d18c77dfa8c422c,release_date_only_ny_end_of_day,406.94100000000003,1,-0.6785686530784422,24,47.15533333333334,14.703498736744573,-1.9710000000000036,0.46999999999999886,excludes_lease_stocks,-0.3852746819359396,24,418.37904166666664,29.688017933575072,2.7550000000000523,8.639999999999986,Normal,0.0,0.0,1.337458815217612
2020_03_11,2020-03-06,2020-03-11,2020-03-12T03:59:59+00:00,37.882,451.783,https://www.eia.gov/petroleum/supply/weekly/archive/2020/2020_03_11/csv/table9.csv,79cb19d327224fb521648c3e7ff8564655be3c5af78a3438bae74ad83b97288b,release_date_only_ny_end_of_day,413.901,1,-0.6398428244666958,24,47.445249999999994,14.946248725959995,0.7040000000000006,-0.4939999999999998,excludes_lease_stocks,-0.1834259500346658,24,419.52008333333333,30.634069673736825,6.9599999999999795,9.808999999999969,Normal,0.0,0.0,-0.45044934842455425
2020_03_18,2020-03-13,2020-03-18,2020-03-19T03:59:59+00:00,38.445,453.737,https://www.eia.gov/petroleum/supply/weekly/archive/2020/2020_03_18/csv/table9.csv,b4c8c2b48fa7ed26007e0ead21b647285819c1d5b43a3a07490df8d3a32b6f69,release_date_only_ny_end_of_day,415.29200000000003,1,-0.6333864149913894,24,47.96983333333333,15.037950148430026,0.5630000000000024,0.20199999999999818,excludes_lease_stocks,-0.15615805887072362,24,420.1417916666666,31.05694129229359,1.3910000000000196,10.652000000000044,Normal,0.0,0.0,-0.35659655164015375
2020_03_25,2020-03-20,2020-03-25,2020-03-26T03:59:59+00:00,39.303,455.36,https://www.eia.gov/petroleum/supply/weekly/archive/2020/2020_03_25/csv/table9.csv,e5d75a19b4595b403de92e238c9e88e5bee04d9c6b854cd01de0874c26668cc9,release_date_only_ny_end_of_day,416.057,1,-0.6011053578867965,24,48.383708333333324,15.106683402817806,0.857999999999997,0.15399999999999636,excludes_lease_stocks,-0.1453253417781703,24,420.6191666666667,31.392781264746702,0.7649999999999864,11.871000000000038,Normal,0.0,0.0,-0.5157483970668696
2020_04_01,2020-03-27,2020-04-01,2020-04-02T03:59:59+00:00,42.824,469.193,https://www.eia.gov/petroleum/supply/weekly/archive/2020/2020_04_01/csv/table9.csv,623bcc7bbb1aca82259cdfb34a45765bb5d0bcc2892a2b1403242aceb0263c9f,release_date_only_ny_end_of_day,426.36899999999997,1,-0.3949968745298884,24,48.74816666666666,14.998008968342857,3.521000000000001,5.646000000000001,excludes_lease_stocks,0.1558569181444984,24,421.4849166666666,31.336968493148458,10.311999999999955,19.42799999999994,Normal,0.0,0.0,-1.3907839952197374
2020_04_08,2020-04-03,2020-04-08,2020-04-09T03:59:59+00:00,49.241,484.37,https://www.eia.gov/petroleum/supply/weekly/archive/2020/2020_04_08/csv/table9.csv,ea6348e6e9af55a2ec44c8304c058113353018252efe2d66c41ef5c044da0882,release_date_only_ny_end_of_day,435.129,1,0.012040869883790162,24,49.063375,14.751841163828535,6.417000000000002,11.359000000000002,excludes_lease_stocks,0.4151181456221238,24,422.2972500000001,30.91107949706565,8.760000000000048,21.22800000000001,Normal,0.0,0.0,0.07726626204428148
2020_04_15,2020-04-10,2020-04-15,2020-04-16T03:59:59+00:00,54.965,503.618,https://www.eia.gov/petroleum/supply/weekly/archive/2020/2020_04_15/csv/table9.csv,8a0551232cfa1ae6bd39bfd74a968931cd259cab446a127e5033c6e07aebf3d7,release_date_only_ny_end_of_day,448.653,1,0.3901342327619132,24,49.37754166666667,14.321886838223659,5.724000000000004,16.520000000000003,excludes_lease_stocks,0.8533012084786139,24,422.596875,30.535671039838974,13.524000000000001,33.36099999999999,Normal,0.0,0.0,2.233128348329193
2020_04_22,2020-04-17,2020-04-22,2020-04-23T03:59:59+00:00,59.741,518.64,https://www.eia.gov/petroleum/supply/weekly/archive/2020/2020_04_22/csv/table9.csv,be4a03c78882d093d62d66bf3ee096060885521291151c3cca38c0bda70474a9,release_date_only_ny_end_of_day,458.899,1,0.7264499546573271,24,49.69325,13.831303774724047,4.775999999999996,20.438000000000002,excludes_lease_stocks,1.2086126225069562,24,423.2920833333333,29.46098361343379,10.245999999999981,42.841999999999985,Normal,0.0,0.0,3.4695249834433914
2020_04_29,2020-04-24,2020-04-29,2020-04-30T03:59:59+00:00,63.378,527.631,https://www.eia.gov/petroleum/supply/weekly/archive/2020/2020_04_29/csv/table9.csv,ae8ca2eff3e151a385b726895be76aad9e509f2ecb210d1533270bf730b1856e,release_date_only_ny_end_of_day,464.253,1,1.0022495042024373,24,49.8955,13.452239131541408,3.6370000000000005,20.554000000000002,excludes_lease_stocks,1.4363811627514809,24,424.13308333333333,27.931246738027642,5.353999999999985,37.884000000000015,High,0.0,0.0022495042024373024,3.645181446784265
2020_05_06,2020-05-01,2020-05-06,2020-05-07T03:59:59+00:00,65.446,532.221,https://www.eia.gov/petroleum/supply/weekly/archive/2020/2020_05_06/csv/table9.csv,3008c469911e8467a629713a10a1069d3e21de9bb7d7d2ffd14f30aa38aebda6,release_date_only_ny_end_of_day,466.775,1,1.1864431821746741,24,49.82279166666666,13.16810494430673,2.067999999999998,16.205,excludes_lease_stocks,1.616337354321467,24,424.64416666666665,26.065618802096985,2.5219999999999914,31.645999999999958,High,0.0,0.18644318217467415,2.4535645007372238
2020_05_13,2020-05-08,2020-05-13,2020-05-14T03:59:59+00:00,62.444,531.476,https://www.eia.gov/petroleum/supply/weekly/archive/2020/2020_05_13/csv/table9.csv,d38fe3807578c1316c59e8a325115a290b5dd84be3303b4ee77fe3079b242066,release_date_only_ny_end_of_day,469.032,1,0.9884081668663779,24,49.71341666666667,12.87988480881742,-3.0019999999999953,7.478999999999999,excludes_lease_stocks,1.766922486893631,24,425.3572916666667,24.717953762712234,2.257000000000005,20.378999999999962,Normal,0.0,0.0,-2.967201316932862
2020_05_20,2020-05-15,2020-05-20,2020-05-21T03:59:59+00:00,56.857,526.494,https://www.eia.gov/petroleum/supply/weekly/archive/2020/2020_05_20/csv/table9.csv,de368f6551d7f8273bc7f2baba125e3b49e97a535f00765c1e67e5f961e13b06,release_date_only_ny_end_of_day,469.63700000000006,1,0.5653271033316112,24,49.75774999999999,12.557774000507656,-5.587000000000003,-2.8840000000000003,excludes_lease_stocks,1.8654297055027764,24,425.91266666666667,23.439282222402838,0.605000000000075,10.738000000000056,Normal,0.0,0.0,-3.1584825263137137
2020_05_28,2020-05-22,2020-05-28,2020-05-29T03:59:59+00:00,53.462,534.422,https://www.eia.gov/petroleum/supply/weekly/archive/2020/2020_05_28/csv/table9.csv,b8ba5a6bf2e74162c3233bf1ca69a7ca28efb7b6b4335843e9c6a3cbb7db8a3a,release_date_only_ny_end_of_day,480.96000000000004,1,0.30064570918197614,24,49.74154166666667,12.374892505388786,-3.394999999999996,-9.915999999999997,excludes_lease_stocks,2.4310272782607707,24,425.88362499999994,22.65559728289161,11.322999999999979,16.70700000000005,Normal,0.0,0.0,-1.0206921826728077
2020_06_03,2020-05-29,2020-06-03,2020-06-04T03:59:59+00:00,51.723,532.345,https://www.eia.gov/petroleum/supply/weekly/archive/2020/2020_06_03/csv/table9.csv,b95525a9241f574d7660b3e6247aac7279cefab0ac6535df70fb8b264147bc8c,release_date_only_ny_end_of_day,480.622,1,0.17686195942022145,24,49.52912499999999,12.404448119832203,-1.7390000000000043,-13.722999999999999,excludes_lease_stocks,2.461829516165056,24,424.4765,22.80641272327474,-0.3380000000000223,13.847000000000037,Normal,0.0,0.0,-0.3075629474317659
2020_06_10,2020-06-05,2020-06-10,2020-06-11T03:59:59+00:00,49.444,538.065,https://www.eia.gov/petroleum/supply/weekly/archive/2020/2020_06_10/csv/table9.csv,5df7b314e3559665e5be5d29c2cc4d3c146a309b1c59a27629b21529c336bb0e,release_date_only_ny_end_of_day,488.62100000000004,1,0.02509501520759359,24,49.126958333333334,12.63365110736149,-2.2789999999999964,-13.0,excludes_lease_stocks,2.882258240602465,24,423.479,22.601028277876907,7.999000000000024,19.589000000000055,Normal,0.0,0.0,-0.0571915396581057
2020_06_17,2020-06-12,2020-06-17,2020-06-18T03:59:59+00:00,46.836,539.28,https://www.eia.gov/petroleum/supply/weekly/archive/2020/2020_06_17/csv/table9.csv,674d31154b667529c65fc855abe49bb16eefee228405cf4ceead99479696d323,release_date_only_ny_end_of_day,492.44399999999996,1,-0.12593595864418689,24,48.46541666666666,12.9384544669274,-2.608000000000004,-10.021,excludes_lease_stocks,3.072332282525858,24,421.40841666666665,23.121061396045608,3.8229999999999222,22.806999999999903,Normal,0.0,0.0,0.3284409801440399
2020_06_24,2020-06-19,2020-06-24,2020-06-25T03:59:59+00:00,45.845,540.722,https://www.eia.gov/petroleum/supply/weekly/archive/2020/2020_06_24/csv/table9.csv,ee51cae527df0f729701f8dfe210cc45dca69839ecd0f20ecd014a10bab37e8f,release_date_only_ny_end_of_day,494.87699999999995,1,-0.1427120581618543,24,47.73570833333333,13.248413327407949,-0.9909999999999997,-7.617000000000004,excludes_lease_stocks,3.2481169726289822,24,419.06879166666664,23.33912509067528,2.4329999999999927,13.916999999999916,Normal,0.0,0.0,0.14142764963839757
2020_07_01,2020-06-26,2020-07-01,2020-07-02T03:59:59+00:00,45.582,533.527,https://www.eia.gov/petroleum/supply/weekly/archive/2020/2020_07_01/csv/table9.csv,a6f3143e0df4875ccd9a21dbf82684716de0417005aabde1defc8c381f8d29b2,release_date_only_ny_end_of_day,487.94500000000005,1,-0.0990793776057028,24,46.925333333333334,13.558152723559441,-0.2629999999999981,-6.140999999999998,excludes_lease_stocks,2.983683772990381,24,416.2323333333334,24.034942079265,-6.931999999999903,7.323000000000036,Normal,0.0,0.0,0.02605787631029965
2020_07_08,2020-07-03,2020-07-08,2020-07-09T03:59:59+00:00,47.788,539.181,https://www.eia.gov/petroleum/supply/weekly/archive/2020/2020_07_08/csv/table9.csv,d57ab88b8d25d2aa7c6585af261abcbd35fafd28f9725577b2fb298ab0f9ad97,release_date_only_ny_end_of_day,491.39300000000003,1,0.12711182417311495,24,46.01904166666666,13.916552176327627,2.205999999999996,-1.656000000000006,excludes_lease_stocks,3.2832645453003737,24,412.726875,23.959727860675066,3.447999999999979,2.7719999999999914,Normal,0.0,0.0,0.2804086841258911
2020_07_15,2020-07-10,2020-07-15,2020-07-16T03:59:59+00:00,48.737,531.688,https://www.eia.gov/petroleum/supply/weekly/archive/2020/2020_07_15/csv/table9.csv,1b9dc73c6dfe143d31ab2a5c4199fe3aeefeae38e35b434c5ea9f109d39375ff,release_date_only_ny_end_of_day,482.95099999999996,1,0.25955826379635194,24,45.038666666666664,14.248567081782573,0.9490000000000052,1.9010000000000034,excludes_lease_stocks,3.2013817798588025,24,409.2197083333333,23.031083680971843,-8.442000000000064,-9.492999999999995,Normal,0.0,0.0,0.24632079234273935
2020_07_22,2020-07-17,2020-07-22,2020-07-23T03:59:59+00:00,50.112,536.58,https://www.eia.gov/petroleum/supply/weekly/archive/2020/2020_07_22/csv/table9.csv,cf391315b9958c769d05da3a3b7b9944ffa767af84576a0338362312b3be67c3,release_date_only_ny_end_of_day,486.468,1,0.415851282232792,24,44.121416666666654,14.405590626458238,1.375,4.267000000000003,excludes_lease_stocks,3.7839885588265187,24,406.10404166666666,21.237896754702565,3.5170000000000528,-8.408999999999935,Normal,0.0,0.0,0.571795513070089
2020_07_29,2020-07-24,2020-07-29,2020-07-30T03:59:59+00:00,51.421,525.969,https://www.eia.gov/petroleum/supply/weekly/archive/2020/2020_07_29/csv/table9.csv,4420b1adc9a4e005652f6d61c1e5054a6eae89226e6257f0af25d49c43c56f69,release_date_only_ny_end_of_day,474.54800000000006,1,0.5632649092972574,24,43.31,14.399973913019847,1.3089999999999975,5.838999999999999,excludes_lease_stocks,3.7072423493181597,24,403.3269583333333,19.21132608979982,-11.919999999999959,-13.396999999999991,Normal,0.0,0.0,0.7373137662701085
2020_08_05,2020-07-31,2020-08-05,2020-08-06T03:59:59+00:00,51.953,518.596,https://www.eia.gov/petroleum/supply/weekly/archive/2020/2020_08_05/csv/table9.csv,819f8580baab367375818e689386a6c2c9a9c81acae8199f6b08d6cdbc5bd8a3,release_date_only_ny_end_of_day,466.64300000000003,1,0.6545868315168993,24,42.56316666666666,14.344671907887177,0.5320000000000036,4.165000000000006,excludes_lease_stocks,3.8158585948726254,24,399.99133333333333,17.46701692673482,-7.90500000000003,-24.75,Normal,0.0,0.0,0.3482401943669928
2020_08_12,2020-08-07,2020-08-12,2020-08-13T03:59:59+00:00,53.289,514.084,https://www.eia.gov/petroleum/supply/weekly/archive/2020/2020_08_12/csv/table9.csv,4ccd74b4815967fe8127e71acc64e8ef8d39ea8c83d02b7ffc493344a35a2872,release_date_only_ny_end_of_day,460.79499999999996,1,0.7879521250167484,24,42.04333333333333,14.272017689434671,1.3359999999999985,4.552,excludes_lease_stocks,3.9773993735027244,24,397.47920833333336,15.918892150603199,-5.84800000000007,-22.156000000000006,Normal,0.0,0.0,1.0527040390223747
2020_08_19,2020-08-14,2020-08-19,2020-08-20T03:59:59+00:00,52.682,512.452,https://www.eia.gov/petroleum/supply/weekly/archive/2020/2020_08_19/csv/table9.csv,77529de0d48aefd1c3df7862b9de1db9855add67938fb4104abd8e0dcefcdbb9,release_date_only_ny_end_of_day,459.77,1,0.7766661159780589,24,41.57420833333333,14.301887823030084,-0.6069999999999993,2.5700000000000003,excludes_lease_stocks,4.251413895273106,24,394.7366666666667,15.296871802023322,-1.0249999999999773,-26.698000000000036,Normal,0.0,0.0,-0.4714363323986812
2020_08_26,2020-08-21,2020-08-26,2020-08-27T03:59:59+00:00,52.403,507.763,https://www.eia.gov/petroleum/supply/weekly/archive/2020/2020_08_26/csv/table9.csv,2c6f909a901e12c4f86f9b7201aa9da88a9c189d3b80c52af2b018e02ec0346d,release_date_only_ny_end_of_day,455.35999999999996,1,0.7752761571168544,24,41.19095833333333,14.4619972686413,-0.27900000000000347,0.9819999999999993,excludes_lease_stocks,4.150532861227927,24,393.06583333333333,15.008715446776877,-4.410000000000025,-19.188000000000102,Normal,0.0,0.0,-0.21630204783560505
2020_09_02,2020-08-28,2020-09-02,2020-09-03T03:59:59+00:00,52.513,498.401,https://www.eia.gov/petroleum/supply/weekly/archive/2020/2020_09_02/csv/table9.csv,98b70e804f4da0137dc0a224bb8b87cf862c6e704fadce4f1f451d6c1eb84bab,release_date_only_ny_end_of_day,445.88800000000003,1,0.7814859583073944,24,41.091375,14.615265800473088,0.10999999999999943,0.5599999999999952,excludes_lease_stocks,3.7481787098090757,24,391.47125000000005,14.518184487199079,-9.471999999999923,-20.754999999999995,Normal,0.0,0.0,0.08596345541381294
2020_09_10,2020-09-04,2020-09-10,2020-09-11T03:59:59+00:00,54.351,500.434,https://www.eia.gov/petroleum/supply/weekly/archive/2020/2020_09_10/csv/table9.csv,c28b9407145a5320ab7801f5adf04edd6b89d5eb73a03ca63a93cecf0075b634,release_date_only_ny_end_of_day,446.083,1,0.8931841065822738,24,41.18129166666666,14.744673843029517,1.838000000000001,1.0619999999999976,excludes_lease_stocks,4.061946025980793,24,390.12354166666665,13.776514502016667,0.19499999999999318,-14.711999999999932,Normal,0.0,0.0,1.64167238789822
2020_09_16,2020-09-11,2020-09-16,2020-09-17T03:59:59+00:00,54.277,496.045,https://www.eia.gov/petroleum/supply/weekly/archive/2020/2020_09_16/csv/table9.csv,1f119319a04877669a91d593b9b359bbded5ce80cfa0f29d7cb6a859e0d60bf5,release_date_only_ny_end_of_day,441.76800000000003,1,0.8569044659225541,24,41.47291666666667,14.942253007805595,-0.07399999999999807,1.5949999999999989,excludes_lease_stocks,3.973281765142508,24,388.8544166666666,13.317349853600321,-4.314999999999998,-18.001999999999953,Normal,0.0,0.0,-0.06341093047826735
2020_09_23,2020-09-18,2020-09-23,2020-09-24T03:59:59+00:00,54.281,494.406,https://www.eia.gov/petroleum/supply/weekly/archive/2020/2020_09_23/csv/table9.csv,c681a16735b830cd8734933fc319445a00c165cd65e2e01a056f1df1e129e1e9,release_date_only_ny_end_of_day,440.125,1,0.8112676074205966,24,41.99245833333333,15.147334312703244,0.003999999999997783,1.8780000000000001,excludes_lease_stocks,4.080978890650668,24,388.2713333333333,12.706183505496936,-1.643000000000029,-15.234999999999957,Normal,0.0,0.0,0.0032450704296805876
2020_09_30,2020-09-25,2020-09-30,2020-10-01T03:59:59+00:00,56.066,492.426,https://www.eia.gov/petroleum/supply/weekly/archive/2020/2020_09_30/csv/table9.csv,4d88f62d200e4b01ba944b33d62163f17d0a8d7a33330d8edc96f643ef111547,release_date_only_ny_end_of_day,436.36,1,0.8788999180368655,24,42.673375,15.237940890828764,1.7850000000000037,3.5530000000000044,excludes_lease_stocks,3.844339090757448,24,388.5055416666667,12.448032601594612,-3.7649999999999864,-9.52800000000002,Normal,0.0,0.0,1.568836353695808
2020_10_07,2020-10-02,2020-10-07,2020-10-08T03:59:59+00:00,56.536,492.927,https://www.eia.gov/petroleum/supply/weekly/archive/2020/2020_10_07/csv/table9.csv,1b2cd9861a0ad7641f43ba3234beb4a298c155cd446f3060245ddbb612fa0a13,release_date_only_ny_end_of_day,436.391,1,0.8584087976713577,24,43.45529166666666,15.238320446875589,0.46999999999999886,2.1850000000000023,excludes_lease_stocks,4.015883213427101,24,389.096125,11.776954778433216,0.03100000000000591,-9.692000000000007,Normal,0.0,0.0,0.40345213490553716
2020_10_15,2020-10-09,2020-10-15,2020-10-16T03:59:59+00:00,59.442,489.109,https://www.eia.gov/petroleum/supply/weekly/archive/2020/2020_10_15/csv/table9.csv,8c1a76b3439d1cf1dcc203f3a1c6c6d2372b0f59ec9479b378bb05e2f9747fa7,release_date_only_ny_end_of_day,429.667,1,0.9941930656439263,24,44.48179166666667,15.047588693091305,2.905999999999999,5.164999999999999,excludes_lease_stocks,3.7659077309584084,24,390.36999999999995,10.434934365744297,-6.724000000000046,-12.101000000000056,Normal,0.0,0.0,2.8891250487612488
2020_10_21,2020-10-16,2020-10-21,2020-10-22T03:59:59+00:00,60.417,488.107,https://www.eia.gov/petroleum/supply/weekly/archive/2020/2020_10_21/csv/table9.csv,292c7ba38477f58d999ffa1d66f9973f76cee1f89f7aa1a1090a5198d06392a6,release_date_only_ny_end_of_day,427.69000000000005,1,1.0270780083445306,24,45.49279166666667,14.530744706907448,0.9750000000000014,6.136000000000003,excludes_lease_stocks,3.9456373911894267,24,392.1073333333333,9.018230298131936,-1.9769999999999186,-12.434999999999945,High,0.0,0.027078008344530557,1.0014010581359187
2020_10_28,2020-10-23,2020-10-28,2020-10-29T03:59:59+00:00,59.995,492.427,https://www.eia.gov/petroleum/supply/weekly/archive/2020/2020_10_28/csv/table9.csv,1e4e2bc8e42cc37b41f5e714a2bb40c877cd90eb31ae17b413138a2502cf0b80,release_date_only_ny_end_of_day,432.432,1,0.9973104052607114,24,46.164791666666666,13.867506305339225,-0.42200000000000415,3.928999999999995,excludes_lease_stocks,4.746429616362393,24,394.2652083333333,8.041158249791405,4.741999999999962,-3.9279999999999973,Normal,0.0,0.0,-0.42086499102002434
2020_11_04,2020-10-30,2020-11-04,2020-11-05T04:59:59+00:00,60.931,484.429,https://www.eia.gov/petroleum/supply/weekly/archive/2020/2020_11_04/csv/table9.csv,d17fb4d843fd8ddd751138aea39e535fffca70620ce05f95491ac12c7203751f,release_date_only_ny_end_of_day,423.498,1,1.0982181433005038,24,46.634416666666674,13.017981373324817,0.9359999999999999,4.394999999999996,excludes_lease_stocks,3.34201644284679,24,396.4864583333333,8.082408368900115,-8.934000000000026,-12.893000000000029,High,0.0,0.09821814330050382,1.0279321821292715
2020_11_12,2020-11-06,2020-11-12,2020-11-13T04:59:59+00:00,60.413,488.706,https://www.eia.gov/petroleum/supply/weekly/archive/2020/2020_11_12/csv/table9.csv,813f0ae5d9a0d2f9152a7621fb47c8f0f9c8e31393ddd810599a740aa6c8e348,release_date_only_ny_end_of_day,428.293,1,1.1242481266268156,24,46.856208333333335,12.058540588670885,-0.5180000000000007,0.9709999999999965,excludes_lease_stocks,4.1289946919561595,24,397.95737499999996,7.346976022782967,4.795000000000016,-1.3739999999999668,High,0.0,0.12424812662681561,-0.5823605295926912
2020_11_18,2020-11-13,2020-11-18,2020-11-19T04:59:59+00:00,61.613,489.475,https://www.eia.gov/petroleum/supply/weekly/archive/2020/2020_11_18/csv/table9.csv,20bf6f36df75d58cb4bd23bf19e0073e60a495da217bff71e87a039bcff5986d,release_date_only_ny_end_of_day,427.862,1,1.3437290410677138,24,46.71066666666667,11.090281506078103,1.2000000000000028,1.195999999999998,excludes_lease_stocks,3.9718389256420723,24,399.14799999999997,7.229396895887025,-0.4309999999999832,0.17199999999996862,High,0.0,0.34372904106771385,1.6124748492812604
2020_11_25,2020-11-20,2020-11-25,2020-11-26T04:59:59+00:00,59.892,488.721,https://www.eia.gov/petroleum/supply/weekly/archive/2020/2020_11_25/csv/table9.csv,0dff41b2c7dc0e3bc46c7b250c98ef81012c1f93cdda80d1b77d8ec263b8aad0,release_date_only_ny_end_of_day,428.829,1,1.315985335130077,24,46.52095833333333,10.160479231590394,-1.7209999999999965,-0.10299999999999443,excludes_lease_stocks,3.8359633949067597,24,399.81695833333333,7.563169582167472,0.9669999999999845,-3.6030000000000086,High,0.0,0.315985335130077,-2.264810761758858
2020_12_02,2020-11-27,2020-12-02,2020-12-03T04:59:59+00:00,59.575,488.042,https://www.eia.gov/petroleum/supply/weekly/archive/2020/2020_12_02/csv/table9.csv,c670e18cfa254acdfbe9343d37e8eb58b4293e71db551d85e0c6e8c01cc6ad6b,release_date_only_ny_end_of_day,428.467,1,1.4566841860775077,24,46.05133333333333,9.283870035743698,-0.31700000000000017,-1.3559999999999945,excludes_lease_stocks,3.464441702189369,24,400.073625,8.195656743785491,-0.3620000000000232,4.968999999999994,High,0.0,0.4566841860775077,-0.4617688869865702
2020_12_09,2020-12-04,2020-12-09,2020-12-10T04:59:59+00:00,58.211,503.231,https://www.eia.gov/petroleum/supply/weekly/archive/2020/2020_12_09/csv/table9.csv,5e7a810617b810447297807b5de48bb79c8c39d3e8eea9f72f4fd7aa71901c06,release_date_only_ny_end_of_day,445.02,1,1.5530669028107849,24,45.244125,8.349205675899848,-1.3640000000000043,-2.201999999999998,excludes_lease_stocks,4.781669464081674,24,399.2168749999999,9.578898195297283,16.552999999999997,16.726999999999975,High,0.0,0.5530669028107849,-2.1183832554339173
2020_12_16,2020-12-11,2020-12-16,2020-12-17T04:59:59+00:00,58.409,500.096,https://www.eia.gov/petroleum/supply/weekly/archive/2020/2020_12_16/csv/table9.csv,ce77a33b4fc526e608f038431343a3c453b7b666be1f90c35668147f75e200ce,release_date_only_ny_end_of_day,441.687,1,1.4947455727582029,24,45.69145833333334,8.50816479971198,0.1980000000000004,-3.2040000000000006,excludes_lease_stocks,3.7847819388056902,24,398.449,11.424172039259942,-3.33299999999997,13.824999999999989,High,0.0,0.49474557275820286,0.29595962340612475
2020_12_23,2020-12-18,2020-12-23,2020-12-24T04:59:59+00:00,58.383,499.534,https://www.eia.gov/petroleum/supply/weekly/archive/2020/2020_12_23/csv/table9.csv,39a5a89c2871dd0c1542a43fc5e2c3243d439ed3a6dd541772e66006ef4a3272,release_date_only_ny_end_of_day,441.151,1,1.4179311477994017,24,46.056999999999995,8.692946776103827,-0.02599999999999625,-1.5090000000000003,excludes_lease_stocks,3.3307134239708223,24,397.28075000000007,13.1714273837761,-0.5360000000000014,12.322000000000003,High,0.0,0.41793114779940166,-0.03686620984277912
2020_12_30,2020-12-25,2020-12-30,2020-12-31T04:59:59+00:00,58.41,493.469,https://www.eia.gov/petroleum/supply/weekly/archive/2020/2020_12_30/csv/table9.csv,1ceec7ff137bcaf50c4c1679b4f6468c3178b770ecc1c858c3f6d39e57b6a916,release_date_only_ny_end_of_day,435.05899999999997,1,1.3157333728803515,24,46.34795833333334,9.167542539611132,0.026999999999993918,-1.1650000000000063,excludes_lease_stocks,2.63917908976104,24,396.52120833333333,14.602188921615006,-6.092000000000041,6.5919999999999845,High,0.0,0.3157333728803515,0.035524801067761486
2021_01_06,2021-01-01,2021-01-06,2021-01-07T04:59:59+00:00,59.202,485.459,https://www.eia.gov/petroleum/supply/weekly/archive/2021/2021_01_06/csv/table9.csv,5ea0ddce971bb09e6bfb8c9dc5f3142df2d91e5ddd70b771bf75dc3d0e3e9950,release_date_only_ny_end_of_day,426.257,1,2.155022668139253,24,42.692125,7.66111430941717,0.7920000000000016,0.9909999999999997,excludes_lease_stocks,1.1731143803971447,24,402.21537499999994,20.493845614492464,-8.801999999999964,-18.762999999999977,High,0.0,1.155022668139253,1.7067779531662919
2021_01_13,2021-01-08,2021-01-13,2021-01-14T04:59:59+00:00,57.227,482.211,https://www.eia.gov/petroleum/supply/weekly/archive/2021/2021_01_13/csv/table9.csv,cca67db3aad5d3cb7e864f675c481b8001e5739d18f20a985f9147d03dafe374,release_date_only_ny_end_of_day,424.98400000000004,1,2.188674666258065,24,41.758833333333335,7.0673667974200525,-1.9750000000000014,-1.1820000000000022,excludes_lease_stocks,1.3766759168984846,24,399.3722916666666,18.604021483163642,-1.2729999999999677,-16.702999999999975,High,0.0,1.188674666258065,-4.322632465859681
2021_01_22,2021-01-15,2021-01-22,2021-01-23T04:59:59+00:00,52.5,486.563,https://www.eia.gov/petroleum/supply/weekly/archive/2021/2021_01_22/csv/table9.csv,4dff5562bd10757209a875e38c77ab47ad1a45190b233d874ee8bd20d8d1cd5c,release_date_only_ny_end_of_day,434.063,1,1.859767985323337,24,40.65829166666667,6.367304108245817,-4.726999999999997,-5.883000000000003,excludes_lease_stocks,2.2235417313642865,24,397.43187499999993,16.47422419975203,9.07899999999995,-7.088000000000022,High,0.0,0.8597679853233371,-8.791123266623408
2021_01_27,2021-01-22,2021-01-27,2021-01-28T04:59:59+00:00,50.219,476.653,https://www.eia.gov/petroleum/supply/weekly/archive/2021/2021_01_27/csv/table9.csv,9fa0e95c2b15c8c515b51f5eb9a3a10fbde13d994eec9fa3e8a4cb78fda62c87,release_date_only_ny_end_of_day,426.434,1,1.884087863211775,24,39.65091666666667,5.609124467963022,-2.280999999999999,-8.190999999999995,excludes_lease_stocks,2.202168434860347,24,395.75466666666665,13.93141998027001,-7.628999999999962,-8.624999999999943,High,0.0,0.884087863211775,-4.297604415986057
2021_02_03,2021-01-29,2021-02-03,2021-02-04T04:59:59+00:00,48.702,475.659,https://www.eia.gov/petroleum/supply/weekly/archive/2021/2021_02_03/csv/table9.csv,7df63cba753fe42715ce4c2121bf961bdf687e407f7484ed3a85332a8adb7449,release_date_only_ny_end_of_day,426.957,1,2.1333647833995903,24,38.73091666666667,4.673876409192459,-1.517000000000003,-10.5,excludes_lease_stocks,2.86693321463336,24,394.50445833333333,11.319601552286903,0.5229999999999677,0.6999999999999886,High,0.0,1.1333647833995903,-3.236314376417185
2021_02_10,2021-02-05,2021-02-10,2021-02-11T04:59:59+00:00,48.044,469.014,https://www.eia.gov/petroleum/supply/weekly/archive/2021/2021_02_10/csv/table9.csv,bc16e652cb8af203fc6291d3173c708fc2764448286e259e043435dea483581f,release_date_only_ny_end_of_day,420.97,1,1.9112869311670273,24,38.253416666666666,5.122508386197787,-0.6580000000000013,-9.183,excludes_lease_stocks,2.283676330624826,24,396.3422083333333,10.784274170730853,-5.986999999999966,-4.01400000000001,High,0.0,0.9112869311670273,-1.2576268007079063
2021_02_18,2021-02-12,2021-02-18,2021-02-19T04:59:59+00:00,45.016,461.757,https://www.eia.gov/petroleum/supply/weekly/archive/2021/2021_02_18/csv/table9.csv,44e8ef318c1d3302f5598d66f3259cdffee40a4cdadf174cc6f5aa26389a12b8,release_date_only_ny_end_of_day,416.741,1,1.2425581053957417,24,37.982375000000005,5.660600473697652,-3.0279999999999987,-7.484000000000002,excludes_lease_stocks,1.8257417572469694,24,398.84504166666665,9.802020610142916,-4.229000000000042,-17.322000000000003,High,0.0,0.24255810539574174,-3.7624659431383045
2021_02_24,2021-02-19,2021-02-24,2021-02-25T04:59:59+00:00,47.823,463.042,https://www.eia.gov/petroleum/supply/weekly/archive/2021/2021_02_24/csv/table9.csv,8323de30469a2b867c630ac0a5a6ad176158359880df103db0ac3c53c5333892,release_date_only_ny_end_of_day,415.219,1,1.6188629730004946,24,37.932208333333335,6.109715171466611,2.807000000000002,-2.396000000000001,excludes_lease_stocks,1.722628362211016,24,400.4290416666666,8.585693036163818,-1.5219999999999914,-11.215000000000032,High,0.0,0.6188629730004946,4.544148365212392
2021_03_03,2021-02-26,2021-03-03,2021-03-04T04:59:59+00:00,48.308,484.605,https://www.eia.gov/petroleum/supply/weekly/archive/2021/2021_03_03/csv/table9.csv,078f6e6da92f1c7db2a2570c4ff8fbac48fe59c4169a3a7fcecdaaaa98f78601,release_date_only_ny_end_of_day,436.297,1,1.5753279372164388,24,38.082625,6.490950079935709,0.48499999999999943,-0.39399999999999835,excludes_lease_stocks,4.250533747102033,24,401.59675,8.16373944181911,21.07800000000003,9.340000000000032,High,0.0,0.5753279372164388,0.7640340495499719
2021_03_10,2021-03-05,2021-03-10,2021-03-11T04:59:59+00:00,48.834,498.403,https://www.eia.gov/petroleum/supply/weekly/archive/2021/2021_03_10/csv/table9.csv,1c708329ab1d53bc4f74f56c34a04200a92a28e8a6471bd23377253f9d0afd65,release_date_only_ny_end_of_day,449.569,1,1.5313864334757608,24,38.46595833333333,6.770362751049393,0.5260000000000034,0.7900000000000063,excludes_lease_stocks,5.1342170386021255,24,402.94575000000003,9.080888020404748,13.271999999999991,28.59899999999999,High,0.0,0.5313864334757608,0.8055092640082553
2021_03_17,2021-03-12,2021-03-17,2021-03-18T03:59:59+00:00,48.21,500.799,https://www.eia.gov/petroleum/supply/weekly/archive/2021/2021_03_17/csv/table9.csv,3f04e935137e1726e26b1688a1ce339fe7f550f1a967f70e42a3175f7b21aa2c,release_date_only_ny_end_of_day,452.589,1,1.2548029699968035,24,39.241083333333336,7.147669300375909,-0.6240000000000023,3.1940000000000026,excludes_lease_stocks,4.348892148363226,24,404.4270833333333,11.074525424778166,3.019999999999982,35.84800000000001,High,0.0,0.2548029699968035,-0.7829970532780083
2021_03_24,2021-03-19,2021-03-24,2021-03-25T03:59:59+00:00,46.275,502.711,https://www.eia.gov/petroleum/supply/weekly/archive/2021/2021_03_24/csv/table9.csv,d15e839f7e8520bf60b9047fd6a462a0a125b47a6d100523633c45e5fea28b44,release_date_only_ny_end_of_day,456.43600000000004,1,0.8096380518222962,24,40.118291666666664,7.604272451716045,-1.9350000000000023,-1.5480000000000018,excludes_lease_stocks,3.5223591201902873,24,406.4025833333333,14.204518891862387,3.847000000000037,41.21700000000004,Normal,0.0,0.0,-1.566649630276145
2021_03_31,2021-03-26,2021-03-31,2021-04-01T03:59:59+00:00,47.057,501.835,https://www.eia.gov/petroleum/supply/weekly/archive/2021/2021_03_31/csv/table9.csv,495c949419f6f95749fb6625ac59872bc6a126c8f133a71c8ec0387dfb04caf4,release_date_only_ny_end_of_day,454.77799999999996,1,0.7134740497577188,24,41.17808333333333,8.239846520925363,0.7820000000000036,-1.2509999999999977,excludes_lease_stocks,2.5626844524560073,24,409.3557916666667,17.724464004845338,-1.6580000000000723,18.480999999999938,Normal,0.0,0.0,0.5579367069105386
2021_04_07,2021-04-02,2021-04-07,2021-04-08T03:59:59+00:00,46.322,498.313,https://www.eia.gov/petroleum/supply/weekly/archive/2021/2021_04_07/csv/table9.csv,ec330566a09e024eae43186a3107b399d742f3a1cbabd2dfb612387c49648c38,release_date_only_ny_end_of_day,451.991,1,0.42937681959173646,24,42.48875,8.9274730844687,-0.7349999999999994,-2.5120000000000005,excludes_lease_stocks,1.8705483970079415,24,412.67820833333326,21.01671987185682,-2.7869999999999777,2.4219999999999686,Normal,0.0,0.0,-0.31559196239992604
2021_04_14,2021-04-09,2021-04-14,2021-04-15T03:59:59+00:00,46.668,492.423,https://www.eia.gov/petroleum/supply/weekly/archive/2021/2021_04_14/csv/table9.csv,0d4c8719dedd889103b903c1adc7d0cdc5c34e7268f7c4b3b6809922fea8fb5d,release_date_only_ny_end_of_day,445.755,1,0.28228544670830485,24,43.962208333333336,9.585303451589729,0.34599999999999653,-1.5420000000000016,excludes_lease_stocks,1.2759776882359477,24,415.40475,23.78587829537956,-6.23599999999999,-6.834000000000003,Normal,0.0,0.0,0.0976707645610725
2021_04_21,2021-04-16,2021-04-21,2021-04-22T03:59:59+00:00,45.35,493.017,https://www.eia.gov/petroleum/supply/weekly/archive/2021/2021_04_21/csv/table9.csv,0cd78063fd9b6838383a21c48d3d27b2e5f7305b947e9d43209dd759ac627bdc,release_date_only_ny_end_of_day,447.667,1,0.0003731078812678309,24,45.34633333333334,9.827363212487109,-1.3179999999999978,-0.9249999999999972,excludes_lease_stocks,1.1186233494573523,24,418.78475000000003,25.81945926125251,1.9119999999999777,-8.769000000000062,Normal,0.0,0.0,-0.0004917561875110003
2021_04_28,2021-04-23,2021-04-28,2021-04-29T03:59:59+00:00,46.072,493.107,https://www.eia.gov/petroleum/supply/weekly/archive/2021/2021_04_28/csv/table9.csv,32957a906e51d747708c94759a07dfa60b82a02ae023396b5bf815dfdd91c066,release_date_only_ny_end_of_day,447.035,1,-0.03055912618932295,24,46.37016666666667,9.757041638541462,0.7220000000000013,-0.9849999999999994,excludes_lease_stocks,0.9026515896387984,24,422.5029583333333,27.17775268803699,-0.6319999999999482,-7.742999999999938,Normal,0.0,0.0,-0.02206368910869121
2021_05_05,2021-04-30,2021-05-05,2021-05-06T03:59:59+00:00,46.326,485.117,https://www.eia.gov/petroleum/supply/weekly/archive/2021/2021_05_05/csv/table9.csv,2465658e34a28375ca3317bdca927c511dbd1aedeb4fb2d1dd9af270cef7ee1f,release_date_only_ny_end_of_day,438.791,1,-0.06065726375743742,24,46.920875,9.807151908118538,0.2539999999999978,0.003999999999997783,excludes_lease_stocks,0.43645575171583906,24,426.17645833333336,28.902223460396787,-8.244000000000028,-13.199999999999989,Normal,0.0,0.0,-0.015406944994388971
2021_05_12,2021-05-07,2021-05-12,2021-05-13T03:59:59+00:00,45.905,484.691,https://www.eia.gov/petroleum/supply/weekly/archive/2021/2021_05_12/csv/table9.csv,4eafe3890ff8c1ea3af775352e1ab77d116ebfd633bd434d9eba159236d4c35a,release_date_only_ny_end_of_day,438.78599999999994,1,-0.12683322047091042,24,47.16675,9.948103464654872,-0.4209999999999994,-0.7629999999999981,excludes_lease_stocks,0.3107173996136014,24,429.3737083333333,30.292129370197753,-0.005000000000052296,-6.969000000000051,Normal,0.0,0.0,0.053396785818253203
2021_05_19,2021-05-14,2021-05-19,2021-05-20T03:59:59+00:00,45.763,486.011,https://www.eia.gov/petroleum/supply/weekly/archive/2021/2021_05_19/csv/table9.csv,f4bc7288558d8692ec65c248c01b76d9eed997aad56f93345a74111c1bd1782b,release_date_only_ny_end_of_day,440.24800000000005,1,-0.14947519422219488,24,47.248625000000004,9.93894008788926,-0.142000000000003,0.4129999999999967,excludes_lease_stocks,0.25297137587932916,24,432.193375,31.8400647978537,1.4620000000001028,-7.418999999999926,Normal,0.0,0.0,0.021225477579552125
2021_05_26,2021-05-21,2021-05-26,2021-05-27T03:59:59+00:00,44.755,484.349,https://www.eia.gov/petroleum/supply/weekly/archive/2021/2021_05_26/csv/table9.csv,f26493fc5c16a46d7acfc485ced591accad798dc225f8ab0bcd489e068e9d0b7,release_date_only_ny_end_of_day,439.594,1,-0.22405195736302808,24,46.95716666666667,9.828821370654362,-1.0079999999999956,-1.3170000000000002,excludes_lease_stocks,0.16316479273498874,24,434.1165416666667,33.57009953875125,-0.6540000000000532,-7.441000000000031,Normal,0.0,0.0,0.2258443730219313
2021_06_03,2021-05-28,2021-06-03,2021-06-04T03:59:59+00:00,45.539,479.27,https://www.eia.gov/petroleum/supply/weekly/archive/2021/2021_06_03/csv/table9.csv,3f9eba55ead7610538872ff6a5925a9720449c053e2405c49943bee93870d9e6,release_date_only_ny_end_of_day,433.731,1,-0.07480969809198615,24,46.25870833333334,9.620521826573635,0.7839999999999989,-0.786999999999999,excludes_lease_stocks,-0.02169189800269405,24,434.51420833333333,36.10603061272291,-5.8629999999999995,-5.060000000000002,Normal,0.0,0.0,-0.05865080330411706
2021_06_09,2021-06-04,2021-06-09,2021-06-10T03:59:59+00:00,45.704,474.029,https://www.eia.gov/petroleum/supply/weekly/archive/2021/2021_06_09/csv/table9.csv,ca464b9b0a273cb6ab9cbc10d8d630759014855ce14734d2a79eaa5f3fd857a2,release_date_only_ny_end_of_day,428.325,1,0.0417886491819297,24,45.31070833333333,9.41144723186548,0.16499999999999915,-0.2010000000000005,excludes_lease_stocks,-0.17587981496212657,24,434.9340833333333,37.57727022146635,-5.406000000000006,-10.460999999999956,Normal,0.0,0.0,0.006895127115018365
2021_06_16,2021-06-11,2021-06-16,2021-06-17T03:59:59+00:00,43.554,466.674,https://www.eia.gov/petroleum/supply/weekly/archive/2021/2021_06_16/csv/table9.csv,c658d790518726fb5321b64c6b2d4284e9995cd4858bc077b979c71f288dc47a,release_date_only_ny_end_of_day,423.12,1,-0.08907047328920212,24,44.40295833333334,9.531310455450939,-2.1499999999999986,-2.208999999999996,excludes_lease_stocks,-0.2847964423529391,24,434.49,39.92325151979788,-5.204999999999984,-17.128000000000043,Normal,0.0,0.0,0.19150151757178444
2021_06_23,2021-06-18,2021-06-23,2021-06-24T03:59:59+00:00,41.721,459.06,https://www.eia.gov/petroleum/supply/weekly/archive/2021/2021_06_23/csv/table9.csv,df3261e67ca9a9961de471db9f10ac119c12e1dfc5652db0d5f9d0f1dc62bab8,release_date_only_ny_end_of_day,417.339,1,-0.19600888561135765,24,43.66945833333333,9.9406632880751,-1.8330000000000055,-3.034000000000006,excludes_lease_stocks,-0.3869024974287373,24,433.44212500000003,41.62062821257967,-5.781000000000006,-22.254999999999995,Normal,0.0,0.0,0.3592842873256197
2021_06_30,2021-06-25,2021-06-30,2021-07-01T03:59:59+00:00,40.261,452.342,https://www.eia.gov/petroleum/supply/weekly/archive/2021/2021_06_30/csv/table9.csv,3071f129cfd4a4588315cff6ce584b770ebaf0fd03e48f3916f9a7f1d9574f0a,release_date_only_ny_end_of_day,412.08099999999996,1,-0.2685926115617428,24,43.09370833333333,10.54648643111376,-1.4599999999999937,-5.277999999999999,excludes_lease_stocks,-0.44894420314134825,24,431.56500000000005,43.39960258684003,-5.258000000000038,-21.650000000000034,Normal,0.0,0.0,0.3921452128801428
2021_07_08,2021-07-02,2021-07-08,2021-07-09T03:59:59+00:00,39.647,445.476,https://www.eia.gov/petroleum/supply/weekly/archive/2021/2021_07_08/csv/table9.csv,03b759fb8b863a640f0038f422c8ebecf8755ef0f630d3102fdab8ac47ea9941,release_date_only_ny_end_of_day,405.829,1,-0.2543821753516641,24,42.4905,11.178063070138762,-0.6140000000000043,-6.057000000000002,excludes_lease_stocks,-0.5153848456611873,24,428.79575,44.562330835583545,-6.251999999999953,-22.49599999999998,Normal,0.0,0.0,0.15619065566592283
2021_07_14,2021-07-09,2021-07-14,2021-07-15T03:59:59+00:00,38.058,437.58,https://www.eia.gov/petroleum/supply/weekly/archive/2021/2021_07_14/csv/table9.csv,cbc387ba40781af4bef6e41b8307b1cd353dd7f9aaec723e597f24d5721ea543,release_date_only_ny_end_of_day,399.522,1,-0.3235078591325667,24,41.85845833333334,11.747653808237132,-1.5889999999999986,-5.496000000000002,excludes_lease_stocks,-0.586361794077129,24,425.6335833333333,44.53152234181659,-6.307000000000016,-23.598000000000013,Normal,0.0,0.0,0.514053988161648
2021_07_21,2021-07-16,2021-07-21,2021-07-22T03:59:59+00:00,36.711,439.687,https://www.eia.gov/petroleum/supply/weekly/archive/2021/2021_07_21/csv/table9.csv,774bd0025c4b4d1f2d7a932702e0780a97c9fb5625f5c020985b55b476d9bb06,release_date_only_ny_end_of_day,402.976,1,-0.3841051182089195,24,41.380625,12.157153806683036,-1.3470000000000013,-5.009999999999998,excludes_lease_stocks,-0.45703561718500746,24,422.80379166666665,43.38347148695063,3.4540000000000077,-14.363,Normal,0.0,0.0,0.517389594227415
2021_07_28,2021-07-23,2021-07-28,2021-07-29T03:59:59+00:00,35.443,435.598,https://www.eia.gov/petroleum/supply/weekly/archive/2021/2021_07_28/csv/table9.csv,df3ace02d9f7a43d08a7324714b256a7ecbed4d77c811d1a929434d38feced21,release_date_only_ny_end_of_day,400.15500000000003,1,-0.4494326407241373,24,41.033208333333334,12.43836745886158,-1.2680000000000007,-4.818000000000005,excludes_lease_stocks,-0.48176994887359886,24,420.3034583333333,41.82174164337427,-2.8209999999999695,-11.92599999999993,Normal,0.0,0.0,0.5698805884382064
2021_08_04,2021-07-30,2021-08-04,2021-08-05T03:59:59+00:00,34.9,439.225,https://www.eia.gov/petroleum/supply/weekly/archive/2021/2021_08_04/csv/table9.csv,cdc93340eeb190497c8e345c45b23eb41643fb03bd5103fcc0ae3f77332bb190,release_date_only_ny_end_of_day,404.32500000000005,1,-0.4584284791725222,24,40.665416666666665,12.576480145983567,-0.5429999999999993,-4.747,excludes_lease_stocks,-0.32016663730630573,24,417.3961666666666,40.82613596669436,4.170000000000016,-1.5039999999999623,Normal,0.0,0.0,0.24892666419067921
2021_08_11,2021-08-06,2021-08-11,2021-08-12T03:59:59+00:00,34.575,438.777,https://www.eia.gov/petroleum/supply/weekly/archive/2021/2021_08_11/csv/table9.csv,99edb83635cf7b8185a2e600264db8d797e2a626a30815be4e2ed1c2066a4753,release_date_only_ny_end_of_day,404.202,1,-0.45816788125190233,24,40.322916666666664,12.5454378228369,-0.32499999999999574,-3.482999999999997,excludes_lease_stocks,-0.2618707450696053,24,414.38241666666664,38.87573109382909,-0.1230000000000473,4.680000000000007,Normal,0.0,0.0,0.1489045614068663
2021_08_18,2021-08-13,2021-08-18,2021-08-19T03:59:59+00:00,33.595,435.544,https://www.eia.gov/petroleum/supply/weekly/archive/2021/2021_08_18/csv/table9.csv,3d7b24c5b50b9171e1525f68aabf0b04ab5a0b39b908ae86ec18959549269f1d,release_date_only_ny_end_of_day,401.94899999999996,1,-0.5086146947235515,24,40.02458333333333,12.641363688534442,-0.980000000000004,-3.1159999999999997,excludes_lease_stocks,-0.24125514435563125,24,411.0994166666666,37.928379480182834,-2.2530000000000427,-1.0270000000000437,Normal,0.0,0.0,0.4984424008290825
2021_08_25,2021-08-20,2021-08-25,2021-08-26T03:59:59+00:00,33.665,432.564,https://www.eia.gov/petroleum/supply/weekly/archive/2021/2021_08_25/csv/table9.csv,336daa7865d15bf746774e715a2e733f5185e3e0a45ab544fe0adf6e1ae10540,release_date_only_ny_end_of_day,398.899,1,-0.4710375656458148,24,39.651666666666664,12.709531263092916,0.07000000000000028,-1.7779999999999987,excludes_lease_stocks,-0.25849408644706245,24,408.17024999999995,35.86639109401302,-3.0499999999999545,-1.2560000000000286,Normal,0.0,0.0,-0.03297262959520717
2021_09_01,2021-08-27,2021-09-01,2021-09-02T03:59:59+00:00,34.501,425.395,https://www.eia.gov/petroleum/supply/weekly/archive/2021/2021_09_01/csv/table9.csv,838df90304024b599d39ed5f138baefdc4e2009adf6ca90a008ac8856723a066,release_date_only_ny_end_of_day,390.894,1,-0.39113672127369703,24,39.457208333333334,12.671293856516327,0.8359999999999985,-0.3990000000000009,excludes_lease_stocks,-0.4331754565021972,24,405.8096666666667,34.43331435974617,-8.004999999999995,-13.43100000000004,Normal,0.0,0.0,-0.32699029898481013
2021_09_09,2021-09-03,2021-09-09,2021-09-10T03:59:59+00:00,36.419,423.867,https://www.eia.gov/petroleum/supply/weekly/archive/2021/2021_09_09/csv/table9.csv,45c6a3f175c1cf45d51da5718f41267de742dc34e9d33ceb05ca07ac9a0a3c9b,release_date_only_ny_end_of_day,387.44800000000004,1,-0.24130140934132335,24,39.464625000000005,12.621662709362546,1.9179999999999993,1.843999999999994,excludes_lease_stocks,-0.498051867905248,24,403.8904583333333,33.01354616435524,-3.4459999999999695,-16.753999999999962,Normal,0.0,0.0,-0.462816103116658
2021_09_15,2021-09-10,2021-09-15,2021-09-16T03:59:59+00:00,35.316,417.445,https://www.eia.gov/petroleum/supply/weekly/archive/2021/2021_09_15/csv/table9.csv,6900f4a4cfdf7877f37d0c19e7bd61d93ffdb293e3de0de9f6c37fa6c0e10874,release_date_only_ny_end_of_day,382.129,1,-0.3412779280365285,24,39.61083333333334,12.584562259981961,-1.1029999999999944,1.7210000000000036,excludes_lease_stocks,-0.6249980044786655,24,402.063375,31.895101835769868,-5.319000000000017,-19.819999999999936,Normal,0.0,0.0,0.37642955462428906
2021_09_22,2021-09-17,2021-09-22,2021-09-23T03:59:59+00:00,33.84,413.964,https://www.eia.gov/petroleum/supply/weekly/archive/2021/2021_09_22/csv/table9.csv,d963322c76690d9da728bb3100efb1ab4eb6bd80641e4f30a86f692a47be9015,release_date_only_ny_end_of_day,380.124,1,-0.4906317936188521,24,40.101958333333336,12.763050447965755,-1.475999999999999,0.17500000000000426,excludes_lease_stocks,-0.6891206744693377,24,400.81441666666666,30.02437371741813,-2.0049999999999955,-18.774999999999977,Normal,0.0,0.0,0.7241725273814252
2021_09_29,2021-09-24,2021-09-29,2021-09-30T03:59:59+00:00,33.971,418.542,https://www.eia.gov/petroleum/supply/weekly/archive/2021/2021_09_29/csv/table9.csv,c6c12d8cd4469ef3164c691f412c127fc73fb01dcda34f2272de151f721bb1f2,release_date_only_ny_end_of_day,384.57099999999997,1,-0.5302775011242044,24,40.84529166666667,12.963574076012964,0.13099999999999312,-0.5300000000000011,excludes_lease_stocks,-0.5561397004191928,24,400.1852083333333,28.07605413093881,4.446999999999946,-6.323000000000036,Normal,0.0,0.0,-0.06946635264726712
2021_10_06,2021-10-01,2021-10-06,2021-10-07T03:59:59+00:00,35.519,420.887,https://www.eia.gov/petroleum/supply/weekly/archive/2021/2021_10_06/csv/table9.csv,fb352d9c0e4fa2880696299ea2ba51069e1a776ce3d1f247ced731ea62ee98d5,release_date_only_ny_end_of_day,385.368,1,-0.47270326479811975,24,41.69691666666667,13.069333611023627,1.5480000000000018,-0.8999999999999986,excludes_lease_stocks,-0.5782782926161463,24,400.7674583333334,26.62983987115593,0.7970000000000255,-2.080000000000041,Normal,0.0,0.0,-0.7317446539074902
2021_10_14,2021-10-08,2021-10-14,2021-10-15T03:59:59+00:00,33.551,426.975,https://www.eia.gov/petroleum/supply/weekly/archive/2021/2021_10_14/csv/table9.csv,ebe49b0953f8a8181a5f5f5924e8599f48dd1231ddb0efd2a54e939bfef985a7,release_date_only_ny_end_of_day,393.42400000000004,1,-0.7107078239228563,24,42.76816666666667,12.968995635634297,-1.9679999999999964,-1.7650000000000006,excludes_lease_stocks,-0.3467919965779686,24,401.792125,24.130098394928137,8.05600000000004,11.295000000000016,Normal,0.0,0.0,1.3986729974801786
2021_10_20,2021-10-15,2021-10-20,2021-10-21T03:59:59+00:00,31.231,426.544,https://www.eia.gov/petroleum/supply/weekly/archive/2021/2021_10_20/csv/table9.csv,48a8d1e8536b630acbe2340709bc6efc7027cb7061f08931ebbb50de0ae3285c,release_date_only_ny_end_of_day,395.313,1,-1.0054886592090893,24,43.897375000000004,12.597233080642887,-2.3200000000000003,-2.6090000000000018,excludes_lease_stocks,-0.38286031601925086,24,403.6819166666667,21.858929527305545,1.8889999999999532,15.188999999999965,Low,0.005488659209089253,0.0,2.3327336893650874
2021_10_27,2021-10-22,2021-10-27,2021-10-28T03:59:59+00:00,27.332,430.812,https://www.eia.gov/petroleum/supply/weekly/archive/2021/2021_10_27/csv/table9.csv,e9c6a82dea0af2ca2cc4ecd2f86ed23de1217f45e7e405301e18f2f7308e953f,release_date_only_ny_end_of_day,403.48,1,-1.4308343085000768,24,44.862750000000005,12.252117450536423,-3.899000000000001,-6.638999999999996,excludes_lease_stocks,-0.12580678742149912,24,405.9177916666667,19.377266653341753,8.16700000000003,18.90900000000005,Low,0.43083430850007676,0.0,5.5788229688418
2021_11_03,2021-10-29,2021-11-03,2021-11-04T03:59:59+00:00,26.416,434.102,https://www.eia.gov/petroleum/supply/weekly/archive/2021/2021_11_03/csv/table9.csv,6125dca63d5eeee624eef7a981d70bf796cf2e9c25ca9395f6aea0c0b385907f,release_date_only_ny_end_of_day,407.686,1,-1.6381162473247077,24,45.664625,11.750463394423884,-0.9160000000000004,-9.102999999999998,excludes_lease_stocks,-0.025106124669514025,24,408.1211666666666,17.333087937504832,4.20599999999996,22.317999999999984,Low,0.6381162473247077,0.0,1.500514482549433
2021_11_10,2021-11-05,2021-11-10,2021-11-11T04:59:59+00:00,26.382,435.104,https://www.eia.gov/petroleum/supply/weekly/archive/2021/2021_11_10/csv/table9.csv,a19b27b6dda72cf2eca3a7bde9d56992b30e50ceba4a4758bbb8966d8c38f5a7,release_date_only_ny_end_of_day,408.722,1,-1.770241244755616,24,46.35566666666667,11.283019603028208,-0.03399999999999892,-7.1690000000000005,excludes_lease_stocks,-0.05173772825678225,24,409.5073333333333,15.17912285277744,1.0360000000000014,15.297999999999945,Low,0.770241244755616,0.0,0.06018820232168903
2021_11_17,2021-11-12,2021-11-17,2021-11-18T04:59:59+00:00,26.598,433.003,https://www.eia.gov/petroleum/supply/weekly/archive/2021/2021_11_17/csv/table9.csv,d4bd2affbbf327534216fc742466fc1e38437fd987f4c454b2c165e0d79ae4a4,release_date_only_ny_end_of_day,406.405,1,-1.8668801695415038,24,46.64808333333334,10.739887680234741,0.21599999999999753,-4.633000000000003,excludes_lease_stocks,-0.3285663626810731,24,411.41087500000003,15.23550663906236,-2.3170000000000073,11.091999999999985,Low,0.8668801695415038,0.0,-0.4032461166209602
2021_11_24,2021-11-19,2021-11-24,2021-11-25T04:59:59+00:00,27.385,434.02,https://www.eia.gov/petroleum/supply/weekly/archive/2021/2021_11_24/csv/table9.csv,207a0662635c042ac554f9634fcfa2939de1d40dd58c443b41fbfa1df6a36742,release_date_only_ny_end_of_day,406.635,1,-1.90327668411419,24,46.82266666666667,10.212738289132783,0.7870000000000026,0.053000000000000824,excludes_lease_stocks,-0.42922272159895136,24,413.0838333333333,15.024445372579425,0.2300000000000182,3.1549999999999727,Low,0.9032766841141899,0.0,-1.4978787503978723
2021_12_01,2021-11-26,2021-12-01,2021-12-02T04:59:59+00:00,28.544,433.111,https://www.eia.gov/petroleum/supply/weekly/archive/2021/2021_12_01/csv/table9.csv,7be1d979a87b4c467799c6c369b570539c5ebd00d13d831670afaf47fbcbe04a,release_date_only_ny_end_of_day,404.567,1,-1.8471391431593027,24,46.803583333333336,9.885331812146312,1.158999999999999,2.128,excludes_lease_stocks,-0.6453574548997909,24,414.1454166666667,14.842033037572916,-2.0679999999999836,-3.1189999999999714,Low,0.8471391431593027,0.0,-2.14083426692163
2021_12_08,2021-12-03,2021-12-08,2021-12-09T04:59:59+00:00,30.917,432.87,https://www.eia.gov/petroleum/supply/weekly/archive/2021/2021_12_08/csv/table9.csv,fafb61b5158cf294b25a519dc528688ab1f6e104807cecb7c1e594b827d82c30,release_date_only_ny_end_of_day,401.953,1,-1.6132241726168386,24,46.540749999999996,9.68479785091271,2.373000000000001,4.535,excludes_lease_stocks,-0.8068710299778266,24,414.4826249999999,15.528658898986963,-2.6140000000000327,-6.7690000000000055,Low,0.6132241726168386,0.0,-3.82818096161976
2021_12_15,2021-12-10,2021-12-15,2021-12-16T04:59:59+00:00,32.211,428.286,https://www.eia.gov/petroleum/supply/weekly/archive/2021/2021_12_15/csv/table9.csv,153b5c84fb6ec3ab05561544dfcc6b92b49615b20664d53f7d5a1a4b395eebcd,release_date_only_ny_end_of_day,396.075,1,-1.467550591999635,24,45.788624999999996,9.251895692058959,1.293999999999997,5.6129999999999995,excludes_lease_stocks,-0.8656402438909931,24,411.507625,17.827989293371395,-5.877999999999986,-10.329999999999984,Low,0.467550591999635,0.0,-1.899010466047523
2021_12_22,2021-12-17,2021-12-22,2021-12-23T04:59:59+00:00,33.674,423.571,https://www.eia.gov/petroleum/supply/weekly/archive/2021/2021_12_22/csv/table9.csv,7a3634d7793b1a1e31c19c5b6678f23426db912e7452adbac89026186c54f4ad,release_date_only_ny_end_of_day,389.89700000000005,1,-1.2990410555719953,24,44.895916666666665,8.638615860932445,1.463000000000001,6.288999999999998,excludes_lease_stocks,-0.9084985642916673,24,407.87770833333326,19.79167501200434,-6.17799999999994,-16.737999999999943,Low,0.29904105557199534,0.0,-1.9004970643018304
2021_12_29,2021-12-24,2021-12-29,2021-12-30T04:59:59+00:00,34.729,419.995,https://www.eia.gov/petroleum/supply/weekly/archive/2021/2021_12_29/csv/table9.csv,4cb8ad074a914dc4ff646c7fe51ea199576251df8810299f8a1fd8199d994be4,release_date_only_ny_end_of_day,385.266,1,-1.1149187364741273,24,43.85070833333333,8.181500619659744,1.0549999999999997,6.184999999999999,excludes_lease_stocks,-0.9334530036643126,24,404.48774999999995,20.592091861662094,-4.631000000000029,-19.300999999999988,Low,0.11491873647412731,0.0,-1.176239266980204
2022_01_05,2021-12-31,2022-01-05,2022-01-06T04:59:59+00:00,37.306,417.851,https://www.eia.gov/petroleum/supply/weekly/archive/2022/2022_01_05/csv/table9.csv,e3c64537f6dd538e8f9e6457270f50b473b7b09daabef5b099ddf3321bf0b06d,release_date_only_ny_end_of_day,380.545,1,-0.7030472046839563,24,42.692125,7.66111430941717,2.576999999999998,6.388999999999996,excludes_lease_stocks,-1.057408912296844,24,402.21537499999994,20.493845614492464,-4.721000000000004,-21.40799999999996,Normal,0.0,0.0,-1.8117526464705542
2022_01_12,2022-01-07,2022-01-12,2022-01-13T04:59:59+00:00,34.838,413.298,https://www.eia.gov/petroleum/supply/weekly/archive/2022/2022_01_12/csv/table9.csv,8679dc1f206666f7cb5161f6d580f5a10aeed15ccb38a90099913ed57e834590,release_date_only_ny_end_of_day,378.46,1,-0.9258064066610666,25,43.30888,9.149731454711299,-2.4679999999999964,2.6270000000000024,excludes_lease_stocks,-1.5961794156691433,25,407.76088000000004,18.356883764045207,-2.0850000000000364,-17.61500000000001,Normal,0.0,0.0,2.284890211639509
2022_01_20,2022-01-14,2022-01-20,2022-01-21T04:59:59+00:00,33.524,413.813,https://www.eia.gov/petroleum/supply/weekly/archive/2022/2022_01_20/csv/table9.csv,5f2972f74e3d877dcc6ff23c1e17067af0a30e2ad40dea11cfb48e237f69aa5d,release_date_only_ny_end_of_day,380.289,1,-1.1503708430467836,25,43.19868,8.410053208908172,-1.314,-0.14999999999999858,excludes_lease_stocks,-1.586582888279417,25,407.35536,17.059531021006013,1.8290000000000077,-9.608000000000061,Low,0.1503708430467836,0.0,1.5115872877634737
2022_01_26,2022-01-21,2022-01-26,2022-01-27T04:59:59+00:00,31.701,416.19,https://www.eia.gov/petroleum/supply/weekly/archive/2022/2022_01_26/csv/table9.csv,54c938fe33013897b36f9efed2636326f48f9e7a05a184ec7c82f2e66959985a,release_date_only_ny_end_of_day,384.489,1,-1.5092885097743818,25,43.1368,7.576947631907367,-1.8230000000000004,-3.0279999999999987,excludes_lease_stocks,-1.4840533482310005,25,407.20476,15.306565648113224,4.199999999999989,-0.7770000000000437,Low,0.5092885097743818,0.0,2.7514329533186985
2022_02_02,2022-01-28,2022-02-02,2022-02-03T04:59:59+00:00,30.528,415.143,https://www.eia.gov/petroleum/supply/weekly/archive/2022/2022_02_02/csv/table9.csv,e3f7a5c9b9e176a4abe4969c72b6755bbd7275d6d4af32c28144cc7c297ed0be,release_date_only_ny_end_of_day,384.61499999999995,1,-1.907112459839298,25,43.30324,6.698734484214164,-1.1730000000000018,-6.777999999999999,excludes_lease_stocks,-1.6985435410030394,25,407.3936,13.41066593238382,0.12599999999997635,4.069999999999936,Low,0.9071124598392979,0.0,2.2370429153914997
2022_02_09,2022-02-04,2022-02-09,2022-02-10T04:59:59+00:00,27.727,410.387,https://www.eia.gov/petroleum/supply/weekly/archive/2022/2022_02_09/csv/table9.csv,ef1101b7f0c7ba4f9e7e3e1c95441e500790adc710330ed7508d06e224840159,release_date_only_ny_end_of_day,382.66,1,-2.644851635561651,24,43.38829166666667,5.9214254047716715,-2.8009999999999984,-7.111000000000001,excludes_lease_stocks,-2.1320856072238183,24,409.73550000000006,12.699067949365762,-1.9549999999999272,4.2000000000000455,Low,1.644851635561651,0.0,7.40822943120818
2022_02_16,2022-02-11,2022-02-16,2022-02-17T04:59:59+00:00,25.827,411.508,https://www.eia.gov/petroleum/supply/weekly/archive/2022/2022_02_16/csv/table9.csv,d85c4fe650568545b52d2aabc09cbaecda8eecf852fcc1719b7a42607d3fd135,release_date_only_ny_end_of_day,385.681,1,-3.356801568419908,24,43.345708333333334,5.218869205182011,-1.8999999999999986,-7.696999999999999,excludes_lease_stocks,-1.8700138205563914,24,411.923125,14.033118210961744,3.020999999999958,5.391999999999996,Low,2.356801568419908,0.0,6.3779229799978205
2022_02_24,2022-02-18,2022-02-24,2022-02-25T04:59:59+00:00,23.778,416.022,https://www.eia.gov/petroleum/supply/weekly/archive/2022/2022_02_24/csv/table9.csv,c66ca7291462954523d3c78fc8392c79688797846e3b72d93d85bdbf8ee428f8,release_date_only_ny_end_of_day,392.24399999999997,1,-4.1410479223247645,24,43.526,4.768841213726783,-2.049000000000003,-7.923000000000002,excludes_lease_stocks,-1.340834799895173,24,413.17304166666673,15.608963660775363,6.562999999999988,7.7549999999999955,Low,3.1410479223247645,0.0,8.485007192843455
2022_03_02,2022-02-25,2022-03-02,2022-03-03T04:59:59+00:00,22.806,413.425,https://www.eia.gov/petroleum/supply/weekly/archive/2022/2022_03_02/csv/table9.csv,80768932ae9d6f3fe3bc11651b9d1b0fdc1542ab5fc3bb0800e1dddd3e3ba1dd,release_date_only_ny_end_of_day,390.619,1,-4.755408114239119,24,43.753458333333334,4.404975941099641,-0.9719999999999978,-7.721999999999998,excludes_lease_stocks,-1.3712990462619004,24,414.8665416666667,17.68216913208274,-1.6249999999999432,6.004000000000076,Low,3.7554081142391187,0.0,4.622256687040412
2022_03_09,2022-03-04,2022-03-09,2022-03-10T04:59:59+00:00,22.221,411.562,https://www.eia.gov/petroleum/supply/weekly/archive/2022/2022_03_09/csv/table9.csv,2d93e3addba703ab266dba56a5c77c83f84b86557f62d1e3486155b09bf37a1b,release_date_only_ny_end_of_day,389.341,1,-5.315228157337984,24,44.127250000000004,4.12141291992464,-0.5850000000000009,-5.506,excludes_lease_stocks,-1.4505691559904466,24,417.1041666666667,19.139498831898177,-1.27800000000002,6.680999999999983,Low,4.315228157337984,0.0,3.109408472042725
2022_03_16,2022-03-11,2022-03-16,2022-03-17T03:59:59+00:00,24.007,415.907,https://www.eia.gov/petroleum/supply/weekly/archive/2022/2022_03_16/csv/table9.csv,a6c7b520e13cc445f02bc385167ead28cd3314de0e2ef6c6f9d4f5ae8f4c703f,release_date_only_ny_end_of_day,391.9,1,-5.20830569948107,24,44.69083333333334,3.971317070615531,1.7860000000000014,-1.8200000000000003,excludes_lease_stocks,-1.3631908411499392,24,419.7452083333333,20.426493116579422,2.558999999999969,6.218999999999994,Low,4.20830569948107,0.0,-9.302033979273197
2022_03_23,2022-03-18,2022-03-23,2022-03-24T03:59:59+00:00,25.242,413.399,https://www.eia.gov/petroleum/supply/weekly/archive/2022/2022_03_23/csv/table9.csv,584d1e7f814db670e72f9f122a0abc43390ba40b57052d50b0c07712990fa892,release_date_only_ny_end_of_day,388.157,1,-4.740247917605862,24,45.43254166666666,4.259385166686433,1.2349999999999994,1.4640000000000022,excludes_lease_stocks,-1.6141103494694171,24,422.83862500000004,21.486526625270965,-3.742999999999995,-4.086999999999989,Low,3.7402479176058616,0.0,-5.854206178243237
2022_03_30,2022-03-25,2022-03-30,2022-03-31T03:59:59+00:00,24.233,409.95,https://www.eia.gov/petroleum/supply/weekly/archive/2022/2022_03_30/csv/table9.csv,4af7db22be95425ec182779cb33fa88d6452f5fae8a0cac77c7e1428699252ba,release_date_only_ny_end_of_day,385.717,1,-4.417228431313363,24,46.11508333333333,4.95380387806369,-1.0090000000000003,1.4269999999999996,excludes_lease_stocks,-1.880138073163139,24,427.1580833333333,22.041510634170056,-2.4399999999999977,-4.902000000000044,Low,3.4172284313133634,0.0,4.456983487195185
2022_04_06,2022-04-01,2022-04-06,2022-04-07T03:59:59+00:00,25.887,412.371,https://www.eia.gov/petroleum/supply/weekly/archive/2022/2022_04_06/csv/table9.csv,2b735e15476ec67f1da2637c9edb8f2e6fe91cdea0a1fcd63a6206e7a23bd025,release_date_only_ny_end_of_day,386.484,1,-3.6824776117641007,24,47.01583333333334,5.737667831525937,1.654,3.6660000000000004,excludes_lease_stocks,-1.9693601972767303,24,430.82595833333335,22.515920853204147,0.7669999999999959,-2.8570000000000277,Low,2.6824776117641007,0.0,-6.090817969857822
2022_04_13,2022-04-08,2022-04-13,2022-04-14T03:59:59+00:00,26.337,421.753,https://www.eia.gov/petroleum/supply/weekly/archive/2022/2022_04_13/csv/table9.csv,d28e57aa98d5b5a3fa08cf548a106e887d44348ca9e138448d36e0dbc28cf7e4,release_date_only_ny_end_of_day,395.416,1,-3.3103039535131957,24,48.02429166666667,6.551450250859938,0.4499999999999993,2.3299999999999983,excludes_lease_stocks,-1.6953936889292336,24,433.346,22.37238480223175,8.932000000000016,3.5160000000000196,Low,2.3103039535131957,0.0,-1.4896367790809357
2022_04_20,2022-04-15,2022-04-20,2022-04-21T03:59:59+00:00,26.152,413.733,https://www.eia.gov/petroleum/supply/weekly/archive/2022/2022_04_20/csv/table9.csv,2a5be1b165cf48b5f7ad1042e60aa7d96beefdc49b7b141b23df2a85bec33d12,release_date_only_ny_end_of_day,387.581,1,-3.32794149650524,24,48.98737499999999,6.861711668904044,-0.18499999999999872,0.9100000000000001,excludes_lease_stocks,-2.294564532414042,24,436.30720833333334,21.23549268063947,-7.8349999999999795,-0.575999999999965,Low,2.32794149650524,0.0,0.6156691768534651
2022_04_27,2022-04-22,2022-04-27,2022-04-28T03:59:59+00:00,27.45,414.424,https://www.eia.gov/petroleum/supply/weekly/archive/2022/2022_04_27/csv/table9.csv,366df863e7aa8e15ba86d89d3b0390870aff8ff593d8cc0081cdb7ccd58e12e9,release_date_only_ny_end_of_day,386.974,1,-3.330575961773187,24,49.786833333333334,6.7065977745906995,1.2979999999999983,3.2169999999999987,excludes_lease_stocks,-2.6589692032528145,24,439.21299999999997,19.646335104631557,-0.6070000000000277,1.257000000000005,Low,2.330575961773187,0.0,-4.323087598381591
2022_05_04,2022-04-29,2022-05-04,2022-05-05T03:59:59+00:00,28.829,415.727,https://www.eia.gov/petroleum/supply/weekly/archive/2022/2022_05_04/csv/table9.csv,20ed6f90183ea7d9045aa6f06240455af19009642773f7a4a41069aaa43b1ec2,release_date_only_ny_end_of_day,386.89799999999997,1,-3.232844480200047,24,50.21450000000001,6.615072308914991,1.3790000000000013,2.942,excludes_lease_stocks,-2.8081207558710157,24,441.8984583333333,19.586215520946645,-0.07600000000002183,0.41399999999998727,Low,2.232844480200047,0.0,-4.458092538195869
2022_05_11,2022-05-06,2022-05-11,2022-05-12T03:59:59+00:00,28.242,424.214,https://www.eia.gov/petroleum/supply/weekly/archive/2022/2022_05_11/csv/table9.csv,11dcc7299c1ad1530c0b1cee5dd23bf60bbee857437e24ca01c29b23f11a09a2,release_date_only_ny_end_of_day,395.972,1,-3.381687107296526,24,50.487458333333336,6.578213071616008,-0.5869999999999997,1.9050000000000011,excludes_lease_stocks,-2.3922447939318645,24,443.9440833333333,20.05316657184025,9.074000000000012,0.5559999999999832,Low,2.381687107296526,0.0,1.9850503319830601
2022_05_18,2022-05-13,2022-05-18,2022-05-19T03:59:59+00:00,25.839,420.82,https://www.eia.gov/petroleum/supply/weekly/archive/2022/2022_05_18/csv/table9.csv,13073519f8f2249fafec6f13073c6a560e0befcc7912a7990420fd7a812b3c25,release_date_only_ny_end_of_day,394.981,1,-3.8401747225939893,24,50.571041666666666,6.440342810745988,-2.4030000000000022,-0.3130000000000024,excludes_lease_stocks,-2.3887163125025057,24,445.7925416666667,21.271484353633724,-0.9909999999999854,7.399999999999977,Low,2.8401747225939893,0.0,9.227939858393365
2022_05_25,2022-05-20,2022-05-25,2022-05-26T03:59:59+00:00,24.778,419.801,https://www.eia.gov/petroleum/supply/weekly/archive/2022/2022_05_25/csv/table9.csv,b173e8e33d189d80c46b15444a0d915fc9efdc060eefd167034b15580ae6e97a,release_date_only_ny_end_of_day,395.02299999999997,1,-4.126077902542577,24,50.31975,6.190321802761075,-1.061,-2.6720000000000006,excludes_lease_stocks,-2.236346324293192,24,446.71166666666664,23.1129973498193,0.04199999999997317,8.048999999999978,Low,3.126077902542577,0.0,4.377768654597674
2022_06_02,2022-05-27,2022-06-02,2022-06-03T03:59:59+00:00,25.034,414.733,https://www.eia.gov/petroleum/supply/weekly/archive/2022/2022_06_02/csv/table9.csv,83c5cab623c3342cad6f85e28c1d0542f609ba0b2ec12668294e43a91da9ee38,release_date_only_ny_end_of_day,389.699,1,-4.308444090563772,24,49.685375,5.721642078167086,0.2560000000000002,-3.7950000000000017,excludes_lease_stocks,-2.1822641354680834,24,446.4315833333333,25.997120335373378,-5.323999999999955,2.8010000000000446,Low,3.308444090563772,0.0,-1.1029616871843266
2022_06_08,2022-06-03,2022-06-08,2022-06-09T03:59:59+00:00,23.441,416.758,https://www.eia.gov/petroleum/supply/weekly/archive/2022/2022_06_08/csv/table9.csv,65d2d3b5c567ea72399b47cbbbcf3314bc6dd18123b073bad12a40b96467c545,release_date_only_ny_end_of_day,393.317,1,-5.075832335615035,24,48.87591666666666,5.0109844031293695,-1.593,-4.801000000000002,excludes_lease_stocks,-1.8715790202495541,24,446.0088333333333,28.1536781312645,3.617999999999995,-2.6549999999999727,Low,4.075832335615035,0.0,8.08580091063475
2022_06_15,2022-06-10,2022-06-15,2022-06-16T03:59:59+00:00,22.615,418.714,https://www.eia.gov/petroleum/supply/weekly/archive/2022/2022_06_15/csv/table9.csv,eeed3a61aec5058195cc0bd65000fb48de228296f252730335135869b7385ed9,release_date_only_ny_end_of_day,396.099,1,-5.660956398069879,24,48.18679166666667,4.517221096312534,-0.8260000000000005,-3.224,excludes_lease_stocks,-1.5635697521943865,24,444.84158333333335,31.173910383547486,2.7819999999999823,1.117999999999995,Low,4.660956398069879,0.0,4.675949984805723
2022_06_29,2022-06-24,2022-06-29,2022-06-30T03:59:59+00:00,21.261,415.566,https://www.eia.gov/petroleum/supply/weekly/archive/2022/2022_06_29/csv/table9.csv,8e73837da7badf3a0cec7d5954b392b46c80155d1aaaa08f66367fe855cea25a,release_date_only_ny_end_of_day,394.30499999999995,2,-5.192942886316174,24,47.181958333333334,4.991573930388713,-0.782,-3.7729999999999997,excludes_lease_stocks,-1.2606560607546173,24,440.0925833333333,36.32044041094392,-1.9800000000000182,4.605999999999938,Low,4.192942886316174,0.0,4.060881337099248
2022_07_07,2022-07-01,2022-07-07,2022-07-08T03:59:59+00:00,21.33,423.8,https://www.eia.gov/petroleum/supply/weekly/archive/2022/2022_07_07/csv/table9.csv,38a6b589a8205f2f78b008d7b2135721368d9359201e176814dea84a90f795f5,release_date_only_ny_end_of_day,402.47,1,-4.630596325150192,24,46.66625,5.471487519305243,0.06899999999999906,-2.1110000000000007,excludes_lease_stocks,-0.8892786937311792,24,436.57633333333337,38.35280612676342,8.165000000000077,9.15300000000002,Low,3.630596325150192,0.0,-0.3195111464353589
2022_07_13,2022-07-08,2022-07-13,2022-07-14T03:59:59+00:00,21.646,427.054,https://www.eia.gov/petroleum/supply/weekly/archive/2022/2022_07_13/csv/table9.csv,eb9687f5c0fb9f3e22ebe89a33ca625faa675ed107b73013acc7e21172c5576f,release_date_only_ny_end_of_day,405.40799999999996,1,-4.145900090628657,24,46.088166666666666,5.895503059013759,0.3160000000000025,-0.9689999999999976,excludes_lease_stocks,-0.7092468454343612,24,432.953875,38.838205876164615,2.9379999999999313,9.308999999999969,Low,3.1459000906286567,0.0,-1.3101044286386658
2022_07_20,2022-07-15,2022-07-20,2022-07-21T03:59:59+00:00,22.789,426.609,https://www.eia.gov/petroleum/supply/weekly/archive/2022/2022_07_20/csv/table9.csv,27461ede5a0981ee1a2d441c9370c88930fefbd93fa316e483b5168c33835b00,release_date_only_ny_end_of_day,403.82,1,-3.6155134303372845,24,45.617875,6.314144709972861,1.1430000000000007,0.7460000000000022,excludes_lease_stocks,-0.6696563681689905,24,429.4680416666667,38.300302790810335,-1.5879999999999654,7.535000000000025,Low,2.6155134303372845,0.0,-4.132531850875519
2022_07_27,2022-07-22,2022-07-27,2022-07-28T03:59:59+00:00,23.54,422.086,https://www.eia.gov/petroleum/supply/weekly/archive/2022/2022_07_27/csv/table9.csv,33cfdb07b9aa38cdfeafb6acab1b8359d912d8204018490886aa175b827325cd,release_date_only_ny_end_of_day,398.546,1,-3.1807517688521347,24,45.16833333333333,6.799755185277641,0.7509999999999977,2.279,excludes_lease_stocks,-0.7501715609068947,24,426.43491666666665,37.17671812691925,-5.274000000000001,4.241000000000042,Low,2.1807517688521347,0.0,-2.388744578407946
2022_08_03,2022-07-29,2022-08-03,2022-08-04T03:59:59+00:00,24.466,426.553,https://www.eia.gov/petroleum/supply/weekly/archive/2022/2022_08_03/csv/table9.csv,9d36ec04839f82c71ee6c7959c6de9ac33bff13d539ae54bf00ecc581092c84d,release_date_only_ny_end_of_day,402.087,1,-2.8122234515475,24,44.671708333333335,7.1849583368685055,0.9260000000000019,3.136000000000003,excludes_lease_stocks,-0.5827673446806677,24,423.33608333333336,36.46237821540428,3.540999999999997,-0.3830000000000382,Low,1.8122234515475002,0.0,-2.6041189161329905
2022_08_10,2022-08-05,2022-08-10,2022-08-11T03:59:59+00:00,25.189,432.01,https://www.eia.gov/petroleum/supply/weekly/archive/2022/2022_08_10/csv/table9.csv,38ede723bb79dd79cf3c5c67ce7b97444f9d2b6bf1263c40001c0c1ca054e68b,release_date_only_ny_end_of_day,406.82099999999997,1,-2.546773191210332,24,44.151999999999994,7.445892734165303,0.722999999999999,3.5429999999999993,excludes_lease_stocks,-0.3707557536576664,24,419.8194166666667,35.059244633243644,4.7339999999999804,1.413000000000011,Low,1.546773191210332,0.0,-1.8413170172450675
2022_08_17,2022-08-12,2022-08-17,2022-08-18T03:59:59+00:00,25.381,424.954,https://www.eia.gov/petroleum/supply/weekly/archive/2022/2022_08_17/csv/table9.csv,9a4d17553f4ff90d7f8919f95e41dfc48bcf3f570b7ba8bd4fee7e67f537427a,release_date_only_ny_end_of_day,399.573,1,-2.4028142125938663,24,43.83849999999999,7.68161762289349,0.19200000000000017,2.5919999999999987,excludes_lease_stocks,-0.49698063394553216,24,416.60062500000004,34.26214994499412,-7.2479999999999905,-4.247000000000014,Low,1.4028142125938663,0.0,-0.4613403288180227
2022_08_24,2022-08-19,2022-08-24,2022-08-25T03:59:59+00:00,25.807,421.672,https://www.eia.gov/petroleum/supply/weekly/archive/2022/2022_08_24/csv/table9.csv,263aab3f8e1b3a3db6941380f5b4c1918e75ec51383ceab6bd1db82dc965c707,release_date_only_ny_end_of_day,395.865,1,-2.2404272405910457,24,43.46570833333334,7.881848610568941,0.4259999999999984,2.2669999999999995,excludes_lease_stocks,-0.5315170819317978,24,413.19458333333336,32.60400074132897,-3.70799999999997,-2.680999999999983,Low,1.2404272405910457,0.0,-0.9544220044917818
2022_08_31,2022-08-26,2022-08-31,2022-09-01T03:59:59+00:00,25.284,418.346,https://www.eia.gov/petroleum/supply/weekly/archive/2022/2022_08_31/csv/table9.csv,bb026a1ff99f66c85c0b05e84cdbfe42287b4d3f8a5038e853b76ddc49fbfcb6,release_date_only_ny_end_of_day,393.062,1,-2.2272491296918666,24,43.187749999999994,8.038503533943205,-0.5229999999999997,0.8179999999999978,excludes_lease_stocks,-0.5564350465162553,24,410.54737500000005,31.423928290414086,-2.8029999999999973,-9.024999999999977,Low,1.2272491296918666,0.0,1.1648512948288456
2022_09_08,2022-09-02,2022-09-08,2022-09-09T03:59:59+00:00,24.783,427.191,https://www.eia.gov/petroleum/supply/weekly/archive/2022/2022_09_08/csv/table9.csv,45592252e3e25d69cdad8a0c8cb9c47825bab0920d9f65183a4d9da2bfa531ec,release_date_only_ny_end_of_day,402.40799999999996,1,-2.203564086643671,24,43.044375,8.287199410576058,-0.5009999999999977,-0.4059999999999988,excludes_lease_stocks,-0.18625351721825714,24,408.059875,30.34506453575849,9.345999999999947,-4.413000000000011,Low,1.203564086643671,0.0,1.103985607408474
2022_09_14,2022-09-09,2022-09-14,2022-09-15T03:59:59+00:00,24.648,429.633,https://www.eia.gov/petroleum/supply/weekly/archive/2022/2022_09_14/csv/table9.csv,5239acbf061860c593a6ec0d66f755dac35beabfeff535a35f96b1f501918c7f,release_date_only_ny_end_of_day,404.98499999999996,1,-2.1835990432609402,24,43.088,8.44477380447195,-0.13500000000000156,-0.7330000000000005,excludes_lease_stocks,-0.026506807508665974,24,405.76675,29.492423776211616,2.576999999999998,5.411999999999978,Low,1.1835990432609402,0.0,0.29478587084023034
2022_09_21,2022-09-16,2022-09-21,2022-09-22T03:59:59+00:00,24.991,430.774,https://www.eia.gov/petroleum/supply/weekly/archive/2022/2022_09_21/csv/table9.csv,82b6c6aa39e261bc9e5a287e4fb62b6bdf0293ab42ac94aa6f6f8902a56411b7,release_date_only_ny_end_of_day,405.783,1,-2.0723391625049463,24,43.39354166666667,8.8800819863977,0.34299999999999997,-0.815999999999999,excludes_lease_stocks,0.06373173231588268,24,404.0095416666666,27.826928107702294,0.7980000000000587,9.918000000000006,Low,1.0723391625049463,0.0,-0.7108123327391965
2022_09_28,2022-09-23,2022-09-28,2022-09-29T03:59:59+00:00,25.683,430.559,https://www.eia.gov/petroleum/supply/weekly/archive/2022/2022_09_28/csv/table9.csv,792a65497781c80cc989f1d73b40070068f372068ca8c05483023a7a9dc4ec54,release_date_only_ny_end_of_day,404.87600000000003,1,-1.912343097702313,24,43.797,9.47214964812749,0.6920000000000002,0.3990000000000009,excludes_lease_stocks,0.08093059868702585,24,402.76125,26.13041339503936,-0.9069999999999823,11.814000000000021,Low,0.912343097702313,0.0,-1.323341423610001
2022_10_05,2022-09-30,2022-10-05,2022-10-06T03:59:59+00:00,25.956,429.203,https://www.eia.gov/petroleum/supply/weekly/archive/2022/2022_10_05/csv/table9.csv,4d5bd8e52abb2b2ea36c9f62b830dcd51e8f951c3a7f04daeadd5002df5eefe5,release_date_only_ny_end_of_day,403.24699999999996,1,-1.7628912539837203,24,44.05608333333333,10.2672716155528,0.2729999999999997,1.1729999999999983,excludes_lease_stocks,0.004280306682722872,24,403.14033333333333,24.920332717554622,-1.629000000000076,0.8389999999999986,Low,0.7628912539837203,0.0,-0.4812693123375551
2022_10_13,2022-10-07,2022-10-13,2022-10-14T03:59:59+00:00,25.647,439.082,https://www.eia.gov/petroleum/supply/weekly/archive/2022/2022_10_13/csv/table9.csv,253adebd6093586fe66cfda5afd051adcb641ee4e16d436eae93fdc7abf95078,release_date_only_ny_end_of_day,413.435,1,-1.6735067650097655,24,44.26416666666666,11.124643805403455,-0.30900000000000105,0.9989999999999988,excludes_lease_stocks,0.415492213883263,24,403.9715833333333,22.776399533988776,10.188000000000045,8.450000000000045,Low,0.6735067650097655,0.0,0.5171135903880193
2022_10_19,2022-10-14,2022-10-19,2022-10-20T03:59:59+00:00,26.23,437.357,https://www.eia.gov/petroleum/supply/weekly/archive/2022/2022_10_19/csv/table9.csv,fb152762eccf4834517123a373b013a6c6833a6ff7e6d3d90bb18399864beb99,release_date_only_ny_end_of_day,411.127,1,-1.5420228759536103,24,44.474041666666665,11.83123930984764,0.583000000000002,1.2390000000000008,excludes_lease_stocks,0.2698145211843374,24,405.5198333333333,20.78156002150792,-2.3079999999999927,5.343999999999994,Low,0.5420228759536103,0.0,-0.8989993366809579
2022_10_26,2022-10-21,2022-10-26,2022-10-27T03:59:59+00:00,26.897,439.945,https://www.eia.gov/petroleum/supply/weekly/archive/2022/2022_10_26/csv/table9.csv,1d1c9427a8721be72a5a40c1e7b22e578c8cacc72bc2199eccebf291b50a10c4,release_date_only_ny_end_of_day,413.048,1,-1.4140956698084994,24,44.614625,12.5292972592154,0.666999999999998,1.2139999999999986,excludes_lease_stocks,0.3148402485715229,24,407.25216666666665,18.408806877868724,1.9209999999999923,8.171999999999969,Low,0.41409566980849943,0.0,-0.9432018117622664
2022_11_02,2022-10-28,2022-11-02,2022-11-03T03:59:59+00:00,28.164,436.83,https://www.eia.gov/petroleum/supply/weekly/archive/2022/2022_11_02/csv/table9.csv,734610cc5afe74b41d88a25afb0658c06df30b2332071c1f271ab90c56e68839,release_date_only_ny_end_of_day,408.666,1,-1.2683213328346592,24,44.64079166666667,12.991023047638524,1.267000000000003,2.208000000000002,excludes_lease_stocks,-0.01656970744458646,24,408.9377916666667,16.402924890235592,-4.382000000000005,5.41900000000004,Low,0.2683213328346592,0.0,-1.606963128701517
2022_11_09,2022-11-04,2022-11-09,2022-11-10T04:59:59+00:00,27.241,440.755,https://www.eia.gov/petroleum/supply/weekly/archive/2022/2022_11_09/csv/table9.csv,f13d308df0bbcbb5bd43c017aacfcc9efd7a40b65a1b7ffa7c84a69fbf0a560d,release_date_only_ny_end_of_day,413.514,1,-1.2927756826962347,24,44.56616666666667,13.4015258010833,-0.9230000000000018,1.5940000000000012,excludes_lease_stocks,0.23212525969986342,24,410.2151666666667,14.211436263329146,4.848000000000013,0.07900000000000773,Low,0.29277568269623466,0.0,1.193231955128627
2022_11_16,2022-11-11,2022-11-16,2022-11-17T04:59:59+00:00,25.617,435.355,https://www.eia.gov/petroleum/supply/weekly/archive/2022/2022_11_16/csv/table9.csv,39164d62e3d70bc5eee521fed0db090c6dd29d19c76206f315795e06742cc11f,release_date_only_ny_end_of_day,409.738,1,-1.3869469448962544,24,44.299958333333336,13.470564538956353,-1.6239999999999988,-0.6129999999999995,excludes_lease_stocks,-0.14580161153896495,24,411.8599166666666,14.553451393776484,-3.7760000000000105,-1.38900000000001,Low,0.38694694489625436,0.0,2.252401838511515
2022_11_23,2022-11-18,2022-11-23,2022-11-24T04:59:59+00:00,24.73,431.665,https://www.eia.gov/petroleum/supply/weekly/archive/2022/2022_11_23/csv/table9.csv,3068ef3788572d4933cf8f7906da92c861de77d4ad94d98e37049dfd72852e0a,release_date_only_ny_end_of_day,406.935,1,-1.4484310883775995,24,44.07816666666667,13.358016699530193,-0.8870000000000005,-2.166999999999998,excludes_lease_stocks,-0.4294900163880007,24,413.22391666666664,14.642754026173307,-2.8029999999999973,-6.1129999999999995,Low,0.4484310883775995,0.0,1.2847583753909313
2022_11_30,2022-11-25,2022-11-30,2022-12-01T04:59:59+00:00,24.315,419.084,https://www.eia.gov/petroleum/supply/weekly/archive/2022/2022_11_30/csv/table9.csv,ead45fd72f42f2051d6154fae8b2ee8b69bd6aa2cb4affde21804f1d0c749ece,release_date_only_ny_end_of_day,394.769,1,-1.502835988262511,24,43.93108333333333,13.052710666060289,-0.41499999999999915,-3.849,excludes_lease_stocks,-1.212996347568797,24,413.4698333333333,15.417056589506897,-12.165999999999997,-13.896999999999991,Low,0.5028359882625111,0.0,0.6236769351289408
2022_12_07,2022-12-02,2022-12-07,2022-12-08T04:59:59+00:00,23.942,413.898,https://www.eia.gov/petroleum/supply/weekly/archive/2022/2022_12_07/csv/table9.csv,378c8d3c5b2aafe0d031ac64162508693c64c1155d42990a25edea5a31ec82c7,release_date_only_ny_end_of_day,389.956,1,-1.5661684301446572,24,43.69645833333334,12.613240027771944,-0.3730000000000011,-3.2989999999999995,excludes_lease_stocks,-1.330831732440324,24,412.78974999999997,17.15750341940681,-4.812999999999988,-23.557999999999993,Low,0.5661684301446572,0.0,0.5841808244439589
2022_12_14,2022-12-09,2022-12-14,2022-12-15T04:59:59+00:00,24.368,424.129,https://www.eia.gov/petroleum/supply/weekly/archive/2022/2022_12_14/csv/table9.csv,f3a3d42d00ebcde6b9f5e9cc4be7f6642f9d928cad03ce66407cdbe65288ee3d,release_date_only_ny_end_of_day,399.761,1,-1.6094828600089637,25,43.58700000000001,11.941102622175782,0.4259999999999984,-1.2490000000000023,excludes_lease_stocks,-0.5968298363691068,25,410.69163999999995,18.314499936025182,9.805000000000007,-9.976999999999975,Low,0.6094828600089637,0.0,-0.6856396983638159
2022_12_21,2022-12-16,2022-12-21,2022-12-22T04:59:59+00:00,25.221,418.234,https://www.eia.gov/petroleum/supply/weekly/archive/2022/2022_12_21/csv/table9.csv,05481d6caa3029d6f770c359bd1e9218240791ebfd60fcfab970097292185e60,release_date_only_ny_end_of_day,393.013,1,-1.6346146344030463,25,43.67328,11.288458827935726,0.8530000000000015,0.49099999999999966,excludes_lease_stocks,-0.8843338921432313,25,409.60212,18.75888750548212,-6.748000000000047,-13.922000000000025,Low,0.6346146344030463,0.0,-1.394326283145801
2022_12_29,2022-12-23,2022-12-29,2022-12-30T04:59:59+00:00,25.026,418.952,https://www.eia.gov/petroleum/supply/weekly/archive/2022/2022_12_29/csv/table9.csv,69f5caf3470c1a5898bb4ac6f49614033ecb8cd8fdbf7e93b33fe9b6f09e98dc,release_date_only_ny_end_of_day,393.926,1,-1.751135247619851,25,43.56568,10.587234781093692,-0.19500000000000028,0.7109999999999985,excludes_lease_stocks,-0.7858660023133044,25,409.10976000000005,19.321054677648075,0.9130000000000109,-0.8430000000000177,Low,0.751135247619851,0.0,0.34147137328587146
2023_01_05,2022-12-30,2023-01-05,2023-01-06T04:59:59+00:00,25.27,420.646,https://www.eia.gov/petroleum/supply/weekly/archive/2023/2023_01_05/csv/table9.csv,4982e643ea5a61fdf06d966f6eff8cfbb43cf897161673f90538a6eefa8a579b,release_date_only_ny_end_of_day,395.37600000000003,1,-1.8409458050748595,25,43.36976000000001,9.831772315135591,0.24399999999999977,1.3279999999999994,excludes_lease_stocks,-0.6897558518235215,25,408.74576,19.383322322897413,1.4500000000000455,5.420000000000016,Low,0.8409458050748595,0.0,-0.44919077643826527
2023_01_11,2023-01-06,2023-01-11,2023-01-12T04:59:59+00:00,27.781,439.607,https://www.eia.gov/petroleum/supply/weekly/archive/2023/2023_01_11/csv/table9.csv,13be1d6d16abc55bca26f009ba2ec85929eed5fdcd8a417742edc4e04a48907c,release_date_only_ny_end_of_day,411.826,1,-0.9968727382136248,25,39.60088,11.85695981733935,2.5109999999999992,3.4130000000000003,excludes_lease_stocks,0.3856067107442921,25,403.76279999999997,20.910424469627586,16.44999999999999,12.064999999999998,Normal,0.0,0.0,-2.503147445654411
2023_01_19,2023-01-13,2023-01-19,2023-01-20T04:59:59+00:00,31.427,448.015,https://www.eia.gov/petroleum/supply/weekly/archive/2023/2023_01_19/csv/table9.csv,989000d6df782f350ab3f0a37813cefb7bae7166a28a747950836175715f11b5,release_date_only_ny_end_of_day,416.58799999999997,1,-0.7345469164490505,25,39.56724,11.081987845448428,3.646000000000001,6.2059999999999995,excludes_lease_stocks,0.6977242412683495,25,402.57076,20.08994266061172,4.761999999999944,23.57499999999999,Normal,0.0,0.0,-2.6781580573732384
2023_01_25,2023-01-20,2023-01-25,2023-01-26T04:59:59+00:00,35.694,448.548,https://www.eia.gov/petroleum/supply/weekly/archive/2023/2023_01_25/csv/table9.csv,535fa6d4dbf5ab84416e816c172f791698ece7ce05fe2afeb7b822fd326121ef,release_date_only_ny_end_of_day,412.854,1,-0.3426004565179045,25,39.239560000000004,10.348964610368839,4.267000000000003,10.668000000000003,excludes_lease_stocks,0.5851406508698939,25,401.8908,18.736008143856754,-3.7339999999999804,18.927999999999997,Normal,0.0,0.0,-1.4618761479618996
2023_02_01,2023-01-27,2023-02-01,2023-02-02T04:59:59+00:00,38.009,452.688,https://www.eia.gov/petroleum/supply/weekly/archive/2023/2023_02_01/csv/table9.csv,81ca8ac52927bc3f3e097c8417a1249bb347ccc641aa2b112def8a32b0d6864f,release_date_only_ny_end_of_day,414.679,1,-0.09559000376659743,25,38.94296,9.770477698488783,2.3149999999999977,12.739,excludes_lease_stocks,0.7412203263086341,25,401.78672000000006,17.393316861944424,1.8249999999999886,19.30299999999994,Normal,0.0,0.0,-0.22129085871967283
2023_02_08,2023-02-03,2023-02-08,2023-02-09T04:59:59+00:00,39.052,455.111,https://www.eia.gov/petroleum/supply/weekly/archive/2023/2023_02_08/csv/table9.csv,9a3d62336530a4b2cd6f1e60c1d8d949d0329c0a969028ec734f92501e97e237,release_date_only_ny_end_of_day,416.05899999999997,1,0.05620551678204961,24,38.524458333333335,9.385941040491343,1.0429999999999993,11.271,excludes_lease_stocks,0.7070030064086044,24,403.3661666666667,17.953011823541814,1.3799999999999955,4.232999999999947,Normal,0.0,0.0,0.0586223540036777
2023_02_15,2023-02-10,2023-02-15,2023-02-16T04:59:59+00:00,39.711,471.394,https://www.eia.gov/petroleum/supply/weekly/archive/2023/2023_02_15/csv/table9.csv,745a9961945b64b2ca95eda8f6b1f7c7fa05d112a1041aa255946a1b3e9a8a5c,release_date_only_ny_end_of_day,431.683,1,0.2113162476183296,24,37.734,9.355645967984298,0.6589999999999989,8.283999999999999,excludes_lease_stocks,1.3485522486578398,24,405.728625,19.246102645137643,15.624000000000024,15.095000000000027,Normal,0.0,0.0,0.13925740718047896
2023_02_23,2023-02-17,2023-02-23,2023-02-24T04:59:59+00:00,40.411,479.041,https://www.eia.gov/petroleum/supply/weekly/archive/2023/2023_02_23/csv/table9.csv,6b6e7b6fb1ed9ec6510e6b4cfa7929db0d89d3f9319071ebe086a8721a8e808f,release_date_only_ny_end_of_day,438.63,1,0.32768257280434404,24,37.30716666666667,9.472073252997198,0.7000000000000028,4.716999999999999,excludes_lease_stocks,1.5298255671453937,24,407.90383333333335,20.08475170407872,6.947000000000003,25.77600000000001,Normal,0.0,0.0,0.22937780096304175
2023_03_01,2023-02-24,2023-03-01,2023-03-02T04:59:59+00:00,40.718,480.207,https://www.eia.gov/petroleum/supply/weekly/archive/2023/2023_03_01/csv/table9.csv,bd707c19e09337f750eb4ac029d2c715477b8e069d032069ef42bd4e09c3c3c0,release_date_only_ny_end_of_day,439.489,1,0.3872027033486248,24,37.02633333333333,9.534196519652944,0.30700000000000216,2.709000000000003,excludes_lease_stocks,1.3458168874558132,24,410.141875,21.806179780875645,0.8589999999999804,24.810000000000002,Normal,0.0,0.0,0.11887122992802865
2023_03_08,2023-03-03,2023-03-08,2023-03-09T04:59:59+00:00,39.828,478.513,https://www.eia.gov/petroleum/supply/weekly/archive/2023/2023_03_08/csv/table9.csv,7b9f15c2001604a937784b65dbb8c8ccdce58f446e8042190433b16f94009623,release_date_only_ny_end_of_day,438.68499999999995,1,0.2935791307236284,24,36.95033333333333,9.802013717983476,-0.8900000000000006,0.7760000000000034,excludes_lease_stocks,1.1189693232106344,24,412.5165,23.38625327539385,-0.8040000000000305,22.625999999999976,Normal,0.0,0.0,-0.26128542634402946
2023_03_15,2023-03-10,2023-03-15,2023-03-16T03:59:59+00:00,37.912,480.063,https://www.eia.gov/petroleum/supply/weekly/archive/2023/2023_03_15/csv/table9.csv,50fe1419cbdf7b1e157c61ac7f895326bf99a756aa99afad2c24c704a0f8c722,release_date_only_ny_end_of_day,442.151,1,0.06491408340770603,24,37.254625000000004,10.126847141493442,-1.916000000000004,-1.7989999999999995,excludes_lease_stocks,1.0855666619562725,24,415.26158333333325,24.769935932087318,3.466000000000065,10.468000000000018,Normal,0.0,0.0,-0.12437538380916502
2023_03_22,2023-03-17,2023-03-22,2023-03-23T03:59:59+00:00,36.849,481.18,https://www.eia.gov/petroleum/supply/weekly/archive/2023/2023_03_22/csv/table9.csv,3e2c3e1c64abbcf3bdf216753182ac3e244097ef5afbba87f9d84e58a9d8b09e,release_date_only_ny_end_of_day,444.331,1,-0.11060265439319995,24,38.04145833333333,10.781462161785594,-1.0630000000000024,-3.5620000000000047,excludes_lease_stocks,0.9941928978439545,24,418.71000000000004,25.77065281351605,2.180000000000007,5.701000000000022,Normal,0.0,0.0,0.11757062161997181
2023_03_29,2023-03-24,2023-03-29,2023-03-30T03:59:59+00:00,35.217,473.691,https://www.eia.gov/petroleum/supply/weekly/archive/2023/2023_03_29/csv/table9.csv,bd21b4abdb27d752ac1a6acd4fa94a9499d61c71dcb9a7dbd1fca58c9a32bf12,release_date_only_ny_end_of_day,438.474,1,-0.3209350697674413,24,38.89533333333333,11.461300679912481,-1.631999999999998,-5.501000000000005,excludes_lease_stocks,0.5920508842981206,24,422.1474166666667,27.576317790131423,-5.857000000000028,-1.0149999999999864,Normal,0.0,0.0,0.5237660338604635
2023_04_05,2023-03-31,2023-04-05,2023-04-06T03:59:59+00:00,34.247,469.952,https://www.eia.gov/petroleum/supply/weekly/archive/2023/2023_04_05/csv/table9.csv,e9d09b0c42181f4d6eb2e0bb048f3ae9082adc4060adfc30b458f955fa51383c,release_date_only_ny_end_of_day,435.705,1,-0.47903929068378975,24,40.08733333333334,12.191762652697523,-0.9699999999999989,-5.581000000000003,excludes_lease_stocks,0.3732482651883492,24,424.8309583333333,29.133535721001735,-2.7690000000000055,-2.9799999999999613,Normal,0.0,0.0,0.4646681119632755
2023_04_12,2023-04-07,2023-04-12,2023-04-13T03:59:59+00:00,33.838,470.549,https://www.eia.gov/petroleum/supply/weekly/archive/2023/2023_04_12/csv/table9.csv,784ec78e916b31c44d1c46ed90ab3704ec2f24f24ae7942fa143270e3dadb386,release_date_only_ny_end_of_day,436.71099999999996,1,-0.5899912915572647,24,41.406666666666666,12.828437936243757,-0.4089999999999989,-4.073999999999998,excludes_lease_stocks,0.33963279475129043,24,426.48316666666665,30.114386747672715,1.0059999999999718,-5.440000000000055,Normal,0.0,0.0,0.24130643824692063
2023_04_19,2023-04-14,2023-04-19,2023-04-20T03:59:59+00:00,32.75,465.968,https://www.eia.gov/petroleum/supply/weekly/archive/2023/2023_04_19/csv/table9.csv,ff6e364572a8af93339a8dd10a1030eb383829c82f793b4119bf45da64e645df,release_date_only_ny_end_of_day,433.218,1,-0.7351041343824517,24,42.48704166666667,13.245799079672693,-1.088000000000001,-4.098999999999997,excludes_lease_stocks,0.15968213341451717,24,428.316875,30.6930080103405,-3.492999999999938,-11.113,Normal,0.0,0.0,0.7997932982081082
2023_04_26,2023-04-21,2023-04-26,2023-04-27T03:59:59+00:00,33.069,460.914,https://www.eia.gov/petroleum/supply/weekly/archive/2023/2023_04_26/csv/table9.csv,d77a4d0fbe21aa255e011797b655a8d0c2ff44096604ead1a3193a96be2c131f,release_date_only_ny_end_of_day,427.84499999999997,1,-0.7517898403175283,24,43.222,13.505104027093191,0.3190000000000026,-2.147999999999996,excludes_lease_stocks,-0.07483814030964499,24,430.1592083333333,30.922846609472604,-5.373000000000047,-10.629000000000019,Normal,0.0,0.0,-0.23982095906129347
2023_05_03,2023-04-28,2023-05-03,2023-05-04T03:59:59+00:00,33.61,459.633,https://www.eia.gov/petroleum/supply/weekly/archive/2023/2023_05_03/csv/table9.csv,aa071cb7dd7025de347f2a3999811e4959828301134998f9ad3c0d1e780174fc,release_date_only_ny_end_of_day,426.02299999999997,1,-0.7331559207717134,24,43.59204166666667,13.615168866343817,0.5409999999999968,-0.6370000000000005,excludes_lease_stocks,-0.19412870908263083,24,432.18891666666667,31.762003135982237,-1.8220000000000027,-9.682000000000016,Normal,0.0,0.0,-0.39663735313749465
2023_05_10,2023-05-05,2023-05-10,2023-05-11T03:59:59+00:00,34.007,462.584,https://www.eia.gov/petroleum/supply/weekly/archive/2023/2023_05_10/csv/table9.csv,a3f0fbd11b8e3d94bf292c46796323be27d114616ad0e4a0be16ce518e622982,release_date_only_ny_end_of_day,428.577,1,-0.7015493637614922,24,43.62729166666666,13.71292194619864,0.39699999999999847,0.16899999999999693,excludes_lease_stocks,-0.148546793307615,24,433.45758333333333,32.85552804378941,2.5540000000000305,-8.133999999999958,Normal,0.0,0.0,-0.2785150974133113
2023_05_17,2023-05-12,2023-05-17,2023-05-18T03:59:59+00:00,35.468,467.624,https://www.eia.gov/petroleum/supply/weekly/archive/2023/2023_05_17/csv/table9.csv,f827e449e94607e136e5d1e0b0ae59f8a79ce5843d28b1f945ed2576bf710b74,release_date_only_ny_end_of_day,432.156,1,-0.5661616521610495,24,43.23641666666666,13.72119894912428,1.4610000000000056,2.7180000000000035,excludes_lease_stocks,-0.062087973806866224,24,434.3092083333333,34.679958151495704,3.5790000000000077,-1.0620000000000118,Normal,0.0,0.0,-0.8271621738072965
2023_05_24,2023-05-19,2023-05-24,2023-05-25T03:59:59+00:00,37.23,455.168,https://www.eia.gov/petroleum/supply/weekly/archive/2023/2023_05_24/csv/table9.csv,345a485c501757ba424f1e30049c49e5eb424079bd3efa73f88356d569af6b5f,release_date_only_ny_end_of_day,417.938,1,-0.38889945296444656,24,42.476499999999994,13.490633530100737,1.7619999999999933,4.160999999999994,excludes_lease_stocks,-0.47631250282566745,24,435.03904166666666,35.90298714649893,-14.218000000000018,-9.906999999999982,Normal,0.0,0.0,-0.6852408361233523
2023_06_01,2023-05-26,2023-06-01,2023-06-02T03:59:59+00:00,38.858,459.657,https://www.eia.gov/petroleum/supply/weekly/archive/2023/2023_06_01/csv/table9.csv,e3493b2d96e78a277f5ca57fcf57cd6598dcf642f469edcd44eb432c9948dfa2,release_date_only_ny_end_of_day,420.799,1,-0.19034316332867898,24,41.339375,13.036323220683448,1.6280000000000001,5.2479999999999976,excludes_lease_stocks,-0.39486728636399643,24,435.46566666666666,37.14328123182801,2.86099999999999,-5.2239999999999895,Normal,0.0,0.0,-0.3098786698990894
2023_06_07,2023-06-02,2023-06-07,2023-06-08T03:59:59+00:00,40.579,459.205,https://www.eia.gov/petroleum/supply/weekly/archive/2023/2023_06_07/csv/table9.csv,aba91ba46543b169f108ca84ae3c2d2a3381a82ca4966a1cc0cb59e688b5f35d,release_date_only_ny_end_of_day,418.626,1,0.05134324639482896,24,39.943666666666665,12.37423376869529,1.7210000000000036,6.572000000000003,excludes_lease_stocks,-0.4441000464536021,24,435.5434583333333,38.09379996338463,-2.173000000000002,-9.951000000000022,Normal,0.0,0.0,0.08836172704550083
2023_06_14,2023-06-09,2023-06-14,2023-06-15T03:59:59+00:00,42.133,467.124,https://www.eia.gov/petroleum/supply/weekly/archive/2023/2023_06_14/csv/table9.csv,9802d2fa3c24115da000d8d7ef194a182373639bb937544482996cbbd0fb35e5,release_date_only_ny_end_of_day,424.99100000000004,1,0.28306960765728584,24,38.78425,11.830129089853953,1.554000000000002,6.664999999999999,excludes_lease_stocks,-0.2632399316948137,24,435.3727083333333,39.43819718571146,6.365000000000066,-7.164999999999964,Normal,0.0,0.0,0.4398901702994228
2023_06_22,2023-06-16,2023-06-22,2023-06-23T03:59:59+00:00,42.035,463.293,https://www.eia.gov/petroleum/supply/weekly/archive/2023/2023_06_22/csv/table9.csv,7fdbf0ab1c53897e4a097905fb967a2e293c5eff5dfea13066ff54b8bcb1614b,release_date_only_ny_end_of_day,421.25800000000004,1,0.354571322691195,24,37.95016666666667,11.520484235243446,-0.09800000000000608,4.805,excludes_lease_stocks,-0.3325686197139558,24,434.66499999999996,40.313484812642166,-3.733000000000004,3.32000000000005,Normal,0.0,0.0,-0.03474798962373927
2023_06_28,2023-06-23,2023-06-28,2023-06-29T03:59:59+00:00,43.244,453.69,https://www.eia.gov/petroleum/supply/weekly/archive/2023/2023_06_28/csv/table9.csv,73f43b8a53701c791b8f42b7f7d161e289aeab838d502f5f639f019c79071750,release_date_only_ny_end_of_day,410.446,1,0.5154518721056094,24,37.392541666666666,11.352094443716455,1.2090000000000032,4.386000000000003,excludes_lease_stocks,-0.5710266403421237,24,433.7352916666666,40.78494770876732,-10.812000000000012,-10.352999999999952,Normal,0.0,0.0,0.6231813133756834
2023_07_06,2023-06-30,2023-07-06,2023-07-07T03:59:59+00:00,42.844,452.182,https://www.eia.gov/petroleum/supply/weekly/archive/2023/2023_07_06/csv/table9.csv,e3f35cfbeb4a759cd44de982057ad9b961b0906baae6296f7421fd140466849b,release_date_only_ny_end_of_day,409.338,1,0.527242677473952,24,36.89704166666667,11.279356902262789,-0.3999999999999986,2.2650000000000006,excludes_lease_stocks,-0.5678052873699994,24,432.4518333333333,40.70732317480445,-1.108000000000004,-9.287999999999954,Normal,0.0,0.0,-0.21089707098958008
2023_07_12,2023-07-07,2023-07-12,2023-07-13T03:59:59+00:00,41.239,458.128,https://www.eia.gov/petroleum/supply/weekly/archive/2023/2023_07_12/csv/table9.csv,1026a11cd6005dc1c76d0ac70d3bf9ea8ffd82ea3cbd82d69e7162fb46b209be,release_date_only_ny_end_of_day,416.889,1,0.4141490259391967,24,36.594125,11.215467643480432,-1.605000000000004,-0.8940000000000055,excludes_lease_stocks,-0.35303828341710547,24,430.90149999999994,39.69116285171977,7.550999999999988,-8.102000000000032,Normal,0.0,0.0,-0.6647091866324124
2023_07_19,2023-07-14,2023-07-19,2023-07-20T03:59:59+00:00,38.348,457.42,https://www.eia.gov/petroleum/supply/weekly/archive/2023/2023_07_19/csv/table9.csv,87ac900be03d63c51bd6e2128ebd83940f0a14473a3d82f7dc87b26055964491,release_date_only_ny_end_of_day,419.072,1,0.15449896461277335,24,36.596125,11.339072752952031,-2.8909999999999982,-3.6869999999999976,excludes_lease_stocks,-0.2672796003848301,24,429.2412916666667,38.04739176512135,2.1829999999999927,-2.1860000000000355,Normal,0.0,0.0,-0.4466565066955275
2023_07_26,2023-07-21,2023-07-26,2023-07-27T03:59:59+00:00,35.739,456.82,https://www.eia.gov/petroleum/supply/weekly/archive/2023/2023_07_26/csv/table9.csv,96fbe2a12e30b62fdae71aa057fae3b7e87ba866c4b906f1917a2762a6e681e4,release_date_only_ny_end_of_day,421.081,1,-0.08215620442289426,24,36.6815,11.472048965998221,-2.6090000000000018,-7.505000000000003,excludes_lease_stocks,-0.17084871756402858,24,427.27424999999994,36.249906281438086,2.0090000000000146,10.634999999999991,Normal,0.0,0.0,0.21434553733933126
2023_08_02,2023-07-28,2023-08-02,2023-08-03T03:59:59+00:00,34.48,439.771,https://www.eia.gov/petroleum/supply/weekly/archive/2023/2023_08_02/csv/table9.csv,edf168d73762fbe9757cf4497e669bcee9e2f9583df0e2d6fc4f3c3129ed1a72,release_date_only_ny_end_of_day,405.291,1,-0.20773379546881895,24,36.88029166666667,11.554651765975946,-1.2590000000000003,-8.364000000000004,excludes_lease_stocks,-0.5801313361472725,24,425.4322916666667,34.718503227954585,-15.79000000000002,-4.0470000000000255,Normal,0.0,0.0,0.2615368484952431
2023_08_09,2023-08-04,2023-08-09,2023-08-10T03:59:59+00:00,34.639,445.622,https://www.eia.gov/petroleum/supply/weekly/archive/2023/2023_08_09/csv/table9.csv,15013cb81a6367d71e017e569e2cbe421b48c580feca8a1cd9af6b1b9fd045ed,release_date_only_ny_end_of_day,410.983,1,-0.20619179860233258,24,37.0275,11.583874897985298,0.15900000000000603,-6.599999999999994,excludes_lease_stocks,-0.35057548789037113,24,422.52195833333326,32.91433295228449,5.692000000000007,-5.906000000000006,Normal,0.0,0.0,-0.032784495977772124
2023_08_16,2023-08-11,2023-08-16,2023-08-17T03:59:59+00:00,33.802,439.662,https://www.eia.gov/petroleum/supply/weekly/archive/2023/2023_08_16/csv/table9.csv,b603ac729842423bcfbdf1555acb72ff7aaa818cb1443f38e6aea1e1ca8c5aed,release_date_only_ny_end_of_day,405.85999999999996,1,-0.3004707272103951,24,37.32383333333333,11.721053049095467,-0.8370000000000033,-4.545999999999999,excludes_lease_stocks,-0.46330728280117595,24,420.3577083333334,31.29177733982436,-5.123000000000047,-13.212000000000046,Normal,0.0,0.0,0.2514939986751017
2023_08_23,2023-08-18,2023-08-23,2023-08-24T03:59:59+00:00,30.669,433.528,https://www.eia.gov/petroleum/supply/weekly/archive/2023/2023_08_23/csv/table9.csv,a1fdf12e3b9d6ddc95d5b8567c1bc4b70732e4bd0563315179df2f00ad803007,release_date_only_ny_end_of_day,402.85900000000004,1,-0.5773167755596804,24,37.516708333333334,11.861266852491537,-3.132999999999999,-5.069999999999997,excludes_lease_stocks,-0.5080812199880838,24,417.675125,29.160938088495836,-3.0009999999999195,-18.22199999999998,Normal,0.0,0.0,1.8087334578284782
2023_08_30,2023-08-25,2023-08-30,2023-08-31T03:59:59+00:00,29.165,422.944,https://www.eia.gov/petroleum/supply/weekly/archive/2023/2023_08_30/csv/table9.csv,b7dad2e053d4c9c823f9f87ceeeb2b7de24cc9a1d9549bd1bf7b593b3811d9a3,release_date_only_ny_end_of_day,393.779,1,-0.7072997295062283,24,37.62954166666667,11.967404077159529,-1.5040000000000013,-5.314999999999998,excludes_lease_stocks,-0.7924191955351557,24,415.70775000000003,27.67316860010008,-9.080000000000041,-11.512,Normal,0.0,0.0,1.0637787931773683
2023_09_07,2023-09-01,2023-09-07,2023-09-08T03:59:59+00:00,27.415,416.637,https://www.eia.gov/petroleum/supply/weekly/archive/2023/2023_09_07/csv/table9.csv,50c7f7030382ea947749f56762ad11f4d2be267bf910ff184ed7e23e896480fb,release_date_only_ny_end_of_day,389.222,1,-0.8547861614985329,24,37.812916666666666,12.164348389119906,-1.75,-7.224000000000004,excludes_lease_stocks,-0.9259592568114221,24,413.7390833333333,26.47749688010994,-4.557000000000016,-21.761000000000024,Normal,0.0,0.0,1.4958757826224327
2023_09_13,2023-09-08,2023-09-13,2023-09-14T03:59:59+00:00,24.965,420.592,https://www.eia.gov/petroleum/supply/weekly/archive/2023/2023_09_13/csv/table9.csv,7fae7d7183c564a00a3a8bf691aef8b47f6768d147a40ad383db3cfde8849c16,release_date_only_ny_end_of_day,395.627,1,-1.0598662800704364,24,38.0195,12.317119853206792,-2.4499999999999993,-8.837,excludes_lease_stocks,-0.63058476596944,24,411.7885833333334,25.62951756134977,6.40500000000003,-10.232999999999947,Low,0.05986628007043637,0.0,2.5966723861725685
2023_09_20,2023-09-15,2023-09-20,2023-09-21T03:59:59+00:00,22.901,418.456,https://www.eia.gov/petroleum/supply/weekly/archive/2023/2023_09_20/csv/table9.csv,d1a5e838db1409f12542ef6a416382be29e5dc607f1e6694adb2c52242b5a49b,release_date_only_ny_end_of_day,395.555,1,-1.2108398065957136,24,38.31041666666667,12.726222397651739,-2.064,-7.768000000000001,excludes_lease_stocks,-0.6347011122205509,24,410.75666666666666,23.95090598389287,-0.07200000000000273,-7.3040000000000305,Low,0.21083980659571355,0.0,2.4991733608135527
2023_09_27,2023-09-22,2023-09-27,2023-09-28T03:59:59+00:00,21.958,416.287,https://www.eia.gov/petroleum/supply/weekly/archive/2023/2023_09_27/csv/table9.csv,b69c6b1704b2ad42a6904b071de9f5ec3fc213f48bcfd9bd7da38e4db764a9e7,release_date_only_ny_end_of_day,394.32899999999995,1,-1.2539842591096655,24,38.560541666666666,13.23983259443348,-0.9430000000000014,-7.207000000000001,excludes_lease_stocks,-0.7092958840639647,24,410.09025,22.220980487994368,-1.226000000000056,0.5499999999999545,Low,0.2539842591096655,0.0,1.1825071563404164
2023_10_04,2023-09-29,2023-10-04,2023-10-05T03:59:59+00:00,22.09,414.063,https://www.eia.gov/petroleum/supply/weekly/archive/2023/2023_10_04/csv/table9.csv,07acb34d565ea092c008c25e3a498c9db135f28a85e7041d4b891d010c32908b,release_date_only_ny_end_of_day,391.973,1,-1.2013083528754012,24,38.640791666666665,13.777305074963797,0.13200000000000145,-5.324999999999999,excludes_lease_stocks,-0.9092020331125871,24,410.88674999999995,20.802582166749108,-2.3559999999999377,2.751000000000033,Low,0.20130835287540116,0.0,-0.1585727025795547
2023_10_12,2023-10-06,2023-10-12,2023-10-13T03:59:59+00:00,21.771,424.239,https://www.eia.gov/petroleum/supply/weekly/archive/2023/2023_10_12/csv/table9.csv,35f99992f97bf1d341614a955ec38c82e11a4f3573c62d010f3fcdb5735121ff,release_date_only_ny_end_of_day,402.46799999999996,1,-1.182764809009425,24,38.639041666666664,14.26153495452218,-0.31899999999999906,-3.193999999999999,excludes_lease_stocks,-0.4526585236111936,24,411.0497083333334,18.958459601888794,10.494999999999948,6.840999999999951,Low,0.18276480900942493,0.0,0.37730197407400545
2023_10_18,2023-10-13,2023-10-18,2023-10-19T03:59:59+00:00,21.013,419.748,https://www.eia.gov/petroleum/supply/weekly/archive/2023/2023_10_18/csv/table9.csv,602984dc0d4b1800e1cac9bfef52a66b7fa5f4eee823642b317b6c0884c2d173,release_date_only_ny_end_of_day,398.735,1,-1.1971635884013139,24,38.630500000000005,14.716033941131073,-0.7579999999999991,-1.8879999999999981,excludes_lease_stocks,-0.7721127777932483,24,411.95166666666665,17.117533923529653,-3.7329999999999472,3.180000000000007,Low,0.19716358840131387,0.0,0.9074500000081949
2023_10_25,2023-10-20,2023-10-25,2023-10-26T03:59:59+00:00,21.226,421.12,https://www.eia.gov/petroleum/supply/weekly/archive/2023/2023_10_25/csv/table9.csv,de250be30836d818f4ea06ebc12efedb3e5b5fd8a7512dfe4e12d8e442eb7595,release_date_only_ny_end_of_day,399.894,1,-1.1410649823372103,24,38.660333333333334,15.27900128669543,0.2129999999999974,-0.7319999999999993,excludes_lease_stocks,-0.8541999758125386,24,412.70054166666665,14.992439743965939,1.1589999999999918,5.565000000000055,Low,0.14106498233721032,0.0,-0.24304684123782286
2023_11_01,2023-10-27,2023-11-01,2023-11-02T03:59:59+00:00,21.498,421.893,https://www.eia.gov/petroleum/supply/weekly/archive/2023/2023_11_01/csv/table9.csv,cf59eb4dc146fb72789a6b0a7014c77b48dfb57514d14faaa6b554f5bcd8277f,release_date_only_ny_end_of_day,400.395,1,-1.0853895577821004,24,38.505625,15.669604408903298,0.272000000000002,-0.5919999999999987,excludes_lease_stocks,-0.9762805484147528,24,413.39187499999997,13.312643605471624,0.5009999999999764,8.421999999999969,Low,0.08538955778210044,0.0,-0.2952259597167335
2023_11_15,2023-11-10,2023-11-15,2023-11-16T04:59:59+00:00,25.01,439.354,https://www.eia.gov/petroleum/supply/weekly/archive/2023/2023_11_15/csv/table9.csv,019f0069074e29051713b528d31c4cd86110b25c387792df9048447f37410281,release_date_only_ny_end_of_day,414.344,2,-0.8119046982596544,24,38.04116666666667,16.05011856021947,1.9250000000000007,3.997,excludes_lease_stocks,0.059693437539778654,24,413.5252083333333,13.71661107841326,1.6669999999999732,15.60899999999998,Normal,0.0,0.0,-1.5629165441498354
2023_11_22,2023-11-17,2023-11-22,2023-11-23T04:59:59+00:00,25.868,448.054,https://www.eia.gov/petroleum/supply/weekly/archive/2023/2023_11_22/csv/table9.csv,cd755663b0a2ec93e2afdc6e48e9062fd65091b370adcaf37d30d63303735a67,release_date_only_ny_end_of_day,422.186,1,-0.7542048210825419,24,37.92075,15.98073847194477,0.857999999999997,4.6419999999999995,excludes_lease_stocks,0.5734821778176287,24,413.66658333333334,14.855590977712785,7.8419999999999845,22.291999999999973,Normal,0.0,0.0,-0.6471077364888187
2023_11_29,2023-11-24,2023-11-29,2023-11-30T04:59:59+00:00,27.722,449.664,https://www.eia.gov/petroleum/supply/weekly/archive/2023/2023_11_29/csv/table9.csv,7a45a8b2e9145bf01e67e080d73ac28f558a589a716c2ee6df851ab570925005,release_date_only_ny_end_of_day,421.942,1,-0.6530424395833971,24,38.048,15.812142326595778,1.8540000000000028,6.224,excludes_lease_stocks,0.5608930134299271,24,412.62912499999993,16.603656627938264,-0.24399999999997135,21.547000000000025,Normal,0.0,0.0,-1.2107406829876202
2023_12_06,2023-12-01,2023-12-06,2023-12-07T04:59:59+00:00,29.551,445.031,https://www.eia.gov/petroleum/supply/weekly/archive/2023/2023_12_06/csv/table9.csv,16fed9c5e6b6cf894228a5273a45bc44c61ba9edddb473298d2130dd8ce362d0,release_date_only_ny_end_of_day,415.48,1,-0.5521853403382037,24,38.15858333333333,15.5882141457456,1.828999999999997,6.4659999999999975,excludes_lease_stocks,0.2133208299316058,24,411.5625,18.364357579407663,-6.461999999999989,2.8029999999999973,Normal,0.0,0.0,-1.009946987478573
2023_12_13,2023-12-08,2023-12-13,2023-12-14T04:59:59+00:00,30.779,440.773,https://www.eia.gov/petroleum/supply/weekly/archive/2023/2023_12_13/csv/table9.csv,bf66249ce84b14ab69d96353b65017ac1887f55cf19c74d5a489d9dfcbe684ee,release_date_only_ny_end_of_day,409.994,1,-0.5031426038381122,25,38.361959999999996,15.071194413184378,1.2280000000000015,5.768999999999998,excludes_lease_stocks,0.05194630115876493,25,408.98831999999993,19.35999248390005,-5.48599999999999,-4.349999999999966,Normal,0.0,0.0,-0.6178591175132025
2023_12_20,2023-12-15,2023-12-20,2023-12-21T04:59:59+00:00,32.465,443.682,https://www.eia.gov/petroleum/supply/weekly/archive/2023/2023_12_20/csv/table9.csv,02cbabfbff8dc610da36a38af802572f0abe813aef0b8deeb746fb8a8ce51223,release_date_only_ny_end_of_day,411.217,1,-0.4486209000011841,25,38.92516,14.400042441141158,1.6860000000000035,6.597000000000005,excludes_lease_stocks,0.2030900223025789,25,407.07259999999997,20.40671399319351,1.2229999999999563,-10.968999999999994,Normal,0.0,0.0,-0.756374837401998
2023_12_28,2023-12-22,2023-12-28,2023-12-29T04:59:59+00:00,33.973,436.568,https://www.eia.gov/petroleum/supply/weekly/archive/2023/2023_12_28/csv/table9.csv,e2924f8bc7129fe2a3eaeab5c8f61be1deee366bd972965abd4bb78c3e6a58e1,release_date_only_ny_end_of_day,402.59499999999997,1,-0.39074457406960544,25,39.28112,13.584628814460359,1.5079999999999956,6.250999999999998,excludes_lease_stocks,-0.1433702363981961,25,405.67968,21.515483809573045,-8.622000000000014,-19.347000000000037,Normal,0.0,0.0,-0.5892428176969633
2024_01_04,2023-12-29,2024-01-04,2024-01-05T04:59:59+00:00,34.679,431.065,https://www.eia.gov/petroleum/supply/weekly/archive/2024/2024_01_04/csv/table9.csv,b7e93cd68009e4aa4882e78f5b0dcdb98fa709c49d9fb041891e6aa3db942026,release_date_only_ny_end_of_day,396.38599999999997,1,-0.37870043124122527,25,39.48616,12.693832917602153,0.7060000000000031,5.128000000000004,excludes_lease_stocks,-0.3876814805636442,25,404.84504,21.81956173841873,-6.209000000000003,-19.09400000000005,Normal,0.0,0.0,-0.2673625044563062
2024_01_10,2024-01-05,2024-01-10,2024-01-11T04:59:59+00:00,34.173,432.403,https://www.eia.gov/petroleum/supply/weekly/archive/2024/2024_01_10/csv/table9.csv,2055effb4d21f9de226946ff31cf9f03e5150c08f65d79fe0d46345ae6e05118,release_date_only_ny_end_of_day,398.23,1,-0.18974402202023744,25,36.04212,9.850745125454553,-0.5060000000000002,3.394000000000002,excludes_lease_stocks,-0.28587533032317264,25,403.06184,16.901913133035173,1.844000000000051,-11.76400000000001,Normal,0.0,0.0,0.09601047514224019
2024_01_18,2024-01-12,2024-01-18,2024-01-19T04:59:59+00:00,32.074,429.911,https://www.eia.gov/petroleum/supply/weekly/archive/2024/2024_01_18/csv/table9.csv,23cb2585c0ebb6b1ec1e4a02b3a7301bf90465d2f766374761f040d3bbe9b834,release_date_only_ny_end_of_day,397.837,1,-0.512874470723978,25,37.140719999999995,9.879064545458407,-2.0990000000000038,-0.39100000000000534,excludes_lease_stocks,-0.32377177115779976,25,403.61620000000005,17.84961048127755,-0.3930000000000291,-13.379999999999995,Normal,0.0,0.0,1.0765235140496316
2024_01_24,2024-01-19,2024-01-24,2024-01-25T04:59:59+00:00,30.066,420.678,https://www.eia.gov/petroleum/supply/weekly/archive/2024/2024_01_24/csv/table9.csv,e5229b295d828e212a19cfe440d1c30d5dd878e4d94df6c8f4643230793caa28,release_date_only_ny_end_of_day,390.612,1,-0.7928454509815597,25,37.90848,9.891562082232848,-2.007999999999999,-3.907,excludes_lease_stocks,-0.7757041881253102,25,405.21532,18.82588778499791,-7.224999999999966,-11.982999999999947,Normal,0.0,0.0,1.592033665570971
2024_01_31,2024-01-26,2024-01-31,2024-02-01T04:59:59+00:00,28.094,421.912,https://www.eia.gov/petroleum/supply/weekly/archive/2024/2024_01_31/csv/table9.csv,f531596d9d1011adc8270a1af8d5081e23c4a709f1842931c24e9cf3e918f60e,release_date_only_ny_end_of_day,393.818,1,-1.0442928974631467,25,38.63984,10.098546131663376,-1.9719999999999978,-6.585000000000001,excludes_lease_stocks,-0.7137682251466413,25,407.78756,19.571563300019417,3.2059999999999604,-2.5679999999999836,Low,0.044292897463146685,0.0,2.059345593797323
2024_02_07,2024-02-02,2024-02-07,2024-02-08T04:59:59+00:00,28.061,427.432,https://www.eia.gov/petroleum/supply/weekly/archive/2024/2024_02_07/csv/table9.csv,1af05c6e7d78299df87f10342f71768158d97d3d8dbbfc8ce9ff1c4d4ba24cc0,release_date_only_ny_end_of_day,399.37100000000004,1,-1.0620859192604641,24,38.390458333333335,9.725633440772654,-0.03300000000000125,-6.112000000000002,excludes_lease_stocks,-0.5632835225181799,24,410.93874999999997,20.536283305937793,5.553000000000054,1.1410000000000196,Low,0.06208591926046414,0.0,0.03504883533559665
2024_02_14,2024-02-09,2024-02-14,2024-02-15T04:59:59+00:00,28.771,439.45,https://www.eia.gov/petroleum/supply/weekly/archive/2024/2024_02_14/csv/table9.csv,494d4dc3b6c76eb915f73b8941b3f362c1584fa0d69d13568a95bc0efad9337b,release_date_only_ny_end_of_day,410.679,1,-0.9758486978211481,24,38.017,9.474829469613734,0.7100000000000009,-3.3029999999999973,excludes_lease_stocks,-0.1305412912329321,24,413.535625,21.88292281330949,11.307999999999936,12.841999999999985,Normal,0.0,0.0,-0.692852575453016
2024_02_22,2024-02-16,2024-02-22,2024-02-23T04:59:59+00:00,29.512,442.964,https://www.eia.gov/petroleum/supply/weekly/archive/2024/2024_02_22/csv/table9.csv,819436455513337be29090a76e245a7b723094fe416747220af0246f3d3a63a9,release_date_only_ny_end_of_day,413.452,1,-0.8603359142114011,24,37.71191666666667,9.531064007926314,0.7409999999999997,-0.5539999999999985,excludes_lease_stocks,-0.10456899811346891,24,415.85645833333336,22.993988435504214,2.7730000000000246,22.839999999999975,Normal,0.0,0.0,-0.6375089124306479
2024_02_28,2024-02-23,2024-02-28,2024-02-29T04:59:59+00:00,30.97,447.163,https://www.eia.gov/petroleum/supply/weekly/archive/2024/2024_02_28/csv/table9.csv,12f17eccdb4c8357fb58897fa5cb036a137eca9da971aec0cb77d31a0d5386d0,release_date_only_ny_end_of_day,416.193,1,-0.6622935891661289,24,37.32658333333334,9.597833101988343,1.4579999999999984,2.8759999999999977,excludes_lease_stocks,-0.09602699576545468,24,418.5709166666666,24.76300177582023,2.7409999999999854,22.375,Normal,0.0,0.0,-0.9656240530042148
2024_03_06,2024-03-01,2024-03-06,2024-03-07T04:59:59+00:00,31.671,448.53,https://www.eia.gov/petroleum/supply/weekly/archive/2024/2024_03_06/csv/table9.csv,3f8f522eb54303d42e97a2893fe95120abc1c50c9a2e7005a1c3a126d91cbb07,release_date_only_ny_end_of_day,416.859,1,-0.5315323376037494,24,36.879416666666664,9.798870733147139,0.7010000000000005,3.6099999999999994,excludes_lease_stocks,-0.1503852962717787,24,420.7675,25.98990790254188,0.6659999999999968,17.487999999999943,Normal,0.0,0.0,-0.3726041686602286
2024_03_13,2024-03-08,2024-03-13,2024-03-14T03:59:59+00:00,31.451,446.994,https://www.eia.gov/petroleum/supply/weekly/archive/2024/2024_03_13/csv/table9.csv,b5bee2ef7ef580367d12f67735a285f4c9e3d909cafe3cc03d40dd0c9782b042,release_date_only_ny_end_of_day,415.543,1,-0.5183033313287791,24,36.530791666666666,9.80080844482237,-0.21999999999999886,2.6799999999999997,excludes_lease_stocks,-0.2814427031896949,24,423.03795833333334,26.63049440753012,-1.315999999999974,4.864000000000033,Normal,0.0,0.0,0.11402673289233083
2024_03_20,2024-03-15,2024-03-20,2024-03-21T03:59:59+00:00,31.433,445.042,https://www.eia.gov/petroleum/supply/weekly/archive/2024/2024_03_20/csv/table9.csv,468ce06986428e51f2f47fd392c5f532e0c39c71c3ceaef7dadb8452a16c17bc,release_date_only_ny_end_of_day,413.609,1,-0.5024710313851415,24,36.37616666666667,9.837714729623404,-0.018000000000000682,1.9209999999999994,excludes_lease_stocks,-0.4241733743102965,24,424.862,26.52924648629197,-1.934000000000026,0.15699999999998226,Normal,0.0,0.0,0.00904447856493289
2024_03_27,2024-03-22,2024-03-27,2024-03-28T03:59:59+00:00,33.54,448.207,https://www.eia.gov/petroleum/supply/weekly/archive/2024/2024_03_27/csv/table9.csv,2a5ecbc51e4a9cb8c6eab45c2619dfdc44ca58f030eed2c5f64ca52cd2792b81,release_date_only_ny_end_of_day,414.667,1,-0.2620036373861245,24,36.05283333333333,9.590833770105554,2.1069999999999993,2.5700000000000003,excludes_lease_stocks,-0.4117157144021975,24,425.7942083333333,27.02643582475301,1.0579999999999927,-1.5260000000000105,Normal,0.0,0.0,-0.552041663972564
2024_04_03,2024-03-29,2024-04-03,2024-04-04T03:59:59+00:00,33.163,451.417,https://www.eia.gov/petroleum/supply/weekly/archive/2024/2024_04_03/csv/table9.csv,300d3fffdfca7af3242a6f119529da5d45a2ec2c78e8578ecee2dcefc22aafaa,release_date_only_ny_end_of_day,418.25399999999996,1,-0.2901052697512145,24,35.83445833333334,9.208582579779756,-0.37700000000000244,1.4919999999999973,excludes_lease_stocks,-0.26859054470871596,24,425.6045833333333,27.367245341063672,3.586999999999989,1.3949999999999818,Normal,0.0,0.0,0.10936968669620857
2024_04_10,2024-04-05,2024-04-10,2024-04-11T03:59:59+00:00,32.993,457.258,https://www.eia.gov/petroleum/supply/weekly/archive/2024/2024_04_10/csv/table9.csv,bd7c0550c0b559f0b87d7c1e5780e5337dea10773aaf8a8fc3ebde860b9c126d,release_date_only_ny_end_of_day,424.265,1,-0.31617649992808605,24,35.746208333333335,8.707820897377088,-0.1699999999999946,1.5420000000000016,excludes_lease_stocks,-0.009658882820019723,24,424.52612500000004,27.03470006477585,6.011000000000024,8.72199999999998,Normal,0.0,0.0,0.05375000498777292
2024_04_17,2024-04-12,2024-04-17,2024-04-18T03:59:59+00:00,33.026,459.993,https://www.eia.gov/petroleum/supply/weekly/archive/2024/2024_04_17/csv/table9.csv,e6d05de5d4b45e87377826a11a7ea9e0f1b98887e427fa33b26a2db3ef7f7058,release_date_only_ny_end_of_day,426.967,1,-0.3154351797541065,24,35.663916666666665,8.362785243938283,0.03300000000000125,1.5930000000000035,excludes_lease_stocks,0.13075761425291887,24,423.55508333333336,26.093445388710617,2.701999999999998,13.358000000000004,Normal,0.0,0.0,-0.01040936093188591
2024_04_24,2024-04-19,2024-04-24,2024-04-25T03:59:59+00:00,32.367,453.625,https://www.eia.gov/petroleum/supply/weekly/archive/2024/2024_04_24/csv/table9.csv,daffa8ea2e730aa65346e17b542864adf1d6c002909021f2ff853ac0928e22b3,release_date_only_ny_end_of_day,421.258,1,-0.39072085545744156,24,35.60991666666666,8.299829971630203,-0.659000000000006,-1.1730000000000018,excludes_lease_stocks,-0.05664106638211056,24,422.657625,24.710428129264002,-5.709000000000003,6.591000000000008,Normal,0.0,0.0,0.25748504374645637
2024_05_01,2024-04-26,2024-05-01,2024-05-02T03:59:59+00:00,33.456,460.89,https://www.eia.gov/petroleum/supply/weekly/archive/2024/2024_05_01/csv/table9.csv,9d4f6f9ce82ac3b902d0629b7f57b28d8f3fbc1db6186883d851e73ba50e0bd7,release_date_only_ny_end_of_day,427.43399999999997,1,-0.26562363612509987,24,35.620583333333336,8.149061449915122,1.0890000000000057,0.29300000000000637,excludes_lease_stocks,0.2526889357178596,24,421.55704166666663,23.257679710580067,6.175999999999988,9.180000000000007,Normal,0.0,0.0,-0.2892641397402353
2024_05_08,2024-05-03,2024-05-08,2024-05-09T03:59:59+00:00,35.336,459.528,https://www.eia.gov/petroleum/supply/weekly/archive/2024/2024_05_08/csv/table9.csv,afc35ed586f0025224255f51b500e0f8777b7821ac335729ba403bb24afdeff0,release_date_only_ny_end_of_day,424.192,1,-0.0499798093704982,24,35.74454166666667,8.1741341516165,1.8799999999999955,2.3429999999999964,excludes_lease_stocks,0.17587341120730648,24,420.3090833333333,22.07790614858658,-3.241999999999962,-0.07299999999997908,Normal,0.0,0.0,-0.09396204161653639
2024_05_15,2024-05-10,2024-05-15,2024-05-16T03:59:59+00:00,34.995,457.02,https://www.eia.gov/petroleum/supply/weekly/archive/2024/2024_05_15/csv/table9.csv,0def96eb4df977e6fdbb4b6a1d249ad57ffc5fad9e13d583508d5af49794710c,release_date_only_ny_end_of_day,422.025,1,-0.10429477352017366,24,35.864583333333336,8.337746024877607,-0.3410000000000011,1.968999999999994,excludes_lease_stocks,0.15431212299288946,24,418.7418333333333,21.27614216556365,-2.16700000000003,-4.942000000000007,Normal,0.0,0.0,0.035564517770379334
2024_05_22,2024-05-17,2024-05-22,2024-05-23T03:59:59+00:00,36.32,458.845,https://www.eia.gov/petroleum/supply/weekly/archive/2024/2024_05_22/csv/table9.csv,f3f4ca156ef19ed6d0cf8294d3f017bce4903fe5cc4542c561cb751079639903,release_date_only_ny_end_of_day,422.52500000000003,1,0.03355984800752963,24,36.03333333333333,8.541953664460907,1.3250000000000028,3.953000000000003,excludes_lease_stocks,0.24314277270817314,24,417.73116666666664,19.71612513889973,0.5000000000000568,1.2670000000000528,Normal,0.0,0.0,0.044466798609976856
2024_05_30,2024-05-24,2024-05-30,2024-05-31T03:59:59+00:00,34.554,454.689,https://www.eia.gov/petroleum/supply/weekly/archive/2024/2024_05_30/csv/table9.csv,ad9dbe357b782e9f0a5bf295a4294edb7ecfcf227d9319b8b0bc95f3e6ddf545,release_date_only_ny_end_of_day,420.135,1,-0.16538476677518626,24,36.00033333333334,8.745263312547948,-1.7659999999999982,1.097999999999999,excludes_lease_stocks,0.19566796825188676,24,416.6073333333333,18.02884088889526,-2.390000000000043,-7.298999999999978,Normal,0.0,0.0,0.2920694981249787
2024_06_05,2024-05-31,2024-06-05,2024-06-06T03:59:59+00:00,35.408,455.922,https://www.eia.gov/petroleum/supply/weekly/archive/2024/2024_06_05/csv/table9.csv,b9d05641ee40d0f38414b8ae6ee9c0c2abbc61c13e4488ff27a55984dafc4fce,release_date_only_ny_end_of_day,420.514,1,-0.04705560336534581,24,35.833708333333334,9.046921150454239,0.8539999999999992,0.07200000000000273,excludes_lease_stocks,0.31840775541665406,24,415.154,16.833760826541926,0.3790000000000191,-3.6779999999999973,Normal,0.0,0.0,-0.040185485274005284
2024_06_12,2024-06-07,2024-06-12,2024-06-13T03:59:59+00:00,33.815,459.652,https://www.eia.gov/petroleum/supply/weekly/archive/2024/2024_06_12/csv/table9.csv,f137ede7bea151e9fa57f64a232d6a9056ef32894b8d1aa44412128f8950ec16,release_date_only_ny_end_of_day,425.837,1,-0.1974506995509971,24,35.65316666666667,9.309496855907142,-1.5930000000000035,-1.1799999999999997,excludes_lease_stocks,0.8062587173171012,24,413.24991666666665,15.611717508268312,5.322999999999979,3.812000000000012,Normal,0.0,0.0,0.31453896438473905
2024_06_20,2024-06-14,2024-06-20,2024-06-21T03:59:59+00:00,34.122,457.105,https://www.eia.gov/petroleum/supply/weekly/archive/2024/2024_06_20/csv/table9.csv,a8593094f37474f93cfc900ca79bc59b7b0d3324d4537b16d125ddb31d22ec0a,release_date_only_ny_end_of_day,422.983,1,-0.1359283254026298,24,35.397875,9.386380625382992,0.30700000000000216,-2.1980000000000004,excludes_lease_stocks,0.8445956391659077,24,411.35133333333334,13.771876300656343,-2.853999999999985,0.45799999999997,Normal,0.0,0.0,-0.041729995898607646
2024_06_26,2024-06-21,2024-06-26,2024-06-27T03:59:59+00:00,33.896,460.696,https://www.eia.gov/petroleum/supply/weekly/archive/2024/2024_06_26/csv/table9.csv,d231ec9c16e6c549975506a0d37e5849379e49c1829ef2709358e76235132105,release_date_only_ny_end_of_day,426.8,1,-0.12156451814513866,24,35.02641666666667,9.298903034494312,-0.2259999999999991,-0.6580000000000013,excludes_lease_stocks,1.3597898882295305,24,410.23937499999994,12.178811699770975,3.8170000000000073,6.6650000000000205,Normal,0.0,0.0,0.027473581100801225
2024_07_03,2024-06-28,2024-07-03,2024-07-04T03:59:59+00:00,34.241,448.539,https://www.eia.gov/petroleum/supply/weekly/archive/2024/2024_07_03/csv/table9.csv,6a263108e62ef8662617d6069401e795b337a6a90ec93bb3450f4ec56d65592f,release_date_only_ny_end_of_day,414.298,1,-0.019047167147508044,24,34.41354166666667,9.0586524143167,0.34499999999999886,-1.1670000000000016,excludes_lease_stocks,0.47236444522956833,24,409.22074999999995,10.748586290258391,-12.50200000000001,-6.216000000000008,Normal,0.0,0.0,-0.006571272665890254
2024_07_10,2024-07-05,2024-07-10,2024-07-11T03:59:59+00:00,33.539,445.096,https://www.eia.gov/petroleum/supply/weekly/archive/2024/2024_07_10/csv/table9.csv,fe373c83dfc328eb644d9ec62ca8b05515a4db18584dcc67afd12cf5f692b785,release_date_only_ny_end_of_day,411.557,1,-0.024842409494240433,24,33.751958333333334,8.572370300179863,-0.7019999999999982,-0.27599999999999625,excludes_lease_stocks,0.37749339077433913,24,408.0305416666667,9.341775033728727,-2.7409999999999854,-14.279999999999973,Normal,0.0,0.0,0.01743937146495674
2024_07_17,2024-07-12,2024-07-17,2024-07-18T03:59:59+00:00,32.664,440.226,https://www.eia.gov/petroleum/supply/weekly/archive/2024/2024_07_17/csv/table9.csv,284361dec1a441e5f6d19b80b0725b8aec6d41063c40fe1155f6835870b56a30,release_date_only_ny_end_of_day,407.562,1,-0.06372218004621276,24,33.17283333333334,7.98518401229082,-0.875,-1.4579999999999984,excludes_lease_stocks,0.05951847059024026,24,407.10537500000004,7.671988131947239,-3.9950000000000045,-15.420999999999992,Normal,0.0,0.0,0.05575690754043616
2024_07_24,2024-07-19,2024-07-24,2024-07-25T03:59:59+00:00,30.956,436.485,https://www.eia.gov/petroleum/supply/weekly/archive/2024/2024_07_24/csv/table9.csv,ef987af91eb8146443935dbb527874d8a742cd8a25e19d462e545a33a344963f,release_date_only_ny_end_of_day,405.529,1,-0.22754081387431963,24,32.630291666666665,7.358203735666723,-1.708000000000002,-2.9400000000000013,excludes_lease_stocks,-0.0657892564919953,24,405.9595416666666,6.5442549380231725,-2.0330000000000155,-21.271000000000015,Normal,0.0,0.0,0.3886397100973384
2024_07_31,2024-07-26,2024-07-31,2024-08-01T03:59:59+00:00,29.85,433.049,https://www.eia.gov/petroleum/supply/weekly/archive/2024/2024_07_31/csv/table9.csv,f5a99c34f3c41b14b8bde108f9ae4d7cc9e5d1055fddef3f859d69da6a35a9cf,release_date_only_ny_end_of_day,403.19899999999996,1,-0.33127681814611826,24,32.020916666666665,6.553180143468789,-1.105999999999998,-4.390999999999998,excludes_lease_stocks,-0.3070087953035626,24,405.15916666666664,6.384724791771898,-2.330000000000041,-11.099000000000046,Normal,0.0,0.0,0.3663921608696062
2024_08_07,2024-08-02,2024-08-07,2024-08-08T03:59:59+00:00,30.429,429.321,https://www.eia.gov/petroleum/supply/weekly/archive/2024/2024_08_07/csv/table9.csv,df13e3bfcc4803cb138e0e1aa1d7893c671e12bd697e844290eb8f22371609a4,release_date_only_ny_end_of_day,398.89200000000005,1,-0.17042559304544513,24,31.401291666666662,5.705080142554618,0.5789999999999971,-3.110000000000003,excludes_lease_stocks,-0.6065584301609214,24,403.4965833333334,7.591326909942899,-4.306999999999903,-12.664999999999964,Normal,0.0,0.0,-0.09867641837331223
2024_08_14,2024-08-09,2024-08-14,2024-08-15T03:59:59+00:00,28.764,430.678,https://www.eia.gov/petroleum/supply/weekly/archive/2024/2024_08_14/csv/table9.csv,0a4d391d150a80061a07533e14e61fd42956312c826df8aa99c8602b84264063,release_date_only_ny_end_of_day,401.914,1,-0.41899391198037583,24,30.887708333333336,5.068589954674099,-1.6649999999999991,-3.900000000000002,excludes_lease_stocks,0.024448060772786783,24,401.71570833333334,8.11073191078482,3.0219999999999345,-5.648000000000025,Normal,0.0,0.0,0.6976248634473254
2024_08_21,2024-08-16,2024-08-21,2024-08-22T03:59:59+00:00,28.204,426.029,https://www.eia.gov/petroleum/supply/weekly/archive/2024/2024_08_21/csv/table9.csv,eb25cc68dc1859afba14e78a5826ab546c5e1a5aef8270cac2beff742ca09da8,release_date_only_ny_end_of_day,397.825,1,-0.45016899866468074,24,30.349416666666666,4.765802783022674,-0.5599999999999987,-2.751999999999999,excludes_lease_stocks,-0.25425615852562017,24,399.91875,8.23480545030347,-4.088999999999999,-7.704000000000008,Normal,0.0,0.0,0.25209463925222064
2024_08_28,2024-08-23,2024-08-28,2024-08-29T03:59:59+00:00,27.536,425.183,https://www.eia.gov/petroleum/supply/weekly/archive/2024/2024_08_28/csv/table9.csv,c90efcfd49f5cd9b8ff248e61fd918f2c2fa6599c728e4ef030c074fe03ea123,release_date_only_ny_end_of_day,397.647,1,-0.4823441247579533,24,29.808166666666665,4.710675532342945,-0.6679999999999993,-2.314,excludes_lease_stocks,-0.08376250157370252,24,398.3220833333333,8.059493456499743,-0.17799999999999727,-5.551999999999964,Normal,0.0,0.0,0.32220587533831246
2024_09_05,2024-08-30,2024-09-05,2024-09-06T03:59:59+00:00,26.394,418.31,https://www.eia.gov/petroleum/supply/weekly/archive/2024/2024_09_05/csv/table9.csv,3cc3dcf89150dc430bcbd9f726fa751c53ac674f3aa5b9aa779614b223811524,release_date_only_ny_end_of_day,391.916,1,-0.6085973820354529,24,29.298416666666665,4.772312126865958,-1.142000000000003,-4.035,excludes_lease_stocks,-0.626458638819522,24,397.15845833333333,8.368402969447507,-5.7309999999999945,-6.976000000000056,Normal,0.0,0.0,0.6950182102844891
2024_09_11,2024-09-06,2024-09-11,2024-09-12T03:59:59+00:00,24.69,419.143,https://www.eia.gov/petroleum/supply/weekly/archive/2024/2024_09_11/csv/table9.csv,a338f233a103fb41997b1fd9734f131257367bf5a8028b22afe46e7362f7eea2,release_date_only_ny_end_of_day,394.453,1,-0.85198441906946,24,28.846833333333333,4.879001587697387,-1.703999999999997,-4.073999999999998,excludes_lease_stocks,-0.12521156921570833,24,395.43270833333327,7.824423409673101,2.5369999999999777,-7.461000000000013,Normal,0.0,0.0,1.4517814500943573
2024_09_18,2024-09-13,2024-09-18,2024-09-19T03:59:59+00:00,22.711,417.513,https://www.eia.gov/petroleum/supply/weekly/archive/2024/2024_09_18/csv/table9.csv,5b7b8f5b9d4860ee3b45f1c692d3e4223920ca4c0bbd56934168515ab1ad4c93,release_date_only_ny_end_of_day,394.80199999999996,1,-1.1386820190435076,24,28.35479166666666,4.956424684221714,-1.9790000000000028,-5.493000000000002,excludes_lease_stocks,-0.08488030136981409,24,395.51375,8.385337805282239,0.34899999999998954,-3.0230000000000246,Low,0.13868201904350763,0.0,2.253451715687105
2024_09_25,2024-09-20,2024-09-25,2024-09-26T03:59:59+00:00,22.827,413.042,https://www.eia.gov/petroleum/supply/weekly/archive/2024/2024_09_25/csv/table9.csv,e4da3d6622d173647b937e783b114c67a9c256b5c7b67140fa19abd7c98d08f2,release_date_only_ny_end_of_day,390.215,1,-0.9988298752440103,24,27.868666666666666,5.047572956741011,0.11600000000000321,-4.709,excludes_lease_stocks,-0.633918508401095,24,395.82841666666667,8.855107702763199,-4.586999999999989,-7.432000000000016,Normal,0.0,0.0,-0.1158642655283084
2024_10_02,2024-09-27,2024-10-02,2024-10-03T03:59:59+00:00,23.667,416.931,https://www.eia.gov/petroleum/supply/weekly/archive/2024/2024_10_02/csv/table9.csv,888488288e4b57e0343299d258fc850a5cff3f7b81525671f378c6423b165195,release_date_only_ny_end_of_day,393.264,1,-0.7301553454738202,24,27.306375,4.984384518390803,0.8399999999999999,-2.7269999999999968,excludes_lease_stocks,-0.43953651156946105,24,397.44037499999996,9.50177036507682,3.049000000000035,1.3480000000000132,Normal,0.0,0.0,-0.6133304901980089
2024_10_09,2024-10-04,2024-10-09,2024-10-10T03:59:59+00:00,24.914,422.741,https://www.eia.gov/petroleum/supply/weekly/archive/2024/2024_10_09/csv/table9.csv,27a177fcc0afa199749abc34bf8f0fad5d3f110a90d9cd4adac8295506d8d29f,release_date_only_ny_end_of_day,397.827,1,-0.39682524137589326,24,26.783916666666666,4.712191845919861,1.2469999999999999,0.2240000000000002,excludes_lease_stocks,-0.12483967656955292,24,399.00991666666664,9.475486473305581,4.562999999999988,3.3740000000000236,Normal,0.0,0.0,-0.49484107599573884
2024_10_17,2024-10-11,2024-10-17,2024-10-18T03:59:59+00:00,25.022,420.55,https://www.eia.gov/petroleum/supply/weekly/archive/2024/2024_10_17/csv/table9.csv,5cbddfc6f2fe9e86b84589211c70693b17f8c8e5dbad9bd0659d742fb0f479fc,release_date_only_ny_end_of_day,395.528,1,-0.3240444629574834,24,26.441375000000004,4.380185938206377,0.10799999999999699,2.311,excludes_lease_stocks,-0.5903493024234631,24,401.18375,9.580345020790814,-2.298999999999978,0.7260000000000559,Normal,0.0,0.0,-0.03499680199940723
2024_10_23,2024-10-18,2024-10-23,2024-10-24T03:59:59+00:00,24.676,426.024,https://www.eia.gov/petroleum/supply/weekly/archive/2024/2024_10_23/csv/table9.csv,b5e95f8ed4cc86ab3ce9848fef0f82f91011ff19d0dd303ae6df5d896d0324bb,release_date_only_ny_end_of_day,401.348,1,-0.39132002787591463,24,26.253583333333335,4.031440307046026,-0.3460000000000001,1.8489999999999966,excludes_lease_stocks,-0.2130414364851717,24,403.2264583333333,8.817337905361171,5.819999999999993,11.133000000000038,Normal,0.0,0.0,0.1353967296450665
2024_10_30,2024-10-25,2024-10-30,2024-10-31T03:59:59+00:00,25.357,425.509,https://www.eia.gov/petroleum/supply/weekly/archive/2024/2024_10_30/csv/table9.csv,1b0cd134f623d053ddd726eb63a1a23be28bd00bba31fd33479361547434bb01,release_date_only_ny_end_of_day,400.15200000000004,1,-0.20684297381579425,24,26.102375,3.6035790157600385,0.6810000000000009,1.6899999999999977,excludes_lease_stocks,-0.6223868857630349,24,405.3922916666667,8.419669158424147,-1.1959999999999695,6.888000000000034,Normal,0.0,0.0,-0.1408600651685561
2024_11_06,2024-11-01,2024-11-06,2024-11-07T04:59:59+00:00,25.879,427.658,https://www.eia.gov/petroleum/supply/weekly/archive/2024/2024_11_06/csv/table9.csv,2ac528b0bdb5e574111c1ec2416d09ac9c9ce646895022e1ecb0f4015e898dfb,release_date_only_ny_end_of_day,401.779,1,-0.03315126352745126,24,25.978041666666666,2.9875683798492987,0.522000000000002,0.9649999999999999,excludes_lease_stocks,-0.689541524620738,24,407.0877083333333,7.698895778978936,1.6269999999999527,3.951999999999998,Normal,0.0,0.0,-0.017304959561329623
2024_11_14,2024-11-08,2024-11-14,2024-11-15T04:59:59+00:00,25.191,429.747,https://www.eia.gov/petroleum/supply/weekly/archive/2024/2024_11_14/csv/table9.csv,0f6874c8198fe28a548122895655293a8dd3ca69699da265eb0c70f765c40f85,release_date_only_ny_end_of_day,404.55600000000004,1,-0.3412858895885137,24,26.121416666666665,2.726209008489814,-0.6880000000000024,0.16900000000000048,excludes_lease_stocks,-0.3029835562712057,24,407.00695833333333,8.089410407274366,2.7770000000000437,9.02800000000002,Normal,0.0,0.0,0.23480469203689824
2024_11_20,2024-11-15,2024-11-20,2024-11-21T04:59:59+00:00,25.051,430.292,https://www.eia.gov/petroleum/supply/weekly/archive/2024/2024_11_20/csv/table9.csv,16c4dc54f230c0b9b923e0c0d6f1b60ef54b9df5993cab08caeb83a3d2399982,release_date_only_ny_end_of_day,405.241,1,-0.518875711309393,24,26.491583333333335,2.7763553042365308,-0.14000000000000057,0.375,excludes_lease_stocks,-0.2247790449106324,24,407.03425,7.9778344138483215,0.6849999999999454,3.8929999999999723,Normal,0.0,0.0,0.07264259958331531
2024_11_27,2024-11-22,2024-11-27,2024-11-28T04:59:59+00:00,24.142,428.448,https://www.eia.gov/petroleum/supply/weekly/archive/2024/2024_11_27/csv/table9.csv,97be24bfd94d6d15989d04cdab0bcfcb66a2986114d279ee4b83af17e6fbc7e4,release_date_only_ny_end_of_day,404.306,1,-0.9587739831552113,24,27.154291666666666,3.141816235723848,-0.9089999999999989,-1.2149999999999999,excludes_lease_stocks,-0.20056079607421395,24,406.1052916666667,8.971302975886216,-0.9350000000000023,4.1539999999999395,Normal,0.0,0.0,0.8715255506880861
2024_12_04,2024-11-29,2024-12-04,2024-12-05T04:59:59+00:00,24.192,423.375,https://www.eia.gov/petroleum/supply/weekly/archive/2024/2024_12_04/csv/table9.csv,48ce5640b048003a8fe43b9c7b1d4d19b80a762c7476f922d3547521d9043a32,release_date_only_ny_end_of_day,399.183,1,-1.0433407721590295,24,27.889708333333335,3.5441041239877062,0.05000000000000071,-1.6870000000000012,excludes_lease_stocks,-0.5403164393662733,24,404.648625,10.115600048020962,-5.1229999999999905,-2.5960000000000036,Low,0.04334077215902954,0.0,-0.052167038607952215
2024_12_11,2024-12-06,2024-12-11,2024-12-12T04:59:59+00:00,22.894,421.95,https://www.eia.gov/petroleum/supply/weekly/archive/2024/2024_12_11/csv/table9.csv,0bcd0108c2e16e4d2e0214b22065a13193440170412a6c4b2c502c4e5fafaed9,release_date_only_ny_end_of_day,399.056,1,-0.9690102264505768,25,29.96408,7.29618718875368,-1.2980000000000018,-2.2970000000000006,excludes_lease_stocks,-0.3356293184929935,25,403.00872,11.777040270939606,-0.12700000000000955,-5.500000000000057,Normal,0.0,0.0,1.2577752739328505
2024_12_18,2024-12-13,2024-12-18,2024-12-19T04:59:59+00:00,23.002,421.016,https://www.eia.gov/petroleum/supply/weekly/archive/2024/2024_12_18/csv/table9.csv,a268502b4dd12b84ec7d9bfc66bb3b0f958f4184ee8478b4ad8fe774bc7a8ef2,release_date_only_ny_end_of_day,398.014,1,-0.9684919676844266,25,31.66892,8.94888165228855,0.10800000000000054,-2.0489999999999995,excludes_lease_stocks,-0.32777093775273086,25,402.40004,13.381418224787188,-1.0419999999999732,-7.226999999999975,Normal,0.0,0.0,-0.10459713250991859
2024_12_27,2024-12-20,2024-12-27,2024-12-28T04:59:59+00:00,22.682,416.779,https://www.eia.gov/petroleum/supply/weekly/archive/2024/2024_12_27/csv/table9.csv,eec5f5a87fa1fe0c69508c31f3a13b523df16bd011dc192abd39f4e38c727916,release_date_only_ny_end_of_day,394.097,1,-1.1043100680007008,25,33.24764,9.567638932359435,-0.3200000000000003,-1.4600000000000009,excludes_lease_stocks,-0.5328892223425877,25,402.2074,15.21967354555719,-3.91700000000003,-10.209000000000003,Low,0.10431006800070075,0.0,0.35337922176022457
2025_01_02,2024-12-27,2025-01-02,2025-01-03T04:59:59+00:00,22.54,415.601,https://www.eia.gov/petroleum/supply/weekly/archive/2025/2025_01_02/csv/table9.csv,2fd5ad669b2d8efcc632b96d39bb4f33ba5b5832ee06800ba9d7bcececb93624,release_date_only_ny_end_of_day,393.061,1,-1.2434773720730183,25,34.72896,9.802317495878206,-0.14199999999999946,-1.652000000000001,excludes_lease_stocks,-0.5788904315436859,25,402.30736,15.972556283826334,-1.0360000000000014,-6.122000000000014,Low,0.24347737207301834,0.0,0.17657378683436795
2025_01_08,2025-01-03,2025-01-08,2025-01-09T04:59:59+00:00,20.038,414.642,https://www.eia.gov/petroleum/supply/weekly/archive/2025/2025_01_08/csv/table9.csv,36df297bc4182961c5d21636614f8175366210ea30b0e0790f5cdf88bad1ea17,release_date_only_ny_end_of_day,394.604,1,-2.0163941543175015,24,29.617,4.750559298879861,-2.501999999999999,-2.855999999999998,excludes_lease_stocks,-0.3147226267625645,24,397.9497083333334,10.630657121000349,1.5430000000000064,-4.451999999999998,Low,1.0163941543175015,0.0,5.0450181741023865
2025_01_15,2025-01-10,2025-01-15,2025-01-16T04:59:59+00:00,20.803,412.68,https://www.eia.gov/petroleum/supply/weekly/archive/2025/2025_01_15/csv/table9.csv,384a8ab81a3e2f1cec6ad274afff6b4f68f91698a303cb7d3ec286017142b3a2,release_date_only_ny_end_of_day,391.877,1,-1.9852755059894462,24,30.316958333333332,4.792260975683396,0.7650000000000006,-2.198999999999998,excludes_lease_stocks,-0.4919025144218692,24,397.503,11.437225537690509,-2.7269999999999754,-6.1370000000000005,Low,0.9852755059894462,0.0,-1.5187357620819275
2025_01_23,2025-01-17,2025-01-23,2025-01-24T04:59:59+00:00,20.655,411.663,https://www.eia.gov/petroleum/supply/weekly/archive/2025/2025_01_23/csv/table9.csv,023f518286b78fcee9169b8d2a2b77825861ad4961829a01ae6e4a27e8489eac,release_date_only_ny_end_of_day,391.00800000000004,1,-2.0972485379770065,24,30.884500000000003,4.877581180658406,-0.1479999999999997,-2.0269999999999975,excludes_lease_stocks,-0.5566169295536911,24,398.57795833333336,13.599942674045314,-0.8689999999999714,-3.088999999999942,Low,1.0972485379770065,0.0,0.3103927836205963
2025_01_29,2025-01-24,2025-01-29,2025-01-30T04:59:59+00:00,20.981,415.126,https://www.eia.gov/petroleum/supply/weekly/archive/2025/2025_01_29/csv/table9.csv,dadff06c3a6a4a8c49773175577de6fcd4a713bd0001d775aa600359b6d6891b,release_date_only_ny_end_of_day,394.145,1,-2.0841917357251907,24,31.385333333333335,4.99202312099811,0.3260000000000005,-1.5589999999999975,excludes_lease_stocks,-0.41504243057533685,24,400.8157916666667,16.07255349150591,3.1369999999999436,1.0840000000000032,Low,1.0841917357251907,0.0,-0.6794465058464132
2025_02_05,2025-01-31,2025-02-05,2025-02-06T04:59:59+00:00,20.947,423.79,https://www.eia.gov/petroleum/supply/weekly/archive/2025/2025_02_05/csv/table9.csv,0c9a015cd7ab84502d612b23fe493a171a35e21de98289d882915ddab27016a0,release_date_only_ny_end_of_day,402.843,1,-2.1388808638546566,24,31.885541666666665,5.114142564702459,-0.03400000000000247,0.9089999999999989,excludes_lease_stocks,-0.02957118530960772,24,403.37737500000003,18.070800828751093,8.698000000000036,8.239000000000033,Low,1.1388808638546566,0.0,0.07272194937106362
2025_02_12,2025-02-07,2025-02-12,2025-02-13T04:59:59+00:00,21.819,427.86,https://www.eia.gov/petroleum/supply/weekly/archive/2025/2025_02_12/csv/table9.csv,5924834c4c50170b69f8bdca42be951a2d0deb4014037f425226ee300192985e,release_date_only_ny_end_of_day,406.041,1,-1.7678722566965168,24,31.75754166666667,5.621753285069384,0.8719999999999999,1.0159999999999982,excludes_lease_stocks,0.01659256044719053,24,405.7260833333333,18.979389447999647,3.197999999999979,14.163999999999987,Low,0.7678722566965168,0.0,-1.5415846078393625
2025_02_20,2025-02-14,2025-02-20,2025-02-21T04:59:59+00:00,23.291,432.493,https://www.eia.gov/petroleum/supply/weekly/archive/2025/2025_02_20/csv/table9.csv,7fe6598b5fcf7fea60947d302be3db603760b9078bc538e3e699f8b02076452b,release_date_only_ny_end_of_day,409.202,1,-1.3915605324596594,24,31.605249999999998,5.974767037481371,1.4720000000000013,2.6359999999999992,excludes_lease_stocks,0.06029889578852808,24,408.01275000000004,19.722583381472376,3.1610000000000014,18.19399999999996,Low,0.3915605324596594,0.0,-2.0483771037806204
2025_02_26,2025-02-21,2025-02-26,2025-02-27T04:59:59+00:00,24.573,430.161,https://www.eia.gov/petroleum/supply/weekly/archive/2025/2025_02_26/csv/table9.csv,247f0a0ced81a2ecb81e4aadacc678915d18a8ef743185ba7a68ccecc1bfd18f,release_date_only_ny_end_of_day,405.588,1,-1.1171618979916589,24,31.441208333333332,6.147907788191154,1.282,3.5919999999999987,excludes_lease_stocks,-0.23639492709171486,24,410.43533333333335,20.505234156114906,-3.613999999999976,11.44300000000004,Low,0.11716189799165888,0.0,-1.4322015532253067
2025_03_05,2025-02-28,2025-03-05,2025-03-06T04:59:59+00:00,25.697,433.775,https://www.eia.gov/petroleum/supply/weekly/archive/2025/2025_03_05/csv/table9.csv,edfa5b9a8891042416776c9174f6ccf6a065d2afd520f61a7d41b87c84efb8b7,release_date_only_ny_end_of_day,408.078,1,-0.9019653762893829,24,31.289500000000004,6.200348868165123,1.1239999999999988,4.75,excludes_lease_stocks,-0.20408167852067643,24,412.34141666666665,20.890736971446096,2.4899999999999523,5.234999999999957,Normal,0.0,0.0,-1.0138090829492652
2025_03_12,2025-03-07,2025-03-12,2025-03-13T03:59:59+00:00,24.469,435.223,https://www.eia.gov/petroleum/supply/weekly/archive/2025/2025_03_12/csv/table9.csv,f0ffdf42bc8110d41edc768ee59099581df71d8c271a44e51545644efabd602f,release_date_only_ny_end_of_day,410.754,1,-1.1165061370150653,24,31.22520833333333,6.051205729505244,-1.227999999999998,2.650000000000002,excludes_lease_stocks,-0.1595749089186323,24,414.106125,21.00659196809731,2.6760000000000446,4.713000000000022,Low,0.11650613701506529,0.0,1.371069536254498
2025_03_19,2025-03-14,2025-03-19,2025-03-20T03:59:59+00:00,23.46,436.968,https://www.eia.gov/petroleum/supply/weekly/archive/2025/2025_03_19/csv/table9.csv,7da5e56b7cae686d34310f03e6d2c53a2deddefa4b88b45be7618cd2c3e64ba5,release_date_only_ny_end_of_day,413.50800000000004,1,-1.3348720800845024,24,31.177666666666667,5.781577712059202,-1.0090000000000003,0.16900000000000048,excludes_lease_stocks,-0.08554492680904979,24,415.2873333333334,20.79998662346281,2.754000000000019,4.30600000000004,Low,0.3348720800845024,0.0,1.3468859288052635
2025_03_26,2025-03-21,2025-03-26,2025-03-27T03:59:59+00:00,22.705,433.627,https://www.eia.gov/petroleum/supply/weekly/archive/2025/2025_03_26/csv/table9.csv,76c74baff745ace9f63c09ec84985a156195ac6a9594501e48efbdc47218b13b,release_date_only_ny_end_of_day,410.922,1,-1.5713886077214816,24,31.103791666666666,5.344821532621992,-0.7550000000000026,-1.868000000000002,excludes_lease_stocks,-0.2151918776252509,24,415.43066666666664,20.95184407711846,-2.5860000000000127,5.334000000000003,Low,0.5713886077214816,0.0,1.1863983988297226
2025_04_02,2025-03-28,2025-04-02,2025-04-03T03:59:59+00:00,25.078,439.792,https://www.eia.gov/petroleum/supply/weekly/archive/2025/2025_04_02/csv/table9.csv,7e74c1f7dfa504f7427d1c347e0aabd8f2fbea18675f906b22861f84b04641f3,release_date_only_ny_end_of_day,414.714,1,-1.2599546255466114,24,31.03679166666667,4.729370047021766,2.373000000000001,-0.6189999999999998,excludes_lease_stocks,-0.014013627271365674,24,415.0046666666667,20.74171526315919,3.791999999999973,6.636000000000024,Low,0.2599546255466114,0.0,-2.9898723264221103
2025_04_09,2025-04-04,2025-04-09,2025-04-10T03:59:59+00:00,25.759,442.345,https://www.eia.gov/petroleum/supply/weekly/archive/2025/2025_04_09/csv/table9.csv,427b1cfdd796889fbb80048cea5a6c38077cfe9581c94008d6af9fa7fb745460,release_date_only_ny_end_of_day,416.586,1,-1.3274229989666062,24,31.127416666666665,4.044239606249068,0.6810000000000009,1.2899999999999991,excludes_lease_stocks,0.08602800708777116,24,414.8159166666667,20.575663592059996,1.872000000000014,5.831999999999994,Low,0.3274229989666062,0.0,-0.9039750622962601
2025_04_16,2025-04-11,2025-04-16,2025-04-17T03:59:59+00:00,25.105,442.86,https://www.eia.gov/petroleum/supply/weekly/archive/2025/2025_04_16/csv/table9.csv,68826f10df15094f66593da1c42fa9f121f4c4d8e58d3823e1166195658109d5,release_date_only_ny_end_of_day,417.755,1,-1.6803066262182504,24,31.30304166666667,3.6886372820038034,-0.6539999999999999,1.6449999999999996,excludes_lease_stocks,0.14957335292986723,24,414.780375,19.887399337733385,1.1689999999999827,4.246999999999957,Low,0.6803066262182504,0.0,1.0989205335467356
2025_04_23,2025-04-18,2025-04-23,2025-04-24T03:59:59+00:00,25.019,443.104,https://www.eia.gov/petroleum/supply/weekly/archive/2025/2025_04_23/csv/table9.csv,872700498d041b7d82e65a84119bf2f64d2989578b9985d9a5ea23baddf50be6,release_date_only_ny_end_of_day,418.085,1,-1.7547356351638947,24,31.418791666666667,3.647154328218176,-0.08600000000000207,2.314,excludes_lease_stocks,0.16764785933770912,24,414.90808333333325,18.94993875386837,0.3299999999999841,7.162999999999954,Low,0.7547356351638947,0.0,0.1509072646240986
2025_04_30,2025-04-25,2025-04-30,2025-05-01T03:59:59+00:00,25.701,440.408,https://www.eia.gov/petroleum/supply/weekly/archive/2025/2025_04_30/csv/table9.csv,8d038efd5ca5dcdfff874c7871a18ebbde5bfaa3859b8ac8c81148197e86b8a4,release_date_only_ny_end_of_day,414.707,1,-1.55396837938639,24,31.641208333333335,3.8226056669691846,0.6820000000000022,0.6230000000000011,excludes_lease_stocks,-0.0033973644204752297,24,414.76758333333333,17.83245063974216,-3.377999999999986,-0.007000000000005002,Low,0.5539683793863901,0.0,-1.0598064347415215
2025_05_07,2025-05-02,2025-05-07,2025-05-08T03:59:59+00:00,24.961,438.376,https://www.eia.gov/petroleum/supply/weekly/archive/2025/2025_05_07/csv/table9.csv,dccfccef6ba4eba7a31ac66c2abaf748b9ed4762972c19d50ba5db9f4750b446,release_date_only_ny_end_of_day,413.41499999999996,1,-1.6595729087106443,24,31.85575,4.154532749848678,-0.740000000000002,-0.7980000000000018,excludes_lease_stocks,-0.055082006081801735,24,414.3588333333334,17.13505735306286,-1.29200000000003,-3.171000000000049,Low,0.6595729087106443,0.0,1.2280839524458802
2025_05_14,2025-05-09,2025-05-14,2025-05-15T03:59:59+00:00,23.892,441.83,https://www.eia.gov/petroleum/supply/weekly/archive/2025/2025_05_14/csv/table9.csv,1a94512bf1871cbe8d579117586fe891e0e429b2216ac29c6120c50855071441,release_date_only_ny_end_of_day,417.938,1,-1.7310654807095003,24,32.11658333333333,4.751168240015032,-1.068999999999999,-1.213000000000001,excludes_lease_stocks,0.2771468564929089,24,413.36154166666665,16.512755696546854,4.523000000000025,0.18299999999999272,Low,0.7310654807095003,0.0,1.8505089988784542
2025_05_21,2025-05-16,2025-05-21,2025-05-22T03:59:59+00:00,23.435,443.158,https://www.eia.gov/petroleum/supply/weekly/archive/2025/2025_05_21/csv/table9.csv,06f9c659a2a84a1b3ea4480cb1eff6c2b16a59cab7e9069e7fb2318b0bb5db86,release_date_only_ny_end_of_day,419.723,1,-1.6547478024978675,24,32.39304166666667,5.413538941187514,-0.45700000000000074,-1.5839999999999996,excludes_lease_stocks,0.4093333249209803,24,413.3265833333333,15.626425402577485,1.785000000000025,1.6380000000000337,Low,0.6547478024978675,0.0,0.7562197457415266
2025_05_29,2025-05-23,2025-05-29,2025-05-30T03:59:59+00:00,23.51,440.363,https://www.eia.gov/petroleum/supply/weekly/archive/2025/2025_05_29/csv/table9.csv,17668dc2e6b89d666c9fb1113e22965afbaa2ad1dd89605c486ab78b87c08acb,release_date_only_ny_end_of_day,416.853,1,-1.4967114585733237,24,32.61445833333334,6.082974965670252,0.07500000000000284,-2.190999999999999,excludes_lease_stocks,0.224503234751832,24,413.5119583333333,14.881931079344591,-2.8700000000000045,2.146000000000015,Low,0.49671145857332366,0.0,-0.11225335939300353
2025_06_04,2025-05-30,2025-06-04,2025-06-05T03:59:59+00:00,24.086,436.059,https://www.eia.gov/petroleum/supply/weekly/archive/2025/2025_06_04/csv/table9.csv,6f9ba5fd13b528c53d0be545ccf6dbe1e7e4eb72602f22ed9f0a0b507352418b,release_date_only_ny_end_of_day,411.973,1,-1.2608101837303012,24,32.718875,6.847085399055318,0.575999999999997,-0.875,excludes_lease_stocks,-0.08300046885200167,24,413.145125,14.121908179699718,-4.8799999999999955,-1.4419999999999504,Low,0.2608101837303012,0.0,-0.7262266658286497
2025_06_11,2025-06-06,2025-06-11,2025-06-12T03:59:59+00:00,23.683,432.415,https://www.eia.gov/petroleum/supply/weekly/archive/2025/2025_06_11/csv/table9.csv,e707d8b5b5bcacd58036d93b7a3cf191cabe4c771992911837f2be25370194cb,release_date_only_ny_end_of_day,408.732,1,-1.2138541031899708,24,32.753458333333334,7.472445254743921,-0.4029999999999987,-0.20899999999999963,excludes_lease_stocks,-0.2618137060276691,24,412.20200000000006,13.253698794643352,-3.2409999999999854,-9.20599999999996,Low,0.21385410318997078,0.0,0.4891832035855566
2025_06_18,2025-06-13,2025-06-18,2025-06-19T03:59:59+00:00,22.688,420.942,https://www.eia.gov/petroleum/supply/weekly/archive/2025/2025_06_18/csv/table9.csv,126a3882fe5ef4036c3a7cc7ab38e049ea3b80f94b9731cc2cd8ed945944d3bf,release_date_only_ny_end_of_day,398.254,1,-1.2816346110835526,24,32.758541666666666,7.857576238638382,-0.995000000000001,-0.7469999999999999,excludes_lease_stocks,-1.1098921566313538,24,411.5641666666667,11.992306267903126,-10.478000000000009,-21.468999999999994,Low,0.2816346110835526,0.0,1.2752264380281362
2025_06_25,2025-06-20,2025-06-25,2025-06-26T03:59:59+00:00,22.224,415.106,https://www.eia.gov/petroleum/supply/weekly/archive/2025/2025_06_25/csv/table9.csv,a91496ac4b26d9f5d145b6e7f6c48f9be26be239b2ededc678181e674b3a86fc,release_date_only_ny_end_of_day,392.882,1,-1.301454206857754,24,32.56991666666667,7.94950495541904,-0.46399999999999864,-1.2860000000000014,excludes_lease_stocks,-1.6161826419791625,24,411.3545000000001,11.4297106776118,-5.372000000000014,-23.971000000000004,Low,0.3014542068577539,0.0,0.603874751981996
2025_07_02,2025-06-27,2025-07-02,2025-07-03T03:59:59+00:00,20.731,418.951,https://www.eia.gov/petroleum/supply/weekly/archive/2025/2025_07_02/csv/table9.csv,082a64d314e48ecd50e2d75820bca5e2267ee00285f58ef48724cc45cae1304e,release_date_only_ny_end_of_day,398.22,1,-1.4506698914192147,24,32.22779166666667,7.925160461846467,-1.4929999999999986,-3.354999999999997,excludes_lease_stocks,-1.1999453501908488,24,411.12629166666665,10.75573288784685,5.338000000000022,-13.752999999999986,Low,0.45066989141921465,0.0,2.1658501478888854
2025_07_09,2025-07-04,2025-07-09,2025-07-10T03:59:59+00:00,21.195,426.021,https://www.eia.gov/petroleum/supply/weekly/archive/2025/2025_07_09/csv/table9.csv,2803c7fed778ce6ec861a2dd8d3c35db4404875c844357de1f2a57c485d777b9,release_date_only_ny_end_of_day,404.826,1,-1.3803092574981417,24,31.784791666666667,7.672042775298798,0.46399999999999864,-2.4879999999999995,excludes_lease_stocks,-0.5322073552272834,24,410.214625,10.12504796687512,6.6059999999999945,-3.906000000000006,Low,0.3803092574981417,0.0,-0.6404634954791358
2025_07_16,2025-07-11,2025-07-16,2025-07-17T03:59:59+00:00,21.408,422.162,https://www.eia.gov/petroleum/supply/weekly/archive/2025/2025_07_16/csv/table9.csv,ec28d496ae7880282fd5cd838615d56df40f45c75cab66ab30921d2d33854bb2,release_date_only_ny_end_of_day,400.75399999999996,1,-1.3834485029580488,24,31.438708333333334,7.25051081546293,0.21300000000000097,-1.2799999999999976,excludes_lease_stocks,-0.9274282384602002,24,408.955,8.842732687993262,-4.07200000000006,2.499999999999943,Low,0.3834485029580488,0.0,-0.29467453113006575
2025_07_23,2025-07-18,2025-07-23,2025-07-24T03:59:59+00:00,21.863,418.993,https://www.eia.gov/petroleum/supply/weekly/archive/2025/2025_07_23/csv/table9.csv,f5a1ced328059a0056bd4b4fc65086fbe9c130d75cac7fe098c7a470fcb8872b,release_date_only_ny_end_of_day,397.13,1,-1.3563274142578128,24,31.0115,6.7450527828533895,0.4549999999999983,-0.36100000000000065,excludes_lease_stocks,-1.3427414769265693,24,407.57254166666667,7.777030683947319,-3.623999999999967,4.2479999999999905,Low,0.3563274142578128,0.0,-0.6171289734873026
2025_07_30,2025-07-25,2025-07-30,2025-07-31T03:59:59+00:00,22.553,426.691,https://www.eia.gov/petroleum/supply/weekly/archive/2025/2025_07_30/csv/table9.csv,801555ffdfe9ea7d0663add8a8f5c3954093c513e5184534af9a32a259553ca5,release_date_only_ny_end_of_day,404.138,1,-1.3203650238440063,24,30.439791666666668,5.9731903861749425,0.6900000000000013,1.8219999999999992,excludes_lease_stocks,-0.2938231699079612,24,406.114125,6.725558779517072,7.007999999999981,5.9179999999999495,Low,0.32036502384400634,0.0,-0.911051866452366
2025_08_06,2025-08-01,2025-08-06,2025-08-07T03:59:59+00:00,23.006,423.662,https://www.eia.gov/petroleum/supply/weekly/archive/2025/2025_08_06/csv/table9.csv,2ebd665671de14d36e1b9460a33941939f3ccc6a60e257176041cd80189cee36,release_date_only_ny_end_of_day,400.65599999999995,1,-1.3272884167063694,24,29.755208333333332,5.0849598688439634,0.4529999999999994,1.811,excludes_lease_stocks,-0.5008153227604967,24,404.3800416666666,7.435957921853763,-3.4820000000000277,-4.170000000000073,Low,0.32728841670636943,0.0,-0.6012616527679846
2025_08_13,2025-08-08,2025-08-13,2025-08-14T03:59:59+00:00,23.051,426.698,https://www.eia.gov/petroleum/supply/weekly/archive/2025/2025_08_13/csv/table9.csv,78bd8b7e744f8ba0fdbdb030e5aacb850de2a076dbb7972a07ecdaca5e92e2af,release_date_only_ny_end_of_day,403.647,1,-1.4101873123496198,24,29.012208333333334,4.227245757445452,0.04499999999999815,1.6429999999999971,excludes_lease_stocks,0.17816996718285133,24,402.2838749999999,7.650700180020469,2.9910000000000423,2.893000000000029,Low,0.4101873123496198,0.0,-0.06345842905573029
2025_08_20,2025-08-15,2025-08-20,2025-08-21T03:59:59+00:00,23.47,420.684,https://www.eia.gov/petroleum/supply/weekly/archive/2025/2025_08_20/csv/table9.csv,6f3e3d2276db59e7c2d9b94257bbd173b76e8acf9a62ac309ee4ac76ca29c1f7,release_date_only_ny_end_of_day,397.21400000000006,1,-1.2882258107303335,24,28.19979166666667,3.671554806051597,0.4190000000000005,1.6069999999999993,excludes_lease_stocks,-0.5210807446932367,24,400.8093333333333,6.899762407167533,-6.432999999999936,0.08400000000006003,Low,0.2882258107303335,0.0,-0.5397666146960104
2025_08_27,2025-08-22,2025-08-27,2025-08-28T03:59:59+00:00,22.632,418.292,https://www.eia.gov/petroleum/supply/weekly/archive/2025/2025_08_27/csv/table9.csv,b109e63150a53ca812e3f6692335d8a964124b4a6945938f4789a9c7471704a1,release_date_only_ny_end_of_day,395.65999999999997,1,-1.3703063830731108,24,27.38179166666667,3.466226039182982,-0.8379999999999974,0.07900000000000063,excludes_lease_stocks,-0.7092136777474766,24,399.6003333333333,5.555918416362441,-1.5540000000000873,-8.478000000000009,Low,0.3703063830731108,0.0,1.1483167490152633
2025_09_04,2025-08-29,2025-09-04,2025-09-05T03:59:59+00:00,24.222,420.707,https://www.eia.gov/petroleum/supply/weekly/archive/2025/2025_09_04/csv/table9.csv,d1e7e0afdedc533497a92ff4094f4e67d5a76d51cc33e6a5779d1053fdf26960,release_date_only_ny_end_of_day,396.485,1,-0.7261807902559858,24,26.618125000000003,3.299625977651301,1.5899999999999999,1.216000000000001,excludes_lease_stocks,-0.382724002146647,24,398.7187916666667,5.836560169045127,0.8250000000000455,-4.170999999999935,Normal,0.0,0.0,-1.1546274565070174
2025_09_10,2025-09-05,2025-09-10,2025-09-11T03:59:59+00:00,23.857,424.646,https://www.eia.gov/petroleum/supply/weekly/archive/2025/2025_09_10/csv/table9.csv,9f6552697cda4c9a45406ad1daf7cd0c07feaf9b628acc01fd9102eed16746a2,release_date_only_ny_end_of_day,400.789,1,-0.7014330772638677,24,25.84545833333333,2.834851103814291,-0.365000000000002,0.8060000000000009,excludes_lease_stocks,0.620149112223353,24,397.5432916666666,5.233754704085416,4.303999999999974,-2.858000000000004,Normal,0.0,0.0,0.2560230732013131
2025_09_17,2025-09-12,2025-09-17,2025-09-18T03:59:59+00:00,23.561,415.361,https://www.eia.gov/petroleum/supply/weekly/archive/2025/2025_09_17/csv/table9.csv,4ea42ed6f8378d0ef446b88d37cab54962e969b42c4ffb42a89a47ead1a20d75,release_date_only_ny_end_of_day,391.8,1,-0.7148555313854386,24,25.19483333333333,2.2855433882799394,-0.2959999999999994,0.09100000000000108,excludes_lease_stocks,-1.010855691547718,24,397.80924999999996,5.944715996799907,-8.988999999999976,-5.414000000000044,Normal,0.0,0.0,0.21159723729008936
2025_09_24,2025-09-19,2025-09-24,2025-09-25T03:59:59+00:00,23.738,414.754,https://www.eia.gov/petroleum/supply/weekly/archive/2025/2025_09_24/csv/table9.csv,f3f7fc4f97aed36ff14fbac8e62f609f7779ad7e7e8580b7662f3557300b4acd,release_date_only_ny_end_of_day,391.016,1,-0.46744961220596304,24,24.677541666666666,2.0099314281871634,0.1769999999999996,1.105999999999998,excludes_lease_stocks,-1.1063815773262469,24,398.177625,6.473015410566763,-0.7839999999999918,-4.643999999999949,Normal,0.0,0.0,-0.08273858136045527
2025_10_01,2025-09-26,2025-10-01,2025-10-02T03:59:59+00:00,23.467,416.546,https://www.eia.gov/petroleum/supply/weekly/archive/2025/2025_10_01/csv/table9.csv,023bbe4d52d46a092733b36dcf66093abab5a4184a3736fcd10688dab2ab9231,release_date_only_ny_end_of_day,393.079,1,-0.4507718992630471,24,24.29479166666667,1.8363870241689877,-0.2710000000000008,-0.7550000000000026,excludes_lease_stocks,-0.9106215860375162,24,399.41937499999995,6.962689109522959,2.062999999999988,-3.406000000000006,Normal,0.0,0.0,0.12215918470028612
2025_10_08,2025-10-03,2025-10-08,2025-10-09T03:59:59+00:00,22.704,420.261,https://www.eia.gov/petroleum/supply/weekly/archive/2025/2025_10_08/csv/table9.csv,05602f1eb3b815acd46a3fbf8d1e2b937d4760e3c4175d92e66637efb2b0d09a,release_date_only_ny_end_of_day,397.557,1,-0.7432176022375855,24,24.145916666666665,1.9401002644791026,-0.7629999999999981,-1.1529999999999987,excludes_lease_stocks,-0.44345258228814144,24,400.48883333333333,6.611379548644286,4.478000000000009,-3.231999999999971,Normal,0.0,0.0,0.5670750305072764
2025_10_16,2025-10-10,2025-10-16,2025-10-17T03:59:59+00:00,22.001,423.785,https://www.eia.gov/petroleum/supply/weekly/archive/2025/2025_10_16/csv/table9.csv,865ce86c3093ae29342806244a7bb13a28e7ad0e07db28a0d5788fa7e8d1a9d9,release_date_only_ny_end_of_day,401.78400000000005,1,-1.0725305812521244,24,24.225166666666667,2.0737559427630163,-0.7029999999999994,-1.5599999999999987,excludes_lease_stocks,-0.01050524819554578,24,401.85987499999993,7.222580427186256,4.227000000000032,9.984000000000037,Low,0.07253058125212442,0.0,0.7539889986202428
2025_10_22,2025-10-17,2025-10-22,2025-10-23T03:59:59+00:00,21.231,422.824,https://www.eia.gov/petroleum/supply/weekly/archive/2025/2025_10_22/csv/table9.csv,fa805be674bd109797d3b48e449f070bc8a9696c68b6c949cec7ef7f46873b80,release_date_only_ny_end_of_day,401.593,1,-1.5667809030972955,24,24.44245833333333,2.0497175622863084,-0.7699999999999996,-2.506999999999998,excludes_lease_stocks,-0.21762269401356438,24,403.21395833333327,7.4484802271228885,-0.19100000000003092,10.576999999999998,Low,0.5667809030972955,0.0,1.206421295384917
2025_10_29,2025-10-24,2025-10-29,2025-10-30T03:59:59+00:00,22.565,415.966,https://www.eia.gov/petroleum/supply/weekly/archive/2025/2025_10_29/csv/table9.csv,34c263aed8cc8793939f0b2bf1b5385b320d40f1ee5572a7ad71763fe25e87f6,release_date_only_ny_end_of_day,393.401,1,-1.072163280092526,24,24.65833333333333,1.9524389355627614,1.3339999999999996,-0.9019999999999975,excludes_lease_stocks,-1.5430314431111896,24,405.08654166666673,7.573106639424893,-8.192000000000007,0.32200000000000273,Low,0.07216328009252604,0.0,-1.4302658156434294
2025_11_05,2025-10-31,2025-11-05,2025-11-06T04:59:59+00:00,22.865,421.168,https://www.eia.gov/petroleum/supply/weekly/archive/2025/2025_11_05/csv/table9.csv,8d6b7f5f944b45e0c48d97293224b6260a9a72d096ab0cbece76eb419c9efd39,release_date_only_ny_end_of_day,398.303,1,-1.0156931815617676,24,24.844416666666664,1.9488332722909893,0.29999999999999716,0.1609999999999978,excludes_lease_stocks,-1.0619526844529683,24,406.44208333333336,7.664261743945734,4.901999999999987,0.7459999999999809,Low,0.015693181561767577,0.0,-0.3047079544685274
2025_11_13,2025-11-07,2025-11-13,2025-11-14T04:59:59+00:00,22.519,427.581,https://www.eia.gov/petroleum/supply/weekly/archive/2025/2025_11_13/csv/table9.csv,4556fd8a1683382da1e739a72e7495eaee35ec1e809ad3f1164ea8ef5d1ccb04,release_date_only_ny_end_of_day,405.062,1,-1.225535733566531,24,25.067458333333335,2.0794647300220785,-0.3460000000000001,0.5179999999999971,excludes_lease_stocks,-0.11939840433467229,24,406.0624583333333,8.379159997222747,6.7590000000000146,3.277999999999963,Low,0.2255357335665309,0.0,0.4240353638140198
2025_11_19,2025-11-14,2025-11-19,2025-11-20T04:59:59+00:00,21.821,424.155,https://www.eia.gov/petroleum/supply/weekly/archive/2025/2025_11_19/csv/table9.csv,cd54eb39f96291696e68b48fcff812027e9b31369e47d4f0b76745c7e02fe85a,release_date_only_ny_end_of_day,402.33399999999995,1,-1.5388302912846559,24,25.308125,2.2660880928519127,-0.6979999999999968,0.5899999999999999,excludes_lease_stocks,-0.47488041805537595,24,406.205,8.15152584276204,-2.7280000000000655,0.7409999999999286,Low,0.5388302912846559,0.0,1.074103543316685
2025_11_26,2025-11-21,2025-11-26,2025-11-27T04:59:59+00:00,21.753,426.929,https://www.eia.gov/petroleum/supply/weekly/archive/2025/2025_11_26/csv/table9.csv,c2d6ad32c40c7e832fd9a60bee3ef6879a17f83afb502a9a4a849c42cb3d734d,release_date_only_ny_end_of_day,405.176,1,-1.5084340123121074,24,25.63683333333333,2.5747452667022808,-0.06800000000000139,-0.8120000000000012,excludes_lease_stocks,-0.0617044200313445,24,405.7030833333333,8.5420677005892,2.8420000000000414,11.774999999999977,Low,0.5084340123121074,0.0,0.1025735128372254
2025_12_03,2025-11-28,2025-12-03,2025-12-04T04:59:59+00:00,21.296,427.503,https://www.eia.gov/petroleum/supply/weekly/archive/2025/2025_12_03/csv/table9.csv,954f58c3fa727d7347f243715519ee5a9af7627fc0f23fe21186f0431f1082fa,release_date_only_ny_end_of_day,406.207,1,-1.5446072277468017,24,25.914416666666668,2.9900265800282386,-0.45700000000000074,-1.568999999999999,excludes_lease_stocks,0.14146783752541758,24,404.92829166666667,9.038862512502753,1.031000000000006,7.903999999999996,Low,0.5446072277468017,0.0,0.7058855030802895
2025_12_10,2025-12-05,2025-12-10,2025-12-11T04:59:59+00:00,21.604,425.691,https://www.eia.gov/petroleum/supply/weekly/archive/2025/2025_12_10/csv/table9.csv,be65709cbb044ecc95b8a2471cfbccb8c76961abba90e0f11f358667419f7347,release_date_only_ny_end_of_day,404.087,1,-1.3038518032029263,24,26.17625,3.5067252189000455,0.30799999999999983,-0.9149999999999991,excludes_lease_stocks,0.10353723707692099,24,403.13050000000004,9.238222179807014,-2.1200000000000045,-0.9750000000000227,Low,0.30385180320292626,0.0,-0.40158635538650106
2025_12_17,2025-12-12,2025-12-17,2025-12-18T04:59:59+00:00,20.862,424.417,https://www.eia.gov/petroleum/supply/weekly/archive/2025/2025_12_17/csv/table9.csv,43876764e3c73cdf23307aa01e4c1ad807300996127ae1b57eac7478ac1bb522,release_date_only_ny_end_of_day,403.55499999999995,1,-1.4775857607958143,24,27.050166666666666,4.188025379544655,-0.7420000000000009,-0.9590000000000032,excludes_lease_stocks,0.20382823448124315,24,401.45875000000007,10.284394629306309,-0.5320000000000391,1.2210000000000036,Low,0.4775857607958143,0.0,1.0963686345104955
2025_12_29,2025-12-19,2025-12-29,2025-12-30T04:59:59+00:00,21.569,424.822,https://www.eia.gov/petroleum/supply/weekly/archive/2025/2025_12_29/csv/table9.csv,3240f3011bfc17f0824d2a472180d58e4018bea2333ffabe8cdd9212d2673eff,release_date_only_ny_end_of_day,403.253,1,-1.4249406963209665,24,27.940833333333334,4.471648083169129,0.7070000000000007,-0.18400000000000105,excludes_lease_stocks,0.32517082297494815,24,399.80675,10.59827560317572,-0.3019999999999641,-1.9230000000000018,Low,0.42494069632096654,0.0,-1.0074330722989244
2025_12_31,2025-12-26,2025-12-31,2026-01-01T04:59:59+00:00,22.112,422.888,https://www.eia.gov/petroleum/supply/weekly/archive/2025/2025_12_31/csv/table9.csv,fa8d63f503fecd5ea2bc7321cdd2148c6cbf9ebf8f4bc912600cbe59a6bdb04c,release_date_only_ny_end_of_day,400.77599999999995,1,-1.451745769372778,24,28.827583333333337,4.6258673350464,0.5429999999999993,0.815999999999999,excludes_lease_stocks,0.2254745040751018,24,398.4291666666666,10.408419980609626,-2.4770000000000323,-5.43100000000004,Low,0.451745769372778,0.0,-0.7882979527694174
2026_01_07,2026-01-02,2026-01-07,2026-01-08T04:59:59+00:00,22.84,419.056,https://www.eia.gov/petroleum/supply/weekly/archive/2026/2026_01_07/csv/table9.csv,fbd88479bd476da43538020f9b062b7ba0f11c964e6f4de32ec7665560568277,release_date_only_ny_end_of_day,396.216,1,-0.7070939156873431,24,27.039833333333334,5.9395693275776695,0.7280000000000015,1.2360000000000007,excludes_lease_stocks,-0.5953261910670519,24,401.00704166666657,8.047758923690527,-4.559999999999945,-7.870999999999981,Normal,0.0,0.0,-0.5147643706203869
2026_01_14,2026-01-09,2026-01-14,2026-01-15T04:59:59+00:00,23.585,422.447,https://www.eia.gov/petroleum/supply/weekly/archive/2026/2026_01_14/csv/table9.csv,23c1073ab474ca0a3627088614c573506eacc1f98a8a96682c870a6f2092bf8a,release_date_only_ny_end_of_day,398.862,1,-0.6283124673324395,24,27.572458333333334,6.346298284136343,0.745000000000001,2.7230000000000025,excludes_lease_stocks,-0.28047565088312154,24,401.2210416666667,8.410860833155546,2.646000000000015,-4.692999999999927,Normal,0.0,0.0,-0.4680927881626681
2026_01_22,2026-01-16,2026-01-22,2026-01-23T04:59:59+00:00,25.063,426.049,https://www.eia.gov/petroleum/supply/weekly/archive/2026/2026_01_22/csv/table9.csv,14fa45b067347b5da919d2da580b5d7f6402ac49f09061e5d9ad5c75be15f544,release_date_only_ny_end_of_day,400.986,1,-0.46648831853277806,24,28.154625,6.627443554693784,1.477999999999998,3.4939999999999998,excludes_lease_stocks,-0.16491551654856224,24,402.7050833333333,10.424024187118096,2.123999999999967,-2.266999999999996,Normal,0.0,0.0,-0.689469734791445
2026_01_28,2026-01-23,2026-01-28,2026-01-29T04:59:59+00:00,24.785,423.754,https://www.eia.gov/petroleum/supply/weekly/archive/2026/2026_01_28/csv/table9.csv,674c28baa0646869895ef10575b36879ff65b72c5a36de090e41583216699580,release_date_only_ny_end_of_day,398.969,1,-0.58576400699815,24,28.779208333333333,6.818801233285656,-0.2779999999999987,2.673000000000002,excludes_lease_stocks,-0.49498036677406687,24,405.260875,12.711362757690797,-2.016999999999996,-1.8069999999999595,Normal,0.0,0.0,0.16284239394548494
2026_02_04,2026-01-30,2026-02-04,2026-02-05T04:59:59+00:00,24.042,420.299,https://www.eia.gov/petroleum/supply/weekly/archive/2026/2026_02_04/csv/table9.csv,7c2149c3043069ed03016e2cce842f525f0261b829e54450e4faf2beefcfd644,release_date_only_ny_end_of_day,396.25699999999995,1,-0.7854663952423172,24,29.484625000000005,6.929163402746145,-0.7429999999999986,1.2020000000000017,excludes_lease_stocks,-0.8506804677856977,24,408.2211666666667,14.064231071167315,-2.712000000000046,0.04099999999993997,Normal,0.0,0.0,0.5836015316650406
2026_02_11,2026-02-06,2026-02-11,2026-02-12T04:59:59+00:00,25.113,428.829,https://www.eia.gov/petroleum/supply/weekly/archive/2026/2026_02_11/csv/table9.csv,a95c64c92a8a2a1e8d5c34d78a9ba1ab6f602dec54f20d46bd458ad0a394cd11,release_date_only_ny_end_of_day,403.716,1,-0.7215574788726921,24,30.118125000000003,6.9365575807205815,1.070999999999998,1.5279999999999987,excludes_lease_stocks,-0.4671143490795459,24,410.6779166666667,14.904095068766846,7.45900000000006,4.853999999999985,Normal,0.0,0.0,-0.7727880598726518
2026_02_19,2026-02-13,2026-02-19,2026-02-20T04:59:59+00:00,24.018,419.815,https://www.eia.gov/petroleum/supply/weekly/archive/2026/2026_02_19/csv/table9.csv,b307991a3d837069792fd732d85e58156e8ee48bbeb34afaf845fd57ebfe9960,release_date_only_ny_end_of_day,395.797,1,-0.9373526654230452,24,30.515125,6.931355976960629,-1.0949999999999989,-1.0449999999999982,excludes_lease_stocks,-1.139211909577305,24,413.2673333333334,15.335455314732087,-7.918999999999983,-5.1889999999999645,Normal,0.0,0.0,1.0264011686382335
2026_02_25,2026-02-20,2026-02-25,2026-02-26T04:59:59+00:00,24.899,435.804,https://www.eia.gov/petroleum/supply/weekly/archive/2026/2026_02_25/csv/table9.csv,fc13384fdeb6412134e7b0f6680416774f7e3d1b5308db2e6174dbadf5f5a0b6,release_date_only_ny_end_of_day,410.905,1,-0.8558127151170809,24,30.73708333333333,6.821683331188461,0.8810000000000002,0.11400000000000077,excludes_lease_stocks,-0.37335322713781977,24,416.4745833333333,14.917731864889967,15.107999999999947,11.935999999999979,Normal,0.0,0.0,-0.7539710020181485
2026_03_04,2026-02-27,2026-03-04,2026-03-05T04:59:59+00:00,26.463,439.279,https://www.eia.gov/petroleum/supply/weekly/archive/2026/2026_03_04/csv/table9.csv,3555db7ee5ee3f63fda418632fb17f6ea3e5bd5e2602d6dfe53686fa271c2d67,release_date_only_ny_end_of_day,412.816,1,-0.6735395303301586,24,30.9195,6.616538153024948,1.564,2.4209999999999994,excludes_lease_stocks,-0.44630545260817356,24,419.03379166666673,13.931695502106182,1.9110000000000014,16.559000000000026,Normal,0.0,0.0,-1.0534158254363681
2026_03_11,2026-03-06,2026-03-11,2026-03-12T03:59:59+00:00,26.58,443.103,https://www.eia.gov/petroleum/supply/weekly/archive/2026/2026_03_11/csv/table9.csv,d16e62967e2fb964c5c33eecda334e71c10fd1a72626ab82f544bc31b696572c,release_date_only_ny_end_of_day,416.523,1,-0.7303221654366017,24,31.104,6.194526489957292,0.11699999999999733,1.4669999999999987,excludes_lease_stocks,-0.34972412760294086,24,421.13379166666664,13.184082260122112,3.7070000000000505,12.807000000000016,Normal,0.0,0.0,-0.08544769335608045
2026_03_18,2026-03-13,2026-03-18,2026-03-19T03:59:59+00:00,27.524,449.259,https://www.eia.gov/petroleum/supply/weekly/archive/2026/2026_03_18/csv/table9.csv,64d4827f8d8544607e034576bf4b0e8aa3a1ba0ba7b2e606710fd94e84778f5a,release_date_only_ny_end_of_day,421.735,1,-0.6409760758384853,24,31.199375000000003,5.734028364774932,0.9440000000000026,3.5060000000000002,excludes_lease_stocks,-0.04782961986912655,24,422.34874999999994,12.832006645239789,5.211999999999989,25.937999999999988,Normal,0.0,0.0,-0.6050814155915317
2026_03_25,2026-03-20,2026-03-25,2026-03-26T03:59:59+00:00,30.945,456.185,https://www.eia.gov/petroleum/supply/weekly/archive/2026/2026_03_25/csv/table9.csv,d8aa82589cee0fb8dfa79d46bda157717f731c9d6f6f4f3ac493944ae80342a9,release_date_only_ny_end_of_day,425.24,1,-0.029595492374988614,24,31.102166666666665,5.31049339119926,3.4209999999999994,6.045999999999999,excludes_lease_stocks,0.18021270331109568,24,423.0427499999999,12.1925367059561,3.5049999999999955,14.335000000000036,Normal,0.0,0.0,-0.10124617941483603
2026_04_01,2026-03-27,2026-04-01,2026-04-02T03:59:59+00:00,31.465,461.636,https://www.eia.gov/petroleum/supply/weekly/archive/2026/2026_04_01/csv/table9.csv,2c9d5ab7e53c230f88139688bbaeef26aeac8c5e96b30c0b422ab88793fb335a,release_date_only_ny_end_of_day,430.17100000000005,1,0.12315574903355131,24,30.860249999999997,4.91044879955422,0.5199999999999996,5.001999999999999,excludes_lease_stocks,0.6185959094958051,24,423.28933333333333,11.12465595234167,4.93100000000004,17.355000000000075,Normal,0.0,0.0,0.06404098949744663
2026_04_08,2026-04-03,2026-04-08,2026-04-09T03:59:59+00:00,31.489,464.717,https://www.eia.gov/petroleum/supply/weekly/archive/2026/2026_04_08/csv/table9.csv,792c72bbd16be6dd4a37e7481b4a57e72c0b281e36118e2ca6947a5daa728966,release_date_only_ny_end_of_day,433.228,1,0.17675347115336787,24,30.675708333333333,4.601276916145992,0.02400000000000091,4.9090000000000025,excludes_lease_stocks,0.947701285863243,24,423.4785833333333,10.287436360061664,3.0569999999999595,16.704999999999984,Normal,0.0,0.0,0.00424208330768099
2026_04_15,2026-04-10,2026-04-15,2026-04-16T03:59:59+00:00,29.762,463.804,https://www.eia.gov/petroleum/supply/weekly/archive/2026/2026_04_15/csv/table9.csv,bbfffe49d5b33d326725905ecbe67b5566dc9f3fa8e89db89786ef257c2f4544,release_date_only_ny_end_of_day,434.042,1,-0.20849914145439238,24,30.695375000000002,4.476637138595462,-1.7270000000000003,2.2379999999999995,excludes_lease_stocks,1.146320746686594,24,423.38425,9.29735419236359,0.8139999999999645,12.30699999999996,Normal,0.0,0.0,0.3600780172917357
2026_04_22,2026-04-17,2026-04-22,2026-04-23T03:59:59+00:00,30.568,465.729,https://www.eia.gov/petroleum/supply/weekly/archive/2026/2026_04_22/csv/table9.csv,79e1635f06db1a32a886014da9eb9b446f88841418d5bc4ffaa280ee6c1ca80f,release_date_only_ny_end_of_day,435.161,1,-0.052975255479265786,24,30.804249999999996,4.459629271490001,0.8060000000000009,-0.3769999999999989,excludes_lease_stocks,1.4722490196611344,24,423.41220833333335,7.980166065500829,1.1190000000000282,9.920999999999992,Normal,0.0,0.0,-0.04269805591628827
2026_04_29,2026-04-24,2026-04-29,2026-04-30T03:59:59+00:00,29.772,459.495,https://www.eia.gov/petroleum/supply/weekly/archive/2026/2026_04_29/csv/table9.csv,ef86e56a2ca18e92bacee50a4721e1537e261fc9ed184fa418c4ea1c1c11600e,release_date_only_ny_end_of_day,429.723,1,-0.2736028308321268,24,31.034374999999997,4.613895975274278,-0.7960000000000029,-1.6930000000000014,excludes_lease_stocks,0.9583297462139174,24,423.25066666666663,6.753764410322951,-5.437999999999988,-0.4480000000000359,Normal,0.0,0.0,0.21778785334237372
2026_05_06,2026-05-01,2026-05-06,2026-05-07T03:59:59+00:00,29.124,457.182,https://www.eia.gov/petroleum/supply/weekly/archive/2026/2026_05_06/csv/table9.csv,02c606a37e241d9d22dc7a995c9a74e9e384058a2e16860b1e61251559e9f293,release_date_only_ny_end_of_day,428.058,1,-0.4213438890342452,24,31.219125000000002,4.972482227764598,-0.6479999999999997,-2.365000000000002,excludes_lease_stocks,0.8664866768764137,24,422.7970833333333,6.071549404119729,-1.6650000000000205,-5.170000000000016,Normal,0.0,0.0,0.27303084009419076
2026_05_13,2026-05-08,2026-05-13,2026-05-14T03:59:59+00:00,27.422,452.876,https://www.eia.gov/petroleum/supply/weekly/archive/2026/2026_05_13/csv/table9.csv,78478beaf71962841525416911ef39e2fabf1815d3417406cb6efbec7e399fde,release_date_only_ny_end_of_day,425.45399999999995,1,-0.7542526762149011,24,31.530916666666666,5.447666009336049,-1.7019999999999982,-2.34,excludes_lease_stocks,0.6699068022133614,24,421.69504166666667,5.611166091930615,-2.604000000000042,-8.588000000000022,Normal,0.0,0.0,1.2837380549177604
2026_05_20,2026-05-15,2026-05-20,2026-05-21T03:59:59+00:00,25.818,445.013,https://www.eia.gov/petroleum/supply/weekly/archive/2026/2026_05_20/csv/table9.csv,ad78244516646702b4fc2df5867d269ae464493107ecbf68c789f2b949e9e6fa,release_date_only_ny_end_of_day,419.195,1,-1.0218540573573538,24,31.8955,5.947522502104846,-1.6039999999999992,-4.75,excludes_lease_stocks,-0.3078150392389073,24,420.9292083333333,5.6339298353363185,-6.258999999999958,-15.966000000000008,Low,0.021854057357353796,0.0,1.6390539080011948
2026_05_28,2026-05-22,2026-05-28,2026-05-29T03:59:59+00:00,23.024,441.686,https://www.eia.gov/petroleum/supply/weekly/archive/2026/2026_05_28/csv/table9.csv,edaac3f5d5c0121ac80fd9fa9c9deae05c352887eaa70e0edb9904df5744d481,release_date_only_ny_end_of_day,418.662,1,-1.4315354475529298,24,32.24508333333333,6.4413936442131945,-2.7940000000000005,-6.7479999999999976,excludes_lease_stocks,-0.17383862870651123,24,419.9003333333333,7.123464689910784,-0.5330000000000155,-11.061000000000035,Low,0.43153544755292983,0.0,3.9997100404628867
2026_06_03,2026-05-29,2026-06-03,2026-06-04T03:59:59+00:00,22.441,433.712,https://www.eia.gov/petroleum/supply/weekly/archive/2026/2026_06_03/csv/table9.csv,9a6d07293ee9ac5a16accbca16e04b76f231eb2857c698d66b85660f1eec6e2d,release_date_only_ny_end_of_day,411.271,1,-1.437644874632322,24,32.519958333333335,7.010742716215666,-0.583000000000002,-6.683,excludes_lease_stocks,-0.7849178865388831,24,418.3155,8.974824145061705,-7.390999999999963,-16.786999999999978,Low,0.43764487463232205,0.0,0.8381469619106465
2026_06_10,2026-06-05,2026-06-10,2026-06-11T03:59:59+00:00,21.64,426.485,https://www.eia.gov/petroleum/supply/weekly/archive/2026/2026_06_10/csv/table9.csv,6a8ace903b17b66725d76b215ceb055405065deac1b65be51d1a03c6e5af9965,release_date_only_ny_end_of_day,404.845,1,-1.4603588421838207,24,32.666291666666666,7.550398811690658,-0.8009999999999984,-5.782,excludes_lease_stocks,-1.214293314657922,24,416.4685,9.572234203788257,-6.425999999999988,-20.608999999999924,Low,0.4603588421838207,0.0,1.169747432589238
2026_06_17,2026-06-12,2026-06-17,2026-06-18T03:59:59+00:00,20.034,418.222,https://www.eia.gov/petroleum/supply/weekly/archive/2026/2026_06_17/csv/table9.csv,cc407e9dcb486b61eb9480b8147a6ebd3299b2e3eddfe1f36c1cc2ec6c25fdd9,release_date_only_ny_end_of_day,398.188,1,-1.612485938731995,24,32.73370833333333,7.875856792475325,-1.6060000000000016,-5.7840000000000025,excludes_lease_stocks,-1.8211327093883247,24,414.84987500000005,9.14918221725664,-6.657000000000039,-21.007000000000005,Low,0.612485938731995,0.0,2.5896524176035864
2026_06_24,2026-06-19,2026-06-24,2026-06-25T03:59:59+00:00,18.957,412.134,https://www.eia.gov/petroleum/supply/weekly/archive/2026/2026_06_24/csv/table9.csv,dec5de046348cce07ac0931d55e93a5921f06cfcd7f327be0afbd006f72b60d1,release_date_only_ny_end_of_day,393.177,1,-1.701752917459952,24,32.5435,7.983826477159389,-1.0769999999999982,-4.067,excludes_lease_stocks,-2.146757814441262,24,413.4832916666667,9.45905100708893,-5.010999999999967,-25.484999999999957,Low,0.7017529174599519,0.0,1.8327878921043652
2026_07_01,2026-06-26,2026-07-01,2026-07-02T03:59:59+00:00,19.666,408.359,https://www.eia.gov/petroleum/supply/weekly/archive/2026/2026_07_01/csv/table9.csv,12b5b5f2fd4a8f88ae9882b240d1a48ca447ceec983ae936a8b50783eba79dd9,release_date_only_ny_end_of_day,388.693,1,-1.570170509911732,24,32.195,7.979388175303537,0.7089999999999996,-2.7749999999999986,excludes_lease_stocks,-2.342826713355754,24,412.06466666666665,9.975840950349333,-4.484000000000037,-22.57800000000003,Low,0.570170509911732,0.0,-1.1132508915274175
2026_07_08,2026-07-03,2026-07-08,2026-07-09T03:59:59+00:00,19.614,411.357,https://www.eia.gov/petroleum/supply/weekly/archive/2026/2026_07_08/csv/table9.csv,a668ffa3f036a825b2ef492bb58c5bcbfa6c326e1d6cc071cf3ee0a38e9c15cc,release_date_only_ny_end_of_day,391.74300000000005,1,-1.5341938389192604,24,31.645416666666666,7.842175063838097,-0.0519999999999996,-2.026,excludes_lease_stocks,-1.8717913901269465,24,410.46112500000004,10.000112778983617,3.050000000000068,-13.101999999999975,Low,0.5341938389192604,0.0,0.07977807962380093
2026_07_15,2026-07-10,2026-07-15,2026-07-16T03:59:59+00:00,20.044,409.665,https://www.eia.gov/petroleum/supply/weekly/archive/2026/2026_07_15/csv/table9.csv,dac9165d7bc40f0da5a7380ff504d7c7df59b3734d02725a4212c2a4797399a9,release_date_only_ny_end_of_day,389.62100000000004,1,-1.470111753302171,24,31.163875,7.563965783568828,0.4299999999999997,0.010000000000001563,excludes_lease_stocks,-2.0261277174999814,24,408.41825,9.277426016951043,-2.122000000000014,-8.56699999999995,Low,0.47011175330217103,0.0,-0.6321480539199331
2026_07_22,2026-07-17,2026-07-22,2026-07-23T03:59:59+00:00,19.37,411.675,https://www.eia.gov/petroleum/supply/weekly/archive/2026/2026_07_22/csv/table9.csv,9d79cdd2860521a7c1382eb443c73e1ee39909cdf1a4c8f9f63d1c263da762e0,release_date_only_ny_end_of_day,392.305,1,-1.5640690303848617,24,30.61270833333333,7.188115175816057,-0.6739999999999995,0.41300000000000026,excludes_lease_stocks,-1.8164467678365357,24,407.1235,8.157959959184176,2.683999999999969,-0.8720000000000141,Low,0.5640690303848617,0.0,1.054182526479396
2026_07_29,2026-07-24,2026-07-29,2026-07-30T03:59:59+00:00,18.599,404.508,https://www.eia.gov/petroleum/supply/weekly/archive/2026/2026_07_29/csv/table9.csv,737fc140ac01733f0b57453cf3ab670481699f01b9150ea31f1995ce0b431e36,release_date_only_ny_end_of_day,385.909,1,-1.720930696198161,24,29.903499999999998,6.568829311356715,-0.7710000000000008,-1.0670000000000002,excludes_lease_stocks,-2.8875795595092546,24,405.78058333333325,6.88174400871242,-6.396000000000015,-2.783999999999992,Low,0.720930696198161,0.0,1.3268375667687835
2026_08_05,2026-07-31,2026-08-05,2026-08-06T03:59:59+00:00,20.955,406.987,https://www.eia.gov/petroleum/supply/weekly/archive/2026/2026_08_05/csv/table9.csv,6c47ddb026eb70c161d6830cd59f654e6724eaf6ac00a63cfce1c59f53404893,release_date_only_ny_end_of_day,386.03200000000004,1,-1.4163901721297854,24,29.133374999999997,5.774097533946039,2.355999999999998,1.3409999999999975,excludes_lease_stocks,-2.523918659584543,24,404.33183333333335,7.250563826151834,0.1230000000000473,-5.711000000000013,Low,0.41639017212978535,0.0,-3.3370152455377715
2026_08_12,2026-08-07,2026-08-12,2026-08-13T03:59:59+00:00,22.566,424.41,https://www.eia.gov/petroleum/supply/weekly/archive/2026/2026_08_12/csv/table9.csv,229967c8383fb38fc77f19a455d6a775429ce57929bd588e70588ec695ceea47,release_date_only_ny_end_of_day,401.84400000000005,1,-1.1804809861551449,24,28.385791666666666,4.930017285260875,1.6110000000000007,2.5219999999999985,excludes_lease_stocks,-0.02237561064364985,24,402.01312499999995,7.558452937591306,15.812000000000012,12.223000000000013,Low,0.18048098615514485,0.0,-1.9017548686959391
2026_08_19,2026-08-14,2026-08-19,2026-08-20T03:59:59+00:00,21.252,428.815,https://www.eia.gov/petroleum/supply/weekly/archive/2026/2026_08_19/csv/table9.csv,b3e50b7bf1f49f29536a4ca2711a335d0645abdb8c0584840073372488f8acf3,release_date_only_ny_end_of_day,407.563,1,-1.4784440980071376,24,27.597958333333327,4.292322139124053,-1.314,1.881999999999998,excludes_lease_stocks,1.0544205856893543,24,400.49150000000003,6.706526879287722,5.718999999999937,15.257999999999981,Low,0.4784440980071376,0.0,1.9426755447813788
2026_08_26,2026-08-21,2026-08-26,2026-08-27T03:59:59+00:00,22.428,428.91,https://www.eia.gov/petroleum/supply/weekly/archive/2026/2026_08_26/csv/table9.csv,8353466069baccd3b5d1283bf365120bb51a5b16329620faccf1fb78f597c350,release_date_only_ny_end_of_day,406.482,1,-1.1027767016010535,24,26.79025,3.955696555491894,1.176000000000002,3.8290000000000006,excludes_lease_stocks,1.4708680360714759,24,398.758875,5.2507259730979285,-1.0809999999999604,20.573000000000036,Low,0.10277670160105346,0.0,-1.296865401082841
2026_09_02,2026-08-28,2026-09-02,2026-09-03T03:59:59+00:00,22.508,424.46,https://www.eia.gov/petroleum/supply/weekly/archive/2026/2026_09_02/csv/table9.csv,732378304a986fe6c44c680ac48fcc268005c7a8ef3fe00ff8e686d55bdddf1e,release_date_only_ny_end_of_day,401.952,1,-0.9615049658936916,24,26.02525,3.658067430500285,0.0799999999999983,1.5530000000000008,excludes_lease_stocks,0.8994448874530712,24,397.214375,5.26727659035937,-4.53000000000003,15.919999999999959,Normal,0.0,0.0,-0.07692039727149369
2026_09_10,2026-09-04,2026-09-10,2026-09-11T03:59:59+00:00,21.824,424.069,https://www.eia.gov/petroleum/supply/weekly/archive/2026/2026_09_10/csv/table9.csv,2cca190aac8536edea506915fba55811923f735c640019a0bcc948c58e502fbe,release_date_only_ny_end_of_day,402.245,1,-1.1098819922504224,24,25.239833333333337,3.077654522898703,-0.6839999999999975,-0.7419999999999973,excludes_lease_stocks,1.4394643396644646,24,395.87208333333336,4.427283463063872,0.29300000000000637,0.4009999999999536,Low,0.10988199225042239,0.0,0.7591592826992861
