decision_date,week_ending,cushing_mbbl,inv_z,state,price_date,F2,F3,spread,price_identity,relationship,release_date,report_id,source_url,sha256,knowledge_cutoff,inv_reference_n,inv_reference_mean,inv_reference_std,year,period_index,season_sin,season_cos,fitted_D1,fitted_D2,adjusted_spread,fitted_D1_no_year_fe,fitted_D2_no_year_fe
2015-01-07,2015-01-02,32.098,-0.8458650312796481,Normal,2015-01-06,48.46,49.16,-0.6999999999999957,EIA daily delivery rank; actual contract identities unavailable,inventory published after the matched quote; descriptive association only,2015-01-07,2015_01_07,https://www.eia.gov/petroleum/supply/weekly/archive/2015/2015_01_07/csv/table9.csv,171a7c21677d993d5a4ccbfc939cb9cf863766907c812c6e9d99a4810c88c71d,2015-01-08T04:59:59+00:00,24,39.702125,8.989761627214063,2015,0,0.01716632975470737,0.9998526477050269,-0.622478087931963,-0.5820580089448073,-0.0376766116836873,-0.07865808306703878,0.2673981829312883
2015-01-14,2015-01-09,33.874,-0.7011761199820868,Normal,2015-01-13,46.51,47.24,-0.730000000000004,EIA daily delivery rank; actual contract identities unavailable,inventory published after the matched quote; descriptive association only,2015-01-14,2015_01_14,https://www.eia.gov/petroleum/supply/weekly/archive/2015/2015_01_14/csv/table9.csv,e080369a256f4064fb6091ae7370902b9bf517faf6b769eeea880a0321e5905b,2015-01-15T04:59:59+00:00,24,40.084624999999996,8.857439412167457,2015,1,0.13690605792347524,0.990584035457797,-0.6553306470767042,-0.6263492691907856,-0.05537731970196125,-0.11370782133222704,0.17090249602161417
2015-01-22,2015-01-16,36.783,-0.3993966477000173,Normal,2015-01-21,48.43,49.22,-0.7899999999999991,EIA daily delivery rank; actual contract identities unavailable,inventory published after the matched quote; descriptive association only,2015-01-22,2015_01_22,https://www.eia.gov/petroleum/supply/weekly/archive/2015/2015_01_22/csv/table9.csv,ddae7b4a238d9c408319b0fc5ac3bab884a2077d2c943345e5c4ba3a3c9e0787,2015-01-23T04:59:59+00:00,24,40.289375,8.779179845879929,2015,2,0.2546711202412287,0.9670277247913204,-0.7075042991716376,-0.7028186181871489,-0.10563401911847548,-0.17297919926851799,-0.017091167015373582
2015-01-28,2015-01-23,38.868,-0.16531681081358426,Normal,2015-01-27,46.95,47.95,-1.0,EIA daily delivery rank; actual contract identities unavailable,inventory published after the matched quote; descriptive association only,2015-01-28,2015_01_28,https://www.eia.gov/petroleum/supply/weekly/archive/2015/2015_01_28/csv/table9.csv,c71487069988ad8d8001ff74277b25bf66b29218796d037bf559ab220345b582,2015-01-29T04:59:59+00:00,24,40.31195833333333,8.734491829518621,2015,3,0.3687629311922601,0.9295234803804003,-0.7479863280672843,-0.7616224689477614,-0.30858724252348047,-0.21921991941200195,-0.16060359360455212
2015-02-04,2015-01-30,41.384,0.12747862715011682,Normal,2015-02-03,53.86,54.95,-1.0900000000000034,EIA daily delivery rank; actual contract identities unavailable,inventory published after the matched quote; descriptive association only,2015-02-04,2015_02_04,https://www.eia.gov/petroleum/supply/weekly/archive/2015/2015_02_04/csv/table9.csv,10c8a8779fafabb202f845ee529b8719e8ffa3fbec7ec9514f7d0190f32710b9,2015-02-05T04:59:59+00:00,24,40.271166666666666,8.729567914336569,2015,4,0.47753588643748823,0.8786122450571483,-0.7940097521877263,-0.8306106831153466,-0.3943386291673677,-0.2731934688535003,-0.3360315753395053
2015-02-11,2015-02-06,42.598,0.272240042564851,Normal,2015-02-10,50.93,52.16,-1.2299999999999969,EIA daily delivery rank; actual contract identities unavailable,inventory published after the matched quote; descriptive association only,2015-02-11,2015_02_11,https://www.eia.gov/petroleum/supply/weekly/archive/2015/2015_02_11/csv/table9.csv,5a5c832f228893d14270189047f70dcc49e0e1eb62de32e3c0999720bf8350de,2015-02-12T04:59:59+00:00,24,40.23945833333334,8.663463480412974,2015,5,0.5794210982045637,0.8150283375168114,-0.8171092648921436,-0.8640078528676545,-0.5329494589659718,-0.3006813255592353,-0.4184054100976806
2015-02-19,2015-02-13,46.261,0.7281009489184441,Normal,2015-02-18,52.82,53.97,-1.1499999999999986,EIA daily delivery rank; actual contract identities unavailable,inventory published after the matched quote; descriptive association only,2015-02-19,2015_02_19,https://www.eia.gov/petroleum/supply/weekly/archive/2015/2015_02_19/csv/table9.csv,28b6d05acf755e12c35a2ccd8b080631359aea5ffce422f76f34db82a7077e78,2015-02-20T04:59:59+00:00,24,40.147708333333334,8.396214392726234,2015,6,0.6729490241558329,0.7396888608649668,-0.8802651037772176,-0.9633123278095052,-0.4544397686291508,-0.37744131452958923,-0.6853730428300466
2015-02-25,2015-02-20,48.68,1.0615995355630137,High,2015-02-24,50.83,52.34,-1.5100000000000051,EIA daily delivery rank; actual contract identities unavailable,inventory published after the matched quote; descriptive association only,2015-02-25,2015_02_25,https://www.eia.gov/petroleum/supply/weekly/archive/2015/2015_02_25/csv/table9.csv,4a40e79b90690ebd2e25e9e366d7e357a59a9ae4b806bc6c4a5b452e4f935572,2015-02-26T04:59:59+00:00,24,39.969458333333336,8.205110660722996,2015,7,0.7567706633464626,0.653680474772006,-0.923966176956227,-1.021577726380891,-0.8187880626610556,-0.4318811574542327,-0.8439955197864866
2015-03-04,2015-02-27,49.216,1.1642222660522972,High,2015-03-03,52.5,54.07,-1.5700000000000003,EIA daily delivery rank; actual contract identities unavailable,inventory published after the matched quote; descriptive association only,2015-03-04,2015_03_04,https://www.eia.gov/petroleum/supply/weekly/archive/2015/2015_03_04/csv/table9.csv,c8a9d423b2898ade9966ec84b175c26417617845ad8b65f8eea3fd43e32e146d,2015-03-05T04:59:59+00:00,24,39.71454166666667,8.161206507028378,2015,8,0.8296770135526188,0.5582437220268648,-0.9333464608726986,-1.0185898568926244,-0.8859316234006319,-0.4460927325186467,-0.8392011012671265
2015-03-11,2015-03-06,51.538,1.465350694655879,High,2015-03-10,50.07,51.44,-1.3699999999999974,EIA daily delivery rank; actual contract identities unavailable,inventory published after the matched quote; descriptive association only,2015-03-11,2015_03_11,https://www.eia.gov/petroleum/supply/weekly/archive/2015/2015_03_11/csv/table9.csv,3386db97b6b4454bae6248619d28a800eee2eb4dab96fcb8442e9ff732079068,2015-03-12T03:59:59+00:00,24,39.489625000000004,8.222178515996417,2015,9,0.8982917515547528,0.4393995096591417,-0.9661750611762199,-1.0193311272743597,-0.6973845011408892,-0.4901615517591066,-0.8486981431602358
2015-03-18,2015-03-13,54.403,1.775820019451975,High,2015-03-17,45.19,47.06,-1.8700000000000045,EIA daily delivery rank; actual contract identities unavailable,inventory published after the matched quote; descriptive association only,2015-03-18,2015_03_18,https://www.eia.gov/petroleum/supply/weekly/archive/2015/2015_03_18/csv/table9.csv,294a7b5b716a35cdf65d759f43ea25b65a83f4e2dd2578762304618e1d61fb69,2015-03-19T03:59:59+00:00,24,39.403333333333336,8.44661424151284,2015,10,0.9444892287836613,0.32854238191083485,-0.9987322944465071,-1.0191667942784823,-1.2101212403737267,-0.5343468013722764,-0.8588899003809648
2015-03-25,2015-03-20,56.314,1.9372674110185852,High,2015-03-24,49.13,50.46,-1.3299999999999983,EIA daily delivery rank; actual contract identities unavailable,inventory published after the matched quote; descriptive association only,2015-03-25,2015_03_25,https://www.eia.gov/petroleum/supply/weekly/archive/2015/2015_03_25/csv/table9.csv,4ac8532ffb0333e0a95e20f8104532e0013feb5c8ec819253b54766e8a66b62c,2015-03-26T03:59:59+00:00,24,39.42245833333333,8.719261765615185,2015,11,0.9770638564833508,0.21294651993841582,-1.0085408404960428,-1.01062450933407,-0.6852013119223489,-0.552042064839196,-0.8516478551678976
2015-04-01,2015-03-27,58.943,2.1521580201607975,High,2015-03-31,49.34,50.78,-1.4399999999999977,EIA daily delivery rank; actual contract identities unavailable,inventory published after the matched quote; descriptive association only,2015-04-01,2015_04_01,https://www.eia.gov/petroleum/supply/weekly/archive/2015/2015_04_01/csv/table9.csv,4f194b812d6a6183f4dcb9ab3645c3fedf32dda6ff5e03202ce7df3ed36107e2,2015-04-02T03:59:59+00:00,24,39.413500000000006,9.074380141724378,2015,12,0.9955457941960382,0.09427922177542453,-1.0235719532649874,-1.0021205742805928,-0.8124072082288946,-0.576806512698097,-0.8477917085466689
2015-04-08,2015-04-03,60.175,2.221885402783906,High,2015-04-07,55.23,56.09,-0.8600000000000065,EIA daily delivery rank; actual contract identities unavailable,inventory published after the matched quote; descriptive association only,2015-04-08,2015_04_08,https://www.eia.gov/petroleum/supply/weekly/archive/2015/2015_04_08/csv/table9.csv,e473bfde0bbc67a20299eed4e7dd74372f80d2dbdfd13822726566fcd5d887be,2015-04-09T03:59:59+00:00,24,39.373583333333336,9.362056495174583,2015,13,0.9996684675143132,-0.025747913654988314,-1.0167709367687283,-0.98586062196666,-0.25149075988152425,-0.5760019440774629,-0.8276012123978727
2015-04-15,2015-04-10,61.462,2.266730637709546,High,2015-04-14,54.87,56.04,-1.1700000000000017,EIA daily delivery rank; actual contract identities unavailable,inventory published after the matched quote; descriptive association only,2015-04-15,2015_04_15,https://www.eia.gov/petroleum/supply/weekly/archive/2015/2015_04_15/csv/table9.csv,185909f3197841d722ca01e0d35a5bfaf38ab04a05958498d2e38f590ac6295a,2015-04-16T03:59:59+00:00,24,39.31133333333333,9.772077148544287,2015,14,0.9893724130196829,-0.14540367380368988,-1.004885328741451,-0.9669906674602395,-0.5821767150883217,-0.5696661565425295,-0.8036359529914339
2015-04-22,2015-04-17,62.2,2.234541176339771,High,2015-04-21,56.61,57.88,-1.2700000000000031,EIA daily delivery rank; actual contract identities unavailable,inventory published after the matched quote; descriptive association only,2015-04-22,2015_04_22,https://www.eia.gov/petroleum/supply/weekly/archive/2015/2015_04_22/csv/table9.csv,ac270fb82e4341de6330479bff415bb0264f0d71ee2440a97939fe92fe055968,2015-04-23T03:59:59+00:00,24,39.350500000000004,10.225589146416178,2015,15,0.9648061359537646,-0.26296220265651454,-0.9810161987020196,-0.943697165623794,-0.7041667097742462,-0.549386199163396,-0.771031700680242
2015-04-29,2015-04-24,61.686,2.083511376781147,High,2015-04-28,58.53,59.32,-0.7899999999999991,EIA daily delivery rank; actual contract identities unavailable,inventory published after the matched quote; descriptive association only,2015-04-29,2015_04_29,https://www.eia.gov/petroleum/supply/weekly/archive/2015/2015_04_29/csv/table9.csv,317833dc52bda1b3dcc2e41aa46f13f2a766e05bb55cae817233fa9c9621b460,2015-04-30T03:59:59+00:00,24,39.461958333333335,10.666628420815718,2015,16,0.926323968251495,-0.376727893635185,-0.9397052891906812,-0.9146043764974676,-0.24714357103818274,-0.5084752075611899,-0.7259830471277098
2015-05-06,2015-05-01,61.674,1.9815597015026367,High,2015-05-05,61.5,62.11,-0.6099999999999994,EIA daily delivery rank; actual contract identities unavailable,inventory published after the matched quote; descriptive association only,2015-05-06,2015_05_06,https://www.eia.gov/petroleum/supply/weekly/archive/2015/2015_05_06/csv/table9.csv,e34d4a206010b42783bce8863c53632a12ffd3679d2c9c327c47ea902c97b744,2015-05-07T03:59:59+00:00,24,39.558625,11.160589803693368,2015,17,0.8744809578310397,-0.4850598461951961,-0.904300143392753,-0.8868435386596333,-0.09077589189940083,-0.474889331902388,-0.6859046475396449
2015-05-13,2015-05-08,60.684,1.8110848751869313,High,2015-05-12,61.74,62.25,-0.509999999999998,EIA daily delivery rank; actual contract identities unavailable,inventory published after the matched quote; descriptive association only,2015-05-13,2015_05_13,https://www.eia.gov/petroleum/supply/weekly/archive/2015/2015_05_13/csv/table9.csv,a325882a0077266821b2a4f2846e7eddd75777936ecce04dff5fb5e28afcc97a,2015-05-14T03:59:59+00:00,24,39.59675,11.643435539056929,2015,18,0.8100248628547753,-0.5863955333706956,-0.8589660472255888,-0.8559932680621549,-0.014722811349312082,-0.42945253652662735,-0.6393302573503818
2015-05-20,2015-05-15,60.443,1.7415593800603943,High,2015-05-19,57.99,58.47,-0.4799999999999969,EIA daily delivery rank; actual contract identities unavailable,inventory published after the matched quote; descriptive association only,2015-05-20,2015_05_20,https://www.eia.gov/petroleum/supply/weekly/archive/2015/2015_05_20/csv/table9.csv,a090f245e3269768e70c926b256995f0d49e828e6ff26286ee96ff641957a5ef,2015-05-21T03:59:59+00:00,24,39.54170833333333,12.001480917602617,2015,19,0.7338853664321991,-0.6792733388972931,-0.8272833973896343,-0.8292617247114944,-0.008638930763548158,-0.4003965316842887,-0.6038253604516096
2015-05-28,2015-05-22,60.01,1.6709882819095114,High,2015-05-27,57.86,58.04,-0.17999999999999972,EIA daily delivery rank; actual contract identities unavailable,inventory published after the matched quote; descriptive association only,2015-05-28,2015_05_28,https://www.eia.gov/petroleum/supply/weekly/archive/2015/2015_05_28/csv/table9.csv,702ad44c69661bf9d23669bec21c28d71b1157b0e277f22d16dea7c9fb645a62,2015-05-29T03:59:59+00:00,24,39.49154166666667,12.279235321678012,2015,20,0.6471606673266062,-0.7623536388483902,-0.7955703255778465,-0.8028635942470572,0.26782070423764515,-0.37113400021021636,-0.5694836632584609
2015-06-03,2015-05-29,59.027,1.5557226477100994,High,2015-06-02,61.52,61.68,-0.1599999999999966,EIA daily delivery rank; actual contract identities unavailable,inventory published after the matched quote; descriptive association only,2015-06-03,2015_06_03,https://www.eia.gov/petroleum/supply/weekly/archive/2015/2015_06_03/csv/table9.csv,61cccc3c1f2c2cb7ba1216c198e514ea665a70b2c0399a78a0a7a3aeed436c81,2015-06-04T03:59:59+00:00,24,39.50479166666667,12.548643141544849,2015,21,0.5511016400746,-0.8344381237138473,-0.7581526825340575,-0.775370854707193,0.2649956283365891,-0.33471187713528766,-0.5322823680227584
2015-06-10,2015-06-05,58.003,1.4377823929780593,High,2015-06-09,60.61,60.98,-0.36999999999999744,EIA daily delivery rank; actual contract identities unavailable,inventory published after the matched quote; descriptive association only,2015-06-10,2015_06_10,https://www.eia.gov/petroleum/supply/weekly/archive/2015/2015_06_10/csv/table9.csv,3774d8cfe5636ef01ac1c715858ebfa22574b198ccc0b9929c3d625ea9487137,2015-06-11T03:59:59+00:00,24,39.52395833333333,12.852460676188471,2015,22,0.44709379298511426,-0.8944870822287955,-0.7211101544518823,-0.7488143136324268,0.033215059236363365,-0.2983190809459697,-0.49684026670363435
2015-06-17,2015-06-12,58.115,1.4469712413379132,High,2015-06-16,60.45,60.84,-0.39000000000000057,EIA daily delivery rank; actual contract identities unavailable,inventory published after the matched quote; descriptive association only,2015-06-17,2015_06_17,https://www.eia.gov/petroleum/supply/weekly/archive/2015/2015_06_17/csv/table9.csv,0e340c8c66910db50074236c1453ee792ed6d3a1cdbfb163641643e7032b9c9d,2015-06-18T03:59:59+00:00,24,39.373041666666666,12.952543767216795,2015,23,0.3366372842469106,-0.9416343976591258,-0.702562098021222,-0.7287645045441844,-0.007206850813887833,-0.2836321060132784,-0.4766263590869116
2015-06-24,2015-06-19,56.245,1.3230342407056905,High,2015-06-23,61.33,61.62,-0.28999999999999915,EIA daily delivery rank; actual contract identities unavailable,inventory published after the matched quote; descriptive association only,2015-06-24,2015_06_24,https://www.eia.gov/petroleum/supply/weekly/archive/2015/2015_06_24/csv/table9.csv,3eff3b14071d3d69d6b9594795fa271d7ca1190a6b7c099f9144b6af797da0aa,2015-06-25T03:59:59+00:00,24,39.058625,12.990121095303621,2015,24,0.22132528438243243,-0.9752000402445825,-0.6670681681226973,-0.7049769999091386,0.0740244538030323,-0.24791283994562086,-0.44562036911897973
2015-07-01,2015-06-26,56.368,1.3650908728919224,High,2015-06-30,59.83,60.1,-0.2700000000000031,EIA daily delivery rank; actual contract identities unavailable,inventory published after the matched quote; descriptive association only,2015-07-01,2015_07_01,https://www.eia.gov/petroleum/supply/weekly/archive/2015/2015_07_01/csv/table9.csv,3c6f6e25d28435f668ba7c897c5850d1189697e06f5a9bbbe9a98ab71818086a,2015-07-02T03:59:59+00:00,24,38.65375,12.976608628605549,2015,25,0.10282099713736025,-0.9946998756145891,-0.6559560516914551,-0.6898353063258645,0.07717968354655746,-0.24077024652844323,-0.43434514452574746
2015-07-08,2015-07-03,56.667,1.4397901016721395,High,2015-07-07,52.71,53.03,-0.3200000000000003,EIA daily delivery rank; actual contract identities unavailable,inventory published after the matched quote; descriptive association only,2015-07-08,2015_07_08,https://www.eia.gov/petroleum/supply/weekly/archive/2015/2015_07_08/csv/table9.csv,5f9d492bf3802c1dcadd2ca322e960b80f4314cd7f106306af6b23d44e08dffa,2015-07-09T03:59:59+00:00,24,38.06829166666666,12.917652588202422,2015,26,-0.017166329754707124,-0.9998526477050269,-0.651163752774228,-0.6781823553657742,0.012501799123465884,-0.24038933317195493,-0.4295359851392825
2015-07-15,2015-07-10,57.105,1.536842874084525,High,2015-07-14,53.48,53.88,-0.4000000000000057,EIA daily delivery rank; actual contract identities unavailable,inventory published after the matched quote; descriptive association only,2015-07-15,2015_07_15,https://www.eia.gov/petroleum/supply/weekly/archive/2015/2015_07_15/csv/table9.csv,c78922cb83ef329ce454c98ec0a49e4594cb33b74b6cd11cd6a8f48aadf9dded,2015-07-16T03:59:59+00:00,24,37.41504166666667,12.811952780184084,2015,27,-0.13690605792347504,-0.990584035457797,-0.6514958822015476,-0.6698132000633799,-0.07979749285827392,-0.24525462180270585,-0.43033048384922906
2015-07-22,2015-07-17,57.918,1.667798703678154,High,2015-07-21,50.86,51.3,-0.4399999999999977,EIA daily delivery rank; actual contract identities unavailable,inventory published after the matched quote; descriptive association only,2015-07-22,2015_07_22,https://www.eia.gov/petroleum/supply/weekly/archive/2015/2015_07_22/csv/table9.csv,2e35f64f2c6ccf48c8f06dcfa1b9017144dd7226e806f03a4358e1f9c1f9878d,2015-07-23T03:59:59+00:00,24,36.762625,12.684609331656183,2015,28,-0.254671120241229,-0.9670277247913203,-0.6587252507462481,-0.6653729351013074,-0.1295407934417469,-0.25743406255896367,-0.43802703082639294
2015-07-29,2015-07-24,57.706,1.7393442393136742,High,2015-07-28,48.41,49.03,-0.6200000000000045,EIA daily delivery rank; actual contract identities unavailable,inventory published after the matched quote; descriptive association only,2015-07-29,2015_07_29,https://www.eia.gov/petroleum/supply/weekly/archive/2015/2015_07_29/csv/table9.csv,9a27a18722aa2d049978cd734d7b17b23540479b1932c29ea45d3177aa8b011c,2015-07-30T03:59:59+00:00,24,36.108916666666666,12.41679642544785,2015,29,-0.36876293119226006,-0.9295234803804003,-0.6601974378187091,-0.6612233836638721,-0.3165875700367497,-0.26165648463025887,-0.4432668679750206
2015-08-05,2015-07-31,57.164,1.815210992740705,High,2015-08-04,46.13,46.72,-0.5899999999999963,EIA daily delivery rank; actual contract identities unavailable,inventory published after the matched quote; descriptive association only,2015-08-05,2015_08_05,https://www.eia.gov/petroleum/supply/weekly/archive/2015/2015_08_05/csv/table9.csv,cbeb7754b1f3b9a709c2f4483fa4485334bf7efe242193d812c473a569bfa363,2015-08-06T03:59:59+00:00,24,35.454874999999994,11.959560121009615,2015,30,-0.4775358864374881,-0.8786122450571483,-0.6647815043959565,-0.6600469824968018,-0.29083618339285755,-0.26855436232142205,-0.4525253531820812
2015-08-12,2015-08-07,57.113,1.9094364584037544,High,2015-08-11,43.87,44.83,-0.9600000000000009,EIA daily delivery rank; actual contract identities unavailable,inventory published after the matched quote; descriptive association only,2015-08-12,2015_08_12,https://www.eia.gov/petroleum/supply/weekly/archive/2015/2015_08_12/csv/table9.csv,75ba72b910b68ce7c34b2368133b37725cf5e3cd449311dec25864e496b053c8,2015-08-13T03:59:59+00:00,24,34.841625,11.663847153425762,2015,31,-0.5794210982045637,-0.8150283375168114,-0.6744885193025989,-0.6624734576348028,-0.6622253535942515,-0.2805266749981503,-0.4671995501745111
2015-08-19,2015-08-14,57.439,2.0480944522430318,High,2015-08-18,43.12,44.09,-0.970000000000006,EIA daily delivery rank; actual contract identities unavailable,inventory published after the matched quote; descriptive association only,2015-08-19,2015_08_19,https://www.eia.gov/petroleum/supply/weekly/archive/2015/2015_08_19/csv/table9.csv,b03a05d7a6597bcbdc036b3f883a8d4fd5c4cf288172a4190c173d6c5d3b9d9c,2015-08-20T03:59:59+00:00,24,34.25516666666667,11.319709063194262,2015,32,-0.6729490241558326,-0.7396888608649671,-0.692944276110621,-0.6695787008431644,-0.6707350439310794,-0.3019303023605729,-0.4898526884881168
2015-08-26,2015-08-21,57.695,2.1890403549741078,High,2015-08-25,39.95,40.64,-0.6899999999999977,EIA daily delivery rank; actual contract identities unavailable,inventory published after the matched quote; descriptive association only,2015-08-26,2015_08_26,https://www.eia.gov/petroleum/supply/weekly/archive/2015/2015_08_26/csv/table9.csv,fe5d1b1b70683dc7d3a46358ab17eef0dd554f85700746d1b423a329afc06d22,2015-08-27T03:59:59+00:00,24,33.74433333333334,10.941171830041458,2015,33,-0.7567706633464625,-0.653680474772006,-0.7143717830880734,-0.6796345769292094,-0.3863867498991727,-0.3258280645333652,-0.5160973262293918
2015-09-02,2015-08-28,57.307,2.2556300312505977,High,2015-09-01,46.02,46.69,-0.6699999999999946,EIA daily delivery rank; actual contract identities unavailable,inventory published after the matched quote; descriptive association only,2015-09-02,2015_09_02,https://www.eia.gov/petroleum/supply/weekly/archive/2015/2015_09_02/csv/table9.csv,e325c311829f1b18519b2eab1bb7e82ef759652df4d8e74b5989466a24ddaf13,2015-09-03T03:59:59+00:00,24,33.396375,10.600419691496633,2015,34,-0.8296770135526185,-0.5582437220268655,-0.7282198515801525,-0.6894746760848964,-0.3592431891595886,-0.33955589016943766,-0.5380078718390612
2015-09-10,2015-09-04,56.41,2.2448503155201536,High,2015-09-09,44.8,45.48,-0.6799999999999997,EIA daily delivery rank; actual contract identities unavailable,inventory published after the matched quote; descriptive association only,2015-09-10,2015_09_10,https://www.eia.gov/petroleum/supply/weekly/archive/2015/2015_09_10/csv/table9.csv,f8f2cf5ce22905a9582c721dd4da7d013137d0962f56ef22b2b6dcb45ce9e68f,2015-09-11T03:59:59+00:00,24,33.18820833333333,10.344472193143067,2015,35,-0.8906165093267404,-0.45475513555610575,-0.7340069616540263,-0.6988739454299837,-0.3594073969297706,-0.34257684412785006,-0.555060663320279
2015-09-16,2015-09-11,54.504,2.116174816051359,High,2015-09-15,45.0,45.53,-0.5300000000000011,EIA daily delivery rank; actual contract identities unavailable,inventory published after the matched quote; descriptive association only,2015-09-16,2015_09_16,https://www.eia.gov/petroleum/supply/weekly/archive/2015/2015_09_16/csv/table9.csv,62bfd25d3c25d582ab2d9f25be6ffa6576b8420903c3da744815cb9433686b00,2015-09-17T03:59:59+00:00,24,32.921625,10.198767529173828,2015,36,-0.9387101892619443,-0.3447073839879337,-0.7260651062393528,-0.7060494084922446,-0.19702123985409442,-0.32813019162531765,-0.5628946978721218
2015-09-23,2015-09-18,54.042,2.11250368225224,High,2015-09-22,46.36,46.92,-0.5600000000000023,EIA daily delivery rank; actual contract identities unavailable,inventory published after the matched quote; descriptive association only,2015-09-23,2015_09_23,https://www.eia.gov/petroleum/supply/weekly/archive/2015/2015_09_23/csv/table9.csv,36c2474fb923413af8900f21ae6fcc9250856985ed6c22f2d58e5aecdc623e61,2015-09-24T03:59:59+00:00,24,32.66470833333333,10.119410368968131,2015,37,-0.9732643737003823,-0.2296877421317963,-0.7375977770189026,-0.7206586165743997,-0.21226336978897958,-0.33622416592402193,-0.5857790179215971
2015-09-30,2015-09-25,52.974,2.0375311033981567,High,2015-09-29,45.64,46.2,-0.5600000000000023,EIA daily delivery rank; actual contract identities unavailable,inventory published after the matched quote; descriptive association only,2015-09-30,2015_09_30,https://www.eia.gov/petroleum/supply/weekly/archive/2015/2015_09_30/csv/table9.csv,8f28ee499d31a837d22f133b5ae4553c66bc1dc56239d5bbd8421b9f0bbc29cf,2015-10-01T03:59:59+00:00,24,32.49533333333333,10.050725916533361,2015,38,-0.9937806700284985,-0.11135519690480865,-0.7414838092057399,-0.7345393366162476,-0.19534664701609028,-0.33432036944838167,-0.603521523531405
2015-10-07,2015-10-02,53.072,2.0714543752079924,High,2015-10-06,49.02,49.71,-0.6899999999999977,EIA daily delivery rank; actual contract identities unavailable,inventory published after the matched quote; descriptive association only,2015-10-07,2015_10_07,https://www.eia.gov/petroleum/supply/weekly/archive/2015/2015_10_07/csv/table9.csv,c9c57e0ef6cbffa23d043ef4f98786e6b6c8d865627392696ee14b9c139b6c88,2015-10-08T03:59:59+00:00,24,32.50941666666666,9.92664071168291,2015,39,-0.9999631612477099,0.008583481082087254,-0.762254994432991,-0.7547446311125854,-0.30651507005000617,-0.3520208760400894,-0.6339841908620936
2015-10-15,2015-10-09,54.197,2.1883883849087895,High,2015-10-14,47.16,47.96,-0.8000000000000043,EIA daily delivery rank; actual contract identities unavailable,inventory published after the matched quote; descriptive association only,2015-10-15,2015_10_15,https://www.eia.gov/petroleum/supply/weekly/archive/2015/2015_10_15/csv/table9.csv,472de1f3d416442f69a055b0dd3331c59c5ceaadd716d62b6a64125eecfc2c9b,2015-10-16T03:59:59+00:00,24,32.581875,9.877188687830158,2015,40,-0.9917226741361016,0.1283983551465503,-0.7961255702333954,-0.7799546690803323,-0.3960402563233072,-0.3848771673148038,-0.6741588102841675
2015-10-21,2015-10-16,54.119,2.164660397184815,High,2015-10-20,46.29,47.0,-0.7100000000000009,EIA daily delivery rank; actual contract identities unavailable,inventory published after the matched quote; descriptive association only,2015-10-21,2015_10_21,https://www.eia.gov/petroleum/supply/weekly/archive/2015/2015_10_21/csv/table9.csv,91b743fd7537eb5660a04fbd592f9140b894f8eceed216caee842fcb435957d8,2015-10-22T03:59:59+00:00,24,32.88775,9.808120492069646,2015,41,-0.9691780654392538,0.24636127429331414,-0.8121342254257538,-0.8008165397811863,-0.2842175245098514,-0.3957622381626908,-0.7010116418191643
2015-10-28,2015-10-23,53.334,2.031484831774558,High,2015-10-27,44.12,44.91,-0.7899999999999991,EIA daily delivery rank; actual contract identities unavailable,inventory published after the matched quote; descriptive association only,2015-10-28,2015_10_28,https://www.eia.gov/petroleum/supply/weekly/archive/2015/2015_10_28/csv/table9.csv,46370703589505464369598ee214b0d9575c251a5006ce02e724ccb5e2eb9a30,2015-10-29T03:59:59+00:00,24,33.36975,9.827417703414834,2015,42,-0.9326545075388223,0.3607707992167836,-0.8142879861543002,-0.8182795058254748,-0.3413616349930947,-0.38961652816390263,-0.7172781475860984
2015-11-04,2015-10-30,53.122,1.950265584298149,High,2015-11-03,48.8,49.62,-0.8200000000000003,EIA daily delivery rank; actual contract identities unavailable,inventory published after the matched quote; descriptive association only,2015-11-04,2015_11_04,https://www.eia.gov/petroleum/supply/weekly/archive/2015/2015_11_04/csv/table9.csv,f1f2a53ca0ef39a65f6b5e69393fe2d4135226ecf0176caf8d26f4c3d901e114,2015-11-05T04:59:59+00:00,24,33.94866666666667,9.83113966000345,2015,43,-0.8826787983255476,0.46997674302731957,-0.8244485568858455,-0.8385499303123611,-0.3478022499166129,-0.39286162185141926,-0.7388556919782602
2015-11-12,2015-11-06,55.359,2.145143036075719,High,2015-11-10,45.44,46.36,-0.9200000000000017,EIA daily delivery rank; actual contract identities unavailable,inventory published after the matched quote; descriptive association only,2015-11-12,2015_11_12,https://www.eia.gov/petroleum/supply/weekly/archive/2015/2015_11_12/csv/table9.csv,89ae21746666f2e82dcd407c1e7820f7f7a2a81d267a11c684a904dda6cdc7d9,2015-11-13T04:59:59+00:00,24,34.54866666666667,9.70114019594858,2015,44,-0.8199717629247775,0.5724039727378144,-0.8730770743836647,-0.8703645335387182,-0.42387917829898847,-0.44226608647133575,-0.7879867417559063
2015-11-18,2015-11-13,56.854,2.2487606676915965,High,2015-11-17,41.71,42.74,-1.0300000000000011,EIA daily delivery rank; actual contract identities unavailable,inventory published after the matched quote; descriptive association only,2015-11-18,2015_11_18,https://www.eia.gov/petroleum/supply/weekly/archive/2015/2015_11_18/csv/table9.csv,76c25e7a4eafcbcbd0309a72e8eb76d40ff221cc050f083b49d2600d6ff10c6e,2015-11-19T04:59:59+00:00,24,35.22741666666666,9.617112058231395,2015,45,-0.7454378568683,0.6665751282095635,-0.9094297382261658,-0.8985022166577448,-0.50993747479515,-0.4769256005886235,-0.827088227539051
2015-11-25,2015-11-20,58.598,2.404179697769342,High,2015-11-24,44.33,45.47,-1.1400000000000006,EIA daily delivery rank; actual contract identities unavailable,inventory published after the matched quote; descriptive association only,2015-11-25,2015_11_25,https://www.eia.gov/petroleum/supply/weekly/archive/2015/2015_11_25/csv/table9.csv,a51108fecf09ea8895af2a381c29171cf435e9752c1e93378bb67dad853188af,2015-11-26T04:59:59+00:00,24,35.95258333333334,9.41918638098377,2015,46,-0.6601521206712321,0.7511319308705195,-0.9528258659711116,-0.9284108977141988,-0.5963224627972212,-0.5202084843656862,-0.8702182322097026
2015-12-02,2015-11-27,59.026,2.392674000535493,High,2015-12-01,43.13,44.08,-0.9499999999999957,EIA daily delivery rank; actual contract identities unavailable,inventory published after the matched quote; descriptive association only,2015-12-02,2015_12_02,https://www.eia.gov/petroleum/supply/weekly/archive/2015/2015_12_02/csv/table9.csv,42ec875f9853a84e999c63700699df03df172b86e91ea0480fdcbc1d2ac61889,2015-12-03T04:59:59+00:00,24,36.69683333333333,9.332306307365437,2015,47,-0.5653446739747432,0.8248547748594242,-0.9729219910952732,-0.9508926854612193,-0.38337475365922336,-0.5357457541588669,-0.8948568950743793
2015-12-09,2015-12-04,59.449,2.4064100368926202,High,2015-12-08,39.01,40.21,-1.2000000000000028,EIA daily delivery rank; actual contract identities unavailable,inventory published after the matched quote; descriptive association only,2015-12-09,2015_12_09,https://www.eia.gov/petroleum/supply/weekly/archive/2015/2015_12_09/csv/table9.csv,9b8a6d77ba508aa8c63377765dc03d51b531c56ea218af77eacdcec07ce92dea,2015-12-10T04:59:59+00:00,24,37.52458333333333,9.110839936064057,2015,48,-0.4623829729035152,0.8866803180227398,-0.9957848081929992,-0.9733983438557657,-0.6114253338859416,-0.5550153518493919,-0.9200700230519241
2015-12-16,2015-12-11,60.056,2.4241378100963944,High,2015-12-15,38.51,39.56,-1.0500000000000043,EIA daily delivery rank; actual contract identities unavailable,inventory published after the matched quote; descriptive association only,2015-12-16,2015_12_16,https://www.eia.gov/petroleum/supply/weekly/archive/2015/2015_12_16/csv/table9.csv,6afeb66ce8b38639a8f9f25b5be3476d4f64033665f87c2ef92bae919ad2a865,2015-12-17T04:59:59+00:00,24,38.17041666666667,9.028192721627102,2015,49,-0.3527520865490943,0.9357168190404939,-1.0181946940009285,-0.9947507699698475,-0.4407907911458171,-0.5742633750538899,-0.9433645208556368
2015-12-23,2015-12-18,62.101,2.5843282354007266,High,2015-12-22,37.06,37.83,-0.769999999999996,EIA daily delivery rank; actual contract identities unavailable,inventory published after the matched quote; descriptive association only,2015-12-23,2015_12_23,https://www.eia.gov/petroleum/supply/weekly/archive/2015/2015_12_23/csv/table9.csv,44836701bc6fbb55965543a22feaea71ab2e6cf85dec6726a931329d3c964442,2015-12-24T04:59:59+00:00,24,38.69833333333333,9.055609247343863,2015,50,-0.2380332770614868,0.9712569994658311,-1.0588718848183563,-1.0202596991040527,-0.14176874796569627,-0.6161179574838622,-0.9784368363831469
2015-12-30,2015-12-25,62.993,2.6261204799812314,High,2015-12-29,38.86,39.69,-0.8299999999999983,EIA daily delivery rank; actual contract identities unavailable,inventory published after the matched quote; descriptive association only,2015-12-30,2015_12_30,https://www.eia.gov/petroleum/supply/weekly/archive/2015/2015_12_30/csv/table9.csv,01cfe4e7567e3ae3f97d7403481ae6e68fda3aff50337934b3d8faf07bfbfd20,2015-12-31T04:59:59+00:00,24,39.13908333333333,9.083329134555605,2015,51,-0.11988119229922752,0.99278824516254,-1.081737605915631,-1.039087248439198,-0.18463356896944338,-0.6372850340296108,-0.9986282920229759
2016-01-06,2016-01-01,63.91,1.8992261586217352,High,2016-01-05,37.18,38.23,-1.0499999999999972,EIA daily delivery rank; actual contract identities unavailable,inventory published after the matched quote; descriptive association only,2016-01-06,2016_01_06,https://www.eia.gov/petroleum/supply/weekly/archive/2016/2016_01_06/csv/table9.csv,e52d5760f41941b80201b405ab6be7e1d6b6ae807c10e5fa47a5b8188f919bd6,2016-01-07T04:59:59+00:00,24,42.92570833333334,11.048864070982951,2016,52,0.0,1.0,-0.9544616375794552,-0.96539825810551,-0.44888708864763815,-0.5301868706224628,-0.9379308365636247
2016-01-13,2016-01-08,64.007,2.0837669487666624,High,2016-01-12,31.52,32.64,-1.120000000000001,EIA daily delivery rank; actual contract identities unavailable,inventory published after the matched quote; descriptive association only,2016-01-13,2016_01_13,https://www.eia.gov/petroleum/supply/weekly/archive/2016/2016_01_13/csv/table9.csv,338c89c1a59ff126fd5d61ab3147f94ab96554d63cadc39f9fe39c18a6042859,2016-01-14T04:59:59+00:00,24,43.235833333333325,9.968085288501527,2016,53,0.11988119229922722,0.99278824516254,-0.9930906894295504,-0.9855219905694688,-0.5062363063133428,-0.5720493187658808,-0.9661066369006417
2016-01-21,2016-01-15,64.198,2.335135857735203,High,2016-01-20,28.35,29.69,-1.3399999999999999,EIA daily delivery rank; actual contract identities unavailable,inventory published after the matched quote; descriptive association only,2016-01-21,2016_01_21,https://www.eia.gov/petroleum/supply/weekly/archive/2016/2016_01_21/csv/table9.csv,0ef9a58910608b42832a07cf4504cdee4d3c54890205ea36ed25df7360d3cd5b,2016-01-22T04:59:59+00:00,24,43.316624999999995,8.942252730533797,2016,54,0.2380332770614856,0.9712569994658314,-1.0386750516318275,-1.005819065403335,-0.7161183757185005,-0.6232513089431047,-0.9975850817454228
2016-01-27,2016-01-22,63.427,2.583670687672344,High,2016-01-26,32.9,34.22,-1.3200000000000003,EIA daily delivery rank; actual contract identities unavailable,inventory published after the matched quote; descriptive association only,2016-01-27,2016_01_27,https://www.eia.gov/petroleum/supply/weekly/archive/2016/2016_01_27/csv/table9.csv,db25e51cc5a2e2fd1df2719efc80af9360ffb736c72b3b6c53248fdbf2dff485,2016-01-28T04:59:59+00:00,24,43.38804166666667,7.756003282053965,2016,55,0.3527520865490948,0.9357168190404936,-1.0814921762888543,-1.0233225868454776,-0.6886792329329422,-0.6721507408190434,-1.025232427772952
2016-02-03,2016-01-29,64.174,3.180088148326276,High,2016-02-02,31.61,33.24,-1.6300000000000026,EIA daily delivery rank; actual contract identities unavailable,inventory published after the matched quote; descriptive association only,2016-02-03,2016_02_03,https://www.eia.gov/petroleum/supply/weekly/archive/2016/2016_02_03/csv/table9.csv,1d8e0eede5bfb79df25f0d24d582e1b0906ff0683a4132ecf36034e155f073b0,2016-02-04T04:59:59+00:00,24,43.41491666666667,6.527832677927222,2016,56,0.4623829729035149,0.88668031802274,-1.1695606345236937,-1.052127474077316,-0.9940261765046091,-0.7765425759709602,-1.084488107022954
2016-02-10,2016-02-05,64.697,3.1487652372193096,High,2016-02-09,29.74,31.41,-1.6700000000000017,EIA daily delivery rank; actual contract identities unavailable,inventory published after the matched quote; descriptive association only,2016-02-10,2016_02_10,https://www.eia.gov/petroleum/supply/weekly/archive/2016/2016_02_10/csv/table9.csv,4943fbf49136a3d9789d67af9018061051c9b51ef73a5b7808844a6b5067f384,2016-02-11T04:59:59+00:00,24,43.80174999999999,6.636013937467346,2016,57,0.5653446739747429,0.8248547748594244,-1.1688640257300191,-1.0526589144094254,-1.0322263198379082,-0.7752521213005557,-1.0766816444660336
2016-02-18,2016-02-12,64.733,2.9974060974945,High,2016-02-17,32.98,34.69,-1.7100000000000009,EIA daily delivery rank; actual contract identities unavailable,inventory published after the matched quote; descriptive association only,2016-02-18,2016_02_18,https://www.eia.gov/petroleum/supply/weekly/archive/2016/2016_02_18/csv/table9.csv,4c11df68b8867db4a654f089634674649bf16a918c40478147c84992098f2c52,2016-02-19T04:59:59+00:00,24,44.01166666666666,6.9130884035546885,2016,58,0.6601521206712317,0.7511319308705199,-1.1490446231834133,-1.045450346624082,-1.0733056231828884,-0.7520526453043124,-1.0532350883573147
2016-02-24,2016-02-19,65.066,2.7588716285774737,High,2016-02-23,33.6,34.86,-1.259999999999998,EIA daily delivery rank; actual contract identities unavailable,inventory published after the matched quote; descriptive association only,2016-02-24,2016_02_24,https://www.eia.gov/petroleum/supply/weekly/archive/2016/2016_02_24/csv/table9.csv,d354bd8a0e72c800144b4d23ad46253e4534e65c4adcbb982ba8cabcba51609c,2016-02-25T04:59:59+00:00,24,44.15616666666667,7.579125145491035,2016,59,0.7454378568683001,0.6665751282095632,-1.114599532128277,-1.0318480349919954,-0.627248519197309,-0.7123441065557552,-1.0175897296667384
2016-03-02,2016-02-26,66.256,2.597581933443907,High,2016-03-01,36.15,37.3,-1.1499999999999986,EIA daily delivery rank; actual contract identities unavailable,inventory published after the matched quote; descriptive association only,2016-03-02,2016_03_02,https://www.eia.gov/petroleum/supply/weekly/archive/2016/2016_03_02/csv/table9.csv,cbe37b8873cd21f01f9a8d5b14e99e916d7f394e604d9a6bf319124297afac51,2016-03-03T04:59:59+00:00,24,44.234791666666666,8.477579879121402,2016,60,0.8199717629247771,0.5724039727378148,-1.0881237790161924,-1.0185670159948566,-0.5239981374823641,-0.6832792873031975,-0.9865430639163314
2016-03-09,2016-03-04,66.946,2.3624032562553308,High,2016-03-08,38.42,39.58,-1.1599999999999966,EIA daily delivery rank; actual contract identities unavailable,inventory published after the matched quote; descriptive association only,2016-03-09,2016_03_09,https://www.eia.gov/petroleum/supply/weekly/archive/2016/2016_03_09/csv/table9.csv,f2befb25ef778e09e94582949036dfee6b7e11a67df20f563085d179aebd6d23,2016-03-10T04:59:59+00:00,24,44.33304166666667,9.572014546397705,2016,61,0.8826787983255474,0.46997674302731995,-1.0489332538456626,-0.9995845052617942,-0.5434571248534116,-0.639938932636915,-0.9450201369714759
2016-03-16,2016-03-11,67.491,2.1550098215441285,High,2016-03-15,38.08,39.04,-0.9600000000000009,EIA daily delivery rank; actual contract identities unavailable,inventory published after the matched quote; descriptive association only,2016-03-16,2016_03_16,https://www.eia.gov/petroleum/supply/weekly/archive/2016/2016_03_16/csv/table9.csv,83d8149b493cf2de8b77a04aa7a3d6b6f2e5ebdeaa48e1965513fa7b7b8db40d,2016-03-17T03:59:59+00:00,24,44.641416666666665,10.603006587209395,2016,62,0.9326545075388224,0.36077079921678346,-1.011084736862461,-0.9791542162411735,-0.3554890495145988,-0.5991759537803106,-0.9035612615568609
2016-03-23,2016-03-18,66.233,1.8327804293316647,High,2016-03-22,42.44,43.13,-0.6900000000000048,EIA daily delivery rank; actual contract identities unavailable,inventory published after the matched quote; descriptive association only,2016-03-23,2016_03_23,https://www.eia.gov/petroleum/supply/weekly/archive/2016/2016_03_23/csv/table9.csv,26ca000ab12233f9d9d41e1fe5d180f0e4a6ef84c239310e0b792b24a73d1a72,2016-03-24T03:59:59+00:00,24,44.918416666666666,11.62964367810597,2016,63,0.9691780654392536,0.2463612742933148,-0.9551354165026112,-0.9516742685633529,-0.09992036888416056,-0.5375355722954861,-0.8480354602210189
2016-03-30,2016-03-25,65.961,1.6514983948821964,High,2016-03-29,39.51,40.33,-0.8200000000000003,EIA daily delivery rank; actual contract identities unavailable,inventory published after the matched quote; descriptive association only,2016-03-30,2016_03_30,https://www.eia.gov/petroleum/supply/weekly/archive/2016/2016_03_30/csv/table9.csv,dd464bb2bd62c4f4cb46487c42bc5a14d2734d52523e2628e319660feef60941,2016-03-31T03:59:59+00:00,24,45.14204166666667,12.606102674909575,2016,64,0.9917226741361015,0.12839835514655099,-0.9163665061871142,-0.9277107174271401,-0.24654293268754002,-0.4973729623574329,-0.8046464131162845
2016-04-06,2016-04-01,66.318,1.567513718336303,High,2016-04-05,37.11,37.99,-0.8800000000000026,EIA daily delivery rank; actual contract identities unavailable,inventory published after the matched quote; descriptive association only,2016-04-06,2016_04_06,https://www.eia.gov/petroleum/supply/weekly/archive/2016/2016_04_06/csv/table9.csv,700b0ad968f9e5bc821f4d739c4841069060d96fd3fe1b6dc6f1c2c071545908,2016-04-07T03:59:59+00:00,24,45.33895833333333,13.383641509008923,2016,65,0.9999631612477099,0.008583481082087055,-0.8889862765691062,-0.9057357186970891,-0.3251169852149126,-0.47162843895353834,-0.7693401859719023
2016-04-13,2016-04-08,64.551,1.3506803185868845,High,2016-04-12,43.5,44.35,-0.8500000000000014,EIA daily delivery rank; actual contract identities unavailable,inventory published after the matched quote; descriptive association only,2016-04-13,2016_04_13,https://www.eia.gov/petroleum/supply/weekly/archive/2016/2016_04_13/csv/table9.csv,3f98dde5e19ac57516b19067b8beb4c879bc74af0f0da0aa121f09facc347b4a,2016-04-14T03:59:59+00:00,24,45.472791666666666,14.124888081062315,2016,66,0.9937806700284985,-0.11135519690480862,-0.8416304386105726,-0.8766974462204198,-0.31537462343993705,-0.422472890316847,-0.719223814516746
2016-04-20,2016-04-15,64.303,1.2772223311138118,High,2016-04-19,42.47,43.32,-0.8500000000000014,EIA daily delivery rank; actual contract identities unavailable,inventory published after the matched quote; descriptive association only,2016-04-20,2016_04_20,https://www.eia.gov/petroleum/supply/weekly/archive/2016/2016_04_20/csv/table9.csv,4827c47639a164b2459417b378a29d2f636603244a1f7732504893481a784187,2016-04-21T03:59:59+00:00,24,45.498416666666664,14.723030497700936,2016,67,0.9732643737003824,-0.22968774213179563,-0.8124709174424283,-0.8520737389462154,-0.33702366112168813,-0.3957074923482503,-0.6826443490383345
2016-04-27,2016-04-22,66.049,1.3543346452814342,High,2016-04-26,44.89,45.4,-0.509999999999998,EIA daily delivery rank; actual contract identities unavailable,inventory published after the matched quote; descriptive association only,2016-04-27,2016_04_27,https://www.eia.gov/petroleum/supply/weekly/archive/2016/2016_04_27/csv/table9.csv,ceb0e35ef59fbe4f2f64fcee815f2f55a00eb1fe912c89818331ef3206d4d8b9,2016-04-28T03:59:59+00:00,24,45.480624999999996,15.187069954727363,2016,68,0.9387101892619443,-0.3447073839879337,-0.802770518077435,-0.8324682078865655,-0.019751843155705884,-0.3927313333701362,-0.6607499968132481
2016-05-04,2016-04-29,66.292,1.3446460204679045,High,2016-05-03,44.41,44.9,-0.490000000000002,EIA daily delivery rank; actual contract identities unavailable,inventory published after the matched quote; descriptive association only,2016-05-04,2016_05_04,https://www.eia.gov/petroleum/supply/weekly/archive/2016/2016_05_04/csv/table9.csv,a9551ac1fa18276925ad3b5d6d7bb37a3320a65d83d12755b14b6751ab67a5bd,2016-05-05T03:59:59+00:00,24,45.34858333333333,15.57541267208664,2016,69,0.8906165093267405,-0.4547551355561055,-0.7802370906285685,-0.8085963623232295,-0.02323134938853999,-0.37457758131648444,-0.6299585444372152
2016-05-11,2016-05-06,67.812,1.4335415791533401,High,2016-05-10,45.35,45.83,-0.4799999999999969,EIA daily delivery rank; actual contract identities unavailable,inventory published after the matched quote; descriptive association only,2016-05-11,2016_05_11,https://www.eia.gov/petroleum/supply/weekly/archive/2016/2016_05_11/csv/table9.csv,55c836ffe1fbbe05453c8eff6d6a8e3ed469cca586cf51adeb688985ecbdb786,2016-05-12T03:59:59+00:00,24,45.03929166666666,15.885628058854815,2016,70,0.8296770135526188,-0.5582437220268649,-0.7706248982095415,-0.7883040003756424,-0.03712352293486265,-0.3720947518064631,-0.6094520025843532
2016-05-18,2016-05-13,68.273,1.4772425474271942,High,2016-05-17,48.99,49.42,-0.4299999999999997,EIA daily delivery rank; actual contract identities unavailable,inventory published after the matched quote; descriptive association only,2016-05-18,2016_05_18,https://www.eia.gov/petroleum/supply/weekly/archive/2016/2016_05_18/csv/table9.csv,b44a90f0d768e9c6293c3410b5bf3970cf05009623184a4981229c562391c564,2016-05-19T03:59:59+00:00,24,44.581041666666664,16.03796097979705,2016,71,0.7567706633464627,-0.6536804747720057,-0.7545115996661246,-0.7661134323152903,-0.011083754798390189,-0.36179042096640557,-0.5851123716663689
2016-05-25,2016-05-20,67.624,1.4620837386968286,High,2016-05-24,49.06,49.41,-0.3499999999999943,EIA daily delivery rank; actual contract identities unavailable,inventory published after the matched quote; descriptive association only,2016-05-25,2016_05_25,https://www.eia.gov/petroleum/supply/weekly/archive/2016/2016_05_25/csv/table9.csv,11d873da47d582821ec1610294afb60c31aeadfdb17c258b1aa98e421fb4d59f,2016-05-26T03:59:59+00:00,24,44.1105,16.08218419894187,2016,72,0.672949024155833,-0.7396888608649667,-0.7303402658133877,-0.741816879207027,0.045233545656990115,-0.3416609697888031,-0.5559722154601046
2016-06-02,2016-05-27,66.92,1.446057344472112,High,2016-06-01,49.49,49.91,-0.4199999999999946,EIA daily delivery rank; actual contract identities unavailable,inventory published after the matched quote; descriptive association only,2016-06-02,2016_06_02,https://www.eia.gov/petroleum/supply/weekly/archive/2016/2016_06_02/csv/table9.csv,f3a3b300c0e14d22e8d3d2ddc0770f0d0f08bf11bab1c16c535b88949197b9d0,2016-06-03T03:59:59+00:00,24,43.71154166666667,16.04947301851688,2016,73,0.5794210982045638,-0.8150283375168113,-0.7063903001112501,-0.7181043133262046,-0.047830033922725335,-0.32153597889517327,-0.5282957314458876
2016-06-08,2016-06-03,65.557,1.383654707835452,High,2016-06-07,50.92,51.39,-0.46999999999999886,EIA daily delivery rank; actual contract identities unavailable,inventory published after the matched quote; descriptive association only,2016-06-08,2016_06_08,https://www.eia.gov/petroleum/supply/weekly/archive/2016/2016_06_08/csv/table9.csv,719f3449b163107651d280912a511f503937ebcc15b5df85625286a06942123b,2016-06-09T03:59:59+00:00,24,43.363208333333326,16.039978428856706,2016,74,0.47753588643748834,-0.8786122450571482,-0.6767282880706883,-0.6934655265669392,-0.11994183577432871,-0.29415342054611665,-0.497855450525869
2016-06-15,2016-06-10,66.461,1.470060780699386,High,2016-06-14,49.06,49.56,-0.5,EIA daily delivery rank; actual contract identities unavailable,inventory published after the matched quote; descriptive association only,2016-06-15,2016_06_15,https://www.eia.gov/petroleum/supply/weekly/archive/2016/2016_06_15/csv/table9.csv,f563cd5a2b132ca1f231785c88049a9cfee605b419b5e8dc6d87ec2ee9445e9c,2016-06-16T03:59:59+00:00,24,42.97595833333333,15.975558272831131,2016,75,0.3687629311922603,-0.9295234803804002,-0.6684521955292199,-0.676123432495263,-0.17078293010987633,-0.29198747490845256,-0.4847426801279403
2016-06-22,2016-06-17,65.181,1.4202727668653163,High,2016-06-21,49.85,50.45,-0.6000000000000014,EIA daily delivery rank; actual contract identities unavailable,inventory published after the matched quote; descriptive association only,2016-06-22,2016_06_22,https://www.eia.gov/petroleum/supply/weekly/archive/2016/2016_06_22/csv/table9.csv,4bc3fbcb11e40ea2e276465f6eb8688b9c1a7f78ebe391f17d459449efb82d4d,2016-06-23T03:59:59+00:00,24,42.54383333333333,15.93860503051759,2016,76,0.2546711202412288,-0.9670277247913204,-0.6427291876291572,-0.6548374896504972,-0.29005271520358694,-0.2682171026445601,-0.4604440907839046
2016-06-29,2016-06-24,64.23,1.3914265733875817,High,2016-06-28,48.59,49.17,-0.5799999999999983,EIA daily delivery rank; actual contract identities unavailable,inventory published after the matched quote; descriptive association only,2016-06-29,2016_06_29,https://www.eia.gov/petroleum/supply/weekly/archive/2016/2016_06_29/csv/table9.csv,e3019ac3a4c6b55cc1e29675b2d5ab807ceeb3f5a32394da1c2a177609faa82b,2016-06-30T03:59:59+00:00,24,42.06695833333333,15.928286903927885,2016,77,0.13690605792347574,-0.9905840354577969,-0.6214022729266491,-0.6362488296847099,-0.2874732531237229,-0.24901198136552033,-0.44113208286128014
2016-07-07,2016-07-01,64.148,1.4143352202929338,High,2016-07-06,48.14,48.75,-0.6099999999999994,EIA daily delivery rank; actual contract identities unavailable,inventory published after the matched quote; descriptive association only,2016-07-07,2016_07_07,https://www.eia.gov/petroleum/supply/weekly/archive/2016/2016_07_07/csv/table9.csv,02b72dd42a0c9aaf6fd428721fa91caf378ca3bc631ca44cdebbcd996a2bdfba,2016-07-08T03:59:59+00:00,24,41.53791666666667,15.986368018644393,2016,78,0.01716632975470737,-0.9998526477050269,-0.6089517521801674,-0.6218564862710219,-0.3327932785730598,-0.23966809081212637,-0.4301599079414395
2016-07-13,2016-07-08,63.916,1.4288882928109765,High,2016-07-12,47.57,48.24,-0.6700000000000017,EIA daily delivery rank; actual contract identities unavailable,inventory published after the matched quote; descriptive association only,2016-07-13,2016_07_13,https://www.eia.gov/petroleum/supply/weekly/archive/2016/2016_07_13/csv/table9.csv,602ce64cb87cfeff8d0d34eba1b017f8808e88acd831fe7111a327a6bb02d5a4,2016-07-14T03:59:59+00:00,24,40.97875,16.052514472546175,2016,79,-0.10282099713736044,-0.9946998756145891,-0.5973510064156908,-0.6094472661992367,-0.4057918230163058,-0.23044966674639905,-0.4216389739266365
2016-07-20,2016-07-15,64.105,1.4730911854985211,High,2016-07-19,45.45,46.14,-0.6899999999999977,EIA daily delivery rank; actual contract identities unavailable,inventory published after the matched quote; descriptive association only,2016-07-20,2016_07_20,https://www.eia.gov/petroleum/supply/weekly/archive/2016/2016_07_20/csv/table9.csv,7067e2e5d1d93f165483d15b11ee182970d601875e768f6485fe16268a271d54,2016-07-21T03:59:59+00:00,24,40.39116666666666,16.098007758635895,2016,80,-0.22132528438243218,-0.9752000402445826,-0.5920133011376723,-0.6007476765465962,-0.4362814018219166,-0.22779956670785853,-0.41955772625994237
2016-07-27,2016-07-22,65.215,1.5702147354475835,High,2016-07-26,43.68,44.42,-0.740000000000002,EIA daily delivery rank; actual contract identities unavailable,inventory published after the matched quote; descriptive association only,2016-07-27,2016_07_27,https://www.eia.gov/petroleum/supply/weekly/archive/2016/2016_07_27/csv/table9.csv,64718d2cc813a056855bdded57c2f929cf870bbf9d96bed7ab5cecd01fe0680c,2016-07-28T03:59:59+00:00,24,39.87779166666667,16.136142249430023,2016,81,-0.3366372842469099,-0.941634397659126,-0.5962976104523695,-0.5968513627245002,-0.49411071844851806,-0.23570363461155885,-0.4263645595670351
2016-08-03,2016-07-29,64.092,1.5371274981224807,High,2016-08-02,40.3,41.12,-0.8200000000000003,EIA daily delivery rank; actual contract identities unavailable,inventory published after the matched quote; descriptive association only,2016-08-03,2016_08_03,https://www.eia.gov/petroleum/supply/weekly/archive/2016/2016_08_03/csv/table9.csv,2d42f896db1375ca9763da6f14b4d5ddb587052a18688e99cf857bf354af09d8,2016-08-04T03:59:59+00:00,24,39.39654166666667,16.065979148442477,2016,82,-0.44709379298511404,-0.8944870822287956,-0.5851953754271948,-0.5904553720550955,-0.5791668466719841,-0.22404153467136584,-0.423578933286502
2016-08-10,2016-08-05,65.255,1.6405257416763086,High,2016-08-09,43.5,44.25,-0.75,EIA daily delivery rank; actual contract identities unavailable,inventory published after the matched quote; descriptive association only,2016-08-10,2016_08_10,https://www.eia.gov/petroleum/supply/weekly/archive/2016/2016_08_10/csv/table9.csv,0f911d67a6c8e2004b60ae3af552390946d0ae166b45538bfd46b1273896e261,2016-08-11T03:59:59+00:00,24,38.887750000000004,16.072439054237346,2016,83,-0.5511016400745998,-0.8344381237138474,-0.5954115054896423,-0.5924324548793966,-0.5113768593779735,-0.23693806458785646,-0.4381695408499804
2016-08-17,2016-08-12,64.531,1.6368571371287235,High,2016-08-16,47.22,47.92,-0.7000000000000028,EIA daily delivery rank; actual contract identities unavailable,inventory published after the matched quote; descriptive association only,2016-08-17,2016_08_17,https://www.eia.gov/petroleum/supply/weekly/archive/2016/2016_08_17/csv/table9.csv,5cb6e1163053d85cbc353b5184e0a5158a32f319062b096b99cbebd8c51e1bab,2016-08-18T03:59:59+00:00,24,38.363791666666664,15.98625056505193,2016,84,-0.6471606673266059,-0.7623536388483905,-0.5935701310251686,-0.5929518742692118,-0.4607088804268413,-0.23423946657243078,-0.4454410501194832
2016-08-24,2016-08-19,64.906,1.720672576517776,High,2016-08-23,48.75,49.39,-0.6400000000000006,EIA daily delivery rank; actual contract identities unavailable,inventory published after the matched quote; descriptive association only,2016-08-24,2016_08_24,https://www.eia.gov/petroleum/supply/weekly/archive/2016/2016_08_24/csv/table9.csv,9af5de3761850cc5d156ae44659464b196e549c487f36acbd3571bb8e09b7139,2016-08-25T03:59:59+00:00,24,37.82204166666667,15.740332415911864,2016,85,-0.7338853664321993,-0.6792733388972929,-0.6063971983503171,-0.5998823032473699,-0.3971725444194438,-0.24809907583932117,-0.4649623866753634
2016-08-31,2016-08-26,63.867,1.7157915867909814,High,2016-08-30,46.99,47.62,-0.6299999999999955,EIA daily delivery rank; actual contract identities unavailable,inventory published after the matched quote; descriptive association only,2016-08-31,2016_08_31,https://www.eia.gov/petroleum/supply/weekly/archive/2016/2016_08_31/csv/table9.csv,9d67e5ebc27607961b696fde39704cede45419395751a034484cdb5cb917e2be,2016-09-01T03:59:59+00:00,24,37.3785,15.438063809102262,2016,86,-0.8100248628547748,-0.5863955333706962,-0.6096887654867805,-0.6060383350268785,-0.3808188577323994,-0.24942666845424583,-0.4787533089223408
2016-09-08,2016-09-02,63.433,1.7480596536410473,High,2016-09-07,46.15,46.81,-0.6600000000000037,EIA daily delivery rank; actual contract identities unavailable,inventory published after the matched quote; descriptive association only,2016-09-08,2016_09_08,https://www.eia.gov/petroleum/supply/weekly/archive/2016/2016_09_08/csv/table9.csv,9ae86919d3279c700d67a69aa5a9911c33cc4e969bbae626d8add001b0b8c861,2016-09-09T03:59:59+00:00,24,37.01379166666667,15.11344780385758,2016,87,-0.8744809578310394,-0.4850598461951967,-0.6206629225690139,-0.6164244201991826,-0.40173946282712636,-0.2589703703083685,-0.49933727032759734
2016-09-14,2016-09-09,62.188,1.7166598534861186,High,2016-09-13,45.48,46.12,-0.6400000000000006,EIA daily delivery rank; actual contract identities unavailable,inventory published after the matched quote; descriptive association only,2016-09-14,2016_09_14,https://www.eia.gov/petroleum/supply/weekly/archive/2016/2016_09_14/csv/table9.csv,82e5f6ffa136f3fee3f7e886baf56b19ec288fd1ad45c649c2d42536ae1619ec,2016-09-15T03:59:59+00:00,24,36.621833333333335,14.892971729226382,2016,88,-0.9263239682514951,-0.3767278936351848,-0.6253857974009265,-0.6268270366380118,-0.3700653164438586,-0.26002305177941376,-0.5162666499560756
2016-09-21,2016-09-16,62.714,1.7921269000136892,High,2016-09-20,44.05,44.7,-0.6500000000000057,EIA daily delivery rank; actual contract identities unavailable,inventory published after the matched quote; descriptive association only,2016-09-21,2016_09_21,https://www.eia.gov/petroleum/supply/weekly/archive/2016/2016_09_21/csv/table9.csv,ecd08b37d2b4060febf008acc80a6424748aac3db0262a2f9b0663b0493272db,2016-09-22T03:59:59+00:00,24,36.280541666666664,14.74976930100844,2016,89,-0.9648061359537644,-0.2629622026565152,-0.6471369689952924,-0.6439835784572812,-0.36596480074592147,-0.2806524825590666,-0.5465013363116455
2016-09-28,2016-09-23,62.083,1.7925580570759212,High,2016-09-27,45.24,45.82,-0.5799999999999983,EIA daily delivery rank; actual contract identities unavailable,inventory published after the matched quote; descriptive association only,2016-09-28,2016_09_28,https://www.eia.gov/petroleum/supply/weekly/archive/2016/2016_09_28/csv/table9.csv,cfe23592c835991d5ec00b1f2dc995beda2a6a06b04c82fd009a996e3646df4c,2016-09-29T03:59:59+00:00,24,35.99366666666666,14.554247339632113,2016,90,-0.9893724130196829,-0.14540367380369032,-0.6607817347845959,-0.6603245441823999,-0.27964129465788456,-0.2907060842974044,-0.5713155669074256
2016-10-05,2016-09-30,62.652,1.8742834410862754,High,2016-10-04,49.3,49.94,-0.6400000000000006,EIA daily delivery rank; actual contract identities unavailable,inventory published after the matched quote; descriptive association only,2016-10-05,2016_10_05,https://www.eia.gov/petroleum/supply/weekly/archive/2016/2016_10_05/csv/table9.csv,d2af87b0614e74a682e3b863dcf205b2089da0929e1a725bb4627d3042079dea,2016-10-06T03:59:59+00:00,24,35.90558333333333,14.270209126515727,2016,91,-0.9996684675143132,-0.025747913654988113,-0.6875841004053268,-0.6819450549210697,-0.3213302404277593,-0.31585222497229676,-0.6061651236703453
2016-10-13,2016-10-07,61.334,1.8106667835790684,High,2016-10-12,50.64,51.17,-0.5300000000000011,EIA daily delivery rank; actual contract identities unavailable,inventory published after the matched quote; descriptive association only,2016-10-13,2016_10_13,https://www.eia.gov/petroleum/supply/weekly/archive/2016/2016_10_13/csv/table9.csv,1f75c2a6267236ee6a46007f8e03fd1219139d1b9414cb78e1f0fb83e11dc0bc,2016-10-14T03:59:59+00:00,24,35.887750000000004,14.053524497589487,2016,92,-0.9955457941960382,0.09427922177542405,-0.6962081771887845,-0.6994034011345095,-0.19129574772338098,-0.31850193462800425,-0.6277419381412055
2016-10-19,2016-10-14,59.699,1.6781181935439833,High,2016-10-18,50.62,51.14,-0.5200000000000031,EIA daily delivery rank; actual contract identities unavailable,inventory published after the matched quote; descriptive association only,2016-10-19,2016_10_19,https://www.eia.gov/petroleum/supply/weekly/archive/2016/2016_10_19/csv/table9.csv,09f1b589af4b66630a9908846a902a22dbc2753ef9786cd3d2ff74915bf069f3,2016-10-20T03:59:59+00:00,24,36.23475,13.982477569381649,2016,93,-0.9770638564833509,0.21294651993841537,-0.6968926879731043,-0.7155048304100421,-0.159826784244106,-0.31108189760223615,-0.6433709970309244
2016-10-26,2016-10-21,58.362,1.5413770372366247,High,2016-10-25,50.6,51.21,-0.6099999999999994,EIA daily delivery rank; actual contract identities unavailable,inventory published after the matched quote; descriptive association only,2016-10-26,2016_10_26,https://www.eia.gov/petroleum/supply/weekly/archive/2016/2016_10_26/csv/table9.csv,a142aac1f439173abf6bfd7c2951da76c0d19143cf0c847224906fae01ec724f,2016-10-27T03:59:59+00:00,24,36.774750000000004,14.005171660466374,2016,94,-0.9444892287836614,0.3285423819108344,-0.6982523074559998,-0.7325612953494716,-0.22723300779238131,-0.30407286855387594,-0.6591819896508591
2016-11-02,2016-10-28,58.451,1.4818689132380012,High,2016-11-01,47.24,47.8,-0.5599999999999952,EIA daily delivery rank; actual contract identities unavailable,inventory published after the matched quote; descriptive association only,2016-11-02,2016_11_02,https://www.eia.gov/petroleum/supply/weekly/archive/2016/2016_11_02/csv/table9.csv,a606328acb2240e1e7032fa65b3dbe1548dbd2a8616f6e6043b762c22a9d3674,2016-11-03T03:59:59+00:00,24,37.505,14.13485350349332,2016,95,-0.898291751554753,0.4393995096591413,-0.7111742466300649,-0.7535442311445164,-0.1538402999214563,-0.31069482606017995,-0.6829837055993444
2016-11-09,2016-11-04,58.479,1.4232100666826202,High,2016-11-08,45.61,46.3,-0.6899999999999977,EIA daily delivery rank; actual contract identities unavailable,inventory published after the matched quote; descriptive association only,2016-11-09,2016_11_09,https://www.eia.gov/petroleum/supply/weekly/archive/2016/2016_11_09/csv/table9.csv,09b3242aeb1ef28a8a8df714d12c48dfb3f14371c2c6e625b992d24b209c290d,2016-11-10T04:59:59+00:00,24,38.292,14.184132386762942,2016,96,-0.839137754556394,0.5439189543287245,-0.7248688486499544,-0.7750230847662951,-0.2599860655796373,-0.31809848203671004,-0.7066196717690783
2016-11-16,2016-11-11,59.17,1.418085660536425,High,2016-11-15,46.39,47.06,-0.6700000000000017,EIA daily delivery rank; actual contract identities unavailable,inventory published after the matched quote; descriptive association only,2016-11-16,2016_11_16,https://www.eia.gov/petroleum/supply/weekly/archive/2016/2016_11_16/csv/table9.csv,fdef500fbc91b74cd7a10056bef713ae750feedbc70ca4464e6b0989b813f8b8,2016-11-17T04:59:59+00:00,24,39.07320833333333,14.171775532279604,2016,97,-0.7678804460366002,0.640593178698175,-0.7462547152632714,-0.7987872717822391,-0.2160143665467359,-0.3347364297771642,-0.7349925886872769
2016-11-23,2016-11-18,59.083,1.3590314206584084,High,2016-11-22,48.93,49.78,-0.8500000000000014,EIA daily delivery rank; actual contract identities unavailable,inventory published after the matched quote; descriptive association only,2016-11-23,2016_11_23,https://www.eia.gov/petroleum/supply/weekly/archive/2016/2016_11_23/csv/table9.csv,990ba95e235b2a93d9e343b4e0ec3a3b1faceae06de3d5bb598aa9fc1540dd29,2016-11-24T04:59:59+00:00,24,39.925000000000004,14.096804318709967,2016,98,-0.6855476064742156,0.7280278011569846,-0.7602612611344604,-0.8201392873631532,-0.37227095885567174,-0.34261259135492106,-0.7568155461268865
2016-11-30,2016-11-25,61.502,1.4603791806048299,High,2016-11-29,46.13,47.0,-0.8699999999999974,EIA daily delivery rank; actual contract identities unavailable,inventory published after the matched quote; descriptive association only,2016-11-30,2016_11_30,https://www.eia.gov/petroleum/supply/weekly/archive/2016/2016_11_30/csv/table9.csv,fc95f1b6c822f9bfe5c96513b338600ca57202209d2f5d96440ded57d810781d,2016-12-01T04:59:59+00:00,24,40.79358333333334,14.180164262606153,2016,99,-0.5933267643772321,0.8049617075821959,-0.7959915843486026,-0.8474160019625222,-0.3690983057769931,-0.37686199213824784,-0.7933676575137775
2016-12-07,2016-12-02,65.285,1.6591593524822177,High,2016-12-06,51.97,52.91,-0.9399999999999977,EIA daily delivery rank; actual contract identities unavailable,inventory published after the matched quote; descriptive association only,2016-12-07,2016_12_07,https://www.eia.gov/petroleum/supply/weekly/archive/2016/2016_12_07/csv/table9.csv,6515c325d05d8fea7d8343f4ea1cc48a5f7f4cf2141cccc8ad6da6d52dc3dbc5,2016-12-08T04:59:59+00:00,24,41.74995833333333,14.184919387915699,2016,100,-0.4925480679538645,0.8702852410301551,-0.8444869473856033,-0.8777332410852698,-0.41683063829658173,-0.4268348140530411,-0.8379000932053866
2016-12-14,2016-12-09,66.508,1.8063308128825342,High,2016-12-13,53.94,54.81,-0.8700000000000045,EIA daily delivery rank; actual contract identities unavailable,inventory published after the matched quote; descriptive association only,2016-12-14,2016_12_14,https://www.eia.gov/petroleum/supply/weekly/archive/2016/2016_12_14/csv/table9.csv,2859644718f16cb53ec0cf60dc001197744d7d72592a3c88187b8b6c35fc9c7d,2016-12-15T04:59:59+00:00,24,42.03391666666667,13.54905931891717,2016,101,-0.3846650997070013,0.923056206884176,-0.8849820814142151,-0.90473443007807,-0.3257891343317816,-0.467674842452715,-0.8749847851289936
2016-12-21,2016-12-16,66.263,1.8617532291441536,High,2016-12-20,53.3,54.19,-0.8900000000000006,EIA daily delivery rank; actual contract identities unavailable,inventory published after the matched quote; descriptive association only,2016-12-21,2016_12_21,https://www.eia.gov/petroleum/supply/weekly/archive/2016/2016_12_21/csv/table9.csv,540427faf88fbe0ff13d65b9ef435d3805fde7f19abf7207ae6a0db6637f1c96,2016-12-22T04:59:59+00:00,24,42.307541666666665,12.867150145535476,2016,102,-0.27123391067291097,0.9625134626077079,-0.9116741010047407,-0.9264906001780862,-0.32627728621858654,-0.49251576794119406,-0.9002412956221922
2016-12-29,2016-12-23,66.435,1.9822728700270458,High,2016-12-28,54.95,55.67,-0.7199999999999989,EIA daily delivery rank; actual contract identities unavailable,inventory published after the matched quote; descriptive association only,2016-12-29,2016_12_29,https://www.eia.gov/petroleum/supply/weekly/archive/2016/2016_12_29/csv/table9.csv,31a1aafbcc0c1db86a1e5108685fb6c660abd15ca527f9e2f87e1113a9952194,2016-12-30T04:59:59+00:00,24,42.55641666666667,12.046062726473947,2016,103,-0.1538905767040627,0.9880878960910771,-0.9458185592377006,-0.949071786918665,-0.13857652328704584,-0.5270288608273356,-0.9292514672918404
2017-01-05,2016-12-30,67.509,2.2249610013058683,High,2017-01-04,54.22,55.05,-0.8299999999999983,EIA daily delivery rank; actual contract identities unavailable,inventory published after the matched quote; descriptive association only,2017-01-05,2017_01_05,https://www.eia.gov/petroleum/supply/weekly/archive/2017/2017_01_05/csv/table9.csv,7f9c4fed6911370dd8d603eb4e951f0c2f67f2e4c6bce761c407f96e6923410f,2017-01-06T04:59:59+00:00,24,42.92570833333334,11.048864070982951,2017,104,-0.034327600513243496,0.9994106342455052,-0.6083288883160511,-0.5380592341393103,-0.6694166935849044,-0.5804266285252772,-0.96754556239856
2017-01-11,2017-01-06,66.93,1.1611888030763347,High,2017-01-10,51.7,52.53,-0.8299999999999983,EIA daily delivery rank; actual contract identities unavailable,inventory published after the matched quote; descriptive association only,2017-01-11,2017_01_11,https://www.eia.gov/petroleum/supply/weekly/archive/2017/2017_01_11/csv/table9.csv,df200f4922e0759a83bb66e39ef7923daacd1f958c22fde2404141014cc7c062,2017-01-12T04:59:59+00:00,25,49.89184,14.67303159904819,2017,105,0.08573050015569435,0.9963183634476755,-0.47619778536329904,-0.508324422926065,-0.6560742177634262,-0.41662970259596566,-0.8704170470051698
2017-01-19,2017-01-13,65.656,1.1510991144165394,High,2017-01-18,51.89,52.66,-0.769999999999996,EIA daily delivery rank; actual contract identities unavailable,inventory published after the matched quote; descriptive association only,2017-01-19,2017_01_19,https://www.eia.gov/petroleum/supply/weekly/archive/2017/2017_01_19/csv/table9.csv,3995a6217abc08344faa30e29c5cb91c1238b5ec61df09f4ad8c8321e80545af,2017-01-20T04:59:59+00:00,25,49.5122,14.024682842522084,2017,106,0.2045520661262008,0.9788556850953578,-0.4865424346335935,-0.5187739782678615,-0.5852160820740564,-0.42516071408297185,-0.8764473739852012
2017-01-25,2017-01-20,65.372,1.2189655888399735,High,2017-01-24,53.86,54.46,-0.6000000000000014,EIA daily delivery rank; actual contract identities unavailable,inventory published after the matched quote; descriptive association only,2017-01-25,2017_01_25,https://www.eia.gov/petroleum/supply/weekly/archive/2017/2017_01_25/csv/table9.csv,43a559dde337347cf5f8bff99552fcfbc5d9fd2543d5c45d697c9afd0e54c0cf,2017-01-26T04:59:59+00:00,25,49.100280000000005,13.348793558220908,2017,107,0.3204232733919111,0.9472744722987169,-0.5052524373197285,-0.5297394035552159,-0.40699889894197216,-0.4447661415940177,-0.8868384398347658
2017-02-01,2017-01-27,64.127,1.215100747111893,High,2017-01-31,53.42,53.94,-0.519999999999996,EIA daily delivery rank; actual contract identities unavailable,inventory published after the matched quote; descriptive association only,2017-02-01,2017_02_01,https://www.eia.gov/petroleum/supply/weekly/archive/2017/2017_02_01/csv/table9.csv,490dc36612e50b8ec3b707bed45b77153f15929525a1de9d6417ef259bc64685,2017-02-02T04:59:59+00:00,25,48.632960000000004,12.751238970782408,2017,108,0.43167285247378384,0.9020302369860707,-0.5116442022753986,-0.5350406073546932,-0.32154118898756123,-0.4506092775135452,-0.8863982366231116
2017-02-08,2017-02-03,65.27,1.3646137115263324,High,2017-02-07,52.78,53.3,-0.519999999999996,EIA daily delivery rank; actual contract identities unavailable,inventory published after the matched quote; descriptive association only,2017-02-08,2017_02_08,https://www.eia.gov/petroleum/supply/weekly/archive/2017/2017_02_08/csv/table9.csv,be519aa23b08f50932328e28620d95f69a1cc8b91c9703a495feb0bb6924cec0,2017-02-09T04:59:59+00:00,24,48.299416666666666,12.436181162470941,2017,109,0.5366961939916004,0.8437755598231856,-0.5365193668696897,-0.5437146286620471,-0.3189216715431702,-0.47976539100373494,-0.8978976513367161
2017-02-15,2017-02-10,64.568,1.2468709996767604,High,2017-02-14,53.71,54.12,-0.4099999999999966,EIA daily delivery rank; actual contract identities unavailable,inventory published after the matched quote; descriptive association only,2017-02-15,2017_02_15,https://www.eia.gov/petroleum/supply/weekly/archive/2017/2017_02_15/csv/table9.csv,1f2c827afad03203307e8615332a6e83e5ea2af9ec0634eb14fee08ea6232112,2017-02-16T04:59:59+00:00,24,48.73791666666667,12.695846913944688,2017,110,0.6339784927628866,0.7733506777097299,-0.5220734106676002,-0.538690198454483,-0.20917812924399692,-0.46271738366641646,-0.8788411529542839
2017-02-23,2017-02-17,63.04,1.0539579215198092,High,2017-02-22,53.93,54.17,-0.240000000000002,EIA daily delivery rank; actual contract identities unavailable,inventory published after the matched quote; descriptive association only,2017-02-23,2017_02_23,https://www.eia.gov/petroleum/supply/weekly/archive/2017/2017_02_23/csv/table9.csv,b058dba5ccf674b29aa61deed5a55fd686b773c77aa82a6a7246645d447ae5a1,2017-02-24T04:59:59+00:00,24,49.11804166666667,13.209216467824296,2017,111,0.7221165966101162,0.691771364614222,-0.49464976104964087,-0.5277494800191288,-0.0423068630699166,-0.4311467857474885,-0.8487615815538101
2017-03-01,2017-02-24,63.535,1.0193652949884264,High,2017-02-28,54.43,54.75,-0.3200000000000003,EIA daily delivery rank; actual contract identities unavailable,inventory published after the matched quote; descriptive association only,2017-03-01,2017_03_01,https://www.eia.gov/petroleum/supply/weekly/archive/2017/2017_03_01/csv/table9.csv,2ba1c52f83ad38820f80fc6ddd341a20be1b48a1e5c0e46ddbd8f606c1858b09,2017-03-02T04:59:59+00:00,24,49.405541666666664,13.861035295981656,2017,112,0.7998392447397193,0.6002142805483682,-0.48631406712574793,-0.520392774446821,-0.1282627456983091,-0.42360221837828615,-0.8314293364561419
2017-03-08,2017-03-03,64.402,1.0086397690521025,High,2017-03-07,53.64,54.02,-0.38000000000000256,EIA daily delivery rank; actual contract identities unavailable,inventory published after the matched quote; descriptive association only,2017-03-08,2017_03_08,https://www.eia.gov/petroleum/supply/weekly/archive/2017/2017_03_08/csv/table9.csv,b2b2206b0ddf7ce5ca3b4c99cb34e2c7dcdab00f96d4a1c0f3cbcbc5dd2d703b,2017-03-09T04:59:59+00:00,24,49.669041666666665,14.606759306327023,2017,113,0.8744809578310397,0.4850598461951962,-0.4775712992447697,-0.5098019308709715,-0.19841926079657302,-0.4171821802917632,-0.8107926445755118
2017-03-15,2017-03-10,66.532,1.0798421168374657,High,2017-03-14,48.35,48.83,-0.4799999999999969,EIA daily delivery rank; actual contract identities unavailable,inventory published after the matched quote; descriptive association only,2017-03-15,2017_03_15,https://www.eia.gov/petroleum/supply/weekly/archive/2017/2017_03_15/csv/table9.csv,33142a1f0be72d881bfbf8204d6a83e751ca5da0d923d0737e2030e6dcac5788,2017-03-16T03:59:59+00:00,24,50.052125,15.261374550072764,2017,114,0.926323968251495,0.3767278936351851,-0.4783122531047903,-0.5010111123075175,-0.3100934071798318,-0.42270147157615684,-0.7978893613591225
2017-03-22,2017-03-17,67.951,1.111053119746778,High,2017-03-21,48.24,48.82,-0.5799999999999983,EIA daily delivery rank; actual contract identities unavailable,inventory published after the matched quote; descriptive association only,2017-03-22,2017_03_22,https://www.eia.gov/petroleum/supply/weekly/archive/2017/2017_03_22/csv/table9.csv,c4b5de91b2170ad3274a98cccc3ce8c6287d7f53e67f570cd089fece67fa4b44,2017-03-23T03:59:59+00:00,24,50.30116666666667,15.885679108984395,2017,115,0.9648061359537645,0.2629622026565149,-0.4712051337636775,-0.48817448123938945,-0.4241939228777756,-0.41968612020197604,-0.7784453438842064
2017-03-29,2017-03-24,67.731,1.0456708462657465,High,2017-03-28,48.9,49.27,-0.37000000000000455,EIA daily delivery rank; actual contract identities unavailable,inventory published after the matched quote; descriptive association only,2017-03-29,2017_03_29,https://www.eia.gov/petroleum/supply/weekly/archive/2017/2017_03_29/csv/table9.csv,90ceb09db37c86063fca21696df9df9aa168cfafac72200a83dd7c95d4285dc9,2017-03-30T03:59:59+00:00,24,50.468041666666664,16.508979278691804,2017,116,0.989372413019683,0.14540367380368976,-0.44864431122451,-0.46920333032062195,-0.2305174289658114,-0.3989081555031804,-0.7470611957242816
2017-04-05,2017-03-31,69.144,1.082613534588703,High,2017-04-04,51.51,51.88,-0.37000000000000455,EIA daily delivery rank; actual contract identities unavailable,inventory published after the matched quote; descriptive association only,2017-04-05,2017_04_05,https://www.eia.gov/petroleum/supply/weekly/archive/2017/2017_04_05/csv/table9.csv,3f7ab3deb128a8da8b9d7b5c9b2bf51614a15801b8d41e6786d29d18732ca310,2017-04-06T03:59:59+00:00,24,50.699666666666666,17.03685825463151,2017,117,0.999668467514313,0.025747913654988658,-0.43813190835820703,-0.45238826441522323,-0.24882848319593875,-0.39335581936452446,-0.7242151193588162
2017-04-12,2017-04-07,69.42,1.0598329136528915,High,2017-04-11,53.79,54.11,-0.3200000000000003,EIA daily delivery rank; actual contract identities unavailable,inventory published after the matched quote; descriptive association only,2017-04-12,2017_04_12,https://www.eia.gov/petroleum/supply/weekly/archive/2017/2017_04_12/csv/table9.csv,7b73a0a0643f9db694ac5844faa1dba373cb33eae5cbdee8ab3bdd794396aacd,2017-04-13T03:59:59+00:00,24,50.81316666666667,17.55638374090664,2017,118,0.9955457941960382,-0.0942792217754244,-0.4176477885130602,-0.4314312740665981,-0.21886297590031356,-0.37644067712034046,-0.6938990710081697
2017-04-19,2017-04-14,68.642,0.9872647763306897,Normal,2017-04-18,52.85,53.2,-0.3500000000000014,EIA daily delivery rank; actual contract identities unavailable,inventory published after the matched quote; descriptive association only,2017-04-19,2017_04_19,https://www.eia.gov/petroleum/supply/weekly/archive/2017/2017_04_19/csv/table9.csv,c78d7f7de2168eda536a3a8b10c80bb7099d8e06b4bde5788a0987dab93faf9a,2017-04-20T03:59:59+00:00,24,50.82320833333333,18.048645200219482,2017,119,0.9770638564833507,-0.21294651993841593,-0.3888062192777082,-0.4047235182320691,-0.27033193937959166,-0.3499929940093671,-0.651111083882928
2017-04-26,2017-04-21,67.439,0.895379406688848,Normal,2017-04-25,49.9,50.17,-0.2700000000000031,EIA daily delivery rank; actual contract identities unavailable,inventory published after the matched quote; descriptive association only,2017-04-26,2017_04_26,https://www.eia.gov/petroleum/supply/weekly/archive/2017/2017_04_26/csv/table9.csv,66ed2e08f39e916e1e83b3f9f7d6f6e20d89697042eb2065866f8273b09eac20,2017-04-27T03:59:59+00:00,24,50.861041666666665,18.515009625516562,2017,120,0.9444892287836613,-0.32854238191083474,-0.3560622727457817,-0.36181309274920925,-0.21292571583131426,-0.31925249723190063,-0.5659182669321258
2017-05-03,2017-04-28,66.711,0.8431588690781263,Normal,2017-05-02,47.99,48.24,-0.25,EIA daily delivery rank; actual contract identities unavailable,inventory published after the matched quote; descriptive association only,2017-05-03,2017_05_03,https://www.eia.gov/petroleum/supply/weekly/archive/2017/2017_05_03/csv/table9.csv,da32b90a86a87854dda17a34c62d097ea94fbcbc38e0a552cb5115763df898ec,2017-05-04T03:59:59+00:00,24,50.742999999999995,18.93830520629965,2017,121,0.898291751554753,-0.43939950965914143,-0.32780296691165833,-0.32687397287614006,-0.21631842370223187,-0.29418253165043484,-0.5045267525914072
2017-05-10,2017-05-05,66.273,0.8190082905498798,Normal,2017-05-09,46.27,46.62,-0.3499999999999943,EIA daily delivery rank; actual contract identities unavailable,inventory published after the matched quote; descriptive association only,2017-05-10,2017_05_10,https://www.eia.gov/petroleum/supply/weekly/archive/2017/2017_05_10/csv/table9.csv,3bd0ae2ecbea650cd5e1142c4c657351ef2613c938ac8e9a942528e879de7f3b,2017-05-11T03:59:59+00:00,24,50.460708333333336,19.3066319952028,2017,122,0.8391377545563939,-0.5439189543287246,-0.3027408384475965,-0.2976798369833983,-0.3401726580440477,-0.2731058492486559,-0.46035686874333076
2017-05-17,2017-05-12,66.308,0.8258073610438865,Normal,2017-05-16,49.0,49.29,-0.28999999999999915,EIA daily delivery rank; actual contract identities unavailable,inventory published after the matched quote; descriptive association only,2017-05-17,2017_05_17,https://www.eia.gov/petroleum/supply/weekly/archive/2017/2017_05_17/csv/table9.csv,575ca5ee60f8554110d8d2c6193502a70fb9b19b67340f37dab17b1223c59635,2017-05-18T03:59:59+00:00,24,50.122833333333325,19.599203676517654,2017,123,0.7678804460366001,-0.6405931786981751,-0.28158485860428945,-0.27521147117430356,-0.3041443570769581,-0.2567444126644852,-0.4355760554439337
2017-05-24,2017-05-19,65.567,0.7918556717858984,Normal,2017-05-23,51.72,51.92,-0.20000000000000284,EIA daily delivery rank; actual contract identities unavailable,inventory published after the matched quote; descriptive association only,2017-05-24,2017_05_24,https://www.eia.gov/petroleum/supply/weekly/archive/2017/2017_05_24/csv/table9.csv,c31a41bf58defe03e9a68598430f34f8e82449cc8e021e73a3bd30279cdd806b,2017-05-25T03:59:59+00:00,24,49.85,19.848313979431275,2017,124,0.6855476064742155,-0.7280278011569847,-0.2548110781115501,-0.24396105167757864,-0.23788776476802553,-0.23351163527280167,-0.38725382597632174
2017-06-01,2017-05-26,64.82,0.7725487175174404,Normal,2017-05-31,48.56,48.74,-0.17999999999999972,EIA daily delivery rank; actual contract identities unavailable,inventory published after the matched quote; descriptive association only,2017-06-01,2017_06_01,https://www.eia.gov/petroleum/supply/weekly/archive/2017/2017_06_01/csv/table9.csv,857d54b4ca57e61ce3133da97296e8d2ff66dfdf55f1f2462bbd839777b875ad,2017-06-02T03:59:59+00:00,24,49.43741666666667,19.91147352203851,2017,125,0.593326764377232,-0.8049617075821959,-0.23034277038783843,-0.21651946421618928,-0.24106041784669707,-0.2128083508023303,-0.34928100295741493
2017-06-07,2017-06-02,63.376,0.7220406488725593,Normal,2017-06-06,48.34,48.49,-0.14999999999999858,EIA daily delivery rank; actual contract identities unavailable,inventory published after the matched quote; descriptive association only,2017-06-07,2017_06_07,https://www.eia.gov/petroleum/supply/weekly/archive/2017/2017_06_07/csv/table9.csv,b190462425720f528c009d4067e00c779fe1dfbe3845c6a7891c15191642e367,2017-06-08T03:59:59+00:00,24,48.982208333333325,19.934877197207754,2017,126,0.4925480679538644,-0.8702852410301551,-0.20220121433266933,-0.18308402641610055,-0.23332808532710758,-0.18731738446832308,-0.2943203661979315
2017-06-14,2017-06-09,62.22,0.6880772066233166,Normal,2017-06-13,46.67,46.89,-0.21999999999999886,EIA daily delivery rank; actual contract identities unavailable,inventory published after the matched quote; descriptive association only,2017-06-14,2017_06_14,https://www.eia.gov/petroleum/supply/weekly/archive/2017/2017_06_14/csv/table9.csv,d6517770feb1ce9d1586e8c0a3b92c21546542701efd3ee49cc31fa60b6eeda8,2017-06-15T03:59:59+00:00,24,48.55724999999999,19.856419989624207,2017,127,0.3846650997070012,-0.9230562068841761,-0.1772465231790692,-0.15453291195773133,-0.3243695892919149,-0.16516962717385847,-0.2515893824904897
2017-06-21,2017-06-16,61.14,0.658480131773922,Normal,2017-06-20,43.51,43.77,-0.2600000000000051,EIA daily delivery rank; actual contract identities unavailable,inventory published after the matched quote; descriptive association only,2017-06-21,2017_06_21,https://www.eia.gov/petroleum/supply/weekly/archive/2017/2017_06_21/csv/table9.csv,b791465b8a2f45d0b72f1f52d7747ed144a7cdfdbc2c1c4cd50c45b85c518e13,2017-06-22T03:59:59+00:00,24,48.114,19.781918043462337,2017,128,0.27123391067291,-0.9625134626077081,-0.15409963448562156,-0.12847689490439937,-0.38388143740511227,-0.14459283677886442,-0.2140457371267187
2017-06-28,2017-06-23,60.843,0.6618234582617488,Normal,2017-06-27,44.49,44.73,-0.23999999999999488,EIA daily delivery rank; actual contract identities unavailable,inventory published after the matched quote; descriptive association only,2017-06-28,2017_06_28,https://www.eia.gov/petroleum/supply/weekly/archive/2017/2017_06_28/csv/table9.csv,2104aee271c40fefddf98c67b81f2102dc19ef1786c3732e8dd53a712e0f5883,2017-06-29T03:59:59+00:00,24,47.76070833333333,19.76704135121888,2017,129,0.15389057670406214,-0.9880878960910771,-0.136958259604809,-0.1115153703425209,-0.381582200336641,-0.13053130027364537,-0.19924757671576382
2017-07-06,2017-06-30,59.509,0.6045760769817549,Normal,2017-07-05,45.34,45.55,-0.20999999999999375,EIA daily delivery rank; actual contract identities unavailable,inventory published after the matched quote; descriptive association only,2017-07-06,2017_07_06,https://www.eia.gov/petroleum/supply/weekly/archive/2017/2017_07_06/csv/table9.csv,587b6dbfa2b1de8259d1d216f6b9b0df09d2114d78ca6b5097198e175beae08d,2017-07-07T03:59:59+00:00,24,47.49,19.880045634625255,2017,130,0.03432760051324382,-0.9994106342455052,-0.11323692915651244,-0.0832231091533959,-0.36721657096113025,-0.1077524660182603,-0.15089232750607168
2017-07-12,2017-07-07,57.561,0.515021774686444,Normal,2017-07-11,45.23,45.4,-0.1700000000000017,EIA daily delivery rank; actual contract identities unavailable,inventory published after the matched quote; descriptive association only,2017-07-12,2017_07_12,https://www.eia.gov/petroleum/supply/weekly/archive/2017/2017_07_12/csv/table9.csv,10c8ae77fa585e623810aa5bb2c08ba9c38ee388ca02c037ed3cf8a646e24ef2,2017-07-13T03:59:59+00:00,24,47.26108333333334,19.998992611404567,2017,131,-0.0857305001556945,-0.9963183634476755,-0.08704705016498691,-0.05007940342933008,-0.34055904678261656,-0.0811186082210727,-0.0862774982609226
2017-07-19,2017-07-14,57.538,0.5219773388943109,Normal,2017-07-18,46.59,46.76,-0.1699999999999946,EIA daily delivery rank; actual contract identities unavailable,inventory published after the matched quote; descriptive association only,2017-07-19,2017_07_19,https://www.eia.gov/petroleum/supply/weekly/archive/2017/2017_07_19/csv/table9.csv,14ac2f2d97e174539a800e29e18a647b246570352f7dbe50d6e0fd28ec4f47d7,2017-07-20T03:59:59+00:00,24,47.04329166666667,20.10567806557265,2017,132,-0.20455206612620058,-0.9788556850953579,-0.07627216916019322,-0.040759203075866474,-0.351417182471977,-0.0720701077355865,-0.08343163784258184
2017-07-26,2017-07-21,55.839,0.4377679969554424,Normal,2017-07-25,48.02,48.19,-0.1699999999999946,EIA daily delivery rank; actual contract identities unavailable,inventory published after the matched quote; descriptive association only,2017-07-26,2017_07_26,https://www.eia.gov/petroleum/supply/weekly/archive/2017/2017_07_26/csv/table9.csv,1b46393ab1bec8ee01c3c59367d43ffc9d4eae6df48fec90457304e5e7412a79,2017-07-27T03:59:59+00:00,24,46.995958333333334,20.200292685092606,2017,133,-0.32042327339191096,-0.947274472298717,-0.055318726449354635,-0.013922606951438155,-0.3596343656040666,-0.04976623787722073,-0.028995782176179735
2017-08-02,2017-07-28,55.8,0.43039680673754976,Normal,2017-08-01,49.29,49.43,-0.14000000000000057,EIA daily delivery rank; actual contract identities unavailable,inventory published after the matched quote; descriptive association only,2017-08-02,2017_08_02,https://www.eia.gov/petroleum/supply/weekly/archive/2017/2017_08_02/csv/table9.csv,2fe3d240e6203020df6269acf7b26d6810c7c15fdc385e6034dcd4696c5f5c07,2017-08-03T03:59:59+00:00,24,47.08720833333333,20.243625255285902,2017,134,-0.431672852473784,-0.9020302369860707,-0.047384553849332,-0.006835063159693483,-0.33509207555847803,-0.04206787157109074,-0.02458872311873342
2017-08-09,2017-08-04,56.369,0.45818672148268624,Normal,2017-08-08,49.35,49.52,-0.1700000000000017,EIA daily delivery rank; actual contract identities unavailable,inventory published after the matched quote; descriptive association only,2017-08-09,2017_08_09,https://www.eia.gov/petroleum/supply/weekly/archive/2017/2017_08_09/csv/table9.csv,0c9866c9a988b3fec379ca246990c4819ac69b15bbb2aa0771ebd15b7196e079,2017-08-10T03:59:59+00:00,24,47.075291666666665,20.28367016673686,2017,135,-0.5366961939916004,-0.8437755598231858,-0.04684834783903029,-0.010360135944225121,-0.36771159300287026,-0.042187012070086,-0.04501347411636819
2017-08-16,2017-08-11,57.047,0.494751209736063,Normal,2017-08-15,47.7,47.84,-0.14000000000000057,EIA daily delivery rank; actual contract identities unavailable,inventory published after the matched quote; descriptive association only,2017-08-16,2017_08_16,https://www.eia.gov/petroleum/supply/weekly/archive/2017/2017_08_16/csv/table9.csv,18dc204b0451d1f72c25fa037fc9b931ecc38496c08f30c6883c600a5daf7792,2017-08-17T03:59:59+00:00,24,47.029666666666664,20.247213420008254,2017,136,-0.6339784927628865,-0.77335067770973,-0.05015069807490545,-0.018701317880722934,-0.337455135302043,-0.04583132779543374,-0.07426552141407178
2017-08-23,2017-08-18,56.544,0.4833578419736584,Normal,2017-08-22,47.83,48.02,-0.19000000000000483,EIA daily delivery rank; actual contract identities unavailable,inventory published after the matched quote; descriptive association only,2017-08-23,2017_08_23,https://www.eia.gov/petroleum/supply/weekly/archive/2017/2017_08_23/csv/table9.csv,9be3008fac3999e88e9c4f76b4d3e8f441b68c4f01ff34fdc067dd84e0b9be3d,2017-08-24T03:59:59+00:00,24,46.856541666666665,20.042000960980108,2017,137,-0.7221165966101161,-0.691771364614222,-0.04952851928193504,-0.019310879666368783,-0.38432640147613295,-0.04366799469041188,-0.0779436273285502
2017-08-30,2017-08-25,57.233,0.5339344983814215,Normal,2017-08-29,47.0,47.45,-0.45000000000000284,EIA daily delivery rank; actual contract identities unavailable,inventory published after the matched quote; descriptive association only,2017-08-30,2017_08_30,https://www.eia.gov/petroleum/supply/weekly/archive/2017/2017_08_30/csv/table9.csv,ac8e8b97b8c6f22484c040b9e4fcd6cf8a074b8436d033a31db9ce9caee24c64,2017-08-31T03:59:59+00:00,24,46.695125,19.736269208947355,2017,138,-0.7998392447397191,-0.6002142805483686,-0.06005839438895666,-0.0364496979613471,-0.6383705188477369,-0.05385175515461524,-0.12235339259518258
2017-09-07,2017-09-01,58.03,0.5912264670993367,Normal,2017-09-06,49.62,50.0,-0.38000000000000256,EIA daily delivery rank; actual contract identities unavailable,inventory published after the matched quote; descriptive association only,2017-09-07,2017_09_07,https://www.eia.gov/petroleum/supply/weekly/archive/2017/2017_09_07/csv/table9.csv,d00c5f29090268a94dbdd8b6b3a586d93baa967d641a0a03e231c366e7f3426d,2017-09-08T03:59:59+00:00,24,46.54195833333333,19.430865000054997,2017,139,-0.8660254037844384,-0.5000000000000004,-0.07410358666633615,-0.05781457389386031,-0.5596733921475758,-0.0672328261963422,-0.17389050543501006
2017-09-13,2017-09-08,59.053,0.6643262519167564,Normal,2017-09-12,48.75,49.17,-0.4200000000000017,EIA daily delivery rank; actual contract identities unavailable,inventory published after the matched quote; descriptive association only,2017-09-13,2017_09_13,https://www.eia.gov/petroleum/supply/weekly/archive/2017/2017_09_13/csv/table9.csv,de931fe6249a04757cda6b3ba5ab67fc948d7c9394e032c46ac8e68b6c088ec5,2017-09-14T03:59:59+00:00,24,46.28716666666667,19.216210854983572,2017,140,-0.9197204370389468,-0.3925739646141714,-0.09282310951919304,-0.08529049551132674,-0.5883604644667515,-0.08525595135601682,-0.23780816294530077
2017-09-20,2017-09-15,59.756,0.7220963536956602,Normal,2017-09-19,49.9,50.24,-0.3400000000000034,EIA daily delivery rank; actual contract identities unavailable,inventory published after the matched quote; descriptive association only,2017-09-20,2017_09_20,https://www.eia.gov/petroleum/supply/weekly/archive/2017/2017_09_20/csv/table9.csv,faa935a206bfc04f6f0e529923ba6ff165660dd00ab036d7f6071e7404dc9fc8,2017-09-21T03:59:59+00:00,24,45.997625,19.053378305520017,2017,141,-0.9601498736716017,-0.2794856348516098,-0.11181734808841418,-0.1118295206337147,-0.4945949079271233,-0.10269401446112127,-0.2949973824307159
2017-09-27,2017-09-22,60.937,0.8152628967841673,Normal,2017-09-26,52.19,52.42,-0.23000000000000398,EIA daily delivery rank; actual contract identities unavailable,inventory published after the matched quote; descriptive association only,2017-09-27,2017_09_27,https://www.eia.gov/petroleum/supply/weekly/archive/2017/2017_09_27/csv/table9.csv,a3c39459712d44e61f539e21df2be6ec699ad8b4ec9aa2f0a73b66fcb80e981b,2017-09-28T03:59:59+00:00,24,45.62895833333334,18.77681632152004,2017,142,-0.9867305793119814,-0.16236614133076413,-0.13789006603833567,-0.14844908594255374,-0.3685752701666171,-0.12780869089210833,-0.37580402923097467
2017-10-04,2017-09-29,62.462,0.932778452696059,Normal,2017-10-03,50.74,50.99,-0.25,EIA daily delivery rank; actual contract identities unavailable,inventory published after the matched quote; descriptive association only,2017-10-04,2017_10_04,https://www.eia.gov/petroleum/supply/weekly/archive/2017/2017_10_04/csv/table9.csv,ceaec2421db1f44be8ce446fedd6cd45a4c91c2d346d097945d35104846dbdae,2017-10-05T03:59:59+00:00,24,45.27970833333334,18.42054950669559,2017,143,-0.9990791668951153,-0.04290475819955383,-0.1693331521938673,-0.1924754501599036,-0.3705326105854569,-0.15863552842969247,-0.4731961551972543
2017-10-12,2017-10-06,63.784,1.0385630558476038,High,2017-10-11,51.6,51.8,-0.19999999999999574,EIA daily delivery rank; actual contract identities unavailable,inventory published after the matched quote; descriptive association only,2017-10-12,2017_10_12,https://www.eia.gov/petroleum/supply/weekly/archive/2017/2017_10_12/csv/table9.csv,80f1504c935f1dfd5d5e83b31d24d31688ea475168412fdeee8e66d1049b00b7,2017-10-13T03:59:59+00:00,24,44.95458333333334,18.130258495763055,2017,144,-0.9970175264485267,0.07717546212664607,-0.20097294597535376,-0.22870576277817323,-0.30072716765867746,-0.18905244161339618,-0.5455682789293661
2017-10-18,2017-10-13,63.986,1.065847987392802,High,2017-10-17,52.11,52.28,-0.1700000000000017,EIA daily delivery rank; actual contract identities unavailable,inventory published after the matched quote; descriptive association only,2017-10-18,2017_10_18,https://www.eia.gov/petroleum/supply/weekly/archive/2017/2017_10_18/csv/table9.csv,be6232aa62f414d66adc692165438c3615d8684ce9935154952d76e97c8b944a,2017-10-19T03:59:59+00:00,24,44.940999999999995,17.868401709503118,2017,145,-0.980575394063143,0.19614254142819676,-0.22339697504193837,-0.25109322404334994,-0.2494446053839593,-0.20784816563000122,-0.5772437316649996
2017-10-25,2017-10-20,63.749,1.0614612428407453,High,2017-10-24,52.67,52.79,-0.11999999999999744,EIA daily delivery rank; actual contract identities unavailable,inventory published after the matched quote; descriptive association only,2017-10-25,2017_10_25,https://www.eia.gov/petroleum/supply/weekly/archive/2017/2017_10_25/csv/table9.csv,0ac5dc0bd5d2b3c6198f9648579a62a66572022b7655baad1d25db0439d7f7cc,2017-10-26T03:59:59+00:00,24,45.03779166666667,17.627782888480496,2017,146,-0.949989922994501,0.3122805568857945,-0.24276406475218099,-0.2733682958958496,-0.17699189300415874,-0.22254855520948272,-0.6063820664618877
2017-11-01,2017-10-27,63.839,1.062510464856944,High,2017-10-31,54.59,54.69,-0.09999999999999432,EIA daily delivery rank; actual contract identities unavailable,inventory published after the matched quote; descriptive association only,2017-11-01,2017_11_01,https://www.eia.gov/petroleum/supply/weekly/archive/2017/2017_11_01/csv/table9.csv,88e81735ee3ff2e83050e20d195204e01aefaa8e045112a6f25d66dcc04ecd66,2017-11-02T03:59:59+00:00,24,45.316875,17.43241653859269,2017,147,-0.9057022630804715,0.42391439070986053,-0.2638800781906109,-0.29670979954619314,-0.1336928774335252,-0.23905813718994623,-0.6363101082907193
2017-11-08,2017-11-03,64.559,1.09240563317621,High,2017-11-07,57.43,57.59,-0.1600000000000037,EIA daily delivery rank; actual contract identities unavailable,inventory published after the matched quote; descriptive association only,2017-11-08,2017_11_08,https://www.eia.gov/petroleum/supply/weekly/archive/2017/2017_11_08/csv/table9.csv,63ea575b1502dc790ca97fdcac843bec5ad139f3340781e590f0ed4bd4c70a7e,2017-11-09T04:59:59+00:00,24,45.72354166666667,17.242183453932338,2017,148,-0.848351197812304,0.5294338912181852,-0.2896560918842471,-0.3217296648472207,-0.16988361224856918,-0.26100660836932577,-0.6689656803942337
2017-11-15,2017-11-10,63.055,0.9702158347135793,Normal,2017-11-14,55.89,56.03,-0.14000000000000057,EIA daily delivery rank; actual contract identities unavailable,inventory published after the matched quote; descriptive association only,2017-11-15,2017_11_15,https://www.eia.gov/petroleum/supply/weekly/archive/2017/2017_11_15/csv/table9.csv,8c9d3791a11525056bc91fe032f1273428b8da18bdfc3bce407a20aa359358b4,2017-11-16T04:59:59+00:00,24,46.326166666666666,17.242383328315714,2017,149,-0.7787639308347607,0.6273170968742937,-0.294942525666113,-0.3353782787172537,-0.12590751061601402,-0.2582742964234583,-0.6706263208990031
2017-11-22,2017-11-17,61.228,0.8148007972384126,Normal,2017-11-21,56.92,56.96,-0.03999999999999915,EIA daily delivery rank; actual contract identities unavailable,inventory published after the matched quote; descriptive association only,2017-11-22,2017_11_22,https://www.eia.gov/petroleum/supply/weekly/archive/2017/2017_11_22/csv/table9.csv,9b287585e323a5e5b51e72d37cf2f82803607a03812d584cc07485878f0a9889,2017-11-23T04:59:59+00:00,24,47.158375,17.267564106080762,2017,150,-0.6979441547663436,0.7161521883143932,-0.29573747121975946,-0.32481178983775594,-0.002110392069737399,-0.2502350619623867,-0.6046463870515906
2017-11-29,2017-11-24,58.314,0.5848196440058,Normal,2017-11-28,58.05,58.0,0.04999999999999716,EIA daily delivery rank; actual contract identities unavailable,inventory published after the matched quote; descriptive association only,2017-11-29,2017_11_29,https://www.eia.gov/petroleum/supply/weekly/archive/2017/2017_11_29/csv/table9.csv,f1fced85684c8df78e5461d63dcb339c3b9637fa29f009300425cf5e4e77be96,2017-11-30T04:59:59+00:00,24,48.16220833333333,17.35884177407349,2017,151,-0.607057574429101,0.7946578517376245,-0.28604674629131255,-0.29723586752718834,0.11116450542066936,-0.22980876057290295,-0.4921470615135186
2017-12-06,2017-12-01,55.561,0.3608620194148147,Normal,2017-12-05,57.67,57.65,0.020000000000003126,EIA daily delivery rank; actual contract identities unavailable,inventory published after the matched quote; descriptive association only,2017-12-06,2017_12_06,https://www.eia.gov/petroleum/supply/weekly/archive/2017/2017_12_06/csv/table9.csv,ed4a826230de5788fcc9e98d9b4997edd18046d79f24df1af9b8866a4c60d802,2017-12-07T04:59:59+00:00,24,49.321583333333336,17.29031134056363,2017,152,-0.5074150932938463,0.8617017599480677,-0.27661758062171893,-0.2701338726719165,0.1035814761460857,-0.2100488132018852,-0.38146684846462175
2017-12-13,2017-12-08,52.244,0.12822775491882935,Normal,2017-12-12,57.16,57.13,0.02999999999999403,EIA daily delivery rank; actual contract identities unavailable,inventory published after the matched quote; descriptive association only,2017-12-13,2017_12_13,https://www.eia.gov/petroleum/supply/weekly/archive/2017/2017_12_13/csv/table9.csv,7ba9e3f8c08eb08c1f7729453266b9748174bc6f7d25762e63b6e65519cac092,2017-12-14T04:59:59+00:00,25,50.0638,17.00255924608606,2017,153,-0.4004539056512665,0.9163169044870048,-0.2651246067329707,-0.23993213961648616,0.13481718871234638,-0.18827965697879284,-0.2633621279532137
2017-12-20,2017-12-15,52.998,0.17777340767020047,Normal,2017-12-19,57.56,57.58,-0.01999999999999602,EIA daily delivery rank; actual contract identities unavailable,inventory published after the matched quote; descriptive association only,2017-12-20,2017_12_20,https://www.eia.gov/petroleum/supply/weekly/archive/2017/2017_12_20/csv/table9.csv,b6a9278c3a2a042242f2ea7f3d68d0b4f970d7a484eaf25aeaa303cf0adaf86a,2017-12-21T04:59:59+00:00,25,50.04308000000001,16.62183359550524,2017,154,-0.28771676722616696,0.9577155432887803,-0.2911998376651359,-0.27063527236921414,0.10456534961383213,-0.21228585284631477,-0.3133480863789937
2017-12-28,2017-12-22,51.414,0.08400824456248583,Normal,2017-12-27,59.69,59.68,0.00999999999999801,EIA daily delivery rank; actual contract identities unavailable,inventory published after the matched quote; descriptive association only,2017-12-28,2017_12_28,https://www.eia.gov/petroleum/supply/weekly/archive/2017/2017_12_28/csv/table9.csv,23387fdc5af0bb97583ead2f5e84145a0107e6ebcb337f83e6cc0eeafa579ef5,2017-12-29T04:59:59+00:00,25,50.055600000000005,16.16984150870585,2017,155,-0.17082974322534408,0.985300562686109,-0.29615674116888874,-0.2678787562099775,0.15254112106068352,-0.21158450535224932,-0.2739010995593241
2018-01-04,2017-12-29,48.973,-0.06919318523914329,Normal,2018-01-03,61.55,61.41,0.14000000000000057,EIA daily delivery rank; actual contract identities unavailable,inventory published after the matched quote; descriptive association only,2018-01-04,2018_01_04,https://www.eia.gov/petroleum/supply/weekly/archive/2018/2018_01_04/csv/table9.csv,42875f06b2334d7fed33b3d49ec7a8a268d09b00dd8b8cf824d1a6882aef6773,2018-01-05T04:59:59+00:00,25,50.04404,15.47898100511357,2018,156,-0.05147875477034641,0.9986740898848305,-0.7434758437229687,-0.768902816860171,0.8174393413565411,-0.19981131967637958,-0.19547970933515368
2018-01-10,2018-01-05,46.578,-0.8859133428127447,Normal,2018-01-09,62.87,62.7,0.1699999999999946,EIA daily delivery rank; actual contract identities unavailable,inventory published after the matched quote; descriptive association only,2018-01-10,2018_01_10,https://www.eia.gov/petroleum/supply/weekly/archive/2018/2018_01_10/csv/table9.csv,d077f3bd36eaadeec90c0f4926a84cba02b08f95f6ee52deb22bcfb6b89d241c,2018-01-11T04:59:59+00:00,25,56.892079999999986,11.642312516993062,2018,157,0.06861473800213404,0.9976432316860063,-0.6455522704990706,-0.602001409436106,0.861121816467382,-0.07702855515598508,0.28732497092809484
2018-01-18,2018-01-12,42.394,-1.18619184996444,Low,2018-01-17,63.92,63.74,0.17999999999999972,EIA daily delivery rank; actual contract identities unavailable,inventory published after the matched quote; descriptive association only,2018-01-18,2018_01_18,https://www.eia.gov/petroleum/supply/weekly/archive/2018/2018_01_18/csv/table9.csv,7c8224e7074a455c3b4ffb2d53c872bf146e9c8185f74305b1fc26518fc9c71e,2018-01-19T04:59:59+00:00,25,56.64235999999999,12.011851203013352,2018,158,0.1877185654371987,0.9822228566828407,-0.6163823848555962,-0.5648789618496802,0.8823453090980815,-0.03789054740245468,0.35286257315329383
2018-01-24,2018-01-19,39.244,-1.4091045373714233,Low,2018-01-23,64.31,64.09,0.21999999999999886,EIA daily delivery rank; actual contract identities unavailable,inventory published after the matched quote; descriptive association only,2018-01-24,2018_01_24,https://www.eia.gov/petroleum/supply/weekly/archive/2018/2018_01_24/csv/table9.csv,a9b1a851ec0e85d927b41a00e227e85bd67047d31143a59ae3d2f15926abbee2,2018-01-25T04:59:59+00:00,25,56.41036,12.182460239623193,2018,159,0.30411483232751785,0.9526353808033826,-0.5955189722662869,-0.545801380856858,0.9309479370940772,-0.009748950803472045,0.35375226822291006
2018-01-31,2018-01-26,37.02,-1.5763135895317637,Low,2018-01-30,64.35,64.11,0.23999999999999488,EIA daily delivery rank; actual contract identities unavailable,inventory published after the matched quote; descriptive association only,2018-01-31,2018_01_31,https://www.eia.gov/petroleum/supply/weekly/archive/2018/2018_01_31/csv/table9.csv,ced9aa7253104df320f51f8c600323b3bda18af6275a1daba0bc750ab5eb593c,2018-02-01T04:59:59+00:00,25,56.24812,12.198156589966096,2018,160,0.41612469599147445,0.9093075592922358,-0.5798479569720777,-0.5308958605526091,0.9568056203672424,0.01109794507386666,0.3569829643675263
2018-02-07,2018-02-02,36.309,-1.8504656774796757,Low,2018-02-06,63.11,62.7,0.4099999999999966,EIA daily delivery rank; actual contract identities unavailable,inventory published after the matched quote; descriptive association only,2018-02-07,2018_02_07,https://www.eia.gov/petroleum/supply/weekly/archive/2018/2018_02_07/csv/table9.csv,18a995cb10d60ad084811fd8aa00dff4e5845101dbeb76351fc54d5ec4c56baa,2018-02-08T04:59:59+00:00,24,57.196666666666665,11.287789295889864,2018,161,0.5221325810768248,0.8528643314021597,-0.5469372502878798,-0.499881243217249,1.1298338705662223,0.051602971346900894,0.3661539393928612
2018-02-14,2018-02-09,32.667,-2.46947811218367,Low,2018-02-13,59.03,58.75,0.28000000000000114,EIA daily delivery rank; actual contract identities unavailable,inventory published after the matched quote; descriptive association only,2018-02-14,2018_02_14,https://www.eia.gov/petroleum/supply/weekly/archive/2018/2018_02_14/csv/table9.csv,2fe07d9470af00453a9951164ad49b753cc9da7f712fd5fc9790900f81ededc8,2018-02-15T04:59:59+00:00,24,57.94979166666667,10.238111259998176,2018,162,0.6206094818274227,0.7841198065767104,-0.46405902487159334,-0.423170440983037,0.9999890096949711,0.15111837244719628,0.3864754704490898
2018-02-22,2018-02-16,30.003,-3.0775426187042574,Low,2018-02-21,61.52,61.2,0.3200000000000003,EIA daily delivery rank; actual contract identities unavailable,inventory published after the matched quote; descriptive association only,2018-02-22,2018_02_22,https://www.eia.gov/petroleum/supply/weekly/archive/2018/2018_02_22/csv/table9.csv,2b2bf180745375888d2071b0a776c94f934208210fe375e20023447c2797fa2c,2018-02-23T04:59:59+00:00,24,58.85766666666667,9.375878823350103,2018,163,0.7101350157125358,0.7040655221348057,-0.380026044310373,-0.3449437502884575,1.0372688001027561,0.2509339221934333,0.4099924277553555
2018-02-28,2018-02-23,28.785,-3.629138291886477,Low,2018-02-27,62.9,62.63,0.269999999999996,EIA daily delivery rank; actual contract identities unavailable,inventory published after the matched quote; descriptive association only,2018-02-28,2018_02_28,https://www.eia.gov/petroleum/supply/weekly/archive/2018/2018_02_28/csv/table9.csv,c3d34cad5d98e30e211ca4b17618e0da4aff832ffb78a88563e232032f9b5abb,2018-03-01T04:59:59+00:00,24,59.80895833333333,8.548574300045932,2018,164,0.7894179103280197,0.613856141822612,-0.3010952204021797,-0.27089296981608557,0.9817124767589507,0.34354189737806745,0.4355538550300304
2018-03-07,2018-03-02,28.18,-4.202123211564405,Low,2018-03-06,62.45,62.16,0.29000000000000625,EIA daily delivery rank; actual contract identities unavailable,inventory published after the matched quote; descriptive association only,2018-03-07,2018_03_07,https://www.eia.gov/petroleum/supply/weekly/archive/2018/2018_03_07/csv/table9.csv,9bb9ecfbbdbdfeeb38a7852ba02cc1643540547e6eae40cc8f6b9a918741b728,2018-03-08T04:59:59+00:00,24,60.765208333333334,7.754462849556049,2018,165,0.8660254037844386,0.5000000000000001,-0.21558629715435607,-0.19002426336580547,0.9919942396185306,0.44246193379445625,0.4672799720361125
2018-03-14,2018-03-09,28.518,-4.809746440970179,Low,2018-03-13,60.75,60.65,0.10000000000000142,EIA daily delivery rank; actual contract identities unavailable,inventory published after the matched quote; descriptive association only,2018-03-14,2018_03_14,https://www.eia.gov/petroleum/supply/weekly/archive/2018/2018_03_14/csv/table9.csv,02dcb0c2d175b5335ca89d41edda587a7bc6f2872197a58f48c154977e1fc5eb,2018-03-15T03:59:59+00:00,24,61.72654166666666,6.904426683242813,2018,166,0.9197204370389467,0.3925739646141717,-0.12349095524162768,-0.10325965021987749,0.7906813119377024,0.5487425631620257,0.5004258459393394
2018-03-21,2018-03-16,29.423,-5.32334497851679,Low,2018-03-20,63.54,63.31,0.22999999999999687,EIA daily delivery rank; actual contract identities unavailable,inventory published after the matched quote; descriptive association only,2018-03-21,2018_03_21,https://www.eia.gov/petroleum/supply/weekly/archive/2018/2018_03_21/csv/table9.csv,836ec9e97484ee90d9bcf34ca7cbb5dcca2a7b336fd2ae3acc3a170411decdcc,2018-03-22T03:59:59+00:00,24,62.5545,6.223812308559274,2018,167,0.9601498736716018,0.2794856348516095,-0.041923624390189485,-0.025717935306246442,0.9069157553980678,0.641444453317464,0.5340341404531954
2018-03-28,2018-03-23,31.227,-5.743567375415783,Low,2018-03-27,65.18,64.86,0.3200000000000074,EIA daily delivery rank; actual contract identities unavailable,inventory published after the matched quote; descriptive association only,2018-03-28,2018_03_28,https://www.eia.gov/petroleum/supply/weekly/archive/2018/2018_03_28/csv/table9.csv,d5cb0b9b35b4ee49b13de9d9d6d2a21e492589faa5f147f46549573fa8ffc972,2018-03-29T03:59:59+00:00,24,63.31945833333333,5.587547988154333,2018,168,0.9867305793119814,0.162366141330764,0.029045143292688702,0.04248286765958409,0.9808961176375715,0.7205607524763843,0.5677980599672652
2018-04-04,2018-03-30,34.893,-6.081036031151916,Low,2018-04-03,63.46,63.21,0.25,EIA daily delivery rank; actual contract identities unavailable,inventory published after the matched quote; descriptive association only,2018-04-04,2018_04_04,https://www.eia.gov/petroleum/supply/weekly/archive/2018/2018_04_04/csv/table9.csv,6b8418e546dcf803527a188eeb5f3f18489fb608913a102e2e3336037446582d,2018-04-05T03:59:59+00:00,24,63.993083333333324,4.785382488158184,2018,169,0.9990791668951153,0.042904758199554374,0.09068192631551197,0.10243073697381044,0.892853458056408,0.787705008510415,0.6015991216240582
2018-04-11,2018-04-06,36.022,-7.0494443852722375,Low,2018-04-10,65.44,65.17,0.269999999999996,EIA daily delivery rank; actual contract identities unavailable,inventory published after the matched quote; descriptive association only,2018-04-11,2018_04_11,https://www.eia.gov/petroleum/supply/weekly/archive/2018/2018_04_11/csv/table9.csv,8dea9e9efdcc0001292c3d506bab9046be5799c9ae4752acfa9169c4032db7e7,2018-04-12T03:59:59+00:00,24,64.484375,4.037534512572913,2018,170,0.9970175264485267,-0.07717546212664618,0.24073696438357584,0.2424884003568757,0.8930480151296287,0.9605535027627253,0.6508216545761667
2018-04-18,2018-04-13,34.907,-8.44621708377245,Low,2018-04-17,66.51,66.24,0.27000000000001023,EIA daily delivery rank; actual contract identities unavailable,inventory published after the matched quote; descriptive association only,2018-04-18,2018_04_18,https://www.eia.gov/petroleum/supply/weekly/archive/2018/2018_04_18/csv/table9.csv,e24a3371fee80e88a206f973dfd6c7ec9953d9816900f2dca1d7b151f181bab4,2018-04-19T03:59:59+00:00,24,64.74866666666667,3.5331399099368257,2018,171,0.980575394063143,-0.19614254142819687,0.4511551546233633,0.4372153755724093,0.8717654528549188,1.205471342803212,0.7105896596102275
2018-04-25,2018-04-20,35.366,-9.230700294300597,Low,2018-04-24,67.57,67.17,0.3999999999999915,EIA daily delivery rank; actual contract identities unavailable,inventory published after the matched quote; descriptive association only,2018-04-25,2018_04_25,https://www.eia.gov/petroleum/supply/weekly/archive/2018/2018_04_25/csv/table9.csv,4d159afe2604b4e6381aeda2d62a7418e83fbf8794430601b0079c1f049d28bc,2018-04-26T03:59:59+00:00,24,64.93724999999999,3.2035760080151734,2018,172,0.949989922994501,-0.31228055688579476,0.5788130586501072,0.5570813822255511,0.9793127404751036,1.3504255015762814,0.7574996979820261
2018-05-02,2018-04-27,35.782,-9.367872793310983,Low,2018-05-01,67.13,66.82,0.3100000000000023,EIA daily delivery rank; actual contract identities unavailable,inventory published after the matched quote; descriptive association only,2018-05-02,2018_05_02,https://www.eia.gov/petroleum/supply/weekly/archive/2018/2018_05_02/csv/table9.csv,d1b6e078138994992ffac1f724a1990c3b6c886045d16d9f19203ccc1f970833,2018-05-03T03:59:59+00:00,24,64.96083333333333,3.1147768524534323,2018,173,0.9057022630804715,-0.42391439070986064,0.618615169103897,0.5974138088787626,0.866013724904484,1.389410993292302,0.790351529842285
2018-05-09,2018-05-04,37.17,-8.940936686138194,Low,2018-05-08,68.97,68.66,0.3100000000000023,EIA daily delivery rank; actual contract identities unavailable,inventory published after the matched quote; descriptive association only,2018-05-09,2018_05_09,https://www.eia.gov/petroleum/supply/weekly/archive/2018/2018_05_09/csv/table9.csv,87618d3d613145c29c3b43267a72463ccbd8d595b8edef5861297ff4f50c370e,2018-05-10T03:59:59+00:00,24,64.75791666666667,3.0855734287256826,2018,174,0.848351197812304,-0.5294338912181853,0.5816804273559081,0.5682082331011793,0.8422044597195187,1.3359300541675398,0.8105528197207654
2018-05-16,2018-05-11,37.223,-8.567353829139822,Low,2018-05-15,71.37,71.15,0.21999999999999886,EIA daily delivery rank; actual contract identities unavailable,inventory published after the matched quote; descriptive association only,2018-05-16,2018_05_16,https://www.eia.gov/petroleum/supply/weekly/archive/2018/2018_05_16/csv/table9.csv,86018843d39494f3be3a7f75289a74c54720522d2510ac532017ead839935287,2018-05-17T03:59:59+00:00,24,64.40387499999999,3.1726102997579817,2018,175,0.7787639308347607,-0.6273170968742938,0.552457296098523,0.5457946398417797,0.7282283580869632,1.2916891346083232,0.8313149183685971
2018-05-23,2018-05-18,36.1,-8.40709576063134,Low,2018-05-22,72.2,72.02,0.18000000000000682,EIA daily delivery rank; actual contract identities unavailable,inventory published after the matched quote; descriptive association only,2018-05-23,2018_05_23,https://www.eia.gov/petroleum/supply/weekly/archive/2018/2018_05_23/csv/table9.csv,1808f4010c65f6113f84565addd6e9b3ee9e57db2a22cf808124f2288cf5f081,2018-05-24T03:59:59+00:00,24,64.056,3.325286257700556,2018,176,0.6979441547663435,-0.7161521883143933,0.5525874226018551,0.5496916940172893,0.664431239540696,1.2828502461075098,0.855752857753429
2018-05-31,2018-05-25,35.544,-7.782347982907203,Low,2018-05-30,68.08,67.66,0.4200000000000017,EIA daily delivery rank; actual contract identities unavailable,inventory published after the matched quote; descriptive association only,2018-05-31,2018_05_31,https://www.eia.gov/petroleum/supply/weekly/archive/2018/2018_05_31/csv/table9.csv,7e5fbab40644efb53917a30bb10ea09f70eb19974378a9b58761c43d5b0dd6b7,2018-06-01T03:59:59+00:00,24,63.53066666666666,3.5961726111625065,2018,177,0.6070575744291006,-0.7946578517376249,0.48870576423011713,0.49538846325548747,0.8811563420502805,1.197242300442294,0.8684912641608449
2018-06-06,2018-06-01,34.589,-7.518140520434464,Low,2018-06-05,65.46,65.23,0.22999999999998977,EIA daily delivery rank; actual contract identities unavailable,inventory published after the matched quote; descriptive association only,2018-06-06,2018_06_06,https://www.eia.gov/petroleum/supply/weekly/archive/2018/2018_06_06/csv/table9.csv,4453e6c4111b218df7f5c875d71ea9270c8591cc82fcb3fd74bf6b24754c91bd,2018-06-07T03:59:59+00:00,24,62.979166666666664,3.776221871552094,2018,178,0.5074150932938458,-0.861701759948068,0.4737513688414131,0.4849974414761975,0.6687393713248582,1.1708365262657716,0.8873709562099177
2018-06-13,2018-06-08,33.902,-7.482907149248733,Low,2018-06-12,66.28,65.98,0.29999999999999716,EIA daily delivery rank; actual contract identities unavailable,inventory published after the matched quote; descriptive association only,2018-06-13,2018_06_13,https://www.eia.gov/petroleum/supply/weekly/archive/2018/2018_06_13/csv/table9.csv,2c07b67587be7c1ca715e890a70d982468664384126e9501f18fac4637fd2775,2018-06-14T03:59:59+00:00,24,62.37729166666666,3.8053781904170108,2018,179,0.4004539056512664,-0.9163169044870048,0.48935627508577106,0.5018580460611926,0.7175036587585958,1.1816610950670121,0.9091293610204243
2018-06-20,2018-06-15,32.606,-7.783210265262397,Low,2018-06-19,64.9,64.56,0.3400000000000034,EIA daily delivery rank; actual contract identities unavailable,inventory published after the matched quote; descriptive association only,2018-06-20,2018_06_20,https://www.eia.gov/petroleum/supply/weekly/archive/2018/2018_06_20/csv/table9.csv,2a93ae67cf1225f137d6adc5ee6f696bda8630a739240fb832dd9cf6c712fb4e,2018-06-21T03:59:59+00:00,24,61.692208333333326,3.737045170570467,2018,180,0.2877167672261668,-0.9577155432887804,0.5498538207705028,0.5588963814607903,0.7377554978571264,1.2470709526318735,0.9357952134852017
2018-06-27,2018-06-22,29.893,-8.680074575399807,Low,2018-06-26,69.28,68.16,1.1200000000000045,EIA daily delivery rank; actual contract identities unavailable,inventory published after the matched quote; descriptive association only,2018-06-27,2018_06_27,https://www.eia.gov/petroleum/supply/weekly/archive/2018/2018_06_27/csv/table9.csv,efc433a1a2025c3417fbb92d2b7a537615d5ec2e91e3541c3be32e4b1934ff49,2018-06-28T03:59:59+00:00,24,61.123875,3.5979961610596525,2018,181,0.17082974322534442,-0.985300562686109,0.6907977417196525,0.6882403833479878,1.49977972641027,1.4099367709722797,0.972845190075553
2018-07-05,2018-06-29,27.78,-9.148464696408363,Low,2018-07-04,71.59,68.84,2.75,EIA daily delivery rank; actual contract identities unavailable,inventory published after the matched quote; descriptive association only,2018-07-05,2018_07_05,https://www.eia.gov/petroleum/supply/weekly/archive/2018/2018_07_05/csv/table9.csv,af710b5e7bbf6f5de23b4a6fd332e5eba053793c31966923085cd649cef636f7,2018-07-06T03:59:59+00:00,24,60.62358333333333,3.5900650462396757,2018,182,0.05147875477034673,-0.9986740898848305,0.7712208587391655,0.7623468895981402,3.113835618131404,1.5007972854018758,0.9973892453394813
2018-07-11,2018-07-06,25.718,-9.537375638211275,Low,2018-07-10,72.56,70.62,1.9399999999999977,EIA daily delivery rank; actual contract identities unavailable,inventory published after the matched quote; descriptive association only,2018-07-11,2018_07_11,https://www.eia.gov/petroleum/supply/weekly/archive/2018/2018_07_11/csv/table9.csv,c5131c5ed7545d861d91e7659e80b3e5cc738270a76b6c85de184eb11693c131,2018-07-12T03:59:59+00:00,24,60.21191666666666,3.616709457103439,2018,183,-0.06861473800213432,-0.9976432316860063,0.8387982944914648,0.8243224263214406,2.290153143020555,1.5770815457307594,1.01693133372018
2018-07-18,2018-07-13,24.858,-9.688479791764811,Low,2018-07-17,67.16,65.84,1.3199999999999932,EIA daily delivery rank; actual contract identities unavailable,inventory published after the matched quote; descriptive association only,2018-07-18,2018_07_18,https://www.eia.gov/petroleum/supply/weekly/archive/2018/2018_07_18/csv/table9.csv,7ae79fc56c6d85557aaaf950a1a354fbd125bd033f0394002326878449dc0477,2018-07-19T03:59:59+00:00,24,59.876125,3.6144086329999197,2018,184,-0.1877185654371986,-0.9822228566828407,0.8715912147342264,0.8543092948644446,1.658929650389856,1.6124733036589618,1.0278162905896941
2018-07-25,2018-07-20,23.731,-10.091863953792709,Low,2018-07-24,67.19,66.77,0.4200000000000017,EIA daily delivery rank; actual contract identities unavailable,inventory published after the matched quote; descriptive association only,2018-07-25,2018_07_25,https://www.eia.gov/petroleum/supply/weekly/archive/2018/2018_07_25/csv/table9.csv,05089d31c1647699d14ccaf1935fb8ff102e6382e9e208de39cc413896ecbdac,2018-07-26T03:59:59+00:00,24,59.72825,3.5669575179391484,2018,185,-0.3041148323275178,-0.9526353808033826,0.9367016630993086,0.9130021982844057,0.750327022393868,1.6877423196046897,1.0407604891265274
2018-08-01,2018-07-27,22.393,-10.299223701871398,Low,2018-07-31,67.63,67.27,0.35999999999999943,EIA daily delivery rank; actual contract identities unavailable,inventory published after the matched quote; descriptive association only,2018-08-01,2018_08_01,https://www.eia.gov/petroleum/supply/weekly/archive/2018/2018_08_01/csv/table9.csv,b9309cd6b76a09ce98fe5cb16ebe06663d044103d8d70d92fe29c0b4d3c9d90d,2018-08-02T03:59:59+00:00,24,59.63258333333332,3.615766043276328,2018,186,-0.4161246959914748,-0.9093075592922356,0.9724489584331362,0.9446088024891481,0.6844693391206966,1.7287421168854056,1.0458034174388722
2018-08-08,2018-08-03,21.803,-10.444744589203502,Low,2018-08-07,68.33,67.96,0.37000000000000455,EIA daily delivery rank; actual contract identities unavailable,inventory published after the matched quote; descriptive association only,2018-08-08,2018_08_08,https://www.eia.gov/petroleum/supply/weekly/archive/2018/2018_08_08/csv/table9.csv,e0aa9ebfeddf3d97dc440a98e5e65e4eeda92a4491601dff940e955a8eb442ce,2018-08-09T03:59:59+00:00,24,59.55270833333333,3.6142299135159663,2018,187,-0.5221325810768248,-0.8528643314021597,0.9971481631760775,0.965707125865418,0.6914410889217236,1.7575311314195812,1.0459023458064145
2018-08-15,2018-08-10,23.446,-10.011437919109378,Low,2018-08-14,66.33,66.0,0.3299999999999983,EIA daily delivery rank; actual contract identities unavailable,inventory published after the matched quote; descriptive association only,2018-08-15,2018_08_15,https://www.eia.gov/petroleum/supply/weekly/archive/2018/2018_08_15/csv/table9.csv,92e615883c73aacb35ade4924773c1d895624136c88dee8cf9487a865e1f9115,2018-08-16T03:59:59+00:00,24,59.52316666666667,3.603594903965215,2018,188,-0.6206094818274228,-0.7841198065767104,0.939762388503243,0.9120563586369506,0.651285949792973,1.6886784214835773,1.029682757450419
2018-08-22,2018-08-17,24.218,-9.682076429617009,Low,2018-08-21,65.84,65.49,0.3500000000000085,EIA daily delivery rank; actual contract identities unavailable,inventory published after the matched quote; descriptive association only,2018-08-22,2018_08_22,https://www.eia.gov/petroleum/supply/weekly/archive/2018/2018_08_22/csv/table9.csv,c7cc1f08246a67e9d930d3d5ed5e065ad4f19f885cf56a3f7d8eae06205c84dc,2018-08-23T03:59:59+00:00,24,59.36416666666667,3.6300236754128723,2018,189,-0.7101350157125356,-0.7040655221348059,0.8939879022250038,0.8684376476266793,0.6740061593851974,1.6348807460647499,1.0123219030989166
2018-08-29,2018-08-24,24.276,-9.802026540194506,Low,2018-08-28,68.22,67.93,0.28999999999999204,EIA daily delivery rank; actual contract identities unavailable,inventory published after the matched quote; descriptive association only,2018-08-29,2018_08_29,https://www.eia.gov/petroleum/supply/weekly/archive/2018/2018_08_29/csv/table9.csv,dc991bff66f1984aa2086ce1f224e4aeee3e0ef814390254c1ac985510cc3df7,2018-08-30T03:59:59+00:00,24,59.2705,3.5701290806039374,2018,190,-0.7894179103280196,-0.6138561418226122,0.9072424116608329,0.8777761432707052,0.6195624827289821,1.6531546329125872,1.0015938458671751
2018-09-06,2018-08-31,24.825,-9.466892309153176,Low,2018-09-05,68.42,68.17,0.25,EIA daily delivery rank; actual contract identities unavailable,inventory published after the matched quote; descriptive association only,2018-09-06,2018_09_06,https://www.eia.gov/petroleum/supply/weekly/archive/2018/2018_09_06/csv/table9.csv,735ad42f5d6ea14017ac73fff68bba7c2eb8775d61ff84231085b06dbbc8aa22,2018-09-07T03:59:59+00:00,24,59.22625,3.6338482446598395,2018,191,-0.8573146280763322,-0.514792801509831,0.8554227846238894,0.8278485155848263,0.5878747781408722,1.594193402872861,0.9777148803325764
2018-09-12,2018-09-07,23.583,-9.628113838568353,Low,2018-09-11,69.04,68.89,0.15000000000000568,EIA daily delivery rank; actual contract identities unavailable,inventory published after the matched quote; descriptive association only,2018-09-12,2018_09_12,https://www.eia.gov/petroleum/supply/weekly/archive/2018/2018_09_12/csv/table9.csv,6986f5f3684a97081ffd1a9a50581b56310e2aeb5b70740b63c851efbc0f2e67,2018-09-13T03:59:59+00:00,24,59.203291666666665,3.6996126410531938,2018,192,-0.9128458599921354,-0.40830434224389367,0.8692202500422797,0.8369198428195173,0.4988231531475469,1.6151457893285508,0.9619384407635163
2018-09-19,2018-09-14,22.333,-9.748344289144582,Low,2018-09-18,69.59,69.45,0.14000000000000057,EIA daily delivery rank; actual contract identities unavailable,inventory published after the matched quote; descriptive association only,2018-09-19,2018_09_19,https://www.eia.gov/petroleum/supply/weekly/archive/2018/2018_09_19/csv/table9.csv,754da532e37ee05d59970f376961a8770fc4551f37ba56b3dbb9fc7445eeae2e,2018-09-20T03:59:59+00:00,24,59.21570833333334,3.783484378409229,2018,193,-0.9552106508146316,-0.29592670134728966,0.8749916168772064,0.8384229324508006,0.5022496937561641,1.627369851783923,0.9426743122652042
2018-09-26,2018-09-21,22.794,-9.510294382604874,Low,2018-09-25,72.1,71.91,0.18999999999999773,EIA daily delivery rank; actual contract identities unavailable,inventory published after the matched quote; descriptive association only,2018-09-26,2018_09_26,https://www.eia.gov/petroleum/supply/weekly/archive/2018/2018_09_26/csv/table9.csv,960b1592197cab2e9f64af7abf8624f758d9556f652fa47a758bd352d666f5ad,2018-09-27T03:59:59+00:00,24,59.15983333333333,3.8238388708397384,2018,194,-0.9837979515735163,-0.1792807588107359,0.8293363343706197,0.7931520091363586,0.567960742128368,1.578586587916201,0.9132302440449438
2018-10-03,2018-09-28,24.493,-8.703897335384255,Low,2018-10-02,75.04,74.9,0.14000000000000057,EIA daily delivery rank; actual contract identities unavailable,inventory published after the matched quote; descriptive association only,2018-10-03,2018_10_03,https://www.eia.gov/petroleum/supply/weekly/archive/2018/2018_10_03/csv/table9.csv,7f49dbc41dde7b0a87edbbbe3a485008ec1b8f6934fe07f753220578f17c0050,2018-10-04T03:59:59+00:00,24,59.03641666666667,3.9687297925994742,2018,195,-0.998195433059714,-0.06004895851494849,0.7036050126337223,0.6752486139552021,0.5357296898059623,1.434247655329515,0.8693150434951065
2018-10-11,2018-10-05,26.852,-7.759560654023276,Low,2018-10-10,73.03,72.91,0.12000000000000455,EIA daily delivery rank; actual contract identities unavailable,inventory published after the matched quote; descriptive association only,2018-10-11,2018_10_11,https://www.eia.gov/petroleum/supply/weekly/archive/2018/2018_10_11/csv/table9.csv,a6b057521f0ee6dcb923a5d699eab53f62f47b77de7f75f8c2f4d5785e839fe1,2018-10-12T03:59:59+00:00,24,58.933875,4.134496324011048,2018,196,-0.998195433059714,0.06004895851494813,0.5570979783906658,0.5384149398804758,0.5353002462002014,1.2655809364618358,0.8208122221007841
2018-10-17,2018-10-12,28.628,-7.228185003611762,Low,2018-10-16,71.76,71.7,0.060000000000002274,EIA daily delivery rank; actual contract identities unavailable,inventory published after the matched quote; descriptive association only,2018-10-17,2018_10_17,https://www.eia.gov/petroleum/supply/weekly/archive/2018/2018_10_17/csv/table9.csv,1dd47cc66256e40b5b1f95026070ac2967e98527c13c73a5a2d8a71a5da24e06,2018-10-18T03:59:59+00:00,24,59.044375,4.208023865576437,2018,197,-0.9837979515735163,0.17928075881073555,0.465682600071081,0.45134141743921585,0.49639013520158215,1.1637318511087802,0.7802890151995037
2018-10-24,2018-10-19,29.999,-7.0895484169076575,Low,2018-10-23,66.62,66.76,-0.14000000000000057,EIA daily delivery rank; actual contract identities unavailable,inventory published after the matched quote; descriptive association only,2018-10-24,2018_10_24,https://www.eia.gov/petroleum/supply/weekly/archive/2018/2018_10_24/csv/table9.csv,38acd110ff8579f2b959f2ea7db9d2f202ef1733dc9833353952d122f40e4125,2018-10-25T03:59:59+00:00,24,59.15133333333333,4.112015550074922,2018,198,-0.9552106508146317,0.2959267013472893,0.4268493669455288,0.41182117170582555,0.318695166592056,1.1255649966626147,0.7477139466688896
2018-10-31,2018-10-26,31.877,-7.091818919129681,Low,2018-10-30,66.31,66.42,-0.10999999999999943,EIA daily delivery rank; actual contract identities unavailable,inventory published after the matched quote; descriptive association only,2018-10-31,2018_10_31,https://www.eia.gov/petroleum/supply/weekly/archive/2018/2018_10_31/csv/table9.csv,5e28b42b426154052a5cd94ec0cc51ac976fd13b02e9f4bff1c3aae9b555d761,2018-11-01T03:59:59+00:00,24,59.27279166666667,3.863013421390168,2018,199,-0.9128458599921356,0.40830434224389334,0.40631407862679714,0.38890465464086743,0.3718936235355672,1.1097196271020906,0.7179501300892066
2018-11-07,2018-11-02,34.296,-7.052420142294724,Low,2018-11-06,62.34,62.46,-0.11999999999999744,EIA daily delivery rank; actual contract identities unavailable,inventory published after the matched quote; descriptive association only,2018-11-07,2018_11_07,https://www.eia.gov/petroleum/supply/weekly/archive/2018/2018_11_07/csv/table9.csv,7ab29176100c0b77bb0fbd468dd8a6de8d37d0e88a5a6ad6e356a8f7d8e4eade,2018-11-08T04:59:59+00:00,24,59.300125,3.54546729994792,2018,200,-0.8573146280763323,0.5147928015098308,0.37931455354253163,0.3602550275983194,0.3856509028639451,1.0862837127370428,0.6873947681767887
2018-11-15,2018-11-09,35.463,-6.740635930129939,Low,2018-11-14,56.44,56.67,-0.23000000000000398,EIA daily delivery rank; actual contract identities unavailable,inventory published after the matched quote; descriptive association only,2018-11-15,2018_11_15,https://www.eia.gov/petroleum/supply/weekly/archive/2018/2018_11_15/csv/table9.csv,ea8b548fbb70dbc0a95de346aa23bd8bb254414e6b2e1ea6d1b01d085d269555,2018-11-16T04:59:59+00:00,24,59.34095833333333,3.5423895580239475,2018,201,-0.7894179103280197,0.613856141822612,0.31449103388445576,0.29756574827995763,0.29962434122893744,1.0174068985545552,0.6513798742347237
2018-11-21,2018-11-16,35.347,-6.234585981806756,Low,2018-11-20,53.57,53.71,-0.14000000000000057,EIA daily delivery rank; actual contract identities unavailable,inventory published after the matched quote; descriptive association only,2018-11-21,2018_11_21,https://www.eia.gov/petroleum/supply/weekly/archive/2018/2018_11_21/csv/table9.csv,26294d9ab3b801779ff895d8b491965de80ca788eb6b374041088f216f53f409,2018-11-22T04:59:59+00:00,24,59.38279166666666,3.855234611697695,2018,202,-0.7101350157125358,0.7040655221348057,0.22288493309877933,0.21088312057281966,0.41346815751036403,0.916238792141244,0.612051116360893
2018-11-28,2018-11-23,36.524,-5.690507953073814,Low,2018-11-27,51.73,51.89,-0.1600000000000037,EIA daily delivery rank; actual contract identities unavailable,inventory published after the matched quote; descriptive association only,2018-11-28,2018_11_28,https://www.eia.gov/petroleum/supply/weekly/archive/2018/2018_11_28/csv/table9.csv,524020cb11ec65dbc130a16ac2419022a02ddbce3879a11f053ca0c90a2e54c9,2018-11-29T04:59:59+00:00,24,59.629333333333335,4.060328800850307,2018,203,-0.6206094818274227,0.7841198065767104,0.12626283729803778,0.11995188513856636,0.41683844019338645,0.8088305029457159,0.5732655691083739
2018-12-06,2018-11-30,38.253,-4.9299609831157385,Low,2018-12-05,53.12,53.36,-0.240000000000002,EIA daily delivery rank; actual contract identities unavailable,inventory published after the matched quote; descriptive association only,2018-12-06,2018_12_06,https://www.eia.gov/petroleum/supply/weekly/archive/2018/2018_12_06/csv/table9.csv,817dfcdc37b8478c4b0603fe27c36642ef5970edba120cc004daf9c834e4f59d,2018-12-07T04:59:59+00:00,24,59.85558333333333,4.381897424202429,2018,204,-0.5221325810768248,0.8528643314021598,0.000445948525337303,0.0029512087468590575,0.35939810777963166,0.6659723468649468,0.5314678445516061
2018-12-12,2018-12-07,39.401,-2.6046149311596785,Low,2018-12-11,51.84,52.01,-0.1699999999999946,EIA daily delivery rank; actual contract identities unavailable,inventory published after the matched quote; descriptive association only,2018-12-12,2018_12_12,https://www.eia.gov/petroleum/supply/weekly/archive/2018/2018_12_12/csv/table9.csv,7baca21a6f285001833a24eec46dbabd29865a0866c47d26b79d9c0a91d77a22,2018-12-13T04:59:59+00:00,25,58.82508,7.457563023088262,2018,205,-0.4161246959914751,0.9093075592922355,-0.33934665038241446,-0.3072225716968682,0.4508217706854074,0.26528488758835467,0.45723605646115484
2018-12-19,2018-12-14,40.492,-1.9361964662860587,Low,2018-12-18,46.6,46.94,-0.3399999999999963,EIA daily delivery rank; actual contract identities unavailable,inventory published after the matched quote; descriptive association only,2018-12-19,2018_12_19,https://www.eia.gov/petroleum/supply/weekly/archive/2018/2018_12_19/csv/table9.csv,dc2811c3806e66a4be0ae3e25cbe602c5f94f896ed5aa241b40b3a18135ae7a2,2018-12-20T04:59:59+00:00,25,58.25436,9.173841761043553,2018,206,-0.30411483232751857,0.9526353808033823,-0.4505608740496653,-0.4102021664414996,0.30080042450150535,0.13896294978956636,0.422062829105759
2018-12-28,2018-12-21,41.291,-1.5964121320257207,Low,2018-12-27,44.9,45.23,-0.3299999999999983,EIA daily delivery rank; actual contract identities unavailable,inventory published after the matched quote; descriptive association only,2018-12-28,2018_12_28,https://www.eia.gov/petroleum/supply/weekly/archive/2018/2018_12_28/csv/table9.csv,293b2e12229f00f166c5c108ab3f59336fd8c403a259313f8f5d5d97ad46540f,2018-12-29T04:59:59+00:00,25,57.76348,10.31843824633037,2018,207,-0.1877185654371994,0.9822228566828405,-0.5152553476602038,-0.47064040824554304,0.32904590692132607,0.0679163381355844,0.3969026574231438
2019-01-04,2018-12-28,41.932,-1.3803108531729478,Low,2019-01-03,47.4,47.77,-0.37000000000000455,EIA daily delivery rank; actual contract identities unavailable,inventory published after the matched quote; descriptive association only,2019-01-04,2019_01_04,https://www.eia.gov/petroleum/supply/weekly/archive/2019/2019_01_04/csv/table9.csv,a6e43528a28f9dabed876da7349834c29b26df64e577eed6679725a50c3ff718,2019-01-05T04:59:59+00:00,25,57.31647999999999,11.145663286378849,2019,208,-0.06861473800213468,0.9976432316860063,-0.030416992629035078,-0.015700036781111093,-0.19272886607932732,0.018520219361249757,0.3774831459846707
2019-01-09,2019-01-04,42.262,-1.1535225542196959,Low,2019-01-08,50.11,50.49,-0.38000000000000256,EIA daily delivery rank; actual contract identities unavailable,inventory published after the matched quote; descriptive association only,2019-01-09,2019_01_09,https://www.eia.gov/petroleum/supply/weekly/archive/2019/2019_01_09/csv/table9.csv,b5c632a3444b97c95acd60bbcf5ceb2e39ded7af185e821a5ce09c50f565176f,2019-01-10T04:59:59+00:00,25,55.29988,11.302665866658774,2019,209,0.05147875477034653,0.9986740898848305,-0.07602900031348636,-0.057879942398251005,-0.1887104239673268,-0.031214023519755607,0.3610475245108604
2019-01-16,2019-01-11,41.519,-1.2170437201516338,Low,2019-01-15,52.39,52.7,-0.3100000000000023,EIA daily delivery rank; actual contract identities unavailable,inventory published after the matched quote; descriptive association only,2019-01-16,2019_01_16,https://www.eia.gov/petroleum/supply/weekly/archive/2019/2019_01_16/csv/table9.csv,69970c527090e18583475afca747fc13d9e24c5a3f27e30c925bc4e84265cff8,2019-01-17T04:59:59+00:00,25,55.62480000000001,11.59021633030779,2019,210,0.1708297432253442,0.985300562686109,-0.07967668831274799,-0.061577736158359375,-0.10712488201009868,-0.031410304689941215,0.3544091292924402
2019-01-24,2019-01-18,41.329,-1.1802779210803829,Low,2019-01-23,52.92,53.32,-0.3999999999999986,EIA daily delivery rank; actual contract identities unavailable,inventory published after the matched quote; descriptive association only,2019-01-24,2019_01_24,https://www.eia.gov/petroleum/supply/weekly/archive/2019/2019_01_24/csv/table9.csv,6532a01fe9c73f9e11f1c4a698d11e8aacf8d9341ad6d07744f92dd82874ebc3,2019-01-25T04:59:59+00:00,25,55.7134,12.187299061591402,2019,211,0.287716767226167,0.9577155432887803,-0.09480015148011645,-0.07512867117721145,-0.1881393443841472,-0.04640760080356568,0.34905629752817136
2019-01-30,2019-01-25,41.184,-1.1186996537731733,Low,2019-01-29,53.6,53.93,-0.3299999999999983,EIA daily delivery rank; actual contract identities unavailable,inventory published after the matched quote; descriptive association only,2019-01-30,2019_01_30,https://www.eia.gov/petroleum/supply/weekly/archive/2019/2019_01_30/csv/table9.csv,9296aeca0533f3da950ffca416f8f9ad80096db5b780f6a13330a811d40ae94f,2019-01-31T04:59:59+00:00,25,55.672160000000005,12.950893433401934,2019,212,0.40045390565126643,0.9163169044870048,-0.11089341500491268,-0.08903109001651377,-0.1118834140783615,-0.06361523269927558,0.34672163320836613
2019-02-06,2019-02-01,42.625,-0.9109596514569704,Normal,2019-02-05,54.0,54.44,-0.4399999999999977,EIA daily delivery rank; actual contract identities unavailable,inventory published after the matched quote; descriptive association only,2019-02-06,2019_02_06,https://www.eia.gov/petroleum/supply/weekly/archive/2019/2019_02_06/csv/table9.csv,17701529afe5a031d13a2ea28bf5127092c1ca385032a1477dfe925228e37519,2019-02-07T04:59:59+00:00,24,55.33566666666667,13.953051209608994,2019,213,0.5074150932938455,0.8617017599480682,-0.14450429953104615,-0.12689431418685726,-0.2184473235640288,-0.10296816462669464,0.2928753055164566
2019-02-13,2019-02-08,41.609,-0.8687263338037059,Normal,2019-02-12,53.47,54.0,-0.5300000000000011,EIA daily delivery rank; actual contract identities unavailable,inventory published after the matched quote; descriptive association only,2019-02-13,2019_02_13,https://www.eia.gov/petroleum/supply/weekly/archive/2019/2019_02_13/csv/table9.csv,7cd4153feb26dd40a1ad1c8d9489a6159c9e09cc1706ee5f957cd27c307ab940,2019-02-14T04:59:59+00:00,24,54.58620833333333,14.93820070644435,2019,214,0.6070575744291002,0.7946578517376252,-0.15277557049370083,-0.13679915581430946,-0.3078806333259308,-0.11293259182028678,0.2734912282791263
2019-02-21,2019-02-15,45.022,-0.5791256204569001,Normal,2019-02-20,57.16,57.64,-0.480000000000004,EIA daily delivery rank; actual contract identities unavailable,inventory published after the matched quote; descriptive association only,2019-02-21,2019_02_21,https://www.eia.gov/petroleum/supply/weekly/archive/2019/2019_02_21/csv/table9.csv,b8e496708658cf642984df3f358523fc5c3220c9b33243f60e2a255dd1c2b10e,2019-02-22T04:59:59+00:00,24,54.181749999999994,15.816516618231166,2019,215,0.6979441547663435,0.7161521883143933,-0.192348151963861,-0.19852149171330025,-0.260191517026195,-0.16163681765403398,0.10801273824564131
2019-02-27,2019-02-22,46.65,-0.4450847372922361,Normal,2019-02-26,55.97,56.51,-0.5399999999999991,EIA daily delivery rank; actual contract identities unavailable,inventory published after the matched quote; descriptive association only,2019-02-27,2019_02_27,https://www.eia.gov/petroleum/supply/weekly/archive/2019/2019_02_27/csv/table9.csv,a36b7eae0614abd6ab561cbf6dcfefb285b9bd4e9a71881d92342ff29731636b,2019-02-28T04:59:59+00:00,24,53.996916666666664,16.506781857682054,2019,216,0.7787639308347607,0.6273170968742937,-0.20791350077216908,-0.22300396238317877,-0.3253466436114059,-0.18253897181958373,0.03989502236615411
2019-03-06,2019-03-01,47.523,-0.3805290234979383,Normal,2019-03-05,56.94,57.4,-0.46000000000000085,EIA daily delivery rank; actual contract identities unavailable,inventory published after the matched quote; descriptive association only,2019-03-06,2019_03_06,https://www.eia.gov/petroleum/supply/weekly/archive/2019/2019_03_06/csv/table9.csv,b3746df872f8b947d5a46ef8d14825d7cbbacffd704f2d3f46c972c82926e26f,2019-03-07T04:59:59+00:00,24,53.98016666666666,16.968920287105625,2019,217,0.8573146280763322,0.5147928015098309,-0.21034100009585155,-0.22800069323035,-0.2546237387849151,-0.189224438852999,0.019449409773536402
2019-03-13,2019-03-08,46.851,-0.4240684508007296,Normal,2019-03-12,57.2,57.62,-0.4199999999999946,EIA daily delivery rank; actual contract identities unavailable,inventory published after the matched quote; descriptive association only,2019-03-13,2019_03_13,https://www.eia.gov/petroleum/supply/weekly/archive/2019/2019_03_13/csv/table9.csv,8bfa6207c467038347e8eb100b848fa1ec209dfdd9b2b7e6b0c0980c7aeaafdd,2019-03-14T03:59:59+00:00,24,54.150125,17.21213871538365,2019,218,0.9128458599921356,0.40830434224389334,-0.19603024488748433,-0.20742537470725864,-0.22557211379157788,-0.1763678480185233,0.0651091712756347
2019-03-20,2019-03-15,46.383,-0.47119591928887633,Normal,2019-03-19,59.29,59.58,-0.28999999999999915,EIA daily delivery rank; actual contract identities unavailable,inventory published after the matched quote; descriptive association only,2019-03-20,2019_03_20,https://www.eia.gov/petroleum/supply/weekly/archive/2019/2019_03_20/csv/table9.csv,aa833ef5219d474befdc4f43fc4d4b18e7272ad80d0200f40cd390eb207db9cc,2019-03-21T03:59:59+00:00,24,54.4845,17.193485062915418,2019,219,0.9552106508146316,0.2959267013472893,-0.17882783103639954,-0.18357854367882465,-0.10899865440020479,-0.16095871235024017,0.11552038070038739
2019-03-27,2019-03-22,46.924,-0.46707817311817973,Normal,2019-03-26,60.1,60.23,-0.12999999999999545,EIA daily delivery rank; actual contract identities unavailable,inventory published after the matched quote; descriptive association only,2019-03-27,2019_03_27,https://www.eia.gov/petroleum/supply/weekly/archive/2019/2019_03_27/csv/table9.csv,8e7c5cfb0c755e7e5a0951235e5ad916dd5f72f307ede3cf74a4178d81fb76ff,2019-03-28T03:59:59+00:00,24,54.890458333333335,17.055942220870314,2019,220,0.9837979515735163,0.17928075881073577,-0.16641571128971178,-0.16877796455841987,0.03529029722759219,-0.15216080898352383,0.13721688334035673
2019-04-03,2019-03-29,47.125,-0.4887502094234473,Normal,2019-04-02,62.61,62.6,0.00999999999999801,EIA daily delivery rank; actual contract identities unavailable,inventory published after the matched quote; descriptive association only,2019-04-03,2019_04_03,https://www.eia.gov/petroleum/supply/weekly/archive/2019/2019_04_03/csv/table9.csv,e104995457c2597218625bd98005755d72ec0576bac981eb41b7796fb2d758f4,2019-04-04T03:59:59+00:00,24,55.318708333333326,16.76461344742749,2019,221,0.998195433059714,0.0600489585149486,-0.14840621353571537,-0.1462171424276868,0.15752134954999425,-0.13739125572731536,0.1764221121257344
2019-04-10,2019-04-05,45.992,-0.5945208414857289,Normal,2019-04-09,63.96,63.91,0.05000000000000426,EIA daily delivery rank; actual contract identities unavailable,inventory published after the matched quote; descriptive association only,2019-04-10,2019_04_10,https://www.eia.gov/petroleum/supply/weekly/archive/2019/2019_04_10/csv/table9.csv,51aadfeab78dfa7378021363280726947321f395262003d4a68f2e00b8884781,2019-04-11T03:59:59+00:00,24,55.70441666666667,16.336545313356872,2019,222,0.998195433059714,-0.06004895851494825,-0.1170119424951751,-0.10325978552552229,0.17795079315576529,-0.10718384556512006,0.2680107444836124
2019-04-17,2019-04-12,44.449,-0.7353500059458579,Normal,2019-04-16,64.19,64.26,-0.07000000000000739,EIA daily delivery rank; actual contract identities unavailable,inventory published after the matched quote; descriptive association only,2019-04-17,2019_04_17,https://www.eia.gov/petroleum/supply/weekly/archive/2019/2019_04_17/csv/table9.csv,ad96e6e00eca399bc119001da0303151859b2399ec7398c38fbe75f7ad73c412,2019-04-18T03:59:59+00:00,24,56.067499999999995,15.799959075346008,2019,223,0.9837979515735163,-0.17928075881073566,-0.07920818510216454,-0.05103135163024042,0.036860904154370655,-0.06981959895244536,0.3819363964588536
2019-04-24,2019-04-19,44.912,-0.7507929321169184,Normal,2019-04-23,66.24,66.06,0.1799999999999926,EIA daily delivery rank; actual contract identities unavailable,inventory published after the matched quote; descriptive association only,2019-04-24,2019_04_24,https://www.eia.gov/petroleum/supply/weekly/archive/2019/2019_04_24/csv/table9.csv,35369a04c6146b1fec72670258193460c6b6d0a0cea1302b0e74fc40fd735491,2019-04-25T03:59:59+00:00,24,56.40904166666667,15.313199119029896,2019,224,0.9552106508146317,-0.2959267013472892,-0.05728615734302478,-0.025311755850958795,0.2645558727638941,-0.05199378870735223,0.42078538063929205
2019-05-01,2019-04-26,45.177,-0.7619707978748975,Normal,2019-04-30,63.98,63.97,0.00999999999999801,EIA daily delivery rank; actual contract identities unavailable,inventory published after the matched quote; descriptive association only,2019-05-01,2019_05_01,https://www.eia.gov/petroleum/supply/weekly/archive/2019/2019_05_01/csv/table9.csv,4cb4450ca008c2659791ff54cabec5abdb2ae03392c2d0b25c5a15aa7ead3465,2019-05-02T03:59:59+00:00,24,56.59120833333333,14.97985010077426,2019,225,0.9128458599921355,-0.40830434224389345,-0.034904766621224326,0.00035822377790661886,0.07135741582038918,-0.033927900279786816,0.45735703964452235
2019-05-08,2019-05-03,45.998,-0.7059089172493669,Normal,2019-05-07,61.51,61.54,-0.030000000000001137,EIA daily delivery rank; actual contract identities unavailable,inventory published after the matched quote; descriptive association only,2019-05-08,2019_05_08,https://www.eia.gov/petroleum/supply/weekly/archive/2019/2019_05_08/csv/table9.csv,c26d80996db5d289b6b0f82f351ebfcd56edeb7810d14cdd030ea1085bc24dc1,2019-05-09T03:59:59+00:00,24,56.463249999999995,14.82521291950627,2019,226,0.8573146280763323,-0.5147928015098309,-0.021009444916758935,0.01171973697796247,0.007600136492014131,-0.026253912660526013,0.45314937443047515
2019-05-15,2019-05-10,47.803,-0.5684443528834922,Normal,2019-05-14,61.96,62.08,-0.11999999999999744,EIA daily delivery rank; actual contract identities unavailable,inventory published after the matched quote; descriptive association only,2019-05-15,2019_05_15,https://www.eia.gov/petroleum/supply/weekly/archive/2019/2019_05_15/csv/table9.csv,fa819bc415b7faada4c49b0a571f56671ffdc618e7716fdc2a7483466091c829,2019-05-16T03:59:59+00:00,24,56.193625,14.760679664487292,2019,227,0.7894179103280199,-0.6138561418226117,-0.017855805735054964,0.005298572596887818,-0.10637330187298083,-0.03155452920903502,0.39917187598662285
2019-05-22,2019-05-17,49.069,-0.46950841220671163,Normal,2019-05-21,63.13,63.21,-0.0799999999999983,EIA daily delivery rank; actual contract identities unavailable,inventory published after the matched quote; descriptive association only,2019-05-22,2019_05_22,https://www.eia.gov/petroleum/supply/weekly/archive/2019/2019_05_22/csv/table9.csv,8e024c920cf7fb9f692943ee897a87c9dab64c5c13b360e0d232ad85c8118e42,2019-05-23T03:59:59+00:00,24,55.97408333333332,14.707049232364335,2019,228,0.7101350157125357,-0.7040655221348058,-0.009298139165811015,0.007266797681032888,-0.09021711815440497,-0.030278289438264355,0.36751008796945195
2019-05-30,2019-05-24,49.053,-0.4426601155839604,Normal,2019-05-29,58.95,58.99,-0.03999999999999915,EIA daily delivery rank; actual contract identities unavailable,inventory published after the matched quote; descriptive association only,2019-05-30,2019_05_30,https://www.eia.gov/petroleum/supply/weekly/archive/2019/2019_05_30/csv/table9.csv,4328c6d9b9b3c907c3bbaa7e2d3bdf67161dcf5509ae801b1f16196281f26c80,2019-05-31T03:59:59+00:00,24,55.56045833333334,14.7008011434431,2019,229,0.620609481827423,-0.7841198065767103,0.008950992511572498,0.02470069003669173,-0.07358740083743137,-0.017138143338467388,0.3780464170271598
2019-06-05,2019-05-31,50.844,-0.278234543301479,Normal,2019-06-04,53.63,53.71,-0.0799999999999983,EIA daily delivery rank; actual contract identities unavailable,inventory published after the matched quote; descriptive association only,2019-06-05,2019_06_05,https://www.eia.gov/petroleum/supply/weekly/archive/2019/2019_06_05/csv/table9.csv,1268e60e5d8aa81853419268dae7210035e3647a5f46e43729d49422ff16aa3b,2019-06-06T03:59:59+00:00,24,54.98466666666667,14.881928812771744,2019,230,0.522132581076825,-0.8528643314021596,0.007793810115026334,0.010904443108704087,-0.13614706842367402,-0.0270062499978712,0.3036397518303568
2019-06-12,2019-06-07,52.94,-0.08020118610422744,Normal,2019-06-11,53.52,53.68,-0.1599999999999966,EIA daily delivery rank; actual contract identities unavailable,inventory published after the matched quote; descriptive association only,2019-06-12,2019_06_12,https://www.eia.gov/petroleum/supply/weekly/archive/2019/2019_06_12/csv/table9.csv,5bc0aad6f0a222445cf4246556c787edbba2a7c852974934561bb43e4bbf4f01,2019-06-13T03:59:59+00:00,24,54.15891666666667,15.19823740614757,2019,231,0.4161246959914746,-0.9093075592922357,0.0011936870196672666,-0.011458780084123654,-0.23757073132944068,-0.04296500348557482,0.20678532353570347
2019-06-19,2019-06-14,53.582,0.02881898069573643,Normal,2019-06-18,54.11,54.19,-0.0799999999999983,EIA daily delivery rank; actual contract identities unavailable,inventory published after the matched quote; descriptive association only,2019-06-19,2019_06_19,https://www.eia.gov/petroleum/supply/weekly/archive/2019/2019_06_19/csv/table9.csv,d8ea9173416baaa9101b20a03faa211193aeb9c6aaf5c9c63ecdbecbb465f8d4,2019-06-20T03:59:59+00:00,24,53.133541666666666,15.561214259034534,2019,232,0.30411483232751846,-0.9526353808033824,0.005686312326033227,-0.015585426979384198,-0.17754938514554208,-0.04500935906640213,0.1612850248272827
2019-06-26,2019-06-21,51.836,-0.021850783048685953,Normal,2019-06-25,57.89,57.8,0.09000000000000341,EIA daily delivery rank; actual contract identities unavailable,inventory published after the matched quote; descriptive association only,2019-06-26,2019_06_26,https://www.eia.gov/petroleum/supply/weekly/archive/2019/2019_06_26/csv/table9.csv,c28848a17af89c36f2089eb2414d4ff092f6a74a1f96cbae13a49a7de2a73e99,2019-06-27T03:59:59+00:00,24,52.18395833333333,15.924295827661709,2019,233,0.18771856543719884,-0.9822228566828406,0.030693062921755,0.013863577943518002,-0.025794867565363033,-0.02169971888150672,0.20957281819520227
2019-07-03,2019-06-28,52.5,0.07665461354728431,Normal,2019-07-02,56.34,56.28,0.060000000000002274,EIA daily delivery rank; actual contract identities unavailable,inventory published after the matched quote; descriptive association only,2019-07-03,2019_07_03,https://www.eia.gov/petroleum/supply/weekly/archive/2019/2019_07_03/pdf/table4.pdf,4830314aec71e723fc0d71b3fc205ecc60790ef1cb900198d88620e1a6215f51,2019-07-04T03:59:59+00:00,24,51.246500000000005,16.35257086289758,2019,234,0.0686147380021341,-0.9976432316860063,0.033554635041882885,0.008332330893343232,-0.07204401469670385,-0.024249684536888153,0.16466657487110026
2019-07-10,2019-07-05,52.178,0.10787754926651436,Normal,2019-07-09,57.94,57.91,0.030000000000001137,EIA daily delivery rank; actual contract identities unavailable,inventory published after the matched quote; descriptive association only,2019-07-10,2019_07_10,https://www.eia.gov/petroleum/supply/weekly/archive/2019/2019_07_10/csv/table9.csv,4c52771031392c2bc9c2df8760f83d105531dd4ef7fc806a681d702ca65d6944,2019-07-11T03:59:59+00:00,24,50.361625000000004,16.83737730741909,2019,235,-0.051478754770346045,-0.9986740898848305,0.04374857853773351,0.015447112180968836,-0.11606245680870347,-0.017116805282369658,0.1572166678746333
2019-07-17,2019-07-12,50.827,0.07290881417975974,Normal,2019-07-16,57.74,57.71,0.030000000000001137,EIA daily delivery rank; actual contract identities unavailable,inventory published after the matched quote; descriptive association only,2019-07-17,2019_07_17,https://www.eia.gov/petroleum/supply/weekly/archive/2019/2019_07_17/csv/table9.csv,d47bdf4ca6994b344b741eaa4a5c622f62e71cbe4f713063c9a9af17e34c1893,2019-07-18T03:59:59+00:00,24,49.56345833333334,17.330437765060154,2019,236,-0.17082974322534417,-0.985300562686109,0.06091630430061046,0.03476454356291908,-0.1276479987659313,-0.0006584257110808494,0.1863988427865456
2019-07-24,2019-07-19,50.398,0.07992828232930728,Normal,2019-07-23,56.85,56.89,-0.03999999999999915,EIA daily delivery rank; actual contract identities unavailable,inventory published after the matched quote; descriptive association only,2019-07-24,2019_07_24,https://www.eia.gov/petroleum/supply/weekly/archive/2019/2019_07_24/csv/table9.csv,ae3cabe8dbc0acde47844b8074c7045fb9593e8d249372477739bdd17bacf4b8,2019-07-25T03:59:59+00:00,24,48.98416666666666,17.688774137648817,2019,237,-0.287716767226167,-0.9577155432887803,0.0700292175517715,0.04219801613938723,-0.2066335363918793,0.007109293393139555,0.18669588721838426
2019-07-31,2019-07-26,48.865,0.014975896993320872,Normal,2019-07-30,58.11,58.11,0.0,EIA daily delivery rank; actual contract identities unavailable,inventory published after the matched quote; descriptive association only,2019-07-31,2019_07_31,https://www.eia.gov/petroleum/supply/weekly/archive/2019/2019_07_31/csv/table9.csv,5d9d707f173a34fdf255aeb77b3df00de6a1e7af96bb503a359565b87419a919,2019-08-01T03:59:59+00:00,24,48.59675000000001,17.91211572299356,2019,238,-0.40045390565126615,-0.9163169044870049,0.08658565753116998,0.0628154799705884,-0.1728894666976657,0.024874040676654444,0.22693800124591904
2019-08-07,2019-08-02,47.361,-0.05450983461177852,Normal,2019-08-06,53.59,53.53,0.060000000000002274,EIA daily delivery rank; actual contract identities unavailable,inventory published after the matched quote; descriptive association only,2019-08-07,2019_08_07,https://www.eia.gov/petroleum/supply/weekly/archive/2019/2019_08_07/csv/table9.csv,e29bd4c1738100194d59267480f34ee8ac5fd57f7b2bc7878c4e4171318aea51,2019-08-08T03:59:59+00:00,24,48.344208333333334,18.037265024482114,2019,239,-0.5074150932938452,-0.8617017599480683,0.10121791641485867,0.08161546603429276,-0.11632555721199545,0.04139920517388789,0.26634050435723045
2019-08-14,2019-08-09,44.821,-0.1927809319767795,Normal,2019-08-13,57.1,56.87,0.23000000000000398,EIA daily delivery rank; actual contract identities unavailable,inventory published after the matched quote; descriptive association only,2019-08-14,2019_08_14,https://www.eia.gov/petroleum/supply/weekly/archive/2019/2019_08_14/csv/table9.csv,d9c0bf5537bacdf9472e7ec410abb2c8db0ffb85b520f0b888488cf8e23df825,2019-08-15T03:59:59+00:00,24,48.30641666666667,18.079675364815085,2019,240,-0.6070575744291004,-0.794657851737625,0.12267261425688458,0.11275509043226212,0.05310775254990485,0.06722085029279107,0.3437851829675279
2019-08-21,2019-08-16,42.336,-0.32561328730195777,Normal,2019-08-20,56.13,55.8,0.3300000000000054,EIA daily delivery rank; actual contract identities unavailable,inventory published after the matched quote; descriptive association only,2019-08-21,2019_08_21,https://www.eia.gov/petroleum/supply/weekly/archive/2019/2019_08_21/csv/table9.csv,634ea5af9b8289035a4f459e4ecfcc7301572c76fe1318ff61d8c42903ed5045,2019-08-22T03:59:59+00:00,24,48.23654166666666,18.121317209008087,2019,241,-0.6979441547663433,-0.7161521883143935,0.14072507946466678,0.1398145880412388,0.15541863625016766,0.09004036675066815,0.41448779240164096
2019-08-28,2019-08-23,40.356,-0.433010429008828,Normal,2019-08-27,54.77,54.46,0.3100000000000023,EIA daily delivery rank; actual contract identities unavailable,inventory published after the matched quote; descriptive association only,2019-08-28,2019_08_28,https://www.eia.gov/petroleum/supply/weekly/archive/2019/2019_08_28/csv/table9.csv,6dc955f882f448b7fc83de963953c8486ce62424400c624aea92f040bf2f39ac,2019-08-29T03:59:59+00:00,24,48.237291666666664,18.201158999119585,2019,242,-0.7787639308347605,-0.627317096874294,0.15263295286739997,0.15840589729788734,0.1405737628353802,0.10654325621111929,0.46649776759294653
2019-09-05,2019-08-30,40.126,-0.453032509879762,Normal,2019-09-04,56.1,55.8,0.30000000000000426,EIA daily delivery rank; actual contract identities unavailable,inventory published after the matched quote; descriptive association only,2019-09-05,2019_09_05,https://www.eia.gov/petroleum/supply/weekly/archive/2019/2019_09_05/csv/table9.csv,a667119e2f9b559d5c1935151671fd2c9f17beb0ba1e4576cb8f6c27dffff724,2019-09-06T03:59:59+00:00,24,48.38433333333333,18.2290081908805,2019,243,-0.8483511978123038,-0.5294338912181854,0.14993443377746474,0.1549079378984392,0.13849877728737492,0.10652009934214182,0.4625550771951184
2019-09-11,2019-09-06,39.328,-0.513765515143303,Normal,2019-09-10,57.29,57.0,0.28999999999999915,EIA daily delivery rank; actual contract identities unavailable,inventory published after the matched quote; descriptive association only,2019-09-11,2019_09_11,https://www.eia.gov/petroleum/supply/weekly/archive/2019/2019_09_11/csv/table9.csv,a1411601edd681c1ecb16d528b41da7f8fc8f8edbdfd67d707c9603dc4e107bb,2019-09-12T03:59:59+00:00,24,48.64183333333333,18.12856849828749,2019,244,-0.9057022630804714,-0.42391439070986087,0.15029087842002964,0.15775593424220713,0.13907937308351737,0.11116775064186228,0.48032684365189426
2019-09-18,2019-09-13,38.681,-0.5689982775757858,Normal,2019-09-17,59.1,58.57,0.5300000000000011,EIA daily delivery rank; actual contract identities unavailable,inventory published after the matched quote; descriptive association only,2019-09-18,2019_09_18,https://www.eia.gov/petroleum/supply/weekly/archive/2019/2019_09_18/csv/table9.csv,79256cec56d0f2d997556c6a6bf0234263e701dbfb1f2e8ac84c4baf757baf3b,2019-09-19T03:59:59+00:00,24,48.93125,18.01455365325733,2019,245,-0.9499899229945009,-0.3122805568857948,0.14747383342316106,0.15688480736077126,0.3921629408979897,0.1129336840956329,0.49214889619767627
2019-09-25,2019-09-20,40.937,-0.4644846274158399,Normal,2019-09-24,57.08,56.63,0.44999999999999574,EIA daily delivery rank; actual contract identities unavailable,inventory published after the matched quote; descriptive association only,2019-09-25,2019_09_25,https://www.eia.gov/petroleum/supply/weekly/archive/2019/2019_09_25/csv/table9.csv,29405d02d96b8e3a15c9302e3b4c58ffb782dd13a661a32d5f7b1fafdc2d7f94,2019-09-26T03:59:59+00:00,24,49.208124999999995,17.807101703271428,2019,246,-0.9805753940631429,-0.19614254142819712,0.12045940225523022,0.11837810754475336,0.32756076976382287,0.08645570731951108,0.40508127581762765
2019-10-02,2019-09-27,40.736,-0.49977086356684464,Normal,2019-10-01,53.5,53.24,0.259999999999998,EIA daily delivery rank; actual contract identities unavailable,inventory published after the matched quote; descriptive association only,2019-10-02,2019_10_02,https://www.eia.gov/petroleum/supply/weekly/archive/2019/2019_10_02/csv/table9.csv,2b0337aa287fc017e4fbfadd896510e492579f82d060c564a6b4d7456425710c,2019-10-03T03:59:59+00:00,24,49.48870833333333,17.513442602206943,2019,247,-0.9970175264485267,-0.07717546212664643,0.11055001585000995,0.10869020001410507,0.15505076894741265,0.08132622317886412,0.40056217140915523
2019-10-09,2019-10-04,41.677,-0.4743586097323466,Normal,2019-10-08,52.62,52.49,0.12999999999999545,EIA daily delivery rank; actual contract identities unavailable,inventory published after the matched quote; descriptive association only,2019-10-09,2019_10_09,https://www.eia.gov/petroleum/supply/weekly/archive/2019/2019_10_09/csv/table9.csv,ec2100345c6de8f9c3e0de2ef3d8487772786b01b8bcc2318c38e3ca0b86f835,2019-10-10T03:59:59+00:00,24,49.81700000000001,17.160013190427687,2019,248,-0.9990791668951153,0.04290475819955435,0.09043538582174349,0.08374142882438473,0.044380671276307904,0.06459808803456628,0.3577511549384138
2019-10-17,2019-10-11,42.953,-0.44367091386473034,Normal,2019-10-16,53.45,53.47,-0.01999999999999602,EIA daily delivery rank; actual contract identities unavailable,inventory published after the matched quote; descriptive association only,2019-10-17,2019_10_17,https://www.eia.gov/petroleum/supply/weekly/archive/2019/2019_10_17/csv/table9.csv,0265be85256058d7027e73d8e603d28ecca1c0e879970f397a90610200a09385,2019-10-18T03:59:59+00:00,24,50.338249999999995,16.64578355084972,2019,249,-0.9867305793119814,0.16236614133076377,0.06796342735831418,0.056065113714221515,-0.08472832828273164,0.04560320218734141,0.3105506783861133
2019-10-23,2019-10-18,44.459,-0.40401019933265003,Normal,2019-10-22,54.48,54.5,-0.020000000000003126,EIA daily delivery rank; actual contract identities unavailable,inventory published after the matched quote; descriptive association only,2019-10-23,2019_10_23,https://www.eia.gov/petroleum/supply/weekly/archive/2019/2019_10_23/csv/table9.csv,f20e6bf6f29a3beef0b89be0f6d04d3bfc36251c5ddf00d14510aa2808e329a9,2019-10-24T03:59:59+00:00,24,50.875125,15.881096592606433,2019,250,-0.9601498736716018,0.2794856348516095,0.042889925758930136,0.02514501009381309,-0.06257755127671155,0.023931931873496043,0.2571385383657939
2019-10-30,2019-10-25,46.031,-0.3495425246145976,Normal,2019-10-29,55.68,55.64,0.03999999999999915,EIA daily delivery rank; actual contract identities unavailable,inventory published after the matched quote; descriptive association only,2019-10-30,2019_10_30,https://www.eia.gov/petroleum/supply/weekly/archive/2019/2019_10_30/csv/table9.csv,d86909561503ffa2bfc9e014d0ecc5ded5f145d56bd550486b7d237abce164f6,2019-10-31T03:59:59+00:00,24,51.285291666666666,15.031909701001332,2019,251,-0.9197204370389466,0.3925739646141719,0.014697157511211811,-0.009989324960570256,0.020513510347939745,-0.0011608678681298418,0.19441232107200063
2019-11-06,2019-11-01,47.745,-0.2703240795132327,Normal,2019-11-05,57.29,57.15,0.14000000000000057,EIA daily delivery rank; actual contract identities unavailable,inventory published after the matched quote; descriptive association only,2019-11-06,2019_11_06,https://www.eia.gov/petroleum/supply/weekly/archive/2019/2019_11_06/csv/table9.csv,c12c9f4e040a6b3af0741650782b7a0fa2e192c65cfe96cb583a68d4cf526cb3,2019-11-07T04:59:59+00:00,24,51.56583333333333,14.13426928231267,2019,252,-0.8660254037844386,0.5000000000000001,-0.017681102767238666,-0.05120349963799775,0.14421180244046478,-0.0310848531333702,0.11679017724739144
2019-11-14,2019-11-08,46.516,-0.39956168448437085,Normal,2019-11-13,57.2,57.09,0.10999999999999943,EIA daily delivery rank; actual contract identities unavailable,inventory published after the matched quote; descriptive association only,2019-11-14,2019_11_14,https://www.eia.gov/petroleum/supply/weekly/archive/2019/2019_11_14/csv/table9.csv,0cd44ec369c11a15ed6578ec2a90a34f915a5ea6ca864d7c8aea10cfd0bd88fc,2019-11-15T04:59:59+00:00,24,51.862874999999995,13.381851182502821,2019,253,-0.7998392447397198,0.6002142805483677,-0.021921617166355545,-0.04659165870242843,0.13817551245558607,-0.027091277749695816,0.16568843398091432
2019-11-20,2019-11-15,44.221,-0.6184451554055109,Normal,2019-11-19,55.35,55.26,0.09000000000000341,EIA daily delivery rank; actual contract identities unavailable,inventory published after the matched quote; descriptive association only,2019-11-20,2019_11_20,https://www.eia.gov/petroleum/supply/weekly/archive/2019/2019_11_20/csv/table9.csv,860e7da04b3751d980c3a0059ec07f4792002b1cdb786a5203daddb6259f5c0f,2019-11-21T04:59:59+00:00,24,52.106208333333335,12.75005271593251,2019,254,-0.7221165966101161,0.6917713646142221,-0.014016807777433749,-0.022078119468544655,0.14205899959006169,-0.008547229250263938,0.2697008563536549
2019-11-27,2019-11-22,44.124,-0.6817884264977986,Normal,2019-11-26,58.32,58.06,0.259999999999998,EIA daily delivery rank; actual contract identities unavailable,inventory published after the matched quote; descriptive association only,2019-11-27,2019_11_27,https://www.eia.gov/petroleum/supply/weekly/archive/2019/2019_11_27/csv/table9.csv,dd115c368eae751fd19cd693c759c2adfa5f1bd986426fc04c599f08fa349bac,2019-11-28T04:59:59+00:00,24,52.42466666666667,12.174842435072438,2019,255,-0.6339784927628872,0.7733506777097294,-0.027304818848524648,-0.03153115554971231,0.3355177801361216,-0.01568264449976088,0.28100616600200456
2019-12-04,2019-11-29,43.822,-0.753918245343442,Normal,2019-12-03,56.03,55.82,0.21000000000000085,EIA daily delivery rank; actual contract identities unavailable,inventory published after the matched quote; descriptive association only,2019-12-04,2019_12_04,https://www.eia.gov/petroleum/supply/weekly/archive/2019/2019_12_04/csv/table9.csv,d019cc85f81d1fc979511b46f00c4d4b74eefe3f0f85f95f3c7e519fb9f47967,2019-12-05T04:59:59+00:00,24,52.631875,11.685451379395552,2019,256,-0.5366961939916011,0.8437755598231853,-0.03891089161779515,-0.03827834547851583,0.3082134961456158,-0.021111043803919594,0.29933902692033765
2019-12-11,2019-12-06,40.429,-1.1175136268632588,Low,2019-12-10,59.14,58.88,0.259999999999998,EIA daily delivery rank; actual contract identities unavailable,inventory published after the matched quote; descriptive association only,2019-12-11,2019_12_11,https://www.eia.gov/petroleum/supply/weekly/archive/2019/2019_12_11/csv/table9.csv,67e74dd7b3f2b813b77bb1b01564099769bd22fae028d23bd6ce9d2d8e5540e3,2019-12-12T04:59:59+00:00,25,53.1262,11.362009101973706,2019,257,-0.43167285247378356,0.9020302369860709,-0.009720518586442073,0.009119425135998838,0.37981879573908844,0.022092017378931822,0.4275120549359771
2019-12-18,2019-12-13,40.164,-1.2329262197204878,Low,2019-12-17,60.87,60.53,0.3399999999999963,EIA daily delivery rank; actual contract identities unavailable,inventory published after the matched quote; descriptive association only,2019-12-18,2019_12_18,https://www.eia.gov/petroleum/supply/weekly/archive/2019/2019_12_18/csv/table9.csv,4b74897a0e67f207439d6eb44626c210238e75b86190a3e151ab305c3fc8ca3c,2019-12-19T04:59:59+00:00,25,53.91928000000001,11.156612439565455,2019,258,-0.3204232733919109,0.947274472298717,-0.013514153979831134,0.0032475384013112008,0.48002205466882986,0.025065612162469803,0.4092821171356679
2019-12-27,2019-12-20,37.771,-1.5222074548974522,Low,2019-12-26,61.48,61.16,0.3200000000000003,EIA daily delivery rank; actual contract identities unavailable,inventory published after the matched quote; descriptive association only,2019-12-27,2019_12_27,https://www.eia.gov/petroleum/supply/weekly/archive/2019/2019_12_27/csv/table9.csv,53b23f52a2c002e39bd5d0d82a5173d0a86a073b7e35fd28a672ddc0607ebf44,2019-12-28T04:59:59+00:00,25,54.582879999999996,11.044407873519825,2019,259,-0.2045520661262005,0.9788556850953579,0.00792784243186262,0.020659253194111438,0.4785318710342067,0.05772846731757117,0.39760699972185853
2020-01-03,2019-12-27,36.322,-1.6853143957203238,Low,2020-01-02,60.95,60.64,0.3100000000000023,EIA daily delivery rank; actual contract identities unavailable,inventory published after the matched quote; descriptive association only,2020-01-03,2020_01_03,https://www.eia.gov/petroleum/supply/weekly/archive/2020/2020_01_03/csv/table9.csv,75cfb1bbc58a0f6af276fb7eb5e415d4b340433823babde2740166e3f518e43a,2020-01-04T04:59:59+00:00,25,55.051,11.113060000887845,2020,260,-0.08573050015569487,0.9963183634476755,-0.5285456605993303,-0.45732228329691177,0.9667672309483062,0.07075699961187915,0.386119794034795
2020-01-08,2020-01-03,35.501,-1.1277768489162519,Low,2020-01-07,62.51,62.21,0.29999999999999716,EIA daily delivery rank; actual contract identities unavailable,inventory published after the matched quote; descriptive association only,2020-01-08,2020_01_08,https://www.eia.gov/petroleum/supply/weekly/archive/2020/2020_01_08/csv/table9.csv,849de3ae44a2974c5208c2d7f2290d5368f5c76360a15c09eec7c96aec5f502d,2020-01-09T04:59:59+00:00,24,46.54358333333334,9.791461266424133,2020,261,0.034327600513243496,0.9994106342455052,-0.6198461439890436,-0.540904851090239,0.9711175087622173,-0.03380383836287851,0.3619072567158015
2020-01-15,2020-01-10,35.843,-1.0644976247861442,Low,2020-01-14,58.26,58.19,0.07000000000000028,EIA daily delivery rank; actual contract identities unavailable,inventory published after the matched quote; descriptive association only,2020-01-15,2020_01_15,https://www.eia.gov/petroleum/supply/weekly/archive/2020/2020_01_15/csv/table9.csv,209c69aca2a6ee50d169227127c5cc39f41453d7e2fe6b598d6dca760aad5053,2020-01-16T04:59:59+00:00,24,47.049,10.527031473885405,2020,262,0.15389057670406178,0.9880878960910772,-0.6412136028394138,-0.5607067331072334,0.7530616857335897,-0.05517578646202079,0.35197624630466173
2020-01-23,2020-01-17,34.882,-1.090603568365387,Low,2020-01-22,56.76,56.66,0.10000000000000142,EIA daily delivery rank; actual contract identities unavailable,inventory published after the matched quote; descriptive association only,2020-01-23,2020_01_23,https://www.eia.gov/petroleum/supply/weekly/archive/2020/2020_01_23/csv/table9.csv,d9b4cb018dda7d8ba144bb4f072d7faa503252a866292f2adc7f697d2b943ed7,2020-01-24T04:59:59+00:00,24,47.26525,11.354492465635525,2020,263,0.27123391067291003,0.9625134626077081,-0.6480434245931442,-0.5668308236915437,0.7924274849103081,-0.06005166521183067,0.3475068434756387
2020-01-29,2020-01-24,35.64,-0.9862752849112122,Normal,2020-01-28,53.52,53.48,0.04000000000000625,EIA daily delivery rank; actual contract identities unavailable,inventory published after the matched quote; descriptive association only,2020-01-29,2020_01_29,https://www.eia.gov/petroleum/supply/weekly/archive/2020/2020_01_29/csv/table9.csv,42ec5b63441752d46d26780d1a3b1c651eca31d02b70d11f544c9f2408266d9d,2020-01-30T04:59:59+00:00,24,47.58145833333333,12.10763213478308,2020,264,0.3846650997070012,0.9230562068841761,-0.6703607531623443,-0.5877685191351251,0.7390798185973393,-0.08459431713762663,0.33572211476312636
2020-02-05,2020-01-31,36.708,-0.8823833124452259,Normal,2020-02-04,49.8,50.01,-0.21000000000000085,EIA daily delivery rank; actual contract identities unavailable,inventory published after the matched quote; descriptive association only,2020-02-05,2020_02_05,https://www.eia.gov/petroleum/supply/weekly/archive/2020/2020_02_05/csv/table9.csv,17f81f380a909145bad2460684aa6261152dd44e1f8104d02f185bfc8bfc452f,2020-02-06T04:59:59+00:00,24,48.07075,12.877340085355867,2020,265,0.4925480679538643,0.8702852410301553,-0.6900852245338737,-0.6145828499744984,0.49292273679537224,-0.10708960484562241,0.2750086031901464
2020-02-12,2020-02-07,38.376,-0.679326056392229,Normal,2020-02-11,50.17,50.45,-0.28000000000000114,EIA daily delivery rank; actual contract identities unavailable,inventory published after the matched quote; descriptive association only,2020-02-12,2020_02_12,https://www.eia.gov/petroleum/supply/weekly/archive/2020/2020_02_12/csv/table9.csv,b7785522959817c1a820abc8ddecd002443b14767a989adf44328599e4f72508,2020-02-13T04:59:59+00:00,24,47.41804166666666,13.310311862152352,2020,266,0.593326764377232,0.8049617075821959,-0.7208106885553434,-0.6604586378531134,0.42390081113661615,-0.1439061440454768,0.1578949509815995
2020-02-20,2020-02-14,38.243,-0.6400695189831023,Normal,2020-02-19,53.49,53.74,-0.25,EIA daily delivery rank; actual contract identities unavailable,inventory published after the matched quote; descriptive association only,2020-02-20,2020_02_20,https://www.eia.gov/petroleum/supply/weekly/archive/2020/2020_02_20/csv/table9.csv,d83ed8ef6e3e67129da202279c1de02fb3ea5550adeb0d8108e47cfb86b75cdb,2020-02-21T04:59:59+00:00,24,47.098541666666655,13.8352810187489,2020,267,0.6855476064742154,0.7280278011569848,-0.726397800441412,-0.6672377206336234,0.451999934356342,-0.15157703075404827,0.14327844348321406
2020-02-26,2020-02-21,39.149,-0.5484918307248201,Normal,2020-02-25,50.06,50.13,-0.07000000000000028,EIA daily delivery rank; actual contract identities unavailable,inventory published after the matched quote; descriptive association only,2020-02-26,2020_02_26,https://www.eia.gov/petroleum/supply/weekly/archive/2020/2020_02_26/csv/table9.csv,f41339423001d6a982faa14752ccbb90c4e412610668c25694bfd3866ccde8a8,2020-02-27T04:59:59+00:00,24,47.007374999999996,14.327241646635507,2020,268,0.7678804460366,0.6405931786981751,-0.7365114720152437,-0.6827339280656153,0.6272475237691779,-0.16576994173299575,0.10036894956712586
2020-03-04,2020-02-28,37.178,-0.6785686530784422,Normal,2020-03-03,47.33,47.45,-0.12000000000000455,EIA daily delivery rank; actual contract identities unavailable,inventory published after the matched quote; descriptive association only,2020-03-04,2020_03_04,https://www.eia.gov/petroleum/supply/weekly/archive/2020/2020_03_04/csv/table9.csv,0af6cc4196e4ed5523138c6775d713bf1726eb3a496cec349d18c77dfa8c422c,2020-03-05T04:59:59+00:00,24,47.15533333333334,14.703498736744573,2020,269,0.8391377545563938,0.5439189543287247,-0.7135775947141475,-0.6464374209476372,0.5697121258152047,-0.141260940323606,0.1946215580553161
2020-03-11,2020-03-06,37.882,-0.6398428244666958,Normal,2020-03-10,34.73,35.14,-0.4100000000000037,EIA daily delivery rank; actual contract identities unavailable,inventory published after the matched quote; descriptive association only,2020-03-11,2020_03_11,https://www.eia.gov/petroleum/supply/weekly/archive/2020/2020_03_11/csv/table9.csv,79cb19d327224fb521648c3e7ff8564655be3c5af78a3438bae74ad83b97288b,2020-03-12T03:59:59+00:00,24,47.445249999999994,14.946248725959995,2020,270,0.8982917515547528,0.4393995096591417,-0.7112687672681373,-0.6447903377730152,0.26950242737972485,-0.14256384065126013,0.18975628268650704
2020-03-18,2020-03-13,38.445,-0.6333864149913894,Normal,2020-03-17,27.33,28.05,-0.7200000000000024,EIA daily delivery rank; actual contract identities unavailable,inventory published after the matched quote; descriptive association only,2020-03-18,2020_03_18,https://www.eia.gov/petroleum/supply/weekly/archive/2020/2020_03_18/csv/table9.csv,b4c8c2b48fa7ed26007e0ead21b647285819c1d5b43a3a07490df8d3a32b6f69,2020-03-19T03:59:59+00:00,24,47.96983333333333,15.037950148430026,2020,271,0.9444892287836613,0.32854238191083485,-0.7020931319574748,-0.6334811664524915,-0.05323431185310423,-0.1365521879118262,0.20706574669773364
2020-03-25,2020-03-20,39.303,-0.6011053578867965,Normal,2020-03-24,26.2,28.05,-1.8500000000000014,EIA daily delivery rank; actual contract identities unavailable,inventory published after the matched quote; descriptive association only,2020-03-25,2020_03_25,https://www.eia.gov/petroleum/supply/weekly/archive/2020/2020_03_25/csv/table9.csv,e5d75a19b4595b403de92e238c9e88e5bee04d9c6b854cd01de0874c26668cc9,2020-03-26T03:59:59+00:00,24,48.383708333333324,15.106683402817806,2020,272,0.9770638564833508,0.21294651993841582,-0.6941705837359053,-0.625538715507715,-1.1983143834017316,-0.13292023285780874,0.21112263799719838
2020-04-01,2020-03-27,42.824,-0.3949968745298884,Normal,2020-03-31,24.51,27.69,-3.1799999999999997,EIA daily delivery rank; actual contract identities unavailable,inventory published after the matched quote; descriptive association only,2020-04-01,2020_04_01,https://www.eia.gov/petroleum/supply/weekly/archive/2020/2020_04_01/csv/table9.csv,623bcc7bbb1aca82259cdfb34a45765bb5d0bcc2892a2b1403242aceb0263c9f,2020-04-02T03:59:59+00:00,24,48.74816666666666,14.998008968342857,2020,273,0.9955457941960382,0.09427922177542453,-0.7079961447575739,-0.6539051854551736,-2.5455202797082763,-0.1562346255109036,0.11211039331795972
2020-04-08,2020-04-03,49.241,0.012040869883790162,Normal,2020-04-07,28.69,31.84,-3.1499999999999986,EIA daily delivery rank; actual contract identities unavailable,inventory published after the matched quote; descriptive association only,2020-04-08,2020_04_08,https://www.eia.gov/petroleum/supply/weekly/archive/2020/2020_04_08/csv/table9.csv,ea6348e6e9af55a2ec44c8304c058113353018252efe2d66c41ef5c044da0882,2020-04-09T03:59:59+00:00,24,49.063375,14.751841163828535,2020,274,0.9996684675143132,-0.025747913654988314,-0.7474988485645945,-0.7248211955163839,-2.534603831360896,-0.2111248462891223,-0.10672480954353904
2020-04-15,2020-04-10,54.965,0.3901342327619132,Normal,2020-04-14,27.4,31.87,-4.470000000000002,EIA daily delivery rank; actual contract identities unavailable,inventory published after the matched quote; descriptive association only,2020-04-15,2020_04_15,https://www.eia.gov/petroleum/supply/weekly/archive/2020/2020_04_15/csv/table9.csv,8a0551232cfa1ae6bd39bfd74a968931cd259cab446a127e5033c6e07aebf3d7,2020-04-16T03:59:59+00:00,24,49.37754166666667,14.321886838223659,2020,275,0.9893724130196829,-0.14540367380368988,-0.7813593244298833,-0.7877349492136192,-3.875289786567702,-0.2598131149538002,-0.30680350566210196
2020-04-22,2020-04-17,59.741,0.7264499546573271,Normal,2020-04-21,11.57,18.69,-7.120000000000001,EIA daily delivery rank; actual contract identities unavailable,inventory published after the matched quote; descriptive association only,2020-04-22,2020_04_22,https://www.eia.gov/petroleum/supply/weekly/archive/2020/2020_04_22/csv/table9.csv,be4a03c78882d093d62d66bf3ee096060885521291151c3cca38c0bda70474a9,2020-04-23T03:59:59+00:00,24,49.69325,13.831303774724047,2020,276,0.9648061359537646,-0.26296220265651454,-0.8080761320581903,-0.8401072660908613,-6.547279781253623,-0.30037866040888817,-0.48077831022176504
2020-04-29,2020-04-24,63.378,1.0022495042024373,High,2020-04-28,17.6,21.17,-3.5700000000000003,EIA daily delivery rank; actual contract identities unavailable,inventory published after the matched quote; descriptive association only,2020-04-29,2020_04_29,https://www.eia.gov/petroleum/supply/weekly/archive/2020/2020_04_29/csv/table9.csv,ae8ca2eff3e151a385b726895be76aad9e509f2ecb210d1533270bf730b1856e,2020-04-30T03:59:59+00:00,24,49.8955,13.452239131541408,2020,277,0.926323968251495,-0.376727893635185,-0.8253575133179287,-0.8777057763848931,-3.0202566425175634,-0.32994332980147134,-0.6166115419130794
2020-05-06,2020-05-01,65.446,1.1864431821746741,High,2020-05-05,26.49,28.09,-1.6000000000000014,EIA daily delivery rank; actual contract identities unavailable,inventory published after the matched quote; descriptive association only,2020-05-06,2020_05_06,https://www.eia.gov/petroleum/supply/weekly/archive/2020/2020_05_06/csv/table9.csv,3008c469911e8467a629713a10a1069d3e21de9bb7d7d2ffd14f30aa38aebda6,2020-05-07T03:59:59+00:00,24,49.82279166666666,13.16810494430673,2020,278,0.8744809578310397,-0.4850598461951961,-0.8292324961607928,-0.861532349400764,-1.0738889633787825,-0.34360416516026804,-0.6054772388375158
2020-05-13,2020-05-08,62.444,0.9884081668663779,Normal,2020-05-12,26.33,27.43,-1.1000000000000014,EIA daily delivery rank; actual contract identities unavailable,inventory published after the matched quote; descriptive association only,2020-05-13,2020_05_13,https://www.eia.gov/petroleum/supply/weekly/archive/2020/2020_05_13/csv/table9.csv,d38fe3807578c1316c59e8a325115a290b5dd84be3303b4ee77fe3079b242066,2020-05-14T03:59:59+00:00,24,49.71341666666667,12.87988480881742,2020,279,0.8100248628547753,-0.5863955333706956,-0.7801151207731379,-0.827472388308227,-0.5978358828286952,-0.29361678641794015,-0.5502796630910772
2020-05-20,2020-05-15,56.857,0.5653271033316112,Normal,2020-05-19,31.96,32.47,-0.509999999999998,EIA daily delivery rank; actual contract identities unavailable,inventory published after the matched quote; descriptive association only,2020-05-20,2020_05_20,https://www.eia.gov/petroleum/supply/weekly/archive/2020/2020_05_20/csv/table9.csv,de368f6551d7f8273bc7f2baba125e3b49e97a535f00765c1e67e5f961e13b06,2020-05-21T03:59:59+00:00,24,49.75774999999999,12.557774000507656,2020,280,0.7338853664321991,-0.6792733388972931,-0.6998987168469188,-0.7100093907232711,-0.031752002242928956,-0.20618367504747775,-0.2660294966930974
2020-05-28,2020-05-22,53.462,0.30064570918197614,Normal,2020-05-27,33.23,33.69,-0.46000000000000085,EIA daily delivery rank; actual contract identities unavailable,inventory published after the matched quote; descriptive association only,2020-05-28,2020_05_28,https://www.eia.gov/petroleum/supply/weekly/archive/2020/2020_05_28/csv/table9.csv,b8ba5a6bf2e74162c3233bf1ca69a7ca28efb7b6b4335843e9c6a3cbb7db8a3a,2020-05-29T03:59:59+00:00,24,49.74154166666667,12.374892505388786,2020,281,0.6471606673266062,-0.7623536388483902,-0.6415394761887273,-0.627945682879232,-0.0052923672417356515,-0.14487074346588724,-0.07881040077076405
2020-06-03,2020-05-29,51.723,0.17686195942022145,Normal,2020-06-02,37.06,37.35,-0.28999999999999915,EIA daily delivery rank; actual contract identities unavailable,inventory published after the matched quote; descriptive association only,2020-06-03,2020_06_03,https://www.eia.gov/petroleum/supply/weekly/archive/2020/2020_06_03/csv/table9.csv,b95525a9241f574d7660b3e6247aac7279cefab0ac6535df70fb8b264147bc8c,2020-06-04T03:59:59+00:00,24,49.52912499999999,12.404448119832203,2020,282,0.5511016400746,-0.8344381237138473,-0.6029525229630158,-0.5777509505304645,0.14188255685720685,-0.10704215706797787,0.02156628195249756
2020-06-10,2020-06-05,49.444,0.02509501520759359,Normal,2020-06-09,39.16,39.38,-0.22000000000000597,EIA daily delivery rank; actual contract identities unavailable,inventory published after the matched quote; descriptive association only,2020-06-10,2020_06_10,https://www.eia.gov/petroleum/supply/weekly/archive/2020/2020_06_10/csv/table9.csv,5df7b314e3559665e5be5d29c2cc4d3c146a309b1c59a27629b21529c336bb0e,2020-06-11T03:59:59+00:00,24,49.126958333333334,12.63365110736149,2020,283,0.44709379298511426,-0.8944870822287955,-0.5612664922022375,-0.5224133989409152,0.1901019877569753,-0.0650640882037237,0.13683074868195824
2020-06-17,2020-06-12,46.836,-0.12593595864418689,Normal,2020-06-16,38.65,38.87,-0.21999999999999886,EIA daily delivery rank; actual contract identities unavailable,inventory published after the matched quote; descriptive association only,2020-06-17,2020_06_17,https://www.eia.gov/petroleum/supply/weekly/archive/2020/2020_06_17/csv/table9.csv,674d31154b667529c65fc855abe49bb16eefee228405cf4ceead99479696d323,2020-06-18T03:59:59+00:00,24,48.46541666666666,12.9384544669274,2020,284,0.3366372842469106,-0.9416343976591258,-0.5207245254886348,-0.46859723580621887,0.16968007770673427,-0.023922517544325853,0.24928141172461873
2020-06-24,2020-06-19,45.845,-0.1427120581618543,Normal,2020-06-23,40.51,40.63,-0.12000000000000455,EIA daily delivery rank; actual contract identities unavailable,inventory published after the matched quote; descriptive association only,2020-06-24,2020_06_24,https://www.eia.gov/petroleum/supply/weekly/archive/2020/2020_06_24/csv/table9.csv,ee51cae527df0f729701f8dfe210cc45dca69839ecd0f20ecd014a10bab37e8f,2020-06-25T03:59:59+00:00,24,47.73570833333333,13.248413327407949,2020,285,0.22132528438243243,-0.9752000402445825,-0.49994093050634536,-0.4461191998900317,0.2509113823236473,-0.005897056634874741,0.27789311904715863
2020-07-01,2020-06-26,45.582,-0.0990793776057028,Normal,2020-06-30,39.34,39.48,-0.13999999999999346,EIA daily delivery rank; actual contract identities unavailable,inventory published after the matched quote; descriptive association only,2020-07-01,2020_07_01,https://www.eia.gov/petroleum/supply/weekly/archive/2020/2020_07_01/csv/table9.csv,a6f3143e0df4875ccd9a21dbf82684716de0417005aabde1defc8c381f8d29b2,2020-07-02T03:59:59+00:00,24,46.925333333333334,13.558152723559441,2020,286,0.10282099713736025,-0.9946998756145891,-0.4890451635003558,-0.43892199224992157,0.21406661206718752,0.0009853085415244892,0.26704387066276164
2020-07-08,2020-07-03,47.788,0.12711182417311495,Normal,2020-07-07,40.7,40.84,-0.14000000000000057,EIA daily delivery rank; actual contract identities unavailable,inventory published after the matched quote; descriptive association only,2020-07-08,2020_07_08,https://www.eia.gov/petroleum/supply/weekly/archive/2020/2020_07_08/csv/table9.csv,d57ab88b8d25d2aa7c6585af261abcbd35fafd28f9725577b2fb298ab0f9ad97,2020-07-09T03:59:59+00:00,24,46.01904166666666,13.916552176327627,2020,287,-0.017166329754707124,-0.9998526477050269,-0.5050486738452067,-0.4742569366197488,0.19938872764408594,-0.023647280465167952,0.14266283006930475
2020-07-15,2020-07-10,48.737,0.25955826379635194,Normal,2020-07-14,40.55,40.73,-0.17999999999999972,EIA daily delivery rank; actual contract identities unavailable,inventory published after the matched quote; descriptive association only,2020-07-15,2020_07_15,https://www.eia.gov/petroleum/supply/weekly/archive/2020/2020_07_15/csv/table9.csv,1b9dc73c6dfe143d31ab2a5c4199fe3aeefeae38e35b434c5ea9f109d39375ff,2020-07-16T03:59:59+00:00,24,45.038666666666664,14.248567081782573,2020,288,-0.13690605792347504,-0.990584035457797,-0.5102394102193718,-0.49124269665160397,0.14708943566235244,-0.034356572318640394,0.07161356556020435
2020-07-22,2020-07-17,50.112,0.415851282232792,Normal,2020-07-21,41.92,42.06,-0.14000000000000057,EIA daily delivery rank; actual contract identities unavailable,inventory published after the matched quote; descriptive association only,2020-07-22,2020_07_22,https://www.eia.gov/petroleum/supply/weekly/archive/2020/2020_07_22/csv/table9.csv,cf391315b9958c769d05da3a3b7b9944ffa767af84576a0338362312b3be67c3,2020-07-23T03:59:59+00:00,24,44.121416666666654,14.405590626458238,2020,289,-0.254671120241229,-0.9670277247913203,-0.520946899327049,-0.5160571326693645,0.17734613507887065,-0.05071954716222481,-0.017325082451221413
2020-07-29,2020-07-24,51.421,0.5632649092972574,Normal,2020-07-28,41.28,41.52,-0.240000000000002,EIA daily delivery rank; actual contract identities unavailable,inventory published after the matched quote; descriptive association only,2020-07-29,2020_07_29,https://www.eia.gov/petroleum/supply/weekly/archive/2020/2020_07_29/csv/table9.csv,4420b1adc9a4e005652f6d61c1e5054a6eae89226e6257f0af25d49c43c56f69,2020-07-30T03:59:59+00:00,24,43.31,14.399973913019847,2020,290,-0.36876293119226006,-0.9295234803804003,-0.5328337527821889,-0.5416047825336612,0.07029935848387325,-0.06746888169419188,-0.10444834947480053
2020-08-05,2020-07-31,51.953,0.6545868315168993,Normal,2020-08-04,41.91,42.21,-0.30000000000000426,EIA daily delivery rank; actual contract identities unavailable,inventory published after the matched quote; descriptive association only,2020-08-05,2020_08_05,https://www.eia.gov/petroleum/supply/weekly/archive/2020/2020_08_05/csv/table9.csv,819f8580baab367375818e689386a6c2c9a9c81acae8199f6b08d6cdbc5bd8a3,2020-08-06T03:59:59+00:00,24,42.56316666666666,14.344671907887177,2020,291,-0.4775358864374881,-0.8786122450571483,-0.5395394020146924,-0.5575482351159788,0.006050745127754831,-0.07691862991331308,-0.16124236409360207
2020-08-12,2020-08-07,53.289,0.7879521250167484,Normal,2020-08-11,41.87,42.2,-0.3300000000000054,EIA daily delivery rank; actual contract identities unavailable,inventory published after the matched quote; descriptive association only,2020-08-12,2020_08_12,https://www.eia.gov/petroleum/supply/weekly/archive/2020/2020_08_12/csv/table9.csv,4ccd74b4815967fe8127e71acc64e8ef8d39ea8c83d02b7ffc493344a35a2872,2020-08-13T03:59:59+00:00,24,42.04333333333333,14.272017689434671,2020,292,-0.5794210982045637,-0.8150283375168114,-0.5546192718530755,-0.5856472834583327,-0.025338425073635706,-0.09535349078128649,-0.24701281615603815
2020-08-19,2020-08-14,52.682,0.7766661159780589,Normal,2020-08-18,43.12,43.44,-0.3200000000000003,EIA daily delivery rank; actual contract identities unavailable,inventory published after the matched quote; descriptive association only,2020-08-19,2020_08_19,https://www.eia.gov/petroleum/supply/weekly/archive/2020/2020_08_19/csv/table9.csv,77529de0d48aefd1c3df7862b9de1db9855add67938fb4104abd8e0dcefcdbb9,2020-08-20T03:59:59+00:00,24,41.57420833333333,14.301887823030084,2020,293,-0.6729490241558326,-0.7396888608649671,-0.5524917144291848,-0.5846421590225335,-0.013848115410453332,-0.0919992078987389,-0.24881738922544824
2020-08-26,2020-08-21,52.403,0.7752761571168544,Normal,2020-08-25,43.65,43.94,-0.28999999999999915,EIA daily delivery rank; actual contract identities unavailable,inventory published after the matched quote; descriptive association only,2020-08-26,2020_08_26,https://www.eia.gov/petroleum/supply/weekly/archive/2020/2020_08_26/csv/table9.csv,2c6f909a901e12c4f86f9b7201aa9da88a9c189d3b80c52af2b018e02ec0346d,2020-08-27T03:59:59+00:00,24,41.19095833333333,14.4619972686413,2020,294,-0.7567706633464625,-0.653680474772006,-0.5543803021475029,-0.5886831211422799,0.020500178621446208,-0.09239527331604204,-0.259964792014248
2020-09-02,2020-08-28,52.513,0.7814859583073944,Normal,2020-09-01,43.08,43.41,-0.3299999999999983,EIA daily delivery rank; actual contract identities unavailable,inventory published after the matched quote; descriptive association only,2020-09-02,2020_09_02,https://www.eia.gov/petroleum/supply/weekly/archive/2020/2020_09_02/csv/table9.csv,98b70e804f4da0137dc0a224bb8b87cf862c6e704fadce4f1f451d6c1eb84bab,2020-09-03T03:59:59+00:00,24,41.091375,14.615265800473088,2020,295,-0.8296770135526185,-0.5582437220268655,-0.559939823459811,-0.5971997225719415,-0.012356260638971939,-0.09615351364501101,-0.278893874391086
2020-09-10,2020-09-04,54.351,0.8931841065822738,Normal,2020-09-09,38.41,38.87,-0.46000000000000085,EIA daily delivery rank; actual contract identities unavailable,inventory published after the matched quote; descriptive association only,2020-09-10,2020_09_10,https://www.eia.gov/petroleum/supply/weekly/archive/2020/2020_09_10/csv/table9.csv,c28b9407145a5320ab7801f5adf04edd6b89d5eb73a03ca63a93cecf0075b634,2020-09-11T03:59:59+00:00,24,41.18129166666666,14.744673843029517,2020,296,-0.8906165093267404,-0.45475513555610575,-0.58253987911929,-0.6317329403524745,-0.13252046840915144,-0.11939732350855298,-0.3645652867283289
2020-09-16,2020-09-11,54.277,0.8569044659225541,Normal,2020-09-15,38.55,38.93,-0.38000000000000256,EIA daily delivery rank; actual contract identities unavailable,inventory published after the matched quote; descriptive association only,2020-09-16,2020_09_16,https://www.eia.gov/petroleum/supply/weekly/archive/2020/2020_09_16/csv/table9.csv,1f119319a04877669a91d593b9b359bbded5ce80cfa0f29d7cb6a859e0d60bf5,2020-09-17T03:59:59+00:00,24,41.47291666666667,14.942253007805595,2020,297,-0.9387101892619443,-0.3447073839879337,-0.5872815119341688,-0.6360973554562537,-0.04013431133347545,-0.12020655543951632,-0.3634818501730791
2020-09-23,2020-09-18,54.281,0.8112676074205966,Normal,2020-09-22,39.8,40.09,-0.29000000000000625,EIA daily delivery rank; actual contract identities unavailable,inventory published after the matched quote; descriptive association only,2020-09-23,2020_09_23,https://www.eia.gov/petroleum/supply/weekly/archive/2020/2020_09_23/csv/table9.csv,c681a16735b830cd8734933fc319445a00c165cd65e2e01a056f1df1e129e1e9,2020-09-24T03:59:59+00:00,24,41.99245833333333,15.147334312703244,2020,298,-0.9732643737003823,-0.2296877421317963,-0.5930534074779694,-0.6407645218469753,0.06462355873163683,-0.12137138535354265,-0.35914729196491113
2020-09-30,2020-09-25,56.066,0.8788999180368655,Normal,2020-09-29,39.56,39.88,-0.3200000000000003,EIA daily delivery rank; actual contract identities unavailable,inventory published after the matched quote; descriptive association only,2020-09-30,2020_09_30,https://www.eia.gov/petroleum/supply/weekly/archive/2020/2020_09_30/csv/table9.csv,4d88f62d200e4b01ba944b33d62163f17d0a8d7a33330d8edc96f643ef111547,2020-10-01T03:59:59+00:00,24,42.673375,15.237940890828764,2020,299,-0.9937806700284985,-0.11135519690480865,-0.6165152892795749,-0.6726353327767891,0.051540281504532104,-0.14301370600320196,-0.4253611939671393
2020-10-07,2020-10-02,56.536,0.8584087976713577,Normal,2020-10-06,40.93,41.27,-0.3400000000000034,EIA daily delivery rank; actual contract identities unavailable,inventory published after the matched quote; descriptive association only,2020-10-07,2020_10_07,https://www.eia.gov/petroleum/supply/weekly/archive/2020/2020_10_07/csv/table9.csv,1b2cd9861a0ad7641f43ba3234beb4a298c155cd446f3060245ddbb612fa0a13,2020-10-08T03:59:59+00:00,24,43.45529166666666,15.238320446875589,2020,300,-0.9999631612477099,0.008583481082087254,-0.6298168290966313,-0.6869361460060129,0.050371858470608544,-0.15172961426717146,-0.44000435178634856
2020-10-15,2020-10-09,59.442,0.9941930656439263,Normal,2020-10-14,41.34,41.66,-0.3199999999999932,EIA daily delivery rank; actual contract identities unavailable,inventory published after the matched quote; descriptive association only,2020-10-15,2020_10_15,https://www.eia.gov/petroleum/supply/weekly/archive/2020/2020_10_15/csv/table9.csv,8c1a76b3439d1cf1dcc203f3a1c6c6d2372b0f59ec9479b378bb05e2f9747fa7,2020-10-16T03:59:59+00:00,24,44.48179166666667,15.047588693091305,2020,301,-0.9917226741361016,0.1283983551465503,-0.6662750428279529,-0.7374340344300484,0.09084667219732423,-0.1876983541455613,-0.5504406330818378
2020-10-21,2020-10-16,60.417,1.0270780083445306,High,2020-10-20,41.7,41.97,-0.269999999999996,EIA daily delivery rank; actual contract identities unavailable,inventory published after the matched quote; descriptive association only,2020-10-21,2020_10_21,https://www.eia.gov/petroleum/supply/weekly/archive/2020/2020_10_21/csv/table9.csv,292c7ba38477f58d999ffa1d66f9973f76cee1f89f7aa1a1090a5198d06392a6,2020-10-22T03:59:59+00:00,24,45.49279166666667,14.530744706907448,2020,302,-0.9691780654392538,0.24636127429331414,-0.6900551441212062,-0.7616372492642363,0.1626694040107738,-0.20793103358901965,-0.5859432191470607
2020-10-28,2020-10-23,59.995,0.9973104052607114,Normal,2020-10-27,39.87,40.18,-0.3100000000000023,EIA daily delivery rank; actual contract identities unavailable,inventory published after the matched quote; descriptive association only,2020-10-28,2020_10_28,https://www.eia.gov/petroleum/supply/weekly/archive/2020/2020_10_28/csv/table9.csv,1e4e2bc8e42cc37b41f5e714a2bb40c877cd90eb31ae17b413138a2502cf0b80,2020-10-29T03:59:59+00:00,24,46.164791666666666,13.867506305339225,2020,303,-0.9326545075388223,0.3607707992167836,-0.7064040613201261,-0.7828019264804146,0.14552529352752253,-0.2188594646079074,-0.61131565455792
2020-11-04,2020-10-30,60.931,1.0982181433005038,High,2020-11-03,37.99,38.41,-0.4199999999999946,EIA daily delivery rank; actual contract identities unavailable,inventory published after the matched quote; descriptive association only,2020-11-04,2020_11_04,https://www.eia.gov/petroleum/supply/weekly/archive/2020/2020_11_04/csv/table9.csv,d17fb4d843fd8ddd751138aea39e535fffca70620ce05f95491ac12c7203751f,2020-11-05T04:59:59+00:00,24,46.634416666666674,13.017981373324817,2020,304,-0.8826787983255476,0.46997674302731957,-0.7415658118323791,-0.8109333323785914,0.05908467860401312,-0.2521763415881967,-0.6526696222577608
2020-11-12,2020-11-06,60.413,1.1242481266268156,High,2020-11-11,41.74,42.06,-0.3200000000000003,EIA daily delivery rank; actual contract identities unavailable,inventory published after the matched quote; descriptive association only,2020-11-12,2020_11_12,https://www.eia.gov/petroleum/supply/weekly/archive/2020/2020_11_12/csv/table9.csv,813f0ae5d9a0d2f9152a7621fb47c8f0f9c8e31393ddd810599a740aa6c8e348,2020-11-13T04:59:59+00:00,24,46.856208333333335,12.058540588670885,2020,305,-0.8199717629247775,0.5724039727378144,-0.7670160732233251,-0.8359104840568946,0.1830077502216333,-0.2737016620691584,-0.6847214590856785
2020-11-18,2020-11-13,61.613,1.3437290410677138,High,2020-11-17,41.65,41.9,-0.25,EIA daily delivery rank; actual contract identities unavailable,inventory published after the matched quote; descriptive association only,2020-11-18,2020_11_18,https://www.eia.gov/petroleum/supply/weekly/archive/2020/2020_11_18/csv/table9.csv,20bf6f36df75d58cb4bd23bf19e0073e60a495da217bff71e87a039bcff5986d,2020-11-19T04:59:59+00:00,24,46.71066666666667,11.090281506078103,2020,306,-0.7454378568683,0.6665751282095635,-0.8192736769937627,-0.8687400325013597,0.27694945372547164,-0.32749186965742166,-0.735542715965032
2020-11-25,2020-11-20,59.892,1.315985335130077,High,2020-11-24,45.11,45.25,-0.14000000000000057,EIA daily delivery rank; actual contract identities unavailable,inventory published after the matched quote; descriptive association only,2020-11-25,2020_11_25,https://www.eia.gov/petroleum/supply/weekly/archive/2020/2020_11_25/csv/table9.csv,0dff41b2c7dc0e3bc46c7b250c98ef81012c1f93cdda80d1b77d8ec263b8aad0,2020-11-26T04:59:59+00:00,24,46.52095833333333,10.160479231590394,2020,307,-0.6601521206712321,0.7511319308705195,-0.8375264440265777,-0.8912315675123242,0.4105644657233991,-0.3405319528459032,-0.760145493656473
2020-12-02,2020-11-27,59.575,1.4566841860775077,High,2020-12-01,44.73,44.88,-0.15000000000000568,EIA daily delivery rank; actual contract identities unavailable,inventory published after the matched quote; descriptive association only,2020-12-02,2020_12_02,https://www.eia.gov/petroleum/supply/weekly/archive/2020/2020_12_02/csv/table9.csv,c670e18cfa254acdfbe9343d37e8eb58b4293e71db551d85e0c6e8c01cc6ad6b,2020-12-03T04:59:59+00:00,24,46.05133333333333,9.283870035743698,2020,308,-0.5653446739747432,0.8248547748594242,-0.8785161959888284,-0.9198768543815323,0.42351217486138704,-0.38120038140783563,-0.800179909351496
2020-12-09,2020-12-04,58.211,1.5530669028107849,High,2020-12-08,45.8,45.96,-0.1600000000000037,EIA daily delivery rank; actual contract identities unavailable,inventory published after the matched quote; descriptive association only,2020-12-09,2020_12_09,https://www.eia.gov/petroleum/supply/weekly/archive/2020/2020_12_09/csv/table9.csv,5e7a810617b810447297807b5de48bb79c8c39d3e8eea9f72f4fd7aa71901c06,2020-12-10T04:59:59+00:00,24,45.244125,8.349205675899848,2020,309,-0.4623829729035152,0.8866803180227398,-0.9127241990210078,-0.9457292770353403,0.43546159463467793,-0.41411613403303144,-0.833752891738939
2020-12-16,2020-12-11,58.409,1.4947455727582029,High,2020-12-15,47.78,47.88,-0.10000000000000142,EIA daily delivery rank; actual contract identities unavailable,inventory published after the matched quote; descriptive association only,2020-12-16,2020_12_16,https://www.eia.gov/petroleum/supply/weekly/archive/2020/2020_12_16/csv/table9.csv,ce77a33b4fc526e608f038431343a3c453b7b666be1f90c35668147f75e200ce,2020-12-17T04:59:59+00:00,24,45.69145833333334,8.50816479971198,2020,310,-0.3527520865490943,0.9357168190404939,-0.9246945703479563,-0.9640021067328586,0.5160961373748062,-0.42080735712219774,-0.8493548914491659
2020-12-23,2020-12-18,58.383,1.4179311477994017,High,2020-12-22,47.16,47.26,-0.10000000000000142,EIA daily delivery rank; actual contract identities unavailable,inventory published after the matched quote; descriptive association only,2020-12-23,2020_12_23,https://www.eia.gov/petroleum/supply/weekly/archive/2020/2020_12_23/csv/table9.csv,39a5a89c2871dd0c1542a43fc5e2c3243d439ed3a6dd541772e66006ef4a3272,2020-12-24T04:59:59+00:00,24,46.056999999999995,8.692946776103827,2020,311,-0.2380332770614868,0.9712569994658311,-0.9328373135461364,-0.9799135619150288,0.5351181805549188,-0.4235290319479042,-0.8604537571826624
2020-12-30,2020-12-25,58.41,1.3157333728803515,High,2020-12-29,48.14,48.25,-0.10999999999999943,EIA daily delivery rank; actual contract identities unavailable,inventory published after the matched quote; descriptive association only,2020-12-30,2020_12_30,https://www.eia.gov/petroleum/supply/weekly/archive/2020/2020_12_30/csv/table9.csv,1ceec7ff137bcaf50c4c1679b4f6468c3178b770ecc1c858c3f6d39e57b6a916,2020-12-31T04:59:59+00:00,24,46.34795833333334,9.167542539611132,2020,312,-0.11988119229922752,0.99278824516254,-0.9359370436018707,-0.9929102581686206,0.5422533595511758,-0.42092128648998256,-0.8660803737507206
2021-01-06,2021-01-01,59.202,2.155022668139253,High,2021-01-05,50.01,50.04,-0.030000000000001137,EIA daily delivery rank; actual contract identities unavailable,inventory published after the matched quote; descriptive association only,2021-01-06,2021_01_06,https://www.eia.gov/petroleum/supply/weekly/archive/2021/2021_01_06/csv/table9.csv,5ea0ddce971bb09e6bfb8c9dc5f3142df2d91e5ddd70b771bf75dc3d0e3e9950,2021-01-07T04:59:59+00:00,24,42.692125,7.66111430941717,2021,313,0.0,1.0,0.041167621772051854,0.023780652607968522,-0.4284244385845801,-0.572422551290302,-0.9638050951351005
2021-01-13,2021-01-08,57.227,2.188674666258065,High,2021-01-12,53.24,53.16,0.0800000000000054,EIA daily delivery rank; actual contract identities unavailable,inventory published after the matched quote; descriptive association only,2021-01-13,2021_01_13,https://www.eia.gov/petroleum/supply/weekly/archive/2021/2021_01_13/csv/table9.csv,cca67db3aad5d3cb7e864f675c481b8001e5739d18f20a985f9147d03dafe374,2021-01-14T04:59:59+00:00,24,41.758833333333335,7.0673667974200525,2021,314,0.11988119229922722,0.99278824516254,0.02325157851673837,0.009767137928653413,-0.3057736562502744,-0.5893710909195206,-0.9767182336485245
2021-01-22,2021-01-15,52.5,1.859767985323337,High,2021-01-21,53.05,52.87,0.17999999999999972,EIA daily delivery rank; actual contract identities unavailable,inventory published after the matched quote; descriptive association only,2021-01-22,2021_01_22,https://www.eia.gov/petroleum/supply/weekly/archive/2021/2021_01_22/csv/table9.csv,4dff5562bd10757209a875e38c77ab47ad1a45190b233d874ee8bd20d8d1cd5c,2021-01-23T04:59:59+00:00,24,40.65829166666667,6.367304108245817,2021,315,0.2380332770614856,0.9712569994658314,0.057323585217779804,0.012968231393516272,-0.19565572565543882,-0.544761240033221,-0.9495008007262772
2021-01-27,2021-01-22,50.219,1.884087863211775,High,2021-01-26,52.52,52.36,0.1600000000000037,EIA daily delivery rank; actual contract identities unavailable,inventory published after the matched quote; descriptive association only,2021-01-27,2021_01_27,https://www.eia.gov/petroleum/supply/weekly/archive/2021/2021_01_27/csv/table9.csv,9fa0e95c2b15c8c515b51f5eb9a3a10fbde13d994eec9fa3e8a4cb78fda62c87,2021-01-28T04:59:59+00:00,24,39.65091666666667,5.609124467963022,2021,316,0.3527520865490948,0.9357168190404936,0.04528519612157267,0.004544258996699413,-0.2082165828698762,-0.5566395603484666,-0.9544684172459967
2021-02-03,2021-01-29,48.702,2.1333647833995903,High,2021-02-02,54.62,54.36,0.259999999999998,EIA daily delivery rank; actual contract identities unavailable,inventory published after the matched quote; descriptive association only,2021-02-03,2021_02_03,https://www.eia.gov/petroleum/supply/weekly/archive/2021/2021_02_03/csv/table9.csv,7df63cba753fe42715ce4c2121bf961bdf687e407f7484ed3a85332a8adb7449,2021-02-04T04:59:59+00:00,24,38.73091666666667,4.673876409192459,2021,317,0.4623829729035149,0.88668031802274,0.004869879659034737,-0.010203226915631025,-0.10356352644154654,-0.6037135022983111,-0.9786102314882085
2021-02-10,2021-02-05,48.044,1.9112869311670273,High,2021-02-09,58.25,57.97,0.28000000000000114,EIA daily delivery rank; actual contract identities unavailable,inventory published after the matched quote; descriptive association only,2021-02-10,2021_02_10,https://www.eia.gov/petroleum/supply/weekly/archive/2021/2021_02_10/csv/table9.csv,bc16e652cb8af203fc6291d3173c708fc2764448286e259e043435dea483581f,2021-02-11T04:59:59+00:00,24,38.253416666666666,5.122508386197787,2021,318,0.5653446739747429,0.8248547748594244,0.031752056525569894,-0.003010076056284672,-0.08176366977484334,-0.5709266648414894,-0.9515085772972038
2021-02-18,2021-02-12,45.016,1.2425581053957417,High,2021-02-17,61.16,60.76,0.3999999999999986,EIA daily delivery rank; actual contract identities unavailable,inventory published after the matched quote; descriptive association only,2021-02-18,2021_02_18,https://www.eia.gov/petroleum/supply/weekly/archive/2021/2021_02_18/csv/table9.csv,44e8ef318c1d3302f5598d66f3259cdffee40a4cdadf174cc6f5aa26389a12b8,2021-02-19T04:59:59+00:00,24,37.982375000000005,5.660600473697652,2021,319,0.6601521206712317,0.7511319308705199,0.12259252438698959,0.025149295393585458,0.03715702688017308,-0.4623020167492886,-0.8757291842038858
2021-02-24,2021-02-19,47.823,1.6188629730004946,High,2021-02-23,61.43,60.96,0.46999999999999886,EIA daily delivery rank; actual contract identities unavailable,inventory published after the matched quote; descriptive association only,2021-02-24,2021_02_24,https://www.eia.gov/petroleum/supply/weekly/archive/2021/2021_02_24/csv/table9.csv,8323de30469a2b867c630ac0a5a6ad176158359880df103db0ac3c53c5333892,2021-02-25T04:59:59+00:00,24,37.932208333333335,6.109715171466611,2021,320,0.7454378568683001,0.6665751282095632,0.07263656556440365,0.013853785270536267,0.10321413086574993,-0.5241122904674885,-0.9022758859252583
2021-03-03,2021-02-26,48.308,1.5753279372164388,High,2021-03-02,59.57,59.17,0.3999999999999986,EIA daily delivery rank; actual contract identities unavailable,inventory published after the matched quote; descriptive association only,2021-03-03,2021_03_03,https://www.eia.gov/petroleum/supply/weekly/archive/2021/2021_03_03/csv/table9.csv,078f6e6da92f1c7db2a2570c4ff8fbac48fe59c4169a3a7fcecdaaaa98f78601,2021-03-04T04:59:59+00:00,24,38.082625,6.490950079935709,2021,321,0.8199717629247771,0.5724039727378148,0.08294774317402237,0.022366347948815368,0.026464512580694988,-0.5144904581376885,-0.8831403072719823
2021-03-10,2021-03-05,48.834,1.5313864334757608,High,2021-03-09,63.99,63.69,0.30000000000000426,EIA daily delivery rank; actual contract identities unavailable,inventory published after the matched quote; descriptive association only,2021-03-10,2021_03_10,https://www.eia.gov/petroleum/supply/weekly/archive/2021/2021_03_10/csv/table9.csv,1c708329ab1d53bc4f74f56c34a04200a92a28e8a6471bd23377253f9d0afd65,2021-03-11T04:59:59+00:00,24,38.46595833333333,6.770362751049393,2021,322,0.8906165093267404,0.45475513555610586,0.09707776932104834,0.03516971541634756,-0.08455945063794723,-0.5019159743824548,-0.8581972123739531
2021-03-17,2021-03-12,48.21,1.2548029699968035,High,2021-03-16,64.86,64.68,0.1799999999999926,EIA daily delivery rank; actual contract identities unavailable,inventory published after the matched quote; descriptive association only,2021-03-17,2021_03_17,https://www.eia.gov/petroleum/supply/weekly/archive/2021/2021_03_17/csv/table9.csv,3f04e935137e1726e26b1688a1ce339fe7f550f1a967f70e42a3175f7b21aa2c,2021-03-18T03:59:59+00:00,24,39.241083333333336,7.147669300375909,2021,323,0.9387101892619443,0.3447073839879338,0.1447671657040314,0.05875607613070899,-0.21694560771363658,-0.44944854670803036,-0.8093705340385949
2021-03-24,2021-03-19,46.275,0.8096380518222962,Normal,2021-03-23,57.78,57.64,0.14000000000000057,EIA daily delivery rank; actual contract identities unavailable,inventory published after the matched quote; descriptive association only,2021-03-24,2021_03_24,https://www.eia.gov/petroleum/supply/weekly/archive/2021/2021_03_24/csv/table9.csv,d15e839f7e8520bf60b9047fd6a462a0a125b47a6d100523633c45e5fea28b44,2021-03-25T03:59:59+00:00,24,40.118291666666664,7.604272451716045,2021,324,0.9732643737003824,0.22968774213179574,0.21791306088111295,0.1259228234840276,-0.27170347777874465,-0.36724528843540405,-0.6452558902249813
2021-03-31,2021-03-26,47.057,0.7134740497577188,Normal,2021-03-30,60.56,60.35,0.21000000000000085,EIA daily delivery rank; actual contract identities unavailable,inventory published after the matched quote; descriptive association only,2021-03-31,2021_03_31,https://www.eia.gov/petroleum/supply/weekly/archive/2021/2021_03_31/csv/table9.csv,495c949419f6f95749fb6625ac59872bc6a126c8f133a71c8ec0387dfb04caf4,2021-04-01T03:59:59+00:00,24,41.17808333333333,8.239846520925363,2021,325,0.9937806700284985,0.11135519690480875,0.2452915832910559,0.16410223788008976,-0.21862020055163356,-0.34089197539887817,-0.5617928684633312
2021-04-07,2021-04-02,46.322,0.42937681959173646,Normal,2021-04-06,59.37,59.32,0.04999999999999716,EIA daily delivery rank; actual contract identities unavailable,inventory published after the matched quote; descriptive association only,2021-04-07,2021_04_07,https://www.eia.gov/petroleum/supply/weekly/archive/2021/2021_04_07/csv/table9.csv,ec330566a09e024eae43186a3107b399d742f3a1cbabd2dfb612387c49648c38,2021-04-08T03:59:59+00:00,24,42.48875,8.9274730844687,2021,326,0.9999631612477099,-0.008583481082086933,0.30040498360294066,0.24575016676921366,-0.3974517775177168,-0.2818841521574259,-0.3630077734175443
2021-04-14,2021-04-09,46.668,0.28228544670830485,Normal,2021-04-13,60.24,60.19,0.05000000000000426,EIA daily delivery rank; actual contract identities unavailable,inventory published after the matched quote; descriptive association only,2021-04-14,2021_04_14,https://www.eia.gov/petroleum/supply/weekly/archive/2021/2021_04_14/csv/table9.csv,0d4c8719dedd889103b903c1adc7d0cdc5c34e7268f7c4b3b6809922fea8fb5d,2021-04-15T03:59:59+00:00,24,43.962208333333336,9.585303451589729,2021,327,0.9917226741361015,-0.12839835514655107,0.3384153614019571,0.29874815377181185,-0.4179265912444154,-0.24404844672429188,-0.245735668627567
2021-04-21,2021-04-16,45.35,0.0003731078812678309,Normal,2021-04-20,62.67,62.6,0.07000000000000028,EIA daily delivery rank; actual contract identities unavailable,inventory published after the matched quote; descriptive association only,2021-04-21,2021_04_21,https://www.eia.gov/petroleum/supply/weekly/archive/2021/2021_04_21/csv/table9.csv,0cd78063fd9b6838383a21c48d3d27b2e5f7305b947e9d43209dd759ac627bdc,2021-04-22T03:59:59+00:00,24,45.34633333333334,9.827363212487109,2021,328,0.9691780654392537,-0.2463612742933147,0.3963802853519529,0.38290413915785787,-0.4197493230578717,-0.18269776453647157,-0.04604978287725414
2021-04-28,2021-04-23,46.072,-0.03055912618932295,Normal,2021-04-27,62.8,62.48,0.3200000000000003,EIA daily delivery rank; actual contract identities unavailable,inventory published after the matched quote; descriptive association only,2021-04-28,2021_04_28,https://www.eia.gov/petroleum/supply/weekly/archive/2021/2021_04_28/csv/table9.csv,32957a906e51d747708c94759a07dfa60b82a02ae023396b5bf815dfdd91c066,2021-04-29T03:59:59+00:00,24,46.37016666666667,9.757041638541462,2021,329,0.9326545075388225,-0.3607707992167831,0.4210616719927617,0.412599412853082,-0.19260521257462643,-0.1617469178736835,0.0023880530980210264
2021-05-05,2021-04-30,46.326,-0.06065726375743742,Normal,2021-05-04,65.61,65.33,0.28000000000000114,EIA daily delivery rank; actual contract identities unavailable,inventory published after the matched quote; descriptive association only,2021-05-05,2021_05_05,https://www.eia.gov/petroleum/supply/weekly/archive/2021/2021_05_05/csv/table9.csv,2465658e34a28375ca3317bdca927c511dbd1aedeb4fb2d1dd9af270cef7ee1f,2021-05-06T03:59:59+00:00,24,46.920875,9.807151908118538,2021,330,0.8826787983255476,-0.4699767430273197,0.4465031520762538,0.44281375616552643,-0.25616459765110866,-0.14012172378375143,0.050377195044137305
2021-05-12,2021-05-07,45.905,-0.12683322047091042,Normal,2021-05-11,65.3,65.15,0.14999999999999147,EIA daily delivery rank; actual contract identities unavailable,inventory published after the matched quote; descriptive association only,2021-05-12,2021_05_12,https://www.eia.gov/petroleum/supply/weekly/archive/2021/2021_05_12/csv/table9.csv,4eafe3890ff8c1ea3af775352e1ab77d116ebfd633bd434d9eba159236d4c35a,2021-05-13T03:59:59+00:00,24,47.16675,9.948103464654872,2021,331,0.8199717629247771,-0.5724039727378148,0.4774643853601303,0.48136890351063827,-0.41008766926874435,-0.11196772601834218,0.11980339138382859
2021-05-19,2021-05-14,45.763,-0.14947519422219488,Normal,2021-05-18,65.5,65.33,0.1700000000000017,EIA daily delivery rank; actual contract identities unavailable,inventory published after the matched quote; descriptive association only,2021-05-19,2021_05_19,https://www.eia.gov/petroleum/supply/weekly/archive/2021/2021_05_19/csv/table9.csv,f4bc7288558d8692ec65c248c01b76d9eed997aad56f93345a74111c1bd1782b,2021-05-20T03:59:59+00:00,24,47.248625000000004,9.93894008788926,2021,332,0.7454378568683001,-0.6665751282095632,0.5027012501111578,0.510316943016281,-0.4140293727725719,-0.09067845699895705,0.16211220678333504
2021-05-26,2021-05-21,44.755,-0.22405195736302808,Normal,2021-05-25,65.79,65.32,0.4700000000000131,EIA daily delivery rank; actual contract identities unavailable,inventory published after the matched quote; descriptive association only,2021-05-26,2021_05_26,https://www.eia.gov/petroleum/supply/weekly/archive/2021/2021_05_26/csv/table9.csv,f26493fc5c16a46d7acfc485ced591accad798dc225f8ab0bcd489e068e9d0b7,2021-05-27T03:59:59+00:00,24,46.95716666666667,9.828821370654362,2021,333,0.660152120671232,-0.7511319308705197,0.5349998897829269,0.5504215216178651,-0.13764438477048868,-0.06074379356020892,0.23460743714096025
2021-06-03,2021-05-28,45.539,-0.07480969809198615,Normal,2021-06-02,68.63,68.17,0.45999999999999375,EIA daily delivery rank; actual contract identities unavailable,inventory published after the matched quote; descriptive association only,2021-06-03,2021_06_03,https://www.eia.gov/petroleum/supply/weekly/archive/2021/2021_06_03/csv/table9.csv,3f9eba55ead7610538872ff6a5925a9720449c053e2405c49943bee93870d9e6,2021-06-04T03:59:59+00:00,24,46.25870833333334,9.620521826573635,2021,334,0.5653446739747428,-0.8248547748594245,0.5361884568639551,0.5403704779180261,-0.17059209390850127,-0.06794881005334873,0.17018401890631804
2021-06-09,2021-06-04,45.704,0.0417886491819297,Normal,2021-06-08,69.87,69.4,0.46999999999999886,EIA daily delivery rank; actual contract identities unavailable,inventory published after the matched quote; descriptive association only,2021-06-09,2021_06_09,https://www.eia.gov/petroleum/supply/weekly/archive/2021/2021_06_09/csv/table9.csv,ca464b9b0a273cb6ab9cbc10d8d630759014855ce14734d2a79eaa5f3fd857a2,2021-06-10T03:59:59+00:00,24,45.31070833333333,9.41144723186548,2021,335,0.4623829729035151,-0.8866803180227399,0.5411598376787389,0.5365389958087992,-0.18254151368178495,-0.07019929259168786,0.12351702472066843
2021-06-16,2021-06-11,43.554,-0.08907047328920212,Normal,2021-06-15,71.86,71.14,0.7199999999999989,EIA daily delivery rank; actual contract identities unavailable,inventory published after the matched quote; descriptive association only,2021-06-16,2021_06_16,https://www.eia.gov/petroleum/supply/weekly/archive/2021/2021_06_16/csv/table9.csv,c658d790518726fb5321b64c6b2d4284e9995cd4858bc077b979c71f288dc47a,2021-06-17T03:59:59+00:00,24,44.40295833333334,9.531310455450939,2021,336,0.352752086549095,-0.9357168190404935,0.5790996417678647,0.586107621027254,0.04682394357808939,-0.03227165741675909,0.2241305204699651
2021-06-23,2021-06-18,41.721,-0.19600888561135765,Normal,2021-06-22,72.85,72.05,0.7999999999999972,EIA daily delivery rank; actual contract identities unavailable,inventory published after the matched quote; descriptive association only,2021-06-23,2021_06_23,https://www.eia.gov/petroleum/supply/weekly/archive/2021/2021_06_23/csv/table9.csv,df3261e67ca9a9961de471db9f10ac119c12e1dfc5652db0d5f9d0f1dc62bab8,2021-06-24T03:59:59+00:00,24,43.66945833333333,9.9406632880751,2021,337,0.2380332770614858,-0.9712569994658313,0.6124667508504058,0.6287746710192795,0.10780190039797477,0.0007902521988848582,0.30764998587660275
2021-06-30,2021-06-25,40.261,-0.2685926115617428,Normal,2021-06-29,72.31,71.41,0.9000000000000057,EIA daily delivery rank; actual contract identities unavailable,inventory published after the matched quote; descriptive association only,2021-06-30,2021_06_30,https://www.eia.gov/petroleum/supply/weekly/archive/2021/2021_06_30/csv/table9.csv,3071f129cfd4a4588315cff6ce584b770ebaf0fd03e48f3916f9a7f1d9574f0a,2021-07-01T03:59:59+00:00,24,43.09370833333333,10.54648643111376,2021,338,0.11988119229922783,-0.9927882451625399,0.6395593214684188,0.6619587388784121,0.19066672140172847,0.02704144493089787,0.36749530214336434
2021-07-08,2021-07-02,39.647,-0.2543821753516641,Normal,2021-07-07,71.5,70.42,1.0799999999999983,EIA daily delivery rank; actual contract identities unavailable,inventory published after the matched quote; descriptive association only,2021-07-08,2021_07_08,https://www.eia.gov/petroleum/supply/weekly/archive/2021/2021_07_08/csv/table9.csv,03b759fb8b863a640f0038f422c8ebecf8755ef0f630d3102fdab8ac47ea9941,2021-07-09T03:59:59+00:00,24,42.4905,11.178063070138762,2021,339,1.2246467991473532e-16,-1.0,0.6529317547458113,0.6738178540598991,0.355665556009358,0.0376176354352303,0.37173340077256384
2021-07-14,2021-07-09,38.058,-0.3235078591325667,Normal,2021-07-13,74.69,73.69,1.0,EIA daily delivery rank; actual contract identities unavailable,inventory published after the matched quote; descriptive association only,2021-07-14,2021_07_14,https://www.eia.gov/petroleum/supply/weekly/archive/2021/2021_07_14/csv/table9.csv,cbc387ba40781af4bef6e41b8307b1cd353dd7f9aaec723e597f24d5721ea543,2021-07-15T03:59:59+00:00,24,41.85845833333334,11.747653808237132,2021,340,-0.11988119229922714,-0.99278824516254,0.6757173893481103,0.7017529222591654,0.26301477367506054,0.06042339048369509,0.42303320587696447
2021-07-21,2021-07-16,36.711,-0.3841051182089195,Normal,2021-07-20,67.2,66.62,0.5799999999999983,EIA daily delivery rank; actual contract identities unavailable,inventory published after the matched quote; descriptive association only,2021-07-21,2021_07_21,https://www.eia.gov/petroleum/supply/weekly/archive/2021/2021_07_21/csv/table9.csv,774bd0025c4b4d1f2d7a932702e0780a97c9fb5625f5c020985b55b476d9bb06,2021-07-22T03:59:59+00:00,24,41.380625,12.157153806683036,2021,341,-0.23803327706148514,-0.9712569994658315,0.6951138898093137,0.7252694303392154,-0.1671031569197825,0.0801262390169573,0.4657199313388837
2021-07-28,2021-07-23,35.443,-0.4494326407241373,Normal,2021-07-27,71.14,70.42,0.7199999999999989,EIA daily delivery rank; actual contract identities unavailable,inventory published after the matched quote; descriptive association only,2021-07-28,2021_07_28,https://www.eia.gov/petroleum/supply/weekly/archive/2021/2021_07_28/csv/table9.csv,df3ace02d9f7a43d08a7324714b256a7ecbed4d77c811d1a929434d38feced21,2021-07-29T03:59:59+00:00,24,41.033208333333334,12.43836745886158,2021,342,-0.35275208654909473,-0.9357168190404936,0.7127815352883223,0.7471530527213509,-0.03454229970534062,0.09877551092440327,0.5077219580978014
2021-08-04,2021-07-30,34.9,-0.4584284791725222,Normal,2021-08-03,70.03,69.44,0.5900000000000034,EIA daily delivery rank; actual contract identities unavailable,inventory published after the matched quote; descriptive association only,2021-08-04,2021_08_04,https://www.eia.gov/petroleum/supply/weekly/archive/2021/2021_08_04/csv/table9.csv,cdc93340eeb190497c8e345c45b23eb41643fb03bd5103fcc0ae3f77332bb190,2021-08-05T03:59:59+00:00,24,40.665416666666665,12.576480145983567,2021,343,-0.4623829729035149,-0.88668031802274,0.7202126648911045,0.7537951667462227,-0.16919535613367143,0.1061755923590613,0.5120875056966936
2021-08-11,2021-08-06,34.575,-0.45816788125190233,Normal,2021-08-10,68.06,67.69,0.37000000000000455,EIA daily delivery rank; actual contract identities unavailable,inventory published after the matched quote; descriptive association only,2021-08-11,2021_08_11,https://www.eia.gov/petroleum/supply/weekly/archive/2021/2021_08_11/csv/table9.csv,99edb83635cf7b8185a2e600264db8d797e2a626a30815be4e2ed1c2066a4753,2021-08-12T03:59:59+00:00,24,40.322916666666664,12.5454378228369,2021,344,-0.5653446739747425,-0.8248547748594246,0.7237800836064527,0.7555374029613522,-0.3909952128003702,0.11001397210089137,0.5072918625950467
2021-08-18,2021-08-13,33.595,-0.5086146947235515,Normal,2021-08-17,66.34,65.99,0.3500000000000085,EIA daily delivery rank; actual contract identities unavailable,inventory published after the matched quote; descriptive association only,2021-08-18,2021_08_18,https://www.eia.gov/petroleum/supply/weekly/archive/2021/2021_08_18/csv/table9.csv,3d7b24c5b50b9171e1525f68aabf0b04ab5a0b39b908ae86ec18959549269f1d,2021-08-19T03:59:59+00:00,24,40.02458333333333,12.641363688534442,2021,345,-0.6601521206712315,-0.7511319308705201,0.7316632584806593,0.7656123258880596,-0.40991590945538525,0.12013555983671917,0.5296536710114587
2021-08-25,2021-08-20,33.665,-0.4710375656458148,Normal,2021-08-24,67.25,66.86,0.39000000000000057,EIA daily delivery rank; actual contract identities unavailable,inventory published after the matched quote; descriptive association only,2021-08-25,2021_08_25,https://www.eia.gov/petroleum/supply/weekly/archive/2021/2021_08_25/csv/table9.csv,336daa7865d15bf746774e715a2e733f5185e3e0a45ab544fe0adf6e1ae10540,2021-08-26T03:59:59+00:00,24,39.651666666666664,12.709531263092916,2021,346,-0.7454378568683002,-0.6665751282095631,0.7248042528556141,0.7533608020034324,-0.3659730134409698,0.11360796655657297,0.4954188560303037
2021-09-01,2021-08-27,34.501,-0.39113672127369703,Normal,2021-08-31,68.26,67.94,0.3200000000000074,EIA daily delivery rank; actual contract identities unavailable,inventory published after the matched quote; descriptive association only,2021-09-01,2021_09_01,https://www.eia.gov/petroleum/supply/weekly/archive/2021/2021_09_01/csv/table9.csv,838df90304024b599d39ed5f138baefdc4e2009adf6ca90a008ac8856723a066,2021-09-02T03:59:59+00:00,24,39.457208333333334,12.671293856516327,2021,347,-0.8199717629247767,-0.5724039727378154,0.7095010192044151,0.7289444167594216,-0.42922339515590824,0.09798161648862938,0.4323820658794332
2021-09-09,2021-09-03,36.419,-0.24130140934132335,Normal,2021-09-08,69.05,68.7,0.3499999999999943,EIA daily delivery rank; actual contract identities unavailable,inventory published after the matched quote; descriptive association only,2021-09-09,2021_09_09,https://www.eia.gov/petroleum/supply/weekly/archive/2021/2021_09_09/csv/table9.csv,45c6a3f175c1cf45d51da5718f41267de742dc34e9d33ceb05ca07ac9a0a3c9b,2021-09-10T03:59:59+00:00,24,39.464625000000005,12.621662709362546,2021,348,-0.8826787983255475,-0.4699767430273199,0.6820258629113388,0.6863555474837011,-0.389764407784872,0.06873267819420664,0.3240634300052656
2021-09-15,2021-09-10,35.316,-0.3412779280365285,Normal,2021-09-14,70.23,69.83,0.4000000000000057,EIA daily delivery rank; actual contract identities unavailable,inventory published after the matched quote; descriptive association only,2021-09-15,2021_09_15,https://www.eia.gov/petroleum/supply/weekly/archive/2021/2021_09_15/csv/table9.csv,6900f4a4cfdf7877f37d0c19e7bd61d93ffdb293e3de0de9f6c37fa6c0e10874,2021-09-16T03:59:59+00:00,24,39.61083333333334,12.584562259981961,2021,349,-0.9326545075388225,-0.3607707992167831,0.686371046342828,0.6964292948092874,-0.32773248312367764,0.07872089693387972,0.3640245640422665
2021-09-22,2021-09-17,33.84,-0.4906317936188521,Normal,2021-09-21,70.49,70.14,0.3499999999999943,EIA daily delivery rank; actual contract identities unavailable,inventory published after the matched quote; descriptive association only,2021-09-22,2021_09_22,https://www.eia.gov/petroleum/supply/weekly/archive/2021/2021_09_22/csv/table9.csv,d963322c76690d9da728bb3100efb1ab4eb6bd80641e4f30a86f692a47be9015,2021-09-23T03:59:59+00:00,24,40.101958333333336,12.763050447965755,2021,350,-0.9691780654392534,-0.24636127429331536,0.6951575353210765,0.71502140539716,-0.36330116375413135,0.09494569008372285,0.4313861970113367
2021-09-29,2021-09-24,33.971,-0.5302775011242044,Normal,2021-09-28,74.9,74.33,0.5700000000000074,EIA daily delivery rank; actual contract identities unavailable,inventory published after the matched quote; descriptive association only,2021-09-29,2021_09_29,https://www.eia.gov/petroleum/supply/weekly/archive/2021/2021_09_29/csv/table9.csv,c6c12d8cd4469ef3164c691f412c127fc73fb01dcda34f2272de151f721bb1f2,2021-09-30T03:59:59+00:00,24,40.84529166666667,12.963574076012964,2021,351,-0.9917226741361014,-0.12839835514655154,0.686716114254376,0.707164850024901,-0.12667859995073405,0.09126142606786661,0.4303023501292723
2021-10-06,2021-10-01,35.519,-0.47270326479811975,Normal,2021-10-05,78.57,78.09,0.47999999999998977,EIA daily delivery rank; actual contract identities unavailable,inventory published after the matched quote; descriptive association only,2021-10-06,2021_10_06,https://www.eia.gov/petroleum/supply/weekly/archive/2021/2021_10_06/csv/table9.csv,fb352d9c0e4fa2880696299ea2ba51069e1a776ce3d1f247ced731ea62ee98d5,2021-10-07T03:59:59+00:00,24,41.69691666666667,13.069333611023627,2021,352,-0.9999631612477099,-0.008583481082086734,0.6629613340015544,0.6758606364584845,-0.19810454742338135,0.06987764598109109,0.36868423694249297
2021-10-14,2021-10-08,33.551,-0.7107078239228563,Normal,2021-10-13,79.82,79.12,0.6999999999999886,EIA daily delivery rank; actual contract identities unavailable,inventory published after the matched quote; descriptive association only,2021-10-14,2021_10_14,https://www.eia.gov/petroleum/supply/weekly/archive/2021/2021_10_14/csv/table9.csv,ebe49b0953f8a8181a5f5f5924e8599f48dd1231ddb0efd2a54e939bfef985a7,2021-10-15T03:59:59+00:00,24,42.76816666666667,12.968995635634297,2021,353,-0.9937806700284985,0.11135519690480829,0.6780426222529168,0.7082278623918802,0.04215309080164287,0.09582238242199967,0.4843889776486959
2021-10-20,2021-10-15,31.231,-1.0054886592090893,Low,2021-10-19,82.44,81.5,0.9399999999999977,EIA daily delivery rank; actual contract identities unavailable,inventory published after the matched quote; descriptive association only,2021-10-20,2021_10_20,https://www.eia.gov/petroleum/supply/weekly/archive/2021/2021_10_20/csv/table9.csv,48a8d1e8536b630acbe2340709bc6efc7027cb7061f08931ebbb50de0ae3285c,2021-10-21T03:59:59+00:00,24,43.897375000000004,12.597233080642887,2021,354,-0.9732643737003827,0.22968774213179508,0.6994324745559686,0.7512253789517993,0.30380212848340304,0.12985850733930443,0.6302556319098082
2021-10-27,2021-10-22,27.332,-1.4308343085000768,Low,2021-10-26,83.36,81.89,1.4699999999999989,EIA daily delivery rank; actual contract identities unavailable,inventory published after the matched quote; descriptive association only,2021-10-27,2021_10_27,https://www.eia.gov/petroleum/supply/weekly/archive/2021/2021_10_27/csv/table9.csv,e9c6a82dea0af2ca2cc4ecd2f86ed23de1217f45e7e405301e18f2f7308e953f,2021-10-28T03:59:59+00:00,24,44.862750000000005,12.252117450536423,2021,355,-0.938710189261944,0.3447073839879342,0.7375352285368602,0.7813145425871324,0.8565303105174256,0.1843806776695494,0.6099564396418232
2021-11-03,2021-10-29,26.416,-1.6381162473247077,Low,2021-11-02,82.44,80.88,1.5600000000000023,EIA daily delivery rank; actual contract identities unavailable,inventory published after the matched quote; descriptive association only,2021-11-03,2021_11_03,https://www.eia.gov/petroleum/supply/weekly/archive/2021/2021_11_03/csv/table9.csv,6125dca63d5eeee624eef7a981d70bf796cf2e9c25ca9395f6aea0c0b385907f,2021-11-04T03:59:59+00:00,24,45.664625,11.750463394423884,2021,356,-0.8906165093267405,0.4547551355561054,0.7447860752484892,0.7835742953126673,0.9700098167502591,0.2020518845155611,0.5847235342005438
2021-11-10,2021-11-05,26.382,-1.770241244755616,Low,2021-11-09,82.56,81.05,1.5100000000000051,EIA daily delivery rank; actual contract identities unavailable,inventory published after the matched quote; descriptive association only,2021-11-10,2021_11_10,https://www.eia.gov/petroleum/supply/weekly/archive/2021/2021_11_10/csv/table9.csv,a19b27b6dda72cf2eca3a7bde9d56992b30e50ceba4a4758bbb8966d8c38f5a7,2021-11-11T04:59:59+00:00,24,46.35566666666667,11.283019603028208,2021,357,-0.8296770135526191,0.5582437220268645,0.7411081323138612,0.77608875875088,0.9439019902965895,0.20670685674391215,0.5581434825379317
2021-11-17,2021-11-12,26.598,-1.8668801695415038,Low,2021-11-16,79.74,78.54,1.1999999999999886,EIA daily delivery rank; actual contract identities unavailable,inventory published after the matched quote; descriptive association only,2021-11-17,2021_11_17,https://www.eia.gov/petroleum/supply/weekly/archive/2021/2021_11_17/csv/table9.csv,d4bd2affbbf327534216fc742466fc1e38437fd987f4c454b2c165e0d79ae4a4,2021-11-18T04:59:59+00:00,24,46.64808333333334,10.739887680234741,2021,358,-0.7567706633464628,0.6536804747720056,0.7322618039244246,0.7641286766574052,0.6578622221600978,0.20514334348055846,0.531518022189575
2021-11-24,2021-11-19,27.385,-1.90327668411419,Low,2021-11-23,77.94,77.27,0.6700000000000017,EIA daily delivery rank; actual contract identities unavailable,inventory published after the matched quote; descriptive association only,2021-11-24,2021_11_24,https://www.eia.gov/petroleum/supply/weekly/archive/2021/2021_11_24/csv/table9.csv,207a0662635c042ac554f9634fcfa2939de1d40dd58c443b41fbfa1df6a36742,2021-11-25T04:59:59+00:00,24,46.82266666666667,10.212738289132783,2021,359,-0.6729490241558331,0.7396888608649667,0.7151676415457493,0.744965518559953,0.15154492170473594,0.1935264172621981,0.5047151463305155
2021-12-01,2021-11-26,28.544,-1.8471391431593027,Low,2021-11-30,65.85,65.49,0.35999999999999943,EIA daily delivery rank; actual contract identities unavailable,inventory published after the matched quote; descriptive association only,2021-12-01,2021_12_01,https://www.eia.gov/petroleum/supply/weekly/archive/2021/2021_12_01/csv/table9.csv,7be1d979a87b4c467799c6c369b570539c5ebd00d13d831670afaf47fbcbe04a,2021-12-02T04:59:59+00:00,24,46.803583333333336,9.885331812146312,2021,360,-0.5794210982045647,0.8150283375168107,0.6857114847222412,0.7149310532768476,-0.13539149871555128,0.16677849946580584,0.47741977145654435
2021-12-08,2021-12-03,30.917,-1.6132241726168386,Low,2021-12-07,71.84,71.56,0.28000000000000114,EIA daily delivery rank; actual contract identities unavailable,inventory published after the matched quote; descriptive association only,2021-12-08,2021_12_08,https://www.eia.gov/petroleum/supply/weekly/archive/2021/2021_12_08/csv/table9.csv,fafb61b5158cf294b25a519dc528688ab1f6e104807cecb7c1e594b827d82c30,2021-12-09T04:59:59+00:00,24,46.540749999999996,9.68479785091271,2021,361,-0.47753588643748845,0.8786122450571482,0.6325054015906528,0.6637728326433177,-0.19327969686395025,0.11107678938514476,0.44812481817879035
2021-12-15,2021-12-10,32.211,-1.467550591999635,Low,2021-12-14,70.52,70.26,0.2599999999999909,EIA daily delivery rank; actual contract identities unavailable,inventory published after the matched quote; descriptive association only,2021-12-15,2021_12_15,https://www.eia.gov/petroleum/supply/weekly/archive/2021/2021_12_15/csv/table9.csv,153b5c84fb6ec3ab05561544dfcc6b92b49615b20664d53f7d5a1a4b395eebcd,2021-12-16T04:59:59+00:00,24,45.788624999999996,9.251895692058959,2021,362,-0.3687629311922604,0.9295234803804002,0.5923709596470846,0.6248427044239717,-0.19243860252841405,0.07059115692915519,0.42305422841278184
2021-12-22,2021-12-17,33.674,-1.2990410555719953,Low,2021-12-21,70.82,70.44,0.37999999999999545,EIA daily delivery rank; actual contract identities unavailable,inventory published after the matched quote; descriptive association only,2021-12-22,2021_12_22,https://www.eia.gov/petroleum/supply/weekly/archive/2021/2021_12_22/csv/table9.csv,7a3634d7793b1a1e31c19c5b6678f23426db912e7452adbac89026186c54f4ad,2021-12-23T04:59:59+00:00,24,44.895916666666665,8.638615860932445,2021,363,-0.25467112024122895,0.9670277247913203,0.5503506516967931,0.5846482279670919,-0.053168817434700366,0.02721815472273703,0.40006967704633456
2021-12-29,2021-12-24,34.729,-1.1149187364741273,Low,2021-12-28,75.6,75.13,0.46999999999999886,EIA daily delivery rank; actual contract identities unavailable,inventory published after the matched quote; descriptive association only,2021-12-29,2021_12_29,https://www.eia.gov/petroleum/supply/weekly/archive/2021/2021_12_29/csv/table9.csv,4cb8ad074a914dc4ff646c7fe51ea199576251df8810299f8a1fd8199d994be4,2021-12-30T04:59:59+00:00,24,43.85070833333333,8.181500619659744,2021,364,-0.1369060579234754,0.9905840354577969,0.5077084644591483,0.5443642795725636,0.054251720485442245,-0.0176252869125941,0.37960854447032144
2022-01-05,2021-12-31,37.306,-0.7030472046839563,Normal,2022-01-04,76.74,76.38,0.35999999999999943,EIA daily delivery rank; actual contract identities unavailable,inventory published after the matched quote; descriptive association only,2022-01-05,2022_01_05,https://www.eia.gov/petroleum/supply/weekly/archive/2022/2022_01_05/csv/table9.csv,e3c64537f6dd538e8f9e6457270f50b473b7b09daabef5b099ddf3321bf0b06d,2022-01-06T04:59:59+00:00,24,42.692125,7.66111430941717,2022,365,-0.017166329754707492,0.9998526477050269,1.0041454532478578,0.9820134822391752,-0.5733263581399202,-0.09875763471556831,0.18425496379695155
2022-01-12,2022-01-07,34.838,-0.9258064066610666,Normal,2022-01-11,80.67,79.98,0.6899999999999977,EIA daily delivery rank; actual contract identities unavailable,inventory published after the matched quote; descriptive association only,2022-01-12,2022_01_12,https://www.eia.gov/petroleum/supply/weekly/archive/2022/2022_01_12/csv/table9.csv,8679dc1f206666f7cb5161f6d580f5a10aeed15ccb38a90099913ed57e834590,2022-01-13T04:59:59+00:00,25,43.30888,9.149731454711299,2022,366,0.1028209971373604,0.9946998756145891,1.021125858482492,1.0182689217834393,-0.2303278136966781,-0.07359823394894488,0.30893326746506733
2022-01-20,2022-01-14,33.524,-1.1503708430467836,Low,2022-01-19,85.8,84.79,1.009999999999991,EIA daily delivery rank; actual contract identities unavailable,inventory published after the matched quote; descriptive association only,2022-01-20,2022_01_20,https://www.eia.gov/petroleum/supply/weekly/archive/2022/2022_01_20/csv/table9.csv,5f2972f74e3d877dcc6ff23c1e17067af0a30e2ad40dea11cfb48e237f69aa5d,2022-01-21T04:59:59+00:00,25,43.19868,8.410053208908172,2022,367,0.22132528438243257,0.9752000402445825,1.0405469848885507,1.0428565044225564,0.10016176510892982,-0.04646805051620986,0.35055675157296623
2022-01-26,2022-01-21,31.701,-1.5092885097743818,Low,2022-01-25,84.37,83.29,1.0799999999999983,EIA daily delivery rank; actual contract identities unavailable,inventory published after the matched quote; descriptive association only,2022-01-26,2022_01_26,https://www.eia.gov/petroleum/supply/weekly/archive/2022/2022_01_26/csv/table9.csv,54c938fe33013897b36f9efed2636326f48f9e7a05a184ec7c82f2e66959985a,2022-01-27T04:59:59+00:00,25,43.1368,7.576947631907367,2022,368,0.33663728424691025,0.9416343976591259,1.0807686472570028,1.0795958309735478,0.17799108173553424,0.00466198922671926,0.35546728612103795
2022-02-02,2022-01-28,30.528,-1.907112459839298,Low,2022-02-01,86.46,85.02,1.4399999999999977,EIA daily delivery rank; actual contract identities unavailable,inventory published after the matched quote; descriptive association only,2022-02-02,2022_02_02,https://www.eia.gov/petroleum/supply/weekly/archive/2022/2022_02_02/csv/table9.csv,e3f7a5c9b9e176a4abe4969c72b6755bbd7275d6d4af32c28144cc7c297ed0be,2022-02-03T04:59:59+00:00,25,43.30324,6.698734484214164,2022,369,0.44709379298511387,0.8944870822287956,1.1288190305817198,1.1239395382042614,0.5430472099590017,0.06414952045675876,0.3648157844656098
2022-02-09,2022-02-04,27.727,-2.644851635561651,Low,2022-02-08,87.9,86.55,1.3500000000000085,EIA daily delivery rank; actual contract identities unavailable,inventory published after the matched quote; descriptive association only,2022-02-09,2022_02_09,https://www.eia.gov/petroleum/supply/weekly/archive/2022/2022_02_09/csv/table9.csv,ef1101b7f0c7ba4f9e7e3e1c95441e500790adc710330ed7508d06e224840159,2022-02-10T04:59:59+00:00,24,43.38829166666667,5.9214254047716715,2022,370,0.5511016400746002,0.8344381237138473,1.2261132597103614,1.2133383737911931,0.455257222665002,0.18178485660693827,0.38524295715600365
2022-02-16,2022-02-11,25.827,-3.356801568419908,Low,2022-02-15,90.21,88.29,1.9199999999999875,EIA daily delivery rank; actual contract identities unavailable,inventory published after the matched quote; descriptive association only,2022-02-16,2022_02_16,https://www.eia.gov/petroleum/supply/weekly/archive/2022/2022_02_16/csv/table9.csv,d85c4fe650568545b52d2aabc09cbaecda8eecf852fcc1719b7a42607d3fd135,2022-02-17T04:59:59+00:00,24,43.345708333333334,5.218869205182011,2022,371,0.647160667326606,0.7623536388483904,1.3225072327282028,1.3024128187911277,1.024589243713846,0.2972451657746827,0.4086113850481088
2022-02-24,2022-02-18,23.778,-4.1410479223247645,Low,2022-02-23,90.69,89.08,1.6099999999999994,EIA daily delivery rank; actual contract identities unavailable,inventory published after the matched quote; descriptive association only,2022-02-24,2022_02_24,https://www.eia.gov/petroleum/supply/weekly/archive/2022/2022_02_24/csv/table9.csv,c66ca7291462954523d3c78fc8392c79688797846e3b72d93d85bdbf8ee428f8,2022-02-25T04:59:59+00:00,24,43.526,4.768841213726783,2022,372,0.733885366432199,0.6792733388972931,1.4314847918003166,1.403333037373013,0.7110529077064626,0.42675598737113807,0.4369773902086176
2022-03-02,2022-02-25,22.806,-4.755408114239119,Low,2022-03-01,100.21,96.24,3.969999999999999,EIA daily delivery rank; actual contract identities unavailable,inventory published after the matched quote; descriptive association only,2022-03-02,2022_03_02,https://www.eia.gov/petroleum/supply/weekly/archive/2022/2022_03_02/csv/table9.csv,80768932ae9d6f3fe3bc11651b9d1b0fdc1542ab5fc3bb0800e1dddd3e3ba1dd,2022-03-03T04:59:59+00:00,24,43.753458333333334,4.404975941099641,2022,373,0.8100248628547753,0.5863955333706956,1.519781664800425,1.4859749726313514,3.064699221019423,0.5303292003563432,0.4648322649668142
2022-03-09,2022-03-04,22.221,-5.315228157337984,Low,2022-03-08,119.65,115.21,4.440000000000012,EIA daily delivery rank; actual contract identities unavailable,inventory published after the matched quote; descriptive association only,2022-03-09,2022_03_09,https://www.eia.gov/petroleum/supply/weekly/archive/2022/2022_03_09/csv/table9.csv,2d93e3addba703ab266dba56a5c77c83f84b86557f62d1e3486155b09bf37a1b,2022-03-10T04:59:59+00:00,24,44.127250000000004,4.12141291992464,2022,374,0.8826787983255474,0.46997674302731995,1.6043153990211017,1.5660824917391767,3.52410742113496,0.6277483758472175,0.49722580481260037
2022-03-16,2022-03-11,24.007,-5.20830569948107,Low,2022-03-15,94.79,92.83,1.960000000000008,EIA daily delivery rank; actual contract identities unavailable,inventory published after the matched quote; descriptive association only,2022-03-16,2022_03_16,https://www.eia.gov/petroleum/supply/weekly/archive/2022/2022_03_16/csv/table9.csv,a6c7b520e13cc445f02bc385167ead28cd3314de0e2ef6c6f9d4f5ae8f4c703f,2022-03-17T03:59:59+00:00,24,44.69083333333334,3.971317070615531,2022,375,0.9326545075388224,0.36077079921678346,1.5990167233147827,1.5648373077103817,1.0320754964737735,0.6166132827075554,0.515344730516476
2022-03-23,2022-03-18,25.242,-4.740247917605862,Low,2022-03-22,109.27,106.55,2.719999999999999,EIA daily delivery rank; actual contract identities unavailable,inventory published after the matched quote; descriptive association only,2022-03-23,2022_03_23,https://www.eia.gov/petroleum/supply/weekly/archive/2022/2022_03_23/csv/table9.csv,584d1e7f814db670e72f9f122a0abc43390ba40b57052d50b0c07712990fa892,2022-03-24T03:59:59+00:00,24,45.43254166666666,4.259385166686433,2022,376,0.9691780654392536,0.2463612742933148,1.5464806829701048,1.52114749735934,1.7776441771042064,0.547765891768847,0.5279378262777947
2022-03-30,2022-03-25,24.233,-4.417228431313363,Low,2022-03-29,102.05,99.65,2.3999999999999915,EIA daily delivery rank; actual contract identities unavailable,inventory published after the matched quote; descriptive association only,2022-03-30,2022_03_30,https://www.eia.gov/petroleum/supply/weekly/archive/2022/2022_03_30/csv/table9.csv,4af7db22be95425ec182779cb33fa88d6452f5fae8a0cac77c7e1428699252ba,2022-03-31T03:59:59+00:00,24,46.11508333333333,4.95380387806369,2022,377,0.9917226741361015,0.12839835514655099,1.51602243868235,1.4976590787325819,1.4410216133008151,0.5046610715510376,0.5458548998811801
2022-04-06,2022-04-01,25.887,-3.6824776117641007,Low,2022-04-05,100.68,99.55,1.1300000000000097,EIA daily delivery rank; actual contract identities unavailable,inventory published after the matched quote; descriptive association only,2022-04-06,2022_04_06,https://www.eia.gov/petroleum/supply/weekly/archive/2022/2022_04_06/csv/table9.csv,2b735e15476ec67f1da2637c9edb8f2e6fe91cdea0a1fcd63a6206e7a23bd025,2022-04-07T03:59:59+00:00,24,47.01583333333334,5.737667831525937,2022,378,0.9999631612477099,0.008583481082087055,1.4310121113891685,1.424995362443782,0.15244756077346278,0.3952205956376066,0.5564364640114132
2022-04-13,2022-04-08,26.337,-3.3103039535131957,Low,2022-04-12,100.15,99.4,0.75,EIA daily delivery rank; actual contract identities unavailable,inventory published after the matched quote; descriptive association only,2022-04-13,2022_04_13,https://www.eia.gov/petroleum/supply/weekly/archive/2022/2022_04_13/csv/table9.csv,d28e57aa98d5b5a3fa08cf548a106e887d44348ca9e138448d36e0dbc28cf7e4,2022-04-14T03:59:59+00:00,24,48.02429166666667,6.551450250859938,2022,379,0.9937806700284985,-0.11135519690480862,1.3975129826472188,1.399038293195878,-0.24781007745157235,0.3471226123174772,0.5763990431088561
2022-04-20,2022-04-15,26.152,-3.32794149650524,Low,2022-04-19,102.05,101.16,0.8900000000000006,EIA daily delivery rank; actual contract identities unavailable,inventory published after the matched quote; descriptive association only,2022-04-20,2022_04_20,https://www.eia.gov/petroleum/supply/weekly/archive/2022/2022_04_20/csv/table9.csv,2a5be1b165cf48b5f7ad1042e60aa7d96beefdc49b7b141b23df2a85bec33d12,2022-04-21T03:59:59+00:00,24,48.98737499999999,6.861711668904044,2022,380,0.9732643737003824,-0.22968774213179563,1.4190098449076034,1.422877474838245,-0.12945911513332287,0.36467125251137067,0.6059376913849477
2022-04-27,2022-04-22,27.45,-3.330575961773187,Low,2022-04-26,100.41,98.95,1.4599999999999937,EIA daily delivery rank; actual contract identities unavailable,inventory published after the matched quote; descriptive association only,2022-04-27,2022_04_27,https://www.eia.gov/petroleum/supply/weekly/archive/2022/2022_04_27/csv/table9.csv,366df863e7aa8e15ba86d89d3b0390870aff8ff593d8cc0081cdb7ccd58e12e9,2022-04-28T03:59:59+00:00,24,49.786833333333334,6.7065977745906995,2022,381,0.9387101892619443,-0.3447073839879337,1.4396573511164845,1.4459327919045464,0.41781270283264915,0.3808147510942444,0.635690278438211
2022-05-04,2022-04-29,28.829,-3.232844480200047,Low,2022-05-03,100.9,99.22,1.6800000000000068,EIA daily delivery rank; actual contract identities unavailable,inventory published after the matched quote; descriptive association only,2022-05-04,2022_05_04,https://www.eia.gov/petroleum/supply/weekly/archive/2022/2022_05_04/csv/table9.csv,20ed6f90183ea7d9045aa6f06240455af19009642773f7a4a41069aaa43b1ec2,2022-05-05T03:59:59+00:00,24,50.21450000000001,6.615072308914991,2022,382,0.8906165093267405,-0.4547551355561055,1.4474448616754185,1.457276480000689,0.6143331965998322,0.38123189947331804,0.6633429778981301
2022-05-11,2022-05-06,28.242,-3.381687107296526,Low,2022-05-10,98.45,96.87,1.5799999999999983,EIA daily delivery rank; actual contract identities unavailable,inventory published after the matched quote; descriptive association only,2022-05-11,2022_05_11,https://www.eia.gov/petroleum/supply/weekly/archive/2022/2022_05_11/csv/table9.csv,11dcc7299c1ad1530c0b1cee5dd23bf60bbee857437e24ca01c29b23f11a09a2,2022-05-12T03:59:59+00:00,24,50.487458333333336,6.578213071616008,2022,383,0.8296770135526188,-0.5582437220268649,1.4896921691304006,1.4996512041474377,0.4904410230534959,0.42296872082308623,0.6961291540655614
2022-05-18,2022-05-13,25.839,-3.8401747225939893,Low,2022-05-17,109.63,106.76,2.8699999999999903,EIA daily delivery rank; actual contract identities unavailable,inventory published after the matched quote; descriptive association only,2022-05-18,2022_05_18,https://www.eia.gov/petroleum/supply/weekly/archive/2022/2022_05_18/csv/table9.csv,13073519f8f2249fafec6f13073c6a560e0befcc7912a7990420fd7a812b3c25,2022-05-19T03:59:59+00:00,24,50.571041666666666,6.440342810745988,2022,384,0.7567706633464627,-0.6536804747720057,1.5747425723324162,1.580544189179239,1.7564807911899631,0.5161916055197204,0.7350164699550383
2022-05-25,2022-05-20,24.778,-4.126077902542577,Low,2022-05-24,107.2,104.45,2.75,EIA daily delivery rank; actual contract identities unavailable,inventory published after the matched quote; descriptive association only,2022-05-25,2022_05_25,https://www.eia.gov/petroleum/supply/weekly/archive/2022/2022_05_25/csv/table9.csv,b173e8e33d189d80c46b15444a0d915fc9efdc060eefd167034b15580ae6e97a,2022-05-26T03:59:59+00:00,24,50.31975,6.190321802761075,2022,385,0.672949024155833,-0.7396888608649667,1.6360798905682818,1.6397289494795897,1.6127980916453477,0.5810248441999613,0.768938429500087
2022-06-02,2022-05-27,25.034,-4.308444090563772,Low,2022-06-01,112.72,109.96,2.760000000000005,EIA daily delivery rank; actual contract identities unavailable,inventory published after the matched quote; descriptive association only,2022-06-02,2022_06_02,https://www.eia.gov/petroleum/supply/weekly/archive/2022/2022_06_02/csv/table9.csv,83c5cab623c3342cad6f85e28c1d0542f609ba0b2ec12668294e43a91da9ee38,2022-06-03T03:59:59+00:00,24,49.685375,5.721642078167086,2022,386,0.5794210982045638,-0.8150283375168113,1.6828638754993916,1.6854378717521805,1.5997345120656377,0.6286149261004766,0.7990219928747304
2022-06-08,2022-06-03,23.441,-5.075832335615035,Low,2022-06-07,117.1,114.54,2.559999999999988,EIA daily delivery rank; actual contract identities unavailable,inventory published after the matched quote; descriptive association only,2022-06-08,2022_06_08,https://www.eia.gov/petroleum/supply/weekly/archive/2022/2022_06_08/csv/table9.csv,65d2d3b5c567ea72399b47cbbbcf3314bc6dd18123b073bad12a40b96467c545,2022-06-09T03:59:59+00:00,24,48.87591666666666,5.0109844031293695,2022,387,0.47753588643748834,-0.8786122450571482,1.809301617335455,1.8028401985428122,1.3776227102140215,0.7724007422132299,0.840100515761844
2022-06-15,2022-06-10,22.615,-5.660956398069879,Low,2022-06-14,116.26,113.48,2.780000000000001,EIA daily delivery rank; actual contract identities unavailable,inventory published after the matched quote; descriptive association only,2022-06-15,2022_06_15,https://www.eia.gov/petroleum/supply/weekly/archive/2022/2022_06_15/csv/table9.csv,eeed3a61aec5058195cc0bd65000fb48de228296f252730335135869b7385ed9,2022-06-16T03:59:59+00:00,24,48.18679166666667,4.517221096312534,2022,388,0.3687629311922603,-0.9295234803804002,1.9097608951071774,1.8963391416600488,1.5767816158784882,0.8854459661008278,0.8748778623421818
2022-06-29,2022-06-24,21.261,-5.192942886316174,Low,2022-06-28,108.89,105.99,2.9000000000000057,EIA daily delivery rank; actual contract identities unavailable,inventory published after the matched quote; descriptive association only,2022-06-29,2022_06_29,https://www.eia.gov/petroleum/supply/weekly/archive/2022/2022_06_29/csv/table9.csv,8e73837da7badf3a0cec7d5954b392b46c80155d1aaaa08f66367fe855cea25a,2022-06-30T03:59:59+00:00,24,47.181958333333334,4.991573930388713,2022,389,0.13690605792347574,-0.9905840354577969,1.8817706589856864,1.8749138322008045,1.6600912928646443,0.8381620634393236,0.9001968054111886
2022-07-07,2022-07-01,21.33,-4.630596325150192,Low,2022-07-06,94.98,91.85,3.1300000000000097,EIA daily delivery rank; actual contract identities unavailable,inventory published after the matched quote; descriptive association only,2022-07-07,2022_07_07,https://www.eia.gov/petroleum/supply/weekly/archive/2022/2022_07_07/csv/table9.csv,38a6b589a8205f2f78b008d7b2135721368d9359201e176814dea84a90f795f5,2022-07-08T03:59:59+00:00,24,46.66625,5.471487519305243,2022,390,0.01716632975470737,-0.9998526477050269,1.8201707350013387,1.8204044077507788,1.8747712674153125,0.758437000198894,0.90106489528244
2022-07-13,2022-07-08,21.646,-4.145900090628657,Low,2022-07-12,93.31,90.7,2.6099999999999994,EIA daily delivery rank; actual contract identities unavailable,inventory published after the matched quote; descriptive association only,2022-07-13,2022_07_13,https://www.eia.gov/petroleum/supply/weekly/archive/2022/2022_07_13/csv/table9.csv,eb9687f5c0fb9f3e22ebe89a33ca625faa675ed107b73013acc7e21172c5576f,2022-07-14T03:59:59+00:00,24,46.088166666666666,5.895503059013759,2022,391,-0.10282099713736044,-0.9946998756145891,1.7672333581882902,1.7732157406731526,1.3417727229720584,0.690028030145751,0.9003517347349208
2022-07-20,2022-07-15,22.789,-3.6155134303372845,Low,2022-07-19,100.74,97.45,3.289999999999992,EIA daily delivery rank; actual contract identities unavailable,inventory published after the matched quote; descriptive association only,2022-07-20,2022_07_20,https://www.eia.gov/petroleum/supply/weekly/archive/2022/2022_07_20/csv/table9.csv,27461ede5a0981ee1a2d441c9370c88930fefbd93fa316e483b5168c33835b00,2022-07-21T03:59:59+00:00,24,45.617875,6.314144709972861,2022,392,-0.22132528438243218,-0.9752000402445826,1.7058309933670106,1.7178444940025455,2.0112831441664363,0.6124022015051477,0.8951887900650759
2022-07-27,2022-07-22,23.54,-3.1807517688521347,Low,2022-07-26,92.88,91.32,1.5600000000000023,EIA daily delivery rank; actual contract identities unavailable,inventory published after the matched quote; descriptive association only,2022-07-27,2022_07_27,https://www.eia.gov/petroleum/supply/weekly/archive/2022/2022_07_27/csv/table9.csv,33cfdb07b9aa38cdfeafb6acab1b8359d912d8204018490886aa175b827325cd,2022-07-28T03:59:59+00:00,24,45.16833333333333,6.799755185277641,2022,393,-0.3366372842469099,-0.941634397659126,1.655197972446468,1.6716872305460475,0.2734538275398495,0.5487492280083714,0.8886029832318076
2022-08-03,2022-07-29,24.466,-2.8122234515475,Low,2022-08-02,93.22,92.29,0.9299999999999926,EIA daily delivery rank; actual contract identities unavailable,inventory published after the matched quote; descriptive association only,2022-08-03,2022_08_03,https://www.eia.gov/petroleum/supply/weekly/archive/2022/2022_08_03/csv/table9.csv,9d36ec04839f82c71ee6c7959c6de9ac33bff13d539ae54bf00ecc581092c84d,2022-08-04T03:59:59+00:00,24,44.671708333333335,7.1849583368685055,2022,394,-0.44709379298511404,-0.8944870822287956,1.6111690985062799,1.6309813119342644,-0.3616023006836282,0.49409882685707845,0.8799015784613211
2022-08-10,2022-08-05,25.189,-2.546773191210332,Low,2022-08-09,89.67,88.9,0.769999999999996,EIA daily delivery rank; actual contract identities unavailable,inventory published after the matched quote; descriptive association only,2022-08-10,2022_08_10,https://www.eia.gov/petroleum/supply/weekly/archive/2022/2022_08_10/csv/table9.csv,38ede723bb79dd79cf3c5c67ce7b97444f9d2b6bf1263c40001c0c1ca054e68b,2022-08-11T03:59:59+00:00,24,44.151999999999994,7.445892734165303,2022,395,-0.5511016400745998,-0.8344381237138474,1.5787075466907436,1.6002290075656131,-0.5238123133896142,0.45444517955321495,0.8699065109505069
2022-08-17,2022-08-12,25.381,-2.4028142125938663,Low,2022-08-16,86.16,85.86,0.29999999999999716,EIA daily delivery rank; actual contract identities unavailable,inventory published after the matched quote; descriptive association only,2022-08-17,2022_08_17,https://www.eia.gov/petroleum/supply/weekly/archive/2022/2022_08_17/csv/table9.csv,9a4d17553f4ff90d7f8919f95e41dfc48bcf3f570b7ba8bd4fee7e67f537427a,2022-08-18T03:59:59+00:00,24,43.83849999999999,7.68161762289349,2022,396,-0.6471606673266059,-0.7623536388483905,1.5602835895964984,1.5816849056343383,-0.993144334438478,0.4327683415158093,0.8590840928898367
2022-08-24,2022-08-19,25.807,-2.2404272405910457,Low,2022-08-23,93.25,92.53,0.7199999999999989,EIA daily delivery rank; actual contract identities unavailable,inventory published after the matched quote; descriptive association only,2022-08-24,2022_08_24,https://www.eia.gov/petroleum/supply/weekly/archive/2022/2022_08_24/csv/table9.csv,263aab3f8e1b3a3db6941380f5b4c1918e75ec51383ceab6bd1db82dc965c707,2022-08-25T03:59:59+00:00,24,43.46570833333334,7.881848610568941,2022,397,-0.7338853664321993,-0.6792733388972929,1.5366707454851425,1.5579841484161712,-0.5696079984310809,0.405935442788022,0.8444539647901299
2022-08-31,2022-08-26,25.284,-2.2272491296918666,Low,2022-08-30,91.17,90.46,0.710000000000008,EIA daily delivery rank; actual contract identities unavailable,inventory published after the matched quote; descriptive association only,2022-08-31,2022_08_31,https://www.eia.gov/petroleum/supply/weekly/archive/2022/2022_08_31/csv/table9.csv,bb026a1ff99f66c85c0b05e84cdbfe42287b4d3f8a5038e853b76ddc49fbfcb6,2022-09-01T03:59:59+00:00,24,43.187749999999994,8.038503533943205,2022,398,-0.8100248628547748,-0.5863955333706962,1.5309001452710265,1.5499940682693865,-0.5732543117440327,0.40162603306923744,0.8298782386566979
2022-09-08,2022-09-02,24.783,-2.203564086643671,Low,2022-09-07,81.63,81.25,0.37999999999999545,EIA daily delivery rank; actual contract identities unavailable,inventory published after the matched quote; descriptive association only,2022-09-08,2022_09_08,https://www.eia.gov/petroleum/supply/weekly/archive/2022/2022_09_08/csv/table9.csv,45592252e3e25d69cdad8a0c8cb9c47825bab0920d9f65183a4d9da2bfa531ec,2022-09-09T03:59:59+00:00,24,43.044375,8.287199410576058,2022,399,-0.8744809578310394,-0.4850598461951967,1.5211042085416113,1.5379735803778354,-0.894174916838764,0.3934995118214648,0.8120350832845615
2022-09-14,2022-09-09,24.648,-2.1835990432609402,Low,2022-09-13,86.89,86.25,0.6400000000000006,EIA daily delivery rank; actual contract identities unavailable,inventory published after the matched quote; descriptive association only,2022-09-14,2022_09_14,https://www.eia.gov/petroleum/supply/weekly/archive/2022/2022_09_14/csv/table9.csv,5239acbf061860c593a6ec0d66f755dac35beabfeff535a35f96b1f501918c7f,2022-09-15T03:59:59+00:00,24,43.088,8.44477380447195,2022,400,-0.9263239682514951,-0.3767278936351848,1.5093303100294178,1.5238202724011534,-0.6225007704554941,0.38396575633849467,0.7914885638491795
2022-09-21,2022-09-16,24.991,-2.0723391625049463,Low,2022-09-20,83.94,83.28,0.6599999999999966,EIA daily delivery rank; actual contract identities unavailable,inventory published after the matched quote; descriptive association only,2022-09-21,2022_09_21,https://www.eia.gov/petroleum/supply/weekly/archive/2022/2022_09_21/csv/table9.csv,82b6c6aa39e261bc9e5a287e4fb62b6bdf0293ab42ac94aa6f6f8902a56411b7,2022-09-22T03:59:59+00:00,24,43.39354166666667,8.8800819863977,2022,401,-0.9648061359537644,-0.2629622026565152,1.4826657364981035,1.4959040480182488,-0.588400254757556,0.35742641412369364,0.7664299470999811
2022-09-28,2022-09-23,25.683,-1.912343097702313,Low,2022-09-27,77.81,76.93,0.8799999999999955,EIA daily delivery rank; actual contract identities unavailable,inventory published after the matched quote; descriptive association only,2022-09-28,2022_09_28,https://www.eia.gov/petroleum/supply/weekly/archive/2022/2022_09_28/csv/table9.csv,792a65497781c80cc989f1d73b40070068f372068ca8c05483023a7a9dc4ec54,2022-09-29T03:59:59+00:00,24,43.797,9.47214964812749,2022,402,-0.9893724130196829,-0.14540367380369032,1.4471169627233662,1.4597130119002224,-0.35207674866952754,0.32102635245191685,0.7381252721477174
2022-10-05,2022-09-30,25.956,-1.7628912539837203,Low,2022-10-04,85.5,84.17,1.3299999999999983,EIA daily delivery rank; actual contract identities unavailable,inventory published after the matched quote; descriptive association only,2022-10-05,2022_10_05,https://www.eia.gov/petroleum/supply/weekly/archive/2022/2022_10_05/csv/table9.csv,4d5bd8e52abb2b2ea36c9f62b830dcd51e8f951c3a7f04daeadd5002df5eefe5,2022-10-06T03:59:59+00:00,24,44.05608333333333,10.2672716155528,2022,403,-0.9996684675143132,-0.025747913654988113,1.4110175597071204,1.4228437575244832,0.11623430556060299,0.2846975997453129,0.7082412273829423
2022-10-13,2022-10-07,25.647,-1.6735067650097655,Low,2022-10-12,86.06,84.74,1.3200000000000074,EIA daily delivery rank; actual contract identities unavailable,inventory published after the matched quote; descriptive association only,2022-10-13,2022_10_13,https://www.eia.gov/petroleum/supply/weekly/archive/2022/2022_10_13/csv/table9.csv,253adebd6093586fe66cfda5afd051adcb641ee4e16d436eae93fdc7abf95078,2022-10-14T03:59:59+00:00,24,44.26416666666666,11.124643805403455,2022,404,-0.9955457941960382,0.09427922177542405,1.3813905043755461,1.3917099354641194,0.1262687982649906,0.2567852014908421,0.6782551180703904
2022-10-19,2022-10-14,26.23,-1.5420228759536103,Low,2022-10-18,82.07,81.29,0.7799999999999869,EIA daily delivery rank; actual contract identities unavailable,inventory published after the matched quote; descriptive association only,2022-10-19,2022_10_19,https://www.eia.gov/petroleum/supply/weekly/archive/2022/2022_10_19/csv/table9.csv,fb152762eccf4834517123a373b013a6c6833a6ff7e6d3d90bb18399864beb99,2022-10-20T03:59:59+00:00,24,44.474041666666665,11.83123930984764,2022,405,-0.9770638564833509,0.21294651993841537,1.3444613730645287,1.353913944707601,-0.39226223825575257,0.22060968088421862,0.6463142720795234
2022-10-26,2022-10-21,26.897,-1.4140956698084994,Low,2022-10-25,84.31,83.15,1.1599999999999966,EIA daily delivery rank; actual contract identities unavailable,inventory published after the matched quote; descriptive association only,2022-10-26,2022_10_26,https://www.eia.gov/petroleum/supply/weekly/archive/2022/2022_10_26/csv/table9.csv,1d1c9427a8721be72a5a40c1e7b22e578c8cacc72bc2199eccebf291b50a10c4,2022-10-27T03:59:59+00:00,24,44.614625,12.5292972592154,2022,406,-0.9444892287836614,0.3285423819108344,1.3067698432214787,1.3154347924944398,0.010331538195977874,0.18391815881674406,0.613845968466546
2022-11-02,2022-10-28,28.164,-1.2683213328346592,Low,2022-11-01,87.19,85.82,1.3700000000000045,EIA daily delivery rank; actual contract identities unavailable,inventory published after the matched quote; descriptive association only,2022-11-02,2022_11_02,https://www.eia.gov/petroleum/supply/weekly/archive/2022/2022_11_02/csv/table9.csv,734610cc5afe74b41d88a25afb0658c06df30b2332071c1f271ab90c56e68839,2022-11-03T03:59:59+00:00,24,44.64079166666667,12.991023047638524,2022,407,-0.898291751554753,0.4393995096591413,1.265668094789317,1.2739405393073684,0.24372424606690668,0.14340111617149529,0.5808049815707013
2022-11-09,2022-11-04,27.241,-1.2927756826962347,Low,2022-11-08,88.0,86.95,1.0499999999999972,EIA daily delivery rank; actual contract identities unavailable,inventory published after the matched quote; descriptive association only,2022-11-09,2022_11_09,https://www.eia.gov/petroleum/supply/weekly/archive/2022/2022_11_09/csv/table9.csv,f13d308df0bbcbb5bd43c017aacfcc9efd7a40b65a1b7ffa7c84a69fbf0a560d,2022-11-10T04:59:59+00:00,24,44.56616666666667,13.4015258010833,2022,408,-0.839137754556394,0.5439189543287245,1.2472781272324278,1.2531229267152018,-0.05242151959127905,0.13034980611833757,0.5517757291913601
2022-11-16,2022-11-11,25.617,-1.3869469448962544,Low,2022-11-15,86.25,85.52,0.730000000000004,EIA daily delivery rank; actual contract identities unavailable,inventory published after the matched quote; descriptive association only,2022-11-16,2022_11_16,https://www.eia.gov/petroleum/supply/weekly/archive/2022/2022_11_16/csv/table9.csv,39164d62e3d70bc5eee521fed0db090c6dd29d19c76206f315795e06742cc11f,2022-11-17T04:59:59+00:00,24,44.299958333333336,13.470564538956353,2022,409,-0.7678804460366002,0.640593178698175,1.238116020051567,1.2408449551625913,-0.34844982055836693,0.12841477431625278,0.5249645619931287
2022-11-23,2022-11-18,24.73,-1.4484310883775995,Low,2022-11-22,80.73,80.48,0.25,EIA daily delivery rank; actual contract identities unavailable,inventory published after the matched quote; descriptive association only,2022-11-23,2022_11_23,https://www.eia.gov/petroleum/supply/weekly/archive/2022/2022_11_23/csv/table9.csv,3068ef3788572d4933cf8f7906da92c861de77d4ad94d98e37049dfd72852e0a,2022-11-24T04:59:59+00:00,24,44.07816666666667,13.358016699530193,2022,410,-0.6855476064742156,0.7280278011569846,1.2244430351662166,1.2247363481679765,-0.8047064128673069,0.12093982475205078,0.4985262524182206
2022-11-30,2022-11-25,24.315,-1.502835988262511,Low,2022-11-29,78.28,78.32,-0.03999999999999204,EIA daily delivery rank; actual contract identities unavailable,inventory published after the matched quote; descriptive association only,2022-11-30,2022_11_30,https://www.eia.gov/petroleum/supply/weekly/archive/2022/2022_11_30/csv/table9.csv,ead45fd72f42f2051d6154fae8b2ee8b69bd6aa2cb4affde21804f1d0c749ece,2022-12-01T04:59:59+00:00,24,43.93108333333333,13.052710666060289,2022,411,-0.5933267643772321,0.8049617075821959,1.210093399930464,1.2083194298855031,-1.0715337597886245,0.11240742697322456,0.47342735896823473
2022-12-07,2022-12-02,23.942,-1.5661684301446572,Low,2022-12-06,74.46,74.63,-0.1700000000000017,EIA daily delivery rank; actual contract identities unavailable,inventory published after the matched quote; descriptive association only,2022-12-07,2022_12_07,https://www.eia.gov/petroleum/supply/weekly/archive/2022/2022_12_07/csv/table9.csv,378c8d3c5b2aafe0d031ac64162508693c64c1155d42990a25edea5a31ec82c7,2022-12-08T04:59:59+00:00,24,43.69645833333334,12.613240027771944,2022,412,-0.4925480679538645,0.8702852410301551,1.1975791110918852,1.1939160757712903,-1.1792660923082223,0.10571316532745723,0.45040079299192465
2022-12-14,2022-12-09,24.368,-1.6094828600089637,Low,2022-12-13,75.44,75.58,-0.14000000000000057,EIA daily delivery rank; actual contract identities unavailable,inventory published after the matched quote; descriptive association only,2022-12-14,2022_12_14,https://www.eia.gov/petroleum/supply/weekly/archive/2022/2022_12_14/csv/table9.csv,f3a3d42d00ebcde6b9f5e9cc4be7f6642f9d928cad03ce66407cdbe65288ee3d,2022-12-15T04:59:59+00:00,25,43.58700000000001,11.941102622175782,2022,413,-0.3846650997070013,0.923056206884176,1.1832326116255598,1.178253146192815,-1.1282245883434143,0.09632509554958263,0.42915949471345183
2022-12-21,2022-12-16,25.221,-1.6346146344030463,Low,2022-12-20,76.23,76.23,0.0,EIA daily delivery rank; actual contract identities unavailable,inventory published after the matched quote; descriptive association only,2022-12-21,2022_12_21,https://www.eia.gov/petroleum/supply/weekly/archive/2022/2022_12_21/csv/table9.csv,05481d6caa3029d6f770c359bd1e9218240791ebfd60fcfab970097292185e60,2022-12-22T04:59:59+00:00,25,43.67328,11.288458827935726,2022,414,-0.27123391067291097,0.9625134626077079,1.1675985349146383,1.1618620390997076,-0.9687127402302227,0.08478482486443845,0.4100641779285592
2022-12-29,2022-12-23,25.026,-1.751135247619851,Low,2022-12-28,79.08,79.13,-0.04999999999999716,EIA daily delivery rank; actual contract identities unavailable,inventory published after the matched quote; descriptive association only,2022-12-29,2022_12_29,https://www.eia.gov/petroleum/supply/weekly/archive/2022/2022_12_29/csv/table9.csv,69f5caf3470c1a5898bb4ac6f49614033ecb8cd8fdbf7e93b33fe9b6f09e98dc,2022-12-30T04:59:59+00:00,25,43.56568,10.587234781093692,2022,415,-0.1538905767040627,0.9880878960910771,1.165993384303854,1.1586302369207606,-1.0010119772986807,0.08941048526489179,0.39581852960438846
2023-01-05,2022-12-30,25.27,-1.8409458050748595,Low,2023-01-04,73.1,73.33,-0.23000000000000398,EIA daily delivery rank; actual contract identities unavailable,inventory published after the matched quote; descriptive association only,2023-01-05,2023_01_05,https://www.eia.gov/petroleum/supply/weekly/archive/2023/2023_01_05/csv/table9.csv,4982e643ea5a61fdf06d966f6eff8cfbb43cf897161673f90538a6eefa8a579b,2023-01-06T04:59:59+00:00,25,43.36976000000001,9.831772315135591,2023,416,-0.034327600513243496,0.9994106342455052,0.3222590229372,0.33956100011235113,-0.35079050403090506,0.0909130305787492,0.384056529248897
2023-01-11,2023-01-06,27.781,-0.9968727382136248,Normal,2023-01-10,75.37,75.6,-0.22999999999998977,EIA daily delivery rank; actual contract identities unavailable,inventory published after the matched quote; descriptive association only,2023-01-11,2023_01_11,https://www.eia.gov/petroleum/supply/weekly/archive/2023/2023_01_11/csv/table9.csv,13be1d6d16abc55bca26f009ba2ec85929eed5fdcd8a417742edc4e04a48907c,2023-01-12T04:59:59+00:00,25,39.60088,11.85695981733935,2023,417,0.08573050015569435,0.9963183634476755,0.192493832317008,0.22110251614884147,-0.33744802820941266,-0.060302721076988,0.35311688774931116
2023-01-19,2023-01-13,31.427,-0.7345469164490505,Normal,2023-01-18,79.8,80.03,-0.23000000000000398,EIA daily delivery rank; actual contract identities unavailable,inventory published after the matched quote; descriptive association only,2023-01-19,2023_01_19,https://www.eia.gov/petroleum/supply/weekly/archive/2023/2023_01_19/csv/table9.csv,989000d6df782f350ab3f0a37813cefb7bae7166a28a747950836175715f11b5,2023-01-20T04:59:59+00:00,25,39.56724,11.081987845448428,2023,418,0.2045520661262008,0.9788556850953578,0.14475379580154824,0.1522418750185096,-0.3265898925200593,-0.11381344917135523,0.18747426906527098
2023-01-25,2023-01-20,35.694,-0.3426004565179045,Normal,2023-01-24,80.44,80.65,-0.21000000000000796,EIA daily delivery rank; actual contract identities unavailable,inventory published after the matched quote; descriptive association only,2023-01-25,2023_01_25,https://www.eia.gov/petroleum/supply/weekly/archive/2023/2023_01_25/csv/table9.csv,535fa6d4dbf5ab84416e816c172f791698ece7ce05fe2afeb7b822fd326121ef,2023-01-26T04:59:59+00:00,25,39.239560000000004,10.348964610368839,2023,419,0.3204232733919111,0.9472744722987169,0.0815562507666342,0.057361943546206384,-0.2983727093879736,-0.1869291407769324,-0.053007142725455925
2023-02-01,2023-01-27,38.009,-0.09559000376659743,Normal,2023-01-31,79.17,79.38,-0.20999999999999375,EIA daily delivery rank; actual contract identities unavailable,inventory published after the matched quote; descriptive association only,2023-02-01,2023_02_01,https://www.eia.gov/petroleum/supply/weekly/archive/2023/2023_02_01/csv/table9.csv,81ca8ac52927bc3f3e097c8417a1249bb347ccc641aa2b112def8a32b0d6864f,2023-02-02T04:59:59+00:00,25,38.94296,9.770477698488783,2023,420,0.43167285247378384,0.9020302369860707,0.04072599597355764,-0.0027119114499206676,-0.2929149994335539,-0.23419539402150644,-0.2022905175101814
2023-02-08,2023-02-03,39.052,0.05620551678204961,Normal,2023-02-07,77.39,77.56,-0.1700000000000017,EIA daily delivery rank; actual contract identities unavailable,inventory published after the matched quote; descriptive association only,2023-02-08,2023_02_08,https://www.eia.gov/petroleum/supply/weekly/archive/2023/2023_02_08/csv/table9.csv,9a3d62336530a4b2cd6f1e60c1d8d949d0329c0a969028ec734f92501e97e237,2023-02-09T04:59:59+00:00,24,38.524458333333335,9.385941040491343,2023,421,0.5366961939916004,0.8437755598231856,0.015537497272795964,-0.03889472985840292,-0.2502954819891708,-0.2637283903400532,-0.29043593964940995
2023-02-15,2023-02-10,39.711,0.2113162476183296,Normal,2023-02-14,79.24,79.4,-0.1600000000000108,EIA daily delivery rank; actual contract identities unavailable,inventory published after the matched quote; descriptive association only,2023-02-15,2023_02_15,https://www.eia.gov/petroleum/supply/weekly/archive/2023/2023_02_15/csv/table9.csv,745a9961945b64b2ca95eda8f6b1f7c7fa05d112a1041aa255946a1b3e9a8a5c,2023-02-16T04:59:59+00:00,24,37.734,9.355645967984298,2023,422,0.6339784927628866,0.7733506777097299,-0.00747205019492736,-0.07293459475656794,-0.24055193969000613,-0.2917324085215231,-0.37706306534013306
2023-02-23,2023-02-17,40.411,0.32768257280434404,Normal,2023-02-22,74.19,74.31,-0.12000000000000455,EIA daily delivery rank; actual contract identities unavailable,inventory published after the matched quote; descriptive association only,2023-02-23,2023_02_23,https://www.eia.gov/petroleum/supply/weekly/archive/2023/2023_02_23/csv/table9.csv,6b6e7b6fb1ed9ec6510e6b4cfa7929db0d89d3f9319071ebe086a8721a8e808f,2023-02-24T04:59:59+00:00,24,37.30716666666667,9.472073252997198,2023,423,0.7221165966101162,0.691771364614222,-0.022504217563845463,-0.09553546072508112,-0.20368067351591412,-0.3112282858307833,-0.4368474119543114
2023-03-01,2023-02-24,40.718,0.3872027033486248,Normal,2023-02-28,77.19,77.14,0.04999999999999716,EIA daily delivery rank; actual contract identities unavailable,inventory published after the matched quote; descriptive association only,2023-03-01,2023_03_01,https://www.eia.gov/petroleum/supply/weekly/archive/2023/2023_03_01/csv/table9.csv,bd707c19e09337f750eb4ac029d2c715477b8e069d032069ef42bd4e09c3c3c0,2023-03-02T04:59:59+00:00,24,37.02633333333333,9.534196519652944,2023,424,0.7998392447397193,0.6002142805483682,-0.027087696230647107,-0.10273999315807514,-0.03963655614430657,-0.31922308747844175,-0.45899776166382666
2023-03-08,2023-03-03,39.828,0.2935791307236284,Normal,2023-03-07,77.72,77.71,0.010000000000005116,EIA daily delivery rank; actual contract identities unavailable,inventory published after the matched quote; descriptive association only,2023-03-08,2023_03_08,https://www.eia.gov/petroleum/supply/weekly/archive/2023/2023_03_08/csv/table9.csv,7b9f15c2001604a937784b65dbb8c8ccdce58f446e8042190433b16f94009623,2023-03-09T04:59:59+00:00,24,36.95033333333333,9.802013717983476,2023,425,0.8744809578310397,0.4850598461951962,-0.0069652365216908985,-0.07188249733265728,-0.0897930712425603,-0.2991153902657859,-0.38284490694465123
2023-03-15,2023-03-10,37.912,0.06491408340770603,Normal,2023-03-14,71.49,71.57,-0.0799999999999983,EIA daily delivery rank; actual contract identities unavailable,inventory published after the matched quote; descriptive association only,2023-03-15,2023_03_15,https://www.eia.gov/petroleum/supply/weekly/archive/2023/2023_03_15/csv/table9.csv,50fe1419cbdf7b1e157c61ac7f895326bf99a756aa99afad2c24c704a0f8c722,2023-03-16T03:59:59+00:00,24,37.254625000000004,10.126847141493442,2023,426,0.926323968251495,0.3767278936351851,0.03345760878869153,-0.009648533536514292,-0.1914672176258282,-0.2551222641755894,-0.2244976392883922
2023-03-22,2023-03-17,36.849,-0.11060265439319995,Normal,2023-03-21,69.67,69.77,-0.09999999999999432,EIA daily delivery rank; actual contract identities unavailable,inventory published after the matched quote; descriptive association only,2023-03-22,2023_03_22,https://www.eia.gov/petroleum/supply/weekly/archive/2023/2023_03_22/csv/table9.csv,3e2c3e1c64abbcf3bdf216753182ac3e244097ef5afbba87f9d84e58a9d8b09e,2023-03-23T03:59:59+00:00,24,38.04145833333333,10.781462161785594,2023,427,0.9648061359537645,0.2629622026565149,0.06894293576612376,0.043260249189040034,-0.2255677333237665,-0.2179731912025895,-0.09578617365652141
2023-03-29,2023-03-24,35.217,-0.3209350697674413,Normal,2023-03-28,73.34,73.29,0.04999999999999716,EIA daily delivery rank; actual contract identities unavailable,inventory published after the matched quote; descriptive association only,2023-03-29,2023_03_29,https://www.eia.gov/petroleum/supply/weekly/archive/2023/2023_03_29/csv/table9.csv,bd21b4abdb27d752ac1a6acd4fa94a9499d61c71dcb9a7dbd1fca58c9a32bf12,2023-03-30T03:59:59+00:00,24,38.89533333333333,11.461300679912481,2023,428,0.989372413019683,0.14540367380368976,0.11140154855553874,0.10609006939091392,-0.09189123941180467,-0.17326187449165334,0.05614301247906198
2023-04-05,2023-03-31,34.247,-0.47903929068378975,Normal,2023-04-04,80.72,80.43,0.28999999999999204,EIA daily delivery rank; actual contract identities unavailable,inventory published after the matched quote; descriptive association only,2023-04-05,2023_04_05,https://www.eia.gov/petroleum/supply/weekly/archive/2023/2023_04_05/csv/table9.csv,e9d09b0c42181f4d6eb2e0bb048f3ae9082adc4060adfc30b458f955fa51383c,2023-04-06T03:59:59+00:00,24,40.08733333333334,12.191762652697523,2023,429,0.999668467514313,0.025747913654988658,0.1486886922969629,0.15935933273767944,0.12979770635806293,-0.13550448993611852,0.17830939543878144
2023-04-12,2023-04-07,33.838,-0.5899912915572647,Normal,2023-04-11,81.49,81.14,0.3499999999999943,EIA daily delivery rank; actual contract identities unavailable,inventory published after the matched quote; descriptive association only,2023-04-12,2023_04_12,https://www.eia.gov/petroleum/supply/weekly/archive/2023/2023_04_12/csv/table9.csv,784ec78e916b31c44d1c46ed90ab3704ec2f24f24ae7942fa143270e3dadb386,2023-04-13T03:59:59+00:00,24,41.406666666666666,12.828437936243757,2023,430,0.9955457941960382,-0.0942792217754244,0.18127639204317025,0.2039262713563047,0.16976321365368607,-0.10403098544487326,0.27339828776673136
2023-04-19,2023-04-14,32.75,-0.7351041343824517,Normal,2023-04-18,80.9,80.61,0.29000000000000625,EIA daily delivery rank; actual contract identities unavailable,inventory published after the matched quote; descriptive association only,2023-04-19,2023_04_19,https://www.eia.gov/petroleum/supply/weekly/archive/2023/2023_04_19/csv/table9.csv,ff6e364572a8af93339a8dd10a1030eb383829c82f793b4119bf45da64e645df,2023-04-20T03:59:59+00:00,24,42.48704166666667,13.245799079672693,2023,431,0.9770638564833507,-0.21294651993841593,0.22007641537184663,0.25748093802295424,0.088294250174421,-0.06560512866160947,0.390164287562239
2023-04-26,2023-04-21,33.069,-0.7517898403175283,Normal,2023-04-25,76.87,76.46,0.4100000000000108,EIA daily delivery rank; actual contract identities unavailable,inventory published after the matched quote; descriptive association only,2023-04-26,2023_04_26,https://www.eia.gov/petroleum/supply/weekly/archive/2023/2023_04_26/csv/table9.csv,d77a4d0fbe21aa255e011797b655a8d0c2ff44096604ead1a3193a96be2c131f,2023-04-27T03:59:59+00:00,24,43.222,13.505104027093191,2023,432,0.9444892287836613,-0.32854238191083474,0.24249745282770785,0.2837640682057545,0.1857004737227047,-0.04728117731956977,0.4298943948276974
2023-05-03,2023-04-28,33.61,-0.7331559207717134,Normal,2023-05-02,71.55,71.27,0.28000000000000114,EIA daily delivery rank; actual contract identities unavailable,inventory published after the matched quote; descriptive association only,2023-05-03,2023_05_03,https://www.eia.gov/petroleum/supply/weekly/archive/2023/2023_05_03/csv/table9.csv,aa071cb7dd7025de347f2a3999811e4959828301134998f9ad3c0d1e780174fc,2023-05-04T03:59:59+00:00,24,43.59204166666667,13.615168866343817,2023,433,0.898291751554753,-0.43939950965914143,0.2610303306060754,0.30303665548552505,0.03230776585177428,-0.033910301111923696,0.4484501376125591
2023-05-10,2023-05-05,34.007,-0.7015493637614922,Normal,2023-05-09,73.62,73.39,0.23000000000000398,EIA daily delivery rank; actual contract identities unavailable,inventory published after the matched quote; descriptive association only,2023-05-10,2023_05_10,https://www.eia.gov/petroleum/supply/weekly/archive/2023/2023_05_10/csv/table9.csv,a3f0fbd11b8e3d94bf292c46796323be27d114616ad0e4a0be16ce518e622982,2023-05-11T03:59:59+00:00,24,43.62729166666666,13.71292194619864,2023,434,0.8391377545563939,-0.5439189543287246,0.278438490792435,0.3199024070214078,-0.0415464684900444,-0.022039923268397044,0.4589114868619138
2023-05-17,2023-05-12,35.468,-0.5661616521610495,Normal,2023-05-16,70.84,70.66,0.18000000000000682,EIA daily delivery rank; actual contract identities unavailable,inventory published after the matched quote; descriptive association only,2023-05-17,2023_05_17,https://www.eia.gov/petroleum/supply/weekly/archive/2023/2023_05_17/csv/table9.csv,f827e449e94607e136e5d1e0b0ae59f8a79ce5843d28b1f945ed2576bf710b74,2023-05-18T03:59:59+00:00,24,43.23641666666666,13.72119894912428,2023,435,0.7678804460366001,-0.6405931786981751,0.2819426782616079,0.3139387133967352,-0.11551816752294702,-0.026910319728104842,0.4059527495929637
2023-05-24,2023-05-19,37.23,-0.38889945296444656,Normal,2023-05-23,72.85,72.58,0.269999999999996,EIA daily delivery rank; actual contract identities unavailable,inventory published after the matched quote; descriptive association only,2023-05-24,2023_05_24,https://www.eia.gov/petroleum/supply/weekly/archive/2023/2023_05_24/csv/table9.csv,345a485c501757ba424f1e30049c49e5eb424079bd3efa73f88356d569af6b5f,2023-05-25T03:59:59+00:00,24,42.476499999999994,13.490633530100737,2023,436,0.6855476064742155,-0.7280278011569847,0.2797224226291194,0.2984879174664504,-0.04926157521402169,-0.038551991413959555,0.32658350786241613
2023-06-01,2023-05-26,38.858,-0.19034316332867898,Normal,2023-05-31,68.24,68.14,0.09999999999999432,EIA daily delivery rank; actual contract identities unavailable,inventory published after the matched quote; descriptive association only,2023-06-01,2023_06_01,https://www.eia.gov/petroleum/supply/weekly/archive/2023/2023_06_01/csv/table9.csv,e3493b2d96e78a277f5ca57fcf57cd6598dcf642f469edcd44eb432c9948dfa2,2023-06-02T03:59:59+00:00,24,41.339375,13.036323220683448,2023,437,0.593326764377232,-0.8049617075821959,0.27428391498980387,0.27775805956672783,-0.242434228292698,-0.0538210601869099,0.23284492526457115
2023-06-07,2023-06-02,40.579,0.05134324639482896,Normal,2023-06-06,71.85,71.63,0.21999999999999886,EIA daily delivery rank; actual contract identities unavailable,inventory published after the matched quote; descriptive association only,2023-06-07,2023_06_07,https://www.eia.gov/petroleum/supply/weekly/archive/2023/2023_06_07/csv/table9.csv,aba91ba46543b169f108ca84ae3c2d2a3381a82ca4966a1cc0cb59e688b5f35d,2023-06-08T03:59:59+00:00,24,39.943666666666665,12.37423376869529,2023,438,0.4925480679538644,-0.8702852410301551,0.2623149587893997,0.24658677391359773,-0.1447018957731051,-0.07657560238056292,0.11115646431635418
2023-06-14,2023-06-09,42.133,0.28306960765728584,Normal,2023-06-13,69.58,69.59,-0.010000000000005116,EIA daily delivery rank; actual contract identities unavailable,inventory published after the matched quote; descriptive association only,2023-06-14,2023_06_14,https://www.eia.gov/petroleum/supply/weekly/archive/2023/2023_06_14/csv/table9.csv,9802d2fa3c24115da000d8d7ef194a182373639bb937544482996cbbd0fb35e5,2023-06-15T03:59:59+00:00,24,38.78425,11.830129089853953,2023,439,0.3846650997070012,-0.9230562068841761,0.25079752295605184,0.2163915775050691,-0.39574339973791606,-0.09829705080351481,-0.006737983101925943
2023-06-22,2023-06-16,42.035,0.354571322691195,Normal,2023-06-21,72.52,72.34,0.1799999999999926,EIA daily delivery rank; actual contract identities unavailable,inventory published after the matched quote; descriptive association only,2023-06-22,2023_06_22,https://www.eia.gov/petroleum/supply/weekly/archive/2023/2023_06_22/csv/table9.csv,7fdbf0ab1c53897e4a097905fb967a2e293c5eff5dfea13066ff54b8bcb1614b,2023-06-23T03:59:59+00:00,24,37.95016666666667,11.520484235243446,2023,440,0.27123391067291,-0.9625134626077081,0.26006624299524683,0.2200937787165741,-0.2252552478511095,-0.09441312386263981,-0.03031462348739472
2023-06-28,2023-06-23,43.244,0.5154518721056094,Normal,2023-06-27,67.9,67.99,-0.0899999999999892,EIA daily delivery rank; actual contract identities unavailable,inventory published after the matched quote; descriptive association only,2023-06-28,2023_06_28,https://www.eia.gov/petroleum/supply/weekly/archive/2023/2023_06_28/csv/table9.csv,73f43b8a53701c791b8f42b7f7d161e289aeab838d502f5f639f019c79071750,2023-06-29T03:59:59+00:00,24,37.392541666666666,11.352094443716455,2023,441,0.15389057670406214,-0.9880878960910771,0.255581956959431,0.20222246231568086,-0.5129560107826303,-0.10636324738114708,-0.11075716865292545
2023-07-06,2023-06-30,42.844,0.527242677473952,Normal,2023-07-05,71.88,71.72,0.1599999999999966,EIA daily delivery rank; actual contract identities unavailable,inventory published after the matched quote; descriptive association only,2023-07-06,2023_07_06,https://www.eia.gov/petroleum/supply/weekly/archive/2023/2023_07_06/csv/table9.csv,e3f35cfbeb4a759cd44de982057ad9b961b0906baae6296f7421fd140466849b,2023-07-07T03:59:59+00:00,24,36.89704166666667,11.279356902262789,2023,442,0.03432760051324382,-0.9994106342455052,0.2698261848727186,0.215249784011742,-0.27859038140713493,-0.09498361013070054,-0.10413964647662621
2023-07-12,2023-07-07,41.239,0.4141490259391967,Normal,2023-07-11,74.71,74.44,0.269999999999996,EIA daily delivery rank; actual contract identities unavailable,inventory published after the matched quote; descriptive association only,2023-07-12,2023_07_12,https://www.eia.gov/petroleum/supply/weekly/archive/2023/2023_07_12/csv/table9.csv,1026a11cd6005dc1c76d0ac70d3bf9ea8ffd82ea3cbd82d69e7162fb46b209be,2023-07-13T03:59:59+00:00,24,36.594125,11.215467643480432,2023,443,-0.0857305001556945,-0.9963183634476755,0.29924738897835734,0.2535982432105266,-0.18193285722861374,-0.06446306740774452,-0.02529386794388741
2023-07-19,2023-07-14,38.348,0.15449896461277335,Normal,2023-07-18,75.66,75.42,0.23999999999999488,EIA daily delivery rank; actual contract identities unavailable,inventory published after the matched quote; descriptive association only,2023-07-19,2023_07_19,https://www.eia.gov/petroleum/supply/weekly/archive/2023/2023_07_19/csv/table9.csv,87ac900be03d63c51bd6e2128ebd83940f0a14473a3d82f7dc87b26055964491,2023-07-20T03:59:59+00:00,24,36.596125,11.339072752952031,2023,444,-0.20455206612620058,-0.9788556850953579,0.34662011491886435,0.32186725059192534,-0.22279099291798238,-0.01139414582442995,0.13873109297426778
2023-07-26,2023-07-21,35.739,-0.08215620442289426,Normal,2023-07-25,79.2,78.75,0.45000000000000284,EIA daily delivery rank; actual contract identities unavailable,inventory published after the matched quote; descriptive association only,2023-07-26,2023_07_26,https://www.eia.gov/petroleum/supply/weekly/archive/2023/2023_07_26/csv/table9.csv,96fbe2a12e30b62fdae71aa057fae3b7e87ba866c4b906f1917a2762a6e681e4,2023-07-27T03:59:59+00:00,24,36.6815,11.472048965998221,2023,445,-0.32042327339191096,-0.947274472298717,0.38850030563062843,0.3824109360762792,-0.021008176050064165,0.03608072141990325,0.28532959988694684
2023-08-02,2023-07-28,34.48,-0.20773379546881895,Normal,2023-08-01,80.92,80.46,0.46000000000000796,EIA daily delivery rank; actual contract identities unavailable,inventory published after the matched quote; descriptive association only,2023-08-02,2023_08_02,https://www.eia.gov/petroleum/supply/weekly/archive/2023/2023_08_02/csv/table9.csv,edf168d73762fbe9757cf4497e669bcee9e2f9583df0e2d6fc4f3c3129ed1a72,2023-08-03T03:59:59+00:00,24,36.88029166666667,11.554651765975946,2023,446,-0.431672852473784,-0.9020302369860707,0.4126610657951236,0.4156349362834276,-0.01646588600446458,0.06329666366045177,0.3611995221926866
2023-08-09,2023-08-04,34.639,-0.20619179860233258,Normal,2023-08-08,82.36,81.85,0.5100000000000051,EIA daily delivery rank; actual contract identities unavailable,inventory published after the matched quote; descriptive association only,2023-08-09,2023_08_09,https://www.eia.gov/petroleum/supply/weekly/archive/2023/2023_08_09/csv/table9.csv,15013cb81a6367d71e017e569e2cbe421b48c580feca8a1cd9af6b1b9fd045ed,2023-08-10T03:59:59+00:00,24,37.0275,11.583874897985298,2023,447,-0.5366961939916004,-0.8437755598231858,0.41680041118586053,0.4179135048992334,0.030914596551141538,0.06751143170387315,0.3566432127749903
2023-08-16,2023-08-11,33.802,-0.3004707272103951,Normal,2023-08-15,80.5,80.05,0.45000000000000284,EIA daily delivery rank; actual contract identities unavailable,inventory published after the matched quote; descriptive association only,2023-08-16,2023_08_16,https://www.eia.gov/petroleum/supply/weekly/archive/2023/2023_08_16/csv/table9.csv,b603ac729842423bcfbdf1555acb72ff7aaa818cb1443f38e6aea1e1ca8c5aed,2023-08-17T03:59:59+00:00,24,37.32383333333333,11.721053049095467,2023,448,-0.6339784927628865,-0.77335067770973,0.4314593739251234,0.4385029327950798,-0.028828945748034573,0.08547124491082522,0.4064938633059061
2023-08-23,2023-08-18,30.669,-0.5773167755596804,Normal,2023-08-22,79.64,79.35,0.29000000000000625,EIA daily delivery rank; actual contract identities unavailable,inventory published after the matched quote; descriptive association only,2023-08-23,2023_08_23,https://www.eia.gov/petroleum/supply/weekly/archive/2023/2023_08_23/csv/table9.csv,a1fdf12e3b9d6ddc95d5b8567c1bc4b70732e4bd0563315179df2f00ad803007,2023-08-24T03:59:59+00:00,24,37.516708333333334,11.861266852491537,2023,449,-0.7221165966101161,-0.691771364614222,0.4685211290489337,0.4965872519491349,-0.18570021192211683,0.13146463132985292,0.5632978334785843
2023-08-30,2023-08-25,29.165,-0.7072997295062283,Normal,2023-08-29,80.68,80.17,0.5100000000000051,EIA daily delivery rank; actual contract identities unavailable,inventory published after the matched quote; descriptive association only,2023-08-30,2023_08_30,https://www.eia.gov/petroleum/supply/weekly/archive/2023/2023_08_30/csv/table9.csv,b7dad2e053d4c9c823f9f87ceeeb2b7de24cc9a1d9549bd1bf7b593b3811d9a3,2023-08-31T03:59:59+00:00,24,37.62954166666667,11.967404077159529,2023,450,-0.7998392447397191,-0.6002142805483686,0.48277727489761035,0.5193717233690109,0.040255670706276225,0.1510938579889625,0.6280471886362947
2023-09-07,2023-09-01,27.415,-0.8547861614985329,Normal,2023-09-06,86.79,85.93,0.8599999999999994,EIA daily delivery rank; actual contract identities unavailable,inventory published after the matched quote; descriptive association only,2023-09-07,2023_09_07,https://www.eia.gov/petroleum/supply/weekly/archive/2023/2023_09_07/csv/table9.csv,50c7f7030382ea947749f56762ad11f4d2be267bf910ff184ed7e23e896480fb,2023-09-08T03:59:59+00:00,24,37.812916666666666,12.164348389119906,2023,451,-0.8660254037844384,-0.5000000000000004,0.49684269784208435,0.5432851209266545,0.3989527974064312,0.1715246444912703,0.7003109084387575
2023-09-13,2023-09-08,24.965,-1.0598662800704364,Low,2023-09-12,88.16,87.36,0.7999999999999972,EIA daily delivery rank; actual contract identities unavailable,inventory published after the matched quote; descriptive association only,2023-09-13,2023_09_13,https://www.eia.gov/petroleum/supply/weekly/archive/2023/2023_09_13/csv/table9.csv,7fae7d7183c564a00a3a8bf691aef8b47f6768d147a40ad383db3cfde8849c16,2023-09-14T03:59:59+00:00,24,38.0195,12.317119853206792,2023,452,-0.9197204370389468,-0.3925739646141714,0.5163098597152959,0.5715141297682145,0.35026572508725234,0.19943302007772765,0.7696992881061517
2023-09-20,2023-09-15,22.901,-1.2108398065957136,Low,2023-09-19,90.48,89.17,1.3100000000000023,EIA daily delivery rank; actual contract identities unavailable,inventory published after the matched quote; descriptive association only,2023-09-20,2023_09_20,https://www.eia.gov/petroleum/supply/weekly/archive/2023/2023_09_20/csv/table9.csv,d1a5e838db1409f12542ef6a416382be29e5dc607f1e6694adb2c52242b5a49b,2023-09-21T03:59:59+00:00,24,38.31041666666667,12.726222397651739,2023,453,-0.9601498736716017,-0.2794856348516098,0.5259705564074164,0.5764957285144067,0.8740312816268874,0.21646153059057835,0.7507703253444582
2023-09-27,2023-09-22,21.958,-1.2539842591096655,Low,2023-09-26,88.78,87.22,1.5600000000000023,EIA daily delivery rank; actual contract identities unavailable,inventory published after the matched quote; descriptive association only,2023-09-27,2023_09_27,https://www.eia.gov/petroleum/supply/weekly/archive/2023/2023_09_27/csv/table9.csv,b69c6b1704b2ad42a6904b071de9f5ec3fc213f48bcfd9bd7da38e4db764a9e7,2023-09-28T03:59:59+00:00,24,38.560541666666666,13.23983259443348,2023,454,-0.9867305793119814,-0.16236614133076413,0.5186097042333724,0.5658335581829026,1.1400509193873942,0.21385375893573494,0.7272414368724868
2023-10-04,2023-09-29,22.09,-1.2013083528754012,Low,2023-10-03,87.44,85.77,1.6700000000000017,EIA daily delivery rank; actual contract identities unavailable,inventory published after the matched quote; descriptive association only,2023-10-04,2023_10_04,https://www.eia.gov/petroleum/supply/weekly/archive/2023/2023_10_04/csv/table9.csv,07acb34d565ea092c008c25e3a498c9db135f28a85e7041d4b891d010c32908b,2023-10-05T03:59:59+00:00,24,38.640791666666665,13.777305074963797,2023,455,-0.9990791668951153,-0.04290475819955383,0.4960673734157381,0.5412498617940128,1.26809357896855,0.1937328795973626,0.6997309906004782
2023-10-12,2023-10-06,21.771,-1.182764809009425,Low,2023-10-11,82.07,80.92,1.1499999999999915,EIA daily delivery rank; actual contract identities unavailable,inventory published after the matched quote; descriptive association only,2023-10-12,2023_10_12,https://www.eia.gov/petroleum/supply/weekly/archive/2023/2023_10_12/csv/table9.csv,35f99992f97bf1d341614a955ec38c82e11a4f3573c62d010f3fcdb5735121ff,2023-10-13T03:59:59+00:00,24,38.639041666666664,14.26153495452218,2023,456,-0.9970175264485267,0.07717546212664607,0.4764034513112352,0.5191417721423053,0.7678990218953148,0.17772071934816663,0.6714894489106218
2023-10-18,2023-10-13,21.013,-1.1971635884013139,Low,2023-10-17,85.44,84.3,1.1400000000000006,EIA daily delivery rank; actual contract identities unavailable,inventory published after the matched quote; descriptive association only,2023-10-18,2023_10_18,https://www.eia.gov/petroleum/supply/weekly/archive/2023/2023_10_18/csv/table9.csv,602984dc0d4b1800e1cac9bfef52a66b7fa5f4eee823642b317b6c0884c2d173,2023-10-19T03:59:59+00:00,24,38.630500000000005,14.716033941131073,2023,457,-0.980575394063143,0.19614254142819676,0.4597014845085783,0.49964717997994945,0.779181584170048,0.1658075751897076,0.6428919600674539
2023-10-25,2023-10-20,21.226,-1.1410649823372103,Low,2023-10-24,82.97,82.14,0.8299999999999983,EIA daily delivery rank; actual contract identities unavailable,inventory published after the matched quote; descriptive association only,2023-10-25,2023_10_25,https://www.eia.gov/petroleum/supply/weekly/archive/2023/2023_10_25/csv/table9.csv,de250be30836d818f4ea06ebc12efedb3e5b5fd8a7512dfe4e12d8e442eb7595,2023-10-26T03:59:59+00:00,24,38.660333333333334,15.27900128669543,2023,458,-0.949989922994501,0.3122805568857945,0.43203136864014335,0.4702284166413725,0.49163429654984214,0.1411201847769271,0.6120707701895026
2023-11-01,2023-10-27,21.498,-1.0853895577821004,Low,2023-10-31,80.5,79.96,0.5400000000000063,EIA daily delivery rank; actual contract identities unavailable,inventory published after the matched quote; descriptive association only,2023-11-01,2023_11_01,https://www.eia.gov/petroleum/supply/weekly/archive/2023/2023_11_01/csv/table9.csv,cf59eb4dc146fb72789a6b0a7014c77b48dfb57514d14faaa6b554f5bcd8277f,2023-11-02T03:59:59+00:00,24,38.505625,15.669604408903298,2023,459,-0.9057022630804715,0.42391439070986053,0.40341663387526183,0.4400158987252565,0.22493331212048046,0.11559103153303257,0.5810190780844863
2023-11-15,2023-11-10,25.01,-0.8119046982596544,Normal,2023-11-14,78.17,77.98,0.18999999999999773,EIA daily delivery rank; actual contract identities unavailable,inventory published after the matched quote; descriptive association only,2023-11-15,2023_11_15,https://www.eia.gov/petroleum/supply/weekly/archive/2023/2023_11_15/csv/table9.csv,019f0069074e29051713b528d31c4cd86110b25c387792df9048447f37410281,2023-11-16T04:59:59+00:00,24,38.04116666666667,16.05011856021947,2023,460,-0.7787639308347607,0.6273170968742937,0.3221424137988401,0.34003777741739505,-0.07728132106201063,0.03597942065903449,0.40677249209015226
2023-11-22,2023-11-17,25.868,-0.7542048210825419,Normal,2023-11-21,77.92,77.88,0.04000000000000625,EIA daily delivery rank; actual contract identities unavailable,inventory published after the matched quote; descriptive association only,2023-11-22,2023_11_22,https://www.eia.gov/petroleum/supply/weekly/archive/2023/2023_11_22/csv/table9.csv,cd755663b0a2ec93e2afdc6e48e9062fd65091b370adcaf37d30d63303735a67,2023-11-23T04:59:59+00:00,24,37.92075,15.98073847194477,2023,461,-0.6979441547663436,0.7161521883143932,0.2920924719025574,0.30348271755449285,-0.20348420251572694,0.008830319291031605,0.3439116703161831
2023-11-29,2023-11-24,27.722,-0.6530424395833971,Normal,2023-11-28,76.59,76.66,-0.06999999999999318,EIA daily delivery rank; actual contract identities unavailable,inventory published after the matched quote; descriptive association only,2023-11-29,2023_11_29,https://www.eia.gov/petroleum/supply/weekly/archive/2023/2023_11_29/csv/table9.csv,7a45a8b2e9145bf01e67e080d73ac28f558a589a716c2ee6df851ab570925005,2023-11-30T04:59:59+00:00,24,38.048,15.812142326595778,2023,462,-0.607057574429101,0.7946578517376245,0.25632601748120787,0.2578399435666209,-0.290209305025316,-0.025419936925882333,0.2562148561162776
2023-12-06,2023-12-01,29.551,-0.5521853403382037,Normal,2023-12-05,72.53,72.7,-0.1700000000000017,EIA daily delivery rank; actual contract identities unavailable,inventory published after the matched quote; descriptive association only,2023-12-06,2023_12_06,https://www.eia.gov/petroleum/supply/weekly/archive/2023/2023_12_06/csv/table9.csv,16fed9c5e6b6cf894228a5273a45bc44c61ba9edddb473298d2130dd8ce362d0,2023-12-07T04:59:59+00:00,24,38.15858333333333,15.5882141457456,2023,463,-0.5074150932938463,0.8617017599480677,0.22116678081694274,0.21312259688744983,-0.36779233429991415,-0.05929156950892063,0.17052507542594886
2023-12-13,2023-12-08,30.779,-0.5031426038381122,Normal,2023-12-12,68.85,69.09,-0.2400000000000091,EIA daily delivery rank; actual contract identities unavailable,inventory published after the matched quote; descriptive association only,2023-12-13,2023_12_13,https://www.eia.gov/petroleum/supply/weekly/archive/2023/2023_12_13/csv/table9.csv,bf66249ce84b14ab69d96353b65017ac1887f55cf19c74d5a489d9dfcbe684ee,2023-12-14T04:59:59+00:00,25,38.361959999999996,15.071194413184378,2023,464,-0.4004539056512665,0.9163169044870048,0.19399301170748184,0.18104311159780995,-0.4165566217336517,-0.0840313351158589,0.11833914448899246
2023-12-20,2023-12-15,32.465,-0.4486209000011841,Normal,2023-12-19,73.94,74.21,-0.269999999999996,EIA daily delivery rank; actual contract identities unavailable,inventory published after the matched quote; descriptive association only,2023-12-20,2023_12_20,https://www.eia.gov/petroleum/supply/weekly/archive/2023/2023_12_20/csv/table9.csv,02cbabfbff8dc610da36a38af802572f0abe813aef0b8deeb746fb8a8ce51223,2023-12-21T04:59:59+00:00,25,38.92516,14.400042441141158,2023,465,-0.28771676722616696,0.9577155432887803,0.16723470161801657,0.14923973096165566,-0.42680846083216284,-0.10885914854584425,0.06534486455310223
2023-12-28,2023-12-22,33.973,-0.39074457406960544,Normal,2023-12-27,74.34,74.51,-0.1700000000000017,EIA daily delivery rank; actual contract identities unavailable,inventory published after the matched quote; descriptive association only,2023-12-28,2023_12_28,https://www.eia.gov/petroleum/supply/weekly/archive/2023/2023_12_28/csv/table9.csv,e2924f8bc7129fe2a3eaeab5c8f61be1deee366bd972965abd4bb78c3e6a58e1,2023-12-29T04:59:59+00:00,25,39.28112,13.584628814460359,2023,466,-0.17082974322534408,0.985300562686109,0.141461464285753,0.11846700385420694,-0.30883268938531117,-0.13319599066249596,0.013115470753180786
2024-01-04,2023-12-29,34.679,-0.37870043124122527,Normal,2024-01-03,72.89,73.03,-0.14000000000000057,EIA daily delivery rank; actual contract identities unavailable,inventory published after the matched quote; descriptive association only,2024-01-04,2024_01_04,https://www.eia.gov/petroleum/supply/weekly/archive/2024/2024_01_04/csv/table9.csv,b7e93cd68009e4aa4882e78f5b0dcdb98fa709c49d9fb041891e6aa3db942026,2024-01-05T04:59:59+00:00,25,39.48616,12.693832917602153,2024,467,-0.05147875477034641,0.9986740898848305,0.3334997764036014,0.30441177573248945,-0.4674405252930338,-0.14870722435004735,-0.008364004597805258
2024-01-10,2024-01-05,34.173,-0.18974402202023744,Normal,2024-01-09,72.29,72.33,-0.03999999999999204,EIA daily delivery rank; actual contract identities unavailable,inventory published after the matched quote; descriptive association only,2024-01-10,2024_01_10,https://www.eia.gov/petroleum/supply/weekly/archive/2024/2024_01_10/csv/table9.csv,2055effb4d21f9de226946ff31cf9f03e5150c08f65d79fe0d46345ae6e05118,2024-01-11T04:59:59+00:00,25,36.04212,9.850745125454553,2024,468,0.06861473800213404,0.9976432316860063,0.293370767378836,0.2489494061369071,-0.35375805018217854,-0.19197611710356202,-0.13355116285952878
2024-01-18,2024-01-12,32.074,-0.512874470723978,Normal,2024-01-17,72.48,72.46,0.020000000000010232,EIA daily delivery rank; actual contract identities unavailable,inventory published after the matched quote; descriptive association only,2024-01-18,2024_01_18,https://www.eia.gov/petroleum/supply/weekly/archive/2024/2024_01_18/csv/table9.csv,23cb2585c0ebb6b1ec1e4a02b3a7301bf90465d2f766374761f040d3bbe9b834,2024-01-19T04:59:59+00:00,25,37.140719999999995,9.879064545458407,2024,469,0.1877185654371987,0.9822228566828407,0.3256776153865728,0.30917284725831745,-0.2825345575514817,-0.14906492531459342,0.05425327718358097
2024-01-24,2024-01-19,30.066,-0.7928454509815597,Normal,2024-01-23,74.27,74.16,0.10999999999999943,EIA daily delivery rank; actual contract identities unavailable,inventory published after the matched quote; descriptive association only,2024-01-24,2024_01_24,https://www.eia.gov/petroleum/supply/weekly/archive/2024/2024_01_24/csv/table9.csv,e5229b295d828e212a19cfe440d1c30d5dd878e4d94df6c8f4643230793caa28,2024-01-25T04:59:59+00:00,25,37.90848,9.891562082232848,2024,470,0.30411483232751785,0.9526353808033826,0.35437361046493443,0.36247422168369237,-0.18393192955549587,-0.11150218438164214,0.2194784477899221
2024-01-31,2024-01-26,28.094,-1.0442928974631467,Low,2024-01-30,77.65,77.48,0.1700000000000017,EIA daily delivery rank; actual contract identities unavailable,inventory published after the matched quote; descriptive association only,2024-01-31,2024_01_31,https://www.eia.gov/petroleum/supply/weekly/archive/2024/2024_01_31/csv/table9.csv,f531596d9d1011adc8270a1af8d5081e23c4a709f1842931c24e9cf3e918f60e,2024-02-01T04:59:59+00:00,25,38.63984,10.098546131663376,2024,471,0.41612469599147445,0.9093075592922358,0.38160831158469255,0.4079202745339939,-0.11807424628232455,-0.07674631871720772,0.3452314799761426
2024-02-07,2024-02-02,28.061,-1.0620859192604641,Low,2024-02-06,73.37,73.35,0.020000000000010232,EIA daily delivery rank; actual contract identities unavailable,inventory published after the matched quote; descriptive association only,2024-02-07,2024_02_07,https://www.eia.gov/petroleum/supply/weekly/archive/2024/2024_02_07/csv/table9.csv,1af05c6e7d78299df87f10342f71768158d97d3d8dbbfc8ce9ff1c4d4ba24cc0,2024-02-08T04:59:59+00:00,24,38.390458333333335,9.725633440772654,2024,472,0.5221325810768248,0.8528643314021597,0.3793277527731178,0.40710147489443205,-0.2650459960833379,-0.07856985929860302,0.3487398941098236
2024-02-14,2024-02-09,28.771,-0.9758486978211481,Normal,2024-02-13,77.56,77.24,0.3200000000000074,EIA daily delivery rank; actual contract identities unavailable,inventory published after the matched quote; descriptive association only,2024-02-14,2024_02_14,https://www.eia.gov/petroleum/supply/weekly/archive/2024/2024_02_14/csv/table9.csv,494d4dc3b6c76eb915f73b8941b3f362c1584fa0d69d13568a95bc0efad9337b,2024-02-15T04:59:59+00:00,24,38.017,9.474829469613734,2024,473,0.6206094818274227,0.7841198065767104,0.3653940016800101,0.3938967479352752,0.03510914304540358,-0.09550131403756745,0.3394161425929483
2024-02-22,2024-02-16,29.512,-0.8603359142114011,Normal,2024-02-21,77.31,76.78,0.5300000000000011,EIA daily delivery rank; actual contract identities unavailable,inventory published after the matched quote; descriptive association only,2024-02-22,2024_02_22,https://www.eia.gov/petroleum/supply/weekly/archive/2024/2024_02_22/csv/table9.csv,819436455513337be29090a76e245a7b723094fe416747220af0246f3d3a63a9,2024-02-23T04:59:59+00:00,24,37.71191666666667,9.531064007926314,2024,474,0.7101350157125358,0.7040655221348057,0.35009911018255296,0.37107608314937224,0.24238893345318324,-0.11515877595239188,0.2796675195386703
2024-02-28,2024-02-23,30.97,-0.6622935891661289,Normal,2024-02-27,78.23,77.64,0.5900000000000034,EIA daily delivery rank; actual contract identities unavailable,inventory published after the matched quote; descriptive association only,2024-02-28,2024_02_28,https://www.eia.gov/petroleum/supply/weekly/archive/2024/2024_02_28/csv/table9.csv,12f17eccdb4c8357fb58897fa5cb036a137eca9da971aec0cb77d31a0d5386d0,2024-02-29T04:59:59+00:00,24,37.32658333333334,9.597833101988343,2024,475,0.7894179103280197,0.613856141822612,0.3261246215637994,0.33284353752590623,0.29683261010938433,-0.14632680994526473,0.17331661181379093
2024-03-06,2024-03-01,31.671,-0.5315323376037494,Normal,2024-03-05,77.41,76.82,0.5900000000000034,EIA daily delivery rank; actual contract identities unavailable,inventory published after the matched quote; descriptive association only,2024-03-06,2024_03_06,https://www.eia.gov/petroleum/supply/weekly/archive/2024/2024_03_06/csv/table9.csv,3f8f522eb54303d42e97a2893fe95120abc1c50c9a2e7005a1c3a126d91cbb07,2024-03-07T04:59:59+00:00,24,36.879416666666664,9.798870733147139,2024,476,0.8573146280763322,0.5147928015098309,0.31398921916575123,0.3122433905628972,0.28852031469750217,-0.16429162109724427,0.11073997534689933
2024-03-13,2024-03-08,31.451,-0.5183033313287791,Normal,2024-03-12,77.25,76.9,0.3499999999999943,EIA daily delivery rank; actual contract identities unavailable,inventory published after the matched quote; descriptive association only,2024-03-13,2024_03_13,https://www.eia.gov/petroleum/supply/weekly/archive/2024/2024_03_13/csv/table9.csv,b5bee2ef7ef580367d12f67735a285f4c9e3d909cafe3cc03d40dd0c9782b042,2024-03-14T03:59:59+00:00,24,36.530791666666666,9.80080844482237,2024,477,0.9128458599921356,0.40830434224389334,0.3205071818358566,0.32026671799597595,0.03757193969082406,-0.16080831466421022,0.12207981189426248
2024-03-20,2024-03-15,31.433,-0.5024710313851415,Normal,2024-03-19,82.73,82.08,0.6500000000000057,EIA daily delivery rank; actual contract identities unavailable,inventory published after the matched quote; descriptive association only,2024-03-20,2024_03_20,https://www.eia.gov/petroleum/supply/weekly/archive/2024/2024_03_20/csv/table9.csv,468ce06986428e51f2f47fd392c5f532e0c39c71c3ceaef7dadb8452a16c17bc,2024-03-21T03:59:59+00:00,24,36.37616666666667,9.837714729623404,2024,478,0.9552106508146316,0.2959267013472893,0.3290668979282682,0.33019260031085274,0.32414539908221307,-0.15579474177910044,0.1344280628830296
2024-03-27,2024-03-22,33.54,-0.2620036373861245,Normal,2024-03-26,81.04,80.43,0.6099999999999994,EIA daily delivery rank; actual contract identities unavailable,inventory published after the matched quote; descriptive association only,2024-03-27,2024_03_27,https://www.eia.gov/petroleum/supply/weekly/archive/2024/2024_03_27/csv/table9.csv,2a5ecbc51e4a9cb8c6eab45c2619dfdc44ca58f030eed2c5f64ca52cd2792b81,2024-03-28T03:59:59+00:00,24,36.05283333333333,9.590833770105554,2024,479,0.9837979515735163,0.17928075881073577,0.30903451188294,0.29273423045735397,0.2684343507100001,-0.18602156267645603,0.01323701930534818
2024-04-03,2024-03-29,33.163,-0.2901052697512145,Normal,2024-04-02,84.22,83.29,0.9299999999999926,EIA daily delivery rank; actual contract identities unavailable,inventory published after the matched quote; descriptive association only,2024-04-03,2024_04_03,https://www.eia.gov/petroleum/supply/weekly/archive/2024/2024_04_03/csv/table9.csv,300d3fffdfca7af3242a6f119529da5d45a2ec2c78e8578ecee2dcefc22aafaa,2024-04-04T03:59:59+00:00,24,35.83445833333334,9.208582579779756,2024,480,0.998195433059714,0.0600489585149486,0.32792662176908877,0.3167166918225873,0.5706654030324019,-0.17019039068855313,0.05632932476970627
