decision_date,week_ending,cushing_mbbl,inv_z,state,price_date,F2,F3,spread,price_identity,relationship
2015-01-07,2015-01-02,32.098,-0.8458650312796481,Normal,2015-01-06,48.46,49.16,-0.6999999999999957,EIA daily delivery rank; actual contract identities unavailable,inventory published after the matched quote; descriptive association only
2015-01-14,2015-01-09,33.874,-0.7011761199820868,Normal,2015-01-13,46.51,47.24,-0.730000000000004,EIA daily delivery rank; actual contract identities unavailable,inventory published after the matched quote; descriptive association only
2015-01-22,2015-01-16,36.783,-0.3993966477000173,Normal,2015-01-21,48.43,49.22,-0.7899999999999991,EIA daily delivery rank; actual contract identities unavailable,inventory published after the matched quote; descriptive association only
2015-01-28,2015-01-23,38.868,-0.16531681081358426,Normal,2015-01-27,46.95,47.95,-1.0,EIA daily delivery rank; actual contract identities unavailable,inventory published after the matched quote; descriptive association only
2015-02-04,2015-01-30,41.384,0.12747862715011682,Normal,2015-02-03,53.86,54.95,-1.0900000000000034,EIA daily delivery rank; actual contract identities unavailable,inventory published after the matched quote; descriptive association only
2015-02-11,2015-02-06,42.598,0.272240042564851,Normal,2015-02-10,50.93,52.16,-1.2299999999999969,EIA daily delivery rank; actual contract identities unavailable,inventory published after the matched quote; descriptive association only
2015-02-19,2015-02-13,46.261,0.7281009489184441,Normal,2015-02-18,52.82,53.97,-1.1499999999999986,EIA daily delivery rank; actual contract identities unavailable,inventory published after the matched quote; descriptive association only
2015-02-25,2015-02-20,48.68,1.0615995355630137,High,2015-02-24,50.83,52.34,-1.5100000000000051,EIA daily delivery rank; actual contract identities unavailable,inventory published after the matched quote; descriptive association only
2015-03-04,2015-02-27,49.216,1.1642222660522972,High,2015-03-03,52.5,54.07,-1.5700000000000003,EIA daily delivery rank; actual contract identities unavailable,inventory published after the matched quote; descriptive association only
2015-03-11,2015-03-06,51.538,1.465350694655879,High,2015-03-10,50.07,51.44,-1.3699999999999974,EIA daily delivery rank; actual contract identities unavailable,inventory published after the matched quote; descriptive association only
2015-03-18,2015-03-13,54.403,1.775820019451975,High,2015-03-17,45.19,47.06,-1.8700000000000045,EIA daily delivery rank; actual contract identities unavailable,inventory published after the matched quote; descriptive association only
2015-03-25,2015-03-20,56.314,1.9372674110185852,High,2015-03-24,49.13,50.46,-1.3299999999999983,EIA daily delivery rank; actual contract identities unavailable,inventory published after the matched quote; descriptive association only
2015-04-01,2015-03-27,58.943,2.1521580201607975,High,2015-03-31,49.34,50.78,-1.4399999999999977,EIA daily delivery rank; actual contract identities unavailable,inventory published after the matched quote; descriptive association only
2015-04-08,2015-04-03,60.175,2.221885402783906,High,2015-04-07,55.23,56.09,-0.8600000000000065,EIA daily delivery rank; actual contract identities unavailable,inventory published after the matched quote; descriptive association only
2015-04-15,2015-04-10,61.462,2.266730637709546,High,2015-04-14,54.87,56.04,-1.1700000000000017,EIA daily delivery rank; actual contract identities unavailable,inventory published after the matched quote; descriptive association only
2015-04-22,2015-04-17,62.2,2.234541176339771,High,2015-04-21,56.61,57.88,-1.2700000000000031,EIA daily delivery rank; actual contract identities unavailable,inventory published after the matched quote; descriptive association only
2015-04-29,2015-04-24,61.686,2.083511376781147,High,2015-04-28,58.53,59.32,-0.7899999999999991,EIA daily delivery rank; actual contract identities unavailable,inventory published after the matched quote; descriptive association only
2015-05-06,2015-05-01,61.674,1.9815597015026367,High,2015-05-05,61.5,62.11,-0.6099999999999994,EIA daily delivery rank; actual contract identities unavailable,inventory published after the matched quote; descriptive association only
2015-05-13,2015-05-08,60.684,1.8110848751869313,High,2015-05-12,61.74,62.25,-0.509999999999998,EIA daily delivery rank; actual contract identities unavailable,inventory published after the matched quote; descriptive association only
2015-05-20,2015-05-15,60.443,1.7415593800603943,High,2015-05-19,57.99,58.47,-0.4799999999999969,EIA daily delivery rank; actual contract identities unavailable,inventory published after the matched quote; descriptive association only
2015-05-28,2015-05-22,60.01,1.6709882819095114,High,2015-05-27,57.86,58.04,-0.17999999999999972,EIA daily delivery rank; actual contract identities unavailable,inventory published after the matched quote; descriptive association only
2015-06-03,2015-05-29,59.027,1.5557226477100994,High,2015-06-02,61.52,61.68,-0.1599999999999966,EIA daily delivery rank; actual contract identities unavailable,inventory published after the matched quote; descriptive association only
2015-06-10,2015-06-05,58.003,1.4377823929780593,High,2015-06-09,60.61,60.98,-0.36999999999999744,EIA daily delivery rank; actual contract identities unavailable,inventory published after the matched quote; descriptive association only
2015-06-17,2015-06-12,58.115,1.4469712413379132,High,2015-06-16,60.45,60.84,-0.39000000000000057,EIA daily delivery rank; actual contract identities unavailable,inventory published after the matched quote; descriptive association only
2015-06-24,2015-06-19,56.245,1.3230342407056905,High,2015-06-23,61.33,61.62,-0.28999999999999915,EIA daily delivery rank; actual contract identities unavailable,inventory published after the matched quote; descriptive association only
2015-07-01,2015-06-26,56.368,1.3650908728919224,High,2015-06-30,59.83,60.1,-0.2700000000000031,EIA daily delivery rank; actual contract identities unavailable,inventory published after the matched quote; descriptive association only
2015-07-08,2015-07-03,56.667,1.4397901016721395,High,2015-07-07,52.71,53.03,-0.3200000000000003,EIA daily delivery rank; actual contract identities unavailable,inventory published after the matched quote; descriptive association only
2015-07-15,2015-07-10,57.105,1.536842874084525,High,2015-07-14,53.48,53.88,-0.4000000000000057,EIA daily delivery rank; actual contract identities unavailable,inventory published after the matched quote; descriptive association only
2015-07-22,2015-07-17,57.918,1.667798703678154,High,2015-07-21,50.86,51.3,-0.4399999999999977,EIA daily delivery rank; actual contract identities unavailable,inventory published after the matched quote; descriptive association only
2015-07-29,2015-07-24,57.706,1.7393442393136742,High,2015-07-28,48.41,49.03,-0.6200000000000045,EIA daily delivery rank; actual contract identities unavailable,inventory published after the matched quote; descriptive association only
2015-08-05,2015-07-31,57.164,1.815210992740705,High,2015-08-04,46.13,46.72,-0.5899999999999963,EIA daily delivery rank; actual contract identities unavailable,inventory published after the matched quote; descriptive association only
2015-08-12,2015-08-07,57.113,1.9094364584037544,High,2015-08-11,43.87,44.83,-0.9600000000000009,EIA daily delivery rank; actual contract identities unavailable,inventory published after the matched quote; descriptive association only
2015-08-19,2015-08-14,57.439,2.0480944522430318,High,2015-08-18,43.12,44.09,-0.970000000000006,EIA daily delivery rank; actual contract identities unavailable,inventory published after the matched quote; descriptive association only
2015-08-26,2015-08-21,57.695,2.1890403549741078,High,2015-08-25,39.95,40.64,-0.6899999999999977,EIA daily delivery rank; actual contract identities unavailable,inventory published after the matched quote; descriptive association only
2015-09-02,2015-08-28,57.307,2.2556300312505977,High,2015-09-01,46.02,46.69,-0.6699999999999946,EIA daily delivery rank; actual contract identities unavailable,inventory published after the matched quote; descriptive association only
2015-09-10,2015-09-04,56.41,2.2448503155201536,High,2015-09-09,44.8,45.48,-0.6799999999999997,EIA daily delivery rank; actual contract identities unavailable,inventory published after the matched quote; descriptive association only
2015-09-16,2015-09-11,54.504,2.116174816051359,High,2015-09-15,45.0,45.53,-0.5300000000000011,EIA daily delivery rank; actual contract identities unavailable,inventory published after the matched quote; descriptive association only
2015-09-23,2015-09-18,54.042,2.11250368225224,High,2015-09-22,46.36,46.92,-0.5600000000000023,EIA daily delivery rank; actual contract identities unavailable,inventory published after the matched quote; descriptive association only
2015-09-30,2015-09-25,52.974,2.0375311033981567,High,2015-09-29,45.64,46.2,-0.5600000000000023,EIA daily delivery rank; actual contract identities unavailable,inventory published after the matched quote; descriptive association only
2015-10-07,2015-10-02,53.072,2.0714543752079924,High,2015-10-06,49.02,49.71,-0.6899999999999977,EIA daily delivery rank; actual contract identities unavailable,inventory published after the matched quote; descriptive association only
2015-10-15,2015-10-09,54.197,2.1883883849087895,High,2015-10-14,47.16,47.96,-0.8000000000000043,EIA daily delivery rank; actual contract identities unavailable,inventory published after the matched quote; descriptive association only
2015-10-21,2015-10-16,54.119,2.164660397184815,High,2015-10-20,46.29,47.0,-0.7100000000000009,EIA daily delivery rank; actual contract identities unavailable,inventory published after the matched quote; descriptive association only
2015-10-28,2015-10-23,53.334,2.031484831774558,High,2015-10-27,44.12,44.91,-0.7899999999999991,EIA daily delivery rank; actual contract identities unavailable,inventory published after the matched quote; descriptive association only
2015-11-04,2015-10-30,53.122,1.950265584298149,High,2015-11-03,48.8,49.62,-0.8200000000000003,EIA daily delivery rank; actual contract identities unavailable,inventory published after the matched quote; descriptive association only
2015-11-12,2015-11-06,55.359,2.145143036075719,High,2015-11-10,45.44,46.36,-0.9200000000000017,EIA daily delivery rank; actual contract identities unavailable,inventory published after the matched quote; descriptive association only
2015-11-18,2015-11-13,56.854,2.2487606676915965,High,2015-11-17,41.71,42.74,-1.0300000000000011,EIA daily delivery rank; actual contract identities unavailable,inventory published after the matched quote; descriptive association only
2015-11-25,2015-11-20,58.598,2.404179697769342,High,2015-11-24,44.33,45.47,-1.1400000000000006,EIA daily delivery rank; actual contract identities unavailable,inventory published after the matched quote; descriptive association only
2015-12-02,2015-11-27,59.026,2.392674000535493,High,2015-12-01,43.13,44.08,-0.9499999999999957,EIA daily delivery rank; actual contract identities unavailable,inventory published after the matched quote; descriptive association only
2015-12-09,2015-12-04,59.449,2.4064100368926202,High,2015-12-08,39.01,40.21,-1.2000000000000028,EIA daily delivery rank; actual contract identities unavailable,inventory published after the matched quote; descriptive association only
2015-12-16,2015-12-11,60.056,2.4241378100963944,High,2015-12-15,38.51,39.56,-1.0500000000000043,EIA daily delivery rank; actual contract identities unavailable,inventory published after the matched quote; descriptive association only
2015-12-23,2015-12-18,62.101,2.5843282354007266,High,2015-12-22,37.06,37.83,-0.769999999999996,EIA daily delivery rank; actual contract identities unavailable,inventory published after the matched quote; descriptive association only
2015-12-30,2015-12-25,62.993,2.6261204799812314,High,2015-12-29,38.86,39.69,-0.8299999999999983,EIA daily delivery rank; actual contract identities unavailable,inventory published after the matched quote; descriptive association only
2016-01-06,2016-01-01,63.91,1.8992261586217352,High,2016-01-05,37.18,38.23,-1.0499999999999972,EIA daily delivery rank; actual contract identities unavailable,inventory published after the matched quote; descriptive association only
2016-01-13,2016-01-08,64.007,2.0837669487666624,High,2016-01-12,31.52,32.64,-1.120000000000001,EIA daily delivery rank; actual contract identities unavailable,inventory published after the matched quote; descriptive association only
2016-01-21,2016-01-15,64.198,2.335135857735203,High,2016-01-20,28.35,29.69,-1.3399999999999999,EIA daily delivery rank; actual contract identities unavailable,inventory published after the matched quote; descriptive association only
2016-01-27,2016-01-22,63.427,2.583670687672344,High,2016-01-26,32.9,34.22,-1.3200000000000003,EIA daily delivery rank; actual contract identities unavailable,inventory published after the matched quote; descriptive association only
2016-02-03,2016-01-29,64.174,3.180088148326276,High,2016-02-02,31.61,33.24,-1.6300000000000026,EIA daily delivery rank; actual contract identities unavailable,inventory published after the matched quote; descriptive association only
2016-02-10,2016-02-05,64.697,3.1487652372193096,High,2016-02-09,29.74,31.41,-1.6700000000000017,EIA daily delivery rank; actual contract identities unavailable,inventory published after the matched quote; descriptive association only
2016-02-18,2016-02-12,64.733,2.9974060974945,High,2016-02-17,32.98,34.69,-1.7100000000000009,EIA daily delivery rank; actual contract identities unavailable,inventory published after the matched quote; descriptive association only
2016-02-24,2016-02-19,65.066,2.7588716285774737,High,2016-02-23,33.6,34.86,-1.259999999999998,EIA daily delivery rank; actual contract identities unavailable,inventory published after the matched quote; descriptive association only
2016-03-02,2016-02-26,66.256,2.597581933443907,High,2016-03-01,36.15,37.3,-1.1499999999999986,EIA daily delivery rank; actual contract identities unavailable,inventory published after the matched quote; descriptive association only
2016-03-09,2016-03-04,66.946,2.3624032562553308,High,2016-03-08,38.42,39.58,-1.1599999999999966,EIA daily delivery rank; actual contract identities unavailable,inventory published after the matched quote; descriptive association only
2016-03-16,2016-03-11,67.491,2.1550098215441285,High,2016-03-15,38.08,39.04,-0.9600000000000009,EIA daily delivery rank; actual contract identities unavailable,inventory published after the matched quote; descriptive association only
2016-03-23,2016-03-18,66.233,1.8327804293316647,High,2016-03-22,42.44,43.13,-0.6900000000000048,EIA daily delivery rank; actual contract identities unavailable,inventory published after the matched quote; descriptive association only
2016-03-30,2016-03-25,65.961,1.6514983948821964,High,2016-03-29,39.51,40.33,-0.8200000000000003,EIA daily delivery rank; actual contract identities unavailable,inventory published after the matched quote; descriptive association only
2016-04-06,2016-04-01,66.318,1.567513718336303,High,2016-04-05,37.11,37.99,-0.8800000000000026,EIA daily delivery rank; actual contract identities unavailable,inventory published after the matched quote; descriptive association only
2016-04-13,2016-04-08,64.551,1.3506803185868845,High,2016-04-12,43.5,44.35,-0.8500000000000014,EIA daily delivery rank; actual contract identities unavailable,inventory published after the matched quote; descriptive association only
2016-04-20,2016-04-15,64.303,1.2772223311138118,High,2016-04-19,42.47,43.32,-0.8500000000000014,EIA daily delivery rank; actual contract identities unavailable,inventory published after the matched quote; descriptive association only
2016-04-27,2016-04-22,66.049,1.3543346452814342,High,2016-04-26,44.89,45.4,-0.509999999999998,EIA daily delivery rank; actual contract identities unavailable,inventory published after the matched quote; descriptive association only
2016-05-04,2016-04-29,66.292,1.3446460204679045,High,2016-05-03,44.41,44.9,-0.490000000000002,EIA daily delivery rank; actual contract identities unavailable,inventory published after the matched quote; descriptive association only
2016-05-11,2016-05-06,67.812,1.4335415791533401,High,2016-05-10,45.35,45.83,-0.4799999999999969,EIA daily delivery rank; actual contract identities unavailable,inventory published after the matched quote; descriptive association only
2016-05-18,2016-05-13,68.273,1.4772425474271942,High,2016-05-17,48.99,49.42,-0.4299999999999997,EIA daily delivery rank; actual contract identities unavailable,inventory published after the matched quote; descriptive association only
2016-05-25,2016-05-20,67.624,1.4620837386968286,High,2016-05-24,49.06,49.41,-0.3499999999999943,EIA daily delivery rank; actual contract identities unavailable,inventory published after the matched quote; descriptive association only
2016-06-02,2016-05-27,66.92,1.446057344472112,High,2016-06-01,49.49,49.91,-0.4199999999999946,EIA daily delivery rank; actual contract identities unavailable,inventory published after the matched quote; descriptive association only
2016-06-08,2016-06-03,65.557,1.383654707835452,High,2016-06-07,50.92,51.39,-0.46999999999999886,EIA daily delivery rank; actual contract identities unavailable,inventory published after the matched quote; descriptive association only
2016-06-15,2016-06-10,66.461,1.470060780699386,High,2016-06-14,49.06,49.56,-0.5,EIA daily delivery rank; actual contract identities unavailable,inventory published after the matched quote; descriptive association only
2016-06-22,2016-06-17,65.181,1.4202727668653163,High,2016-06-21,49.85,50.45,-0.6000000000000014,EIA daily delivery rank; actual contract identities unavailable,inventory published after the matched quote; descriptive association only
2016-06-29,2016-06-24,64.23,1.3914265733875817,High,2016-06-28,48.59,49.17,-0.5799999999999983,EIA daily delivery rank; actual contract identities unavailable,inventory published after the matched quote; descriptive association only
2016-07-07,2016-07-01,64.148,1.4143352202929338,High,2016-07-06,48.14,48.75,-0.6099999999999994,EIA daily delivery rank; actual contract identities unavailable,inventory published after the matched quote; descriptive association only
2016-07-13,2016-07-08,63.916,1.4288882928109765,High,2016-07-12,47.57,48.24,-0.6700000000000017,EIA daily delivery rank; actual contract identities unavailable,inventory published after the matched quote; descriptive association only
2016-07-20,2016-07-15,64.105,1.4730911854985211,High,2016-07-19,45.45,46.14,-0.6899999999999977,EIA daily delivery rank; actual contract identities unavailable,inventory published after the matched quote; descriptive association only
2016-07-27,2016-07-22,65.215,1.5702147354475835,High,2016-07-26,43.68,44.42,-0.740000000000002,EIA daily delivery rank; actual contract identities unavailable,inventory published after the matched quote; descriptive association only
2016-08-03,2016-07-29,64.092,1.5371274981224807,High,2016-08-02,40.3,41.12,-0.8200000000000003,EIA daily delivery rank; actual contract identities unavailable,inventory published after the matched quote; descriptive association only
2016-08-10,2016-08-05,65.255,1.6405257416763086,High,2016-08-09,43.5,44.25,-0.75,EIA daily delivery rank; actual contract identities unavailable,inventory published after the matched quote; descriptive association only
2016-08-17,2016-08-12,64.531,1.6368571371287235,High,2016-08-16,47.22,47.92,-0.7000000000000028,EIA daily delivery rank; actual contract identities unavailable,inventory published after the matched quote; descriptive association only
2016-08-24,2016-08-19,64.906,1.720672576517776,High,2016-08-23,48.75,49.39,-0.6400000000000006,EIA daily delivery rank; actual contract identities unavailable,inventory published after the matched quote; descriptive association only
2016-08-31,2016-08-26,63.867,1.7157915867909814,High,2016-08-30,46.99,47.62,-0.6299999999999955,EIA daily delivery rank; actual contract identities unavailable,inventory published after the matched quote; descriptive association only
2016-09-08,2016-09-02,63.433,1.7480596536410473,High,2016-09-07,46.15,46.81,-0.6600000000000037,EIA daily delivery rank; actual contract identities unavailable,inventory published after the matched quote; descriptive association only
2016-09-14,2016-09-09,62.188,1.7166598534861186,High,2016-09-13,45.48,46.12,-0.6400000000000006,EIA daily delivery rank; actual contract identities unavailable,inventory published after the matched quote; descriptive association only
2016-09-21,2016-09-16,62.714,1.7921269000136892,High,2016-09-20,44.05,44.7,-0.6500000000000057,EIA daily delivery rank; actual contract identities unavailable,inventory published after the matched quote; descriptive association only
2016-09-28,2016-09-23,62.083,1.7925580570759212,High,2016-09-27,45.24,45.82,-0.5799999999999983,EIA daily delivery rank; actual contract identities unavailable,inventory published after the matched quote; descriptive association only
2016-10-05,2016-09-30,62.652,1.8742834410862754,High,2016-10-04,49.3,49.94,-0.6400000000000006,EIA daily delivery rank; actual contract identities unavailable,inventory published after the matched quote; descriptive association only
2016-10-13,2016-10-07,61.334,1.8106667835790684,High,2016-10-12,50.64,51.17,-0.5300000000000011,EIA daily delivery rank; actual contract identities unavailable,inventory published after the matched quote; descriptive association only
2016-10-19,2016-10-14,59.699,1.6781181935439833,High,2016-10-18,50.62,51.14,-0.5200000000000031,EIA daily delivery rank; actual contract identities unavailable,inventory published after the matched quote; descriptive association only
2016-10-26,2016-10-21,58.362,1.5413770372366247,High,2016-10-25,50.6,51.21,-0.6099999999999994,EIA daily delivery rank; actual contract identities unavailable,inventory published after the matched quote; descriptive association only
2016-11-02,2016-10-28,58.451,1.4818689132380012,High,2016-11-01,47.24,47.8,-0.5599999999999952,EIA daily delivery rank; actual contract identities unavailable,inventory published after the matched quote; descriptive association only
2016-11-09,2016-11-04,58.479,1.4232100666826202,High,2016-11-08,45.61,46.3,-0.6899999999999977,EIA daily delivery rank; actual contract identities unavailable,inventory published after the matched quote; descriptive association only
2016-11-16,2016-11-11,59.17,1.418085660536425,High,2016-11-15,46.39,47.06,-0.6700000000000017,EIA daily delivery rank; actual contract identities unavailable,inventory published after the matched quote; descriptive association only
2016-11-23,2016-11-18,59.083,1.3590314206584084,High,2016-11-22,48.93,49.78,-0.8500000000000014,EIA daily delivery rank; actual contract identities unavailable,inventory published after the matched quote; descriptive association only
2016-11-30,2016-11-25,61.502,1.4603791806048299,High,2016-11-29,46.13,47.0,-0.8699999999999974,EIA daily delivery rank; actual contract identities unavailable,inventory published after the matched quote; descriptive association only
2016-12-07,2016-12-02,65.285,1.6591593524822177,High,2016-12-06,51.97,52.91,-0.9399999999999977,EIA daily delivery rank; actual contract identities unavailable,inventory published after the matched quote; descriptive association only
2016-12-14,2016-12-09,66.508,1.8063308128825342,High,2016-12-13,53.94,54.81,-0.8700000000000045,EIA daily delivery rank; actual contract identities unavailable,inventory published after the matched quote; descriptive association only
2016-12-21,2016-12-16,66.263,1.8617532291441536,High,2016-12-20,53.3,54.19,-0.8900000000000006,EIA daily delivery rank; actual contract identities unavailable,inventory published after the matched quote; descriptive association only
2016-12-29,2016-12-23,66.435,1.9822728700270458,High,2016-12-28,54.95,55.67,-0.7199999999999989,EIA daily delivery rank; actual contract identities unavailable,inventory published after the matched quote; descriptive association only
2017-01-05,2016-12-30,67.509,2.2249610013058683,High,2017-01-04,54.22,55.05,-0.8299999999999983,EIA daily delivery rank; actual contract identities unavailable,inventory published after the matched quote; descriptive association only
2017-01-11,2017-01-06,66.93,1.1611888030763347,High,2017-01-10,51.7,52.53,-0.8299999999999983,EIA daily delivery rank; actual contract identities unavailable,inventory published after the matched quote; descriptive association only
2017-01-19,2017-01-13,65.656,1.1510991144165394,High,2017-01-18,51.89,52.66,-0.769999999999996,EIA daily delivery rank; actual contract identities unavailable,inventory published after the matched quote; descriptive association only
2017-01-25,2017-01-20,65.372,1.2189655888399735,High,2017-01-24,53.86,54.46,-0.6000000000000014,EIA daily delivery rank; actual contract identities unavailable,inventory published after the matched quote; descriptive association only
2017-02-01,2017-01-27,64.127,1.215100747111893,High,2017-01-31,53.42,53.94,-0.519999999999996,EIA daily delivery rank; actual contract identities unavailable,inventory published after the matched quote; descriptive association only
2017-02-08,2017-02-03,65.27,1.3646137115263324,High,2017-02-07,52.78,53.3,-0.519999999999996,EIA daily delivery rank; actual contract identities unavailable,inventory published after the matched quote; descriptive association only
2017-02-15,2017-02-10,64.568,1.2468709996767604,High,2017-02-14,53.71,54.12,-0.4099999999999966,EIA daily delivery rank; actual contract identities unavailable,inventory published after the matched quote; descriptive association only
2017-02-23,2017-02-17,63.04,1.0539579215198092,High,2017-02-22,53.93,54.17,-0.240000000000002,EIA daily delivery rank; actual contract identities unavailable,inventory published after the matched quote; descriptive association only
2017-03-01,2017-02-24,63.535,1.0193652949884264,High,2017-02-28,54.43,54.75,-0.3200000000000003,EIA daily delivery rank; actual contract identities unavailable,inventory published after the matched quote; descriptive association only
2017-03-08,2017-03-03,64.402,1.0086397690521025,High,2017-03-07,53.64,54.02,-0.38000000000000256,EIA daily delivery rank; actual contract identities unavailable,inventory published after the matched quote; descriptive association only
2017-03-15,2017-03-10,66.532,1.0798421168374657,High,2017-03-14,48.35,48.83,-0.4799999999999969,EIA daily delivery rank; actual contract identities unavailable,inventory published after the matched quote; descriptive association only
2017-03-22,2017-03-17,67.951,1.111053119746778,High,2017-03-21,48.24,48.82,-0.5799999999999983,EIA daily delivery rank; actual contract identities unavailable,inventory published after the matched quote; descriptive association only
2017-03-29,2017-03-24,67.731,1.0456708462657465,High,2017-03-28,48.9,49.27,-0.37000000000000455,EIA daily delivery rank; actual contract identities unavailable,inventory published after the matched quote; descriptive association only
2017-04-05,2017-03-31,69.144,1.082613534588703,High,2017-04-04,51.51,51.88,-0.37000000000000455,EIA daily delivery rank; actual contract identities unavailable,inventory published after the matched quote; descriptive association only
2017-04-12,2017-04-07,69.42,1.0598329136528915,High,2017-04-11,53.79,54.11,-0.3200000000000003,EIA daily delivery rank; actual contract identities unavailable,inventory published after the matched quote; descriptive association only
2017-04-19,2017-04-14,68.642,0.9872647763306897,Normal,2017-04-18,52.85,53.2,-0.3500000000000014,EIA daily delivery rank; actual contract identities unavailable,inventory published after the matched quote; descriptive association only
2017-04-26,2017-04-21,67.439,0.895379406688848,Normal,2017-04-25,49.9,50.17,-0.2700000000000031,EIA daily delivery rank; actual contract identities unavailable,inventory published after the matched quote; descriptive association only
2017-05-03,2017-04-28,66.711,0.8431588690781263,Normal,2017-05-02,47.99,48.24,-0.25,EIA daily delivery rank; actual contract identities unavailable,inventory published after the matched quote; descriptive association only
2017-05-10,2017-05-05,66.273,0.8190082905498798,Normal,2017-05-09,46.27,46.62,-0.3499999999999943,EIA daily delivery rank; actual contract identities unavailable,inventory published after the matched quote; descriptive association only
2017-05-17,2017-05-12,66.308,0.8258073610438865,Normal,2017-05-16,49.0,49.29,-0.28999999999999915,EIA daily delivery rank; actual contract identities unavailable,inventory published after the matched quote; descriptive association only
2017-05-24,2017-05-19,65.567,0.7918556717858984,Normal,2017-05-23,51.72,51.92,-0.20000000000000284,EIA daily delivery rank; actual contract identities unavailable,inventory published after the matched quote; descriptive association only
2017-06-01,2017-05-26,64.82,0.7725487175174404,Normal,2017-05-31,48.56,48.74,-0.17999999999999972,EIA daily delivery rank; actual contract identities unavailable,inventory published after the matched quote; descriptive association only
2017-06-07,2017-06-02,63.376,0.7220406488725593,Normal,2017-06-06,48.34,48.49,-0.14999999999999858,EIA daily delivery rank; actual contract identities unavailable,inventory published after the matched quote; descriptive association only
2017-06-14,2017-06-09,62.22,0.6880772066233166,Normal,2017-06-13,46.67,46.89,-0.21999999999999886,EIA daily delivery rank; actual contract identities unavailable,inventory published after the matched quote; descriptive association only
2017-06-21,2017-06-16,61.14,0.658480131773922,Normal,2017-06-20,43.51,43.77,-0.2600000000000051,EIA daily delivery rank; actual contract identities unavailable,inventory published after the matched quote; descriptive association only
2017-06-28,2017-06-23,60.843,0.6618234582617488,Normal,2017-06-27,44.49,44.73,-0.23999999999999488,EIA daily delivery rank; actual contract identities unavailable,inventory published after the matched quote; descriptive association only
2017-07-06,2017-06-30,59.509,0.6045760769817549,Normal,2017-07-05,45.34,45.55,-0.20999999999999375,EIA daily delivery rank; actual contract identities unavailable,inventory published after the matched quote; descriptive association only
2017-07-12,2017-07-07,57.561,0.515021774686444,Normal,2017-07-11,45.23,45.4,-0.1700000000000017,EIA daily delivery rank; actual contract identities unavailable,inventory published after the matched quote; descriptive association only
2017-07-19,2017-07-14,57.538,0.5219773388943109,Normal,2017-07-18,46.59,46.76,-0.1699999999999946,EIA daily delivery rank; actual contract identities unavailable,inventory published after the matched quote; descriptive association only
2017-07-26,2017-07-21,55.839,0.4377679969554424,Normal,2017-07-25,48.02,48.19,-0.1699999999999946,EIA daily delivery rank; actual contract identities unavailable,inventory published after the matched quote; descriptive association only
2017-08-02,2017-07-28,55.8,0.43039680673754976,Normal,2017-08-01,49.29,49.43,-0.14000000000000057,EIA daily delivery rank; actual contract identities unavailable,inventory published after the matched quote; descriptive association only
2017-08-09,2017-08-04,56.369,0.45818672148268624,Normal,2017-08-08,49.35,49.52,-0.1700000000000017,EIA daily delivery rank; actual contract identities unavailable,inventory published after the matched quote; descriptive association only
2017-08-16,2017-08-11,57.047,0.494751209736063,Normal,2017-08-15,47.7,47.84,-0.14000000000000057,EIA daily delivery rank; actual contract identities unavailable,inventory published after the matched quote; descriptive association only
2017-08-23,2017-08-18,56.544,0.4833578419736584,Normal,2017-08-22,47.83,48.02,-0.19000000000000483,EIA daily delivery rank; actual contract identities unavailable,inventory published after the matched quote; descriptive association only
2017-08-30,2017-08-25,57.233,0.5339344983814215,Normal,2017-08-29,47.0,47.45,-0.45000000000000284,EIA daily delivery rank; actual contract identities unavailable,inventory published after the matched quote; descriptive association only
2017-09-07,2017-09-01,58.03,0.5912264670993367,Normal,2017-09-06,49.62,50.0,-0.38000000000000256,EIA daily delivery rank; actual contract identities unavailable,inventory published after the matched quote; descriptive association only
2017-09-13,2017-09-08,59.053,0.6643262519167564,Normal,2017-09-12,48.75,49.17,-0.4200000000000017,EIA daily delivery rank; actual contract identities unavailable,inventory published after the matched quote; descriptive association only
2017-09-20,2017-09-15,59.756,0.7220963536956602,Normal,2017-09-19,49.9,50.24,-0.3400000000000034,EIA daily delivery rank; actual contract identities unavailable,inventory published after the matched quote; descriptive association only
2017-09-27,2017-09-22,60.937,0.8152628967841673,Normal,2017-09-26,52.19,52.42,-0.23000000000000398,EIA daily delivery rank; actual contract identities unavailable,inventory published after the matched quote; descriptive association only
2017-10-04,2017-09-29,62.462,0.932778452696059,Normal,2017-10-03,50.74,50.99,-0.25,EIA daily delivery rank; actual contract identities unavailable,inventory published after the matched quote; descriptive association only
2017-10-12,2017-10-06,63.784,1.0385630558476038,High,2017-10-11,51.6,51.8,-0.19999999999999574,EIA daily delivery rank; actual contract identities unavailable,inventory published after the matched quote; descriptive association only
2017-10-18,2017-10-13,63.986,1.065847987392802,High,2017-10-17,52.11,52.28,-0.1700000000000017,EIA daily delivery rank; actual contract identities unavailable,inventory published after the matched quote; descriptive association only
2017-10-25,2017-10-20,63.749,1.0614612428407453,High,2017-10-24,52.67,52.79,-0.11999999999999744,EIA daily delivery rank; actual contract identities unavailable,inventory published after the matched quote; descriptive association only
2017-11-01,2017-10-27,63.839,1.062510464856944,High,2017-10-31,54.59,54.69,-0.09999999999999432,EIA daily delivery rank; actual contract identities unavailable,inventory published after the matched quote; descriptive association only
2017-11-08,2017-11-03,64.559,1.09240563317621,High,2017-11-07,57.43,57.59,-0.1600000000000037,EIA daily delivery rank; actual contract identities unavailable,inventory published after the matched quote; descriptive association only
2017-11-15,2017-11-10,63.055,0.9702158347135793,Normal,2017-11-14,55.89,56.03,-0.14000000000000057,EIA daily delivery rank; actual contract identities unavailable,inventory published after the matched quote; descriptive association only
2017-11-22,2017-11-17,61.228,0.8148007972384126,Normal,2017-11-21,56.92,56.96,-0.03999999999999915,EIA daily delivery rank; actual contract identities unavailable,inventory published after the matched quote; descriptive association only
2017-11-29,2017-11-24,58.314,0.5848196440058,Normal,2017-11-28,58.05,58.0,0.04999999999999716,EIA daily delivery rank; actual contract identities unavailable,inventory published after the matched quote; descriptive association only
2017-12-06,2017-12-01,55.561,0.3608620194148147,Normal,2017-12-05,57.67,57.65,0.020000000000003126,EIA daily delivery rank; actual contract identities unavailable,inventory published after the matched quote; descriptive association only
2017-12-13,2017-12-08,52.244,0.12822775491882935,Normal,2017-12-12,57.16,57.13,0.02999999999999403,EIA daily delivery rank; actual contract identities unavailable,inventory published after the matched quote; descriptive association only
2017-12-20,2017-12-15,52.998,0.17777340767020047,Normal,2017-12-19,57.56,57.58,-0.01999999999999602,EIA daily delivery rank; actual contract identities unavailable,inventory published after the matched quote; descriptive association only
2017-12-28,2017-12-22,51.414,0.08400824456248583,Normal,2017-12-27,59.69,59.68,0.00999999999999801,EIA daily delivery rank; actual contract identities unavailable,inventory published after the matched quote; descriptive association only
2018-01-04,2017-12-29,48.973,-0.06919318523914329,Normal,2018-01-03,61.55,61.41,0.14000000000000057,EIA daily delivery rank; actual contract identities unavailable,inventory published after the matched quote; descriptive association only
2018-01-10,2018-01-05,46.578,-0.8859133428127447,Normal,2018-01-09,62.87,62.7,0.1699999999999946,EIA daily delivery rank; actual contract identities unavailable,inventory published after the matched quote; descriptive association only
2018-01-18,2018-01-12,42.394,-1.18619184996444,Low,2018-01-17,63.92,63.74,0.17999999999999972,EIA daily delivery rank; actual contract identities unavailable,inventory published after the matched quote; descriptive association only
2018-01-24,2018-01-19,39.244,-1.4091045373714233,Low,2018-01-23,64.31,64.09,0.21999999999999886,EIA daily delivery rank; actual contract identities unavailable,inventory published after the matched quote; descriptive association only
2018-01-31,2018-01-26,37.02,-1.5763135895317637,Low,2018-01-30,64.35,64.11,0.23999999999999488,EIA daily delivery rank; actual contract identities unavailable,inventory published after the matched quote; descriptive association only
2018-02-07,2018-02-02,36.309,-1.8504656774796757,Low,2018-02-06,63.11,62.7,0.4099999999999966,EIA daily delivery rank; actual contract identities unavailable,inventory published after the matched quote; descriptive association only
2018-02-14,2018-02-09,32.667,-2.46947811218367,Low,2018-02-13,59.03,58.75,0.28000000000000114,EIA daily delivery rank; actual contract identities unavailable,inventory published after the matched quote; descriptive association only
2018-02-22,2018-02-16,30.003,-3.0775426187042574,Low,2018-02-21,61.52,61.2,0.3200000000000003,EIA daily delivery rank; actual contract identities unavailable,inventory published after the matched quote; descriptive association only
2018-02-28,2018-02-23,28.785,-3.629138291886477,Low,2018-02-27,62.9,62.63,0.269999999999996,EIA daily delivery rank; actual contract identities unavailable,inventory published after the matched quote; descriptive association only
2018-03-07,2018-03-02,28.18,-4.202123211564405,Low,2018-03-06,62.45,62.16,0.29000000000000625,EIA daily delivery rank; actual contract identities unavailable,inventory published after the matched quote; descriptive association only
2018-03-14,2018-03-09,28.518,-4.809746440970179,Low,2018-03-13,60.75,60.65,0.10000000000000142,EIA daily delivery rank; actual contract identities unavailable,inventory published after the matched quote; descriptive association only
2018-03-21,2018-03-16,29.423,-5.32334497851679,Low,2018-03-20,63.54,63.31,0.22999999999999687,EIA daily delivery rank; actual contract identities unavailable,inventory published after the matched quote; descriptive association only
2018-03-28,2018-03-23,31.227,-5.743567375415783,Low,2018-03-27,65.18,64.86,0.3200000000000074,EIA daily delivery rank; actual contract identities unavailable,inventory published after the matched quote; descriptive association only
2018-04-04,2018-03-30,34.893,-6.081036031151916,Low,2018-04-03,63.46,63.21,0.25,EIA daily delivery rank; actual contract identities unavailable,inventory published after the matched quote; descriptive association only
2018-04-11,2018-04-06,36.022,-7.0494443852722375,Low,2018-04-10,65.44,65.17,0.269999999999996,EIA daily delivery rank; actual contract identities unavailable,inventory published after the matched quote; descriptive association only
2018-04-18,2018-04-13,34.907,-8.44621708377245,Low,2018-04-17,66.51,66.24,0.27000000000001023,EIA daily delivery rank; actual contract identities unavailable,inventory published after the matched quote; descriptive association only
2018-04-25,2018-04-20,35.366,-9.230700294300597,Low,2018-04-24,67.57,67.17,0.3999999999999915,EIA daily delivery rank; actual contract identities unavailable,inventory published after the matched quote; descriptive association only
2018-05-02,2018-04-27,35.782,-9.367872793310983,Low,2018-05-01,67.13,66.82,0.3100000000000023,EIA daily delivery rank; actual contract identities unavailable,inventory published after the matched quote; descriptive association only
2018-05-09,2018-05-04,37.17,-8.940936686138194,Low,2018-05-08,68.97,68.66,0.3100000000000023,EIA daily delivery rank; actual contract identities unavailable,inventory published after the matched quote; descriptive association only
2018-05-16,2018-05-11,37.223,-8.567353829139822,Low,2018-05-15,71.37,71.15,0.21999999999999886,EIA daily delivery rank; actual contract identities unavailable,inventory published after the matched quote; descriptive association only
2018-05-23,2018-05-18,36.1,-8.40709576063134,Low,2018-05-22,72.2,72.02,0.18000000000000682,EIA daily delivery rank; actual contract identities unavailable,inventory published after the matched quote; descriptive association only
2018-05-31,2018-05-25,35.544,-7.782347982907203,Low,2018-05-30,68.08,67.66,0.4200000000000017,EIA daily delivery rank; actual contract identities unavailable,inventory published after the matched quote; descriptive association only
2018-06-06,2018-06-01,34.589,-7.518140520434464,Low,2018-06-05,65.46,65.23,0.22999999999998977,EIA daily delivery rank; actual contract identities unavailable,inventory published after the matched quote; descriptive association only
2018-06-13,2018-06-08,33.902,-7.482907149248733,Low,2018-06-12,66.28,65.98,0.29999999999999716,EIA daily delivery rank; actual contract identities unavailable,inventory published after the matched quote; descriptive association only
2018-06-20,2018-06-15,32.606,-7.783210265262397,Low,2018-06-19,64.9,64.56,0.3400000000000034,EIA daily delivery rank; actual contract identities unavailable,inventory published after the matched quote; descriptive association only
2018-06-27,2018-06-22,29.893,-8.680074575399807,Low,2018-06-26,69.28,68.16,1.1200000000000045,EIA daily delivery rank; actual contract identities unavailable,inventory published after the matched quote; descriptive association only
2018-07-05,2018-06-29,27.78,-9.148464696408363,Low,2018-07-04,71.59,68.84,2.75,EIA daily delivery rank; actual contract identities unavailable,inventory published after the matched quote; descriptive association only
2018-07-11,2018-07-06,25.718,-9.537375638211275,Low,2018-07-10,72.56,70.62,1.9399999999999977,EIA daily delivery rank; actual contract identities unavailable,inventory published after the matched quote; descriptive association only
2018-07-18,2018-07-13,24.858,-9.688479791764811,Low,2018-07-17,67.16,65.84,1.3199999999999932,EIA daily delivery rank; actual contract identities unavailable,inventory published after the matched quote; descriptive association only
2018-07-25,2018-07-20,23.731,-10.091863953792709,Low,2018-07-24,67.19,66.77,0.4200000000000017,EIA daily delivery rank; actual contract identities unavailable,inventory published after the matched quote; descriptive association only
2018-08-01,2018-07-27,22.393,-10.299223701871398,Low,2018-07-31,67.63,67.27,0.35999999999999943,EIA daily delivery rank; actual contract identities unavailable,inventory published after the matched quote; descriptive association only
2018-08-08,2018-08-03,21.803,-10.444744589203502,Low,2018-08-07,68.33,67.96,0.37000000000000455,EIA daily delivery rank; actual contract identities unavailable,inventory published after the matched quote; descriptive association only
2018-08-15,2018-08-10,23.446,-10.011437919109378,Low,2018-08-14,66.33,66.0,0.3299999999999983,EIA daily delivery rank; actual contract identities unavailable,inventory published after the matched quote; descriptive association only
2018-08-22,2018-08-17,24.218,-9.682076429617009,Low,2018-08-21,65.84,65.49,0.3500000000000085,EIA daily delivery rank; actual contract identities unavailable,inventory published after the matched quote; descriptive association only
2018-08-29,2018-08-24,24.276,-9.802026540194506,Low,2018-08-28,68.22,67.93,0.28999999999999204,EIA daily delivery rank; actual contract identities unavailable,inventory published after the matched quote; descriptive association only
2018-09-06,2018-08-31,24.825,-9.466892309153176,Low,2018-09-05,68.42,68.17,0.25,EIA daily delivery rank; actual contract identities unavailable,inventory published after the matched quote; descriptive association only
2018-09-12,2018-09-07,23.583,-9.628113838568353,Low,2018-09-11,69.04,68.89,0.15000000000000568,EIA daily delivery rank; actual contract identities unavailable,inventory published after the matched quote; descriptive association only
2018-09-19,2018-09-14,22.333,-9.748344289144582,Low,2018-09-18,69.59,69.45,0.14000000000000057,EIA daily delivery rank; actual contract identities unavailable,inventory published after the matched quote; descriptive association only
2018-09-26,2018-09-21,22.794,-9.510294382604874,Low,2018-09-25,72.1,71.91,0.18999999999999773,EIA daily delivery rank; actual contract identities unavailable,inventory published after the matched quote; descriptive association only
2018-10-03,2018-09-28,24.493,-8.703897335384255,Low,2018-10-02,75.04,74.9,0.14000000000000057,EIA daily delivery rank; actual contract identities unavailable,inventory published after the matched quote; descriptive association only
2018-10-11,2018-10-05,26.852,-7.759560654023276,Low,2018-10-10,73.03,72.91,0.12000000000000455,EIA daily delivery rank; actual contract identities unavailable,inventory published after the matched quote; descriptive association only
2018-10-17,2018-10-12,28.628,-7.228185003611762,Low,2018-10-16,71.76,71.7,0.060000000000002274,EIA daily delivery rank; actual contract identities unavailable,inventory published after the matched quote; descriptive association only
2018-10-24,2018-10-19,29.999,-7.0895484169076575,Low,2018-10-23,66.62,66.76,-0.14000000000000057,EIA daily delivery rank; actual contract identities unavailable,inventory published after the matched quote; descriptive association only
2018-10-31,2018-10-26,31.877,-7.091818919129681,Low,2018-10-30,66.31,66.42,-0.10999999999999943,EIA daily delivery rank; actual contract identities unavailable,inventory published after the matched quote; descriptive association only
2018-11-07,2018-11-02,34.296,-7.052420142294724,Low,2018-11-06,62.34,62.46,-0.11999999999999744,EIA daily delivery rank; actual contract identities unavailable,inventory published after the matched quote; descriptive association only
2018-11-15,2018-11-09,35.463,-6.740635930129939,Low,2018-11-14,56.44,56.67,-0.23000000000000398,EIA daily delivery rank; actual contract identities unavailable,inventory published after the matched quote; descriptive association only
2018-11-21,2018-11-16,35.347,-6.234585981806756,Low,2018-11-20,53.57,53.71,-0.14000000000000057,EIA daily delivery rank; actual contract identities unavailable,inventory published after the matched quote; descriptive association only
2018-11-28,2018-11-23,36.524,-5.690507953073814,Low,2018-11-27,51.73,51.89,-0.1600000000000037,EIA daily delivery rank; actual contract identities unavailable,inventory published after the matched quote; descriptive association only
2018-12-06,2018-11-30,38.253,-4.9299609831157385,Low,2018-12-05,53.12,53.36,-0.240000000000002,EIA daily delivery rank; actual contract identities unavailable,inventory published after the matched quote; descriptive association only
2018-12-12,2018-12-07,39.401,-2.6046149311596785,Low,2018-12-11,51.84,52.01,-0.1699999999999946,EIA daily delivery rank; actual contract identities unavailable,inventory published after the matched quote; descriptive association only
2018-12-19,2018-12-14,40.492,-1.9361964662860587,Low,2018-12-18,46.6,46.94,-0.3399999999999963,EIA daily delivery rank; actual contract identities unavailable,inventory published after the matched quote; descriptive association only
2018-12-28,2018-12-21,41.291,-1.5964121320257207,Low,2018-12-27,44.9,45.23,-0.3299999999999983,EIA daily delivery rank; actual contract identities unavailable,inventory published after the matched quote; descriptive association only
2019-01-04,2018-12-28,41.932,-1.3803108531729478,Low,2019-01-03,47.4,47.77,-0.37000000000000455,EIA daily delivery rank; actual contract identities unavailable,inventory published after the matched quote; descriptive association only
2019-01-09,2019-01-04,42.262,-1.1535225542196959,Low,2019-01-08,50.11,50.49,-0.38000000000000256,EIA daily delivery rank; actual contract identities unavailable,inventory published after the matched quote; descriptive association only
2019-01-16,2019-01-11,41.519,-1.2170437201516338,Low,2019-01-15,52.39,52.7,-0.3100000000000023,EIA daily delivery rank; actual contract identities unavailable,inventory published after the matched quote; descriptive association only
2019-01-24,2019-01-18,41.329,-1.1802779210803829,Low,2019-01-23,52.92,53.32,-0.3999999999999986,EIA daily delivery rank; actual contract identities unavailable,inventory published after the matched quote; descriptive association only
2019-01-30,2019-01-25,41.184,-1.1186996537731733,Low,2019-01-29,53.6,53.93,-0.3299999999999983,EIA daily delivery rank; actual contract identities unavailable,inventory published after the matched quote; descriptive association only
2019-02-06,2019-02-01,42.625,-0.9109596514569704,Normal,2019-02-05,54.0,54.44,-0.4399999999999977,EIA daily delivery rank; actual contract identities unavailable,inventory published after the matched quote; descriptive association only
2019-02-13,2019-02-08,41.609,-0.8687263338037059,Normal,2019-02-12,53.47,54.0,-0.5300000000000011,EIA daily delivery rank; actual contract identities unavailable,inventory published after the matched quote; descriptive association only
2019-02-21,2019-02-15,45.022,-0.5791256204569001,Normal,2019-02-20,57.16,57.64,-0.480000000000004,EIA daily delivery rank; actual contract identities unavailable,inventory published after the matched quote; descriptive association only
2019-02-27,2019-02-22,46.65,-0.4450847372922361,Normal,2019-02-26,55.97,56.51,-0.5399999999999991,EIA daily delivery rank; actual contract identities unavailable,inventory published after the matched quote; descriptive association only
2019-03-06,2019-03-01,47.523,-0.3805290234979383,Normal,2019-03-05,56.94,57.4,-0.46000000000000085,EIA daily delivery rank; actual contract identities unavailable,inventory published after the matched quote; descriptive association only
2019-03-13,2019-03-08,46.851,-0.4240684508007296,Normal,2019-03-12,57.2,57.62,-0.4199999999999946,EIA daily delivery rank; actual contract identities unavailable,inventory published after the matched quote; descriptive association only
2019-03-20,2019-03-15,46.383,-0.47119591928887633,Normal,2019-03-19,59.29,59.58,-0.28999999999999915,EIA daily delivery rank; actual contract identities unavailable,inventory published after the matched quote; descriptive association only
2019-03-27,2019-03-22,46.924,-0.46707817311817973,Normal,2019-03-26,60.1,60.23,-0.12999999999999545,EIA daily delivery rank; actual contract identities unavailable,inventory published after the matched quote; descriptive association only
2019-04-03,2019-03-29,47.125,-0.4887502094234473,Normal,2019-04-02,62.61,62.6,0.00999999999999801,EIA daily delivery rank; actual contract identities unavailable,inventory published after the matched quote; descriptive association only
2019-04-10,2019-04-05,45.992,-0.5945208414857289,Normal,2019-04-09,63.96,63.91,0.05000000000000426,EIA daily delivery rank; actual contract identities unavailable,inventory published after the matched quote; descriptive association only
2019-04-17,2019-04-12,44.449,-0.7353500059458579,Normal,2019-04-16,64.19,64.26,-0.07000000000000739,EIA daily delivery rank; actual contract identities unavailable,inventory published after the matched quote; descriptive association only
2019-04-24,2019-04-19,44.912,-0.7507929321169184,Normal,2019-04-23,66.24,66.06,0.1799999999999926,EIA daily delivery rank; actual contract identities unavailable,inventory published after the matched quote; descriptive association only
2019-05-01,2019-04-26,45.177,-0.7619707978748975,Normal,2019-04-30,63.98,63.97,0.00999999999999801,EIA daily delivery rank; actual contract identities unavailable,inventory published after the matched quote; descriptive association only
2019-05-08,2019-05-03,45.998,-0.7059089172493669,Normal,2019-05-07,61.51,61.54,-0.030000000000001137,EIA daily delivery rank; actual contract identities unavailable,inventory published after the matched quote; descriptive association only
2019-05-15,2019-05-10,47.803,-0.5684443528834922,Normal,2019-05-14,61.96,62.08,-0.11999999999999744,EIA daily delivery rank; actual contract identities unavailable,inventory published after the matched quote; descriptive association only
2019-05-22,2019-05-17,49.069,-0.46950841220671163,Normal,2019-05-21,63.13,63.21,-0.0799999999999983,EIA daily delivery rank; actual contract identities unavailable,inventory published after the matched quote; descriptive association only
2019-05-30,2019-05-24,49.053,-0.4426601155839604,Normal,2019-05-29,58.95,58.99,-0.03999999999999915,EIA daily delivery rank; actual contract identities unavailable,inventory published after the matched quote; descriptive association only
2019-06-05,2019-05-31,50.844,-0.278234543301479,Normal,2019-06-04,53.63,53.71,-0.0799999999999983,EIA daily delivery rank; actual contract identities unavailable,inventory published after the matched quote; descriptive association only
2019-06-12,2019-06-07,52.94,-0.08020118610422744,Normal,2019-06-11,53.52,53.68,-0.1599999999999966,EIA daily delivery rank; actual contract identities unavailable,inventory published after the matched quote; descriptive association only
2019-06-19,2019-06-14,53.582,0.02881898069573643,Normal,2019-06-18,54.11,54.19,-0.0799999999999983,EIA daily delivery rank; actual contract identities unavailable,inventory published after the matched quote; descriptive association only
2019-06-26,2019-06-21,51.836,-0.021850783048685953,Normal,2019-06-25,57.89,57.8,0.09000000000000341,EIA daily delivery rank; actual contract identities unavailable,inventory published after the matched quote; descriptive association only
2019-07-03,2019-06-28,52.5,0.07665461354728431,Normal,2019-07-02,56.34,56.28,0.060000000000002274,EIA daily delivery rank; actual contract identities unavailable,inventory published after the matched quote; descriptive association only
2019-07-10,2019-07-05,52.178,0.10787754926651436,Normal,2019-07-09,57.94,57.91,0.030000000000001137,EIA daily delivery rank; actual contract identities unavailable,inventory published after the matched quote; descriptive association only
2019-07-17,2019-07-12,50.827,0.07290881417975974,Normal,2019-07-16,57.74,57.71,0.030000000000001137,EIA daily delivery rank; actual contract identities unavailable,inventory published after the matched quote; descriptive association only
2019-07-24,2019-07-19,50.398,0.07992828232930728,Normal,2019-07-23,56.85,56.89,-0.03999999999999915,EIA daily delivery rank; actual contract identities unavailable,inventory published after the matched quote; descriptive association only
2019-07-31,2019-07-26,48.865,0.014975896993320872,Normal,2019-07-30,58.11,58.11,0.0,EIA daily delivery rank; actual contract identities unavailable,inventory published after the matched quote; descriptive association only
2019-08-07,2019-08-02,47.361,-0.05450983461177852,Normal,2019-08-06,53.59,53.53,0.060000000000002274,EIA daily delivery rank; actual contract identities unavailable,inventory published after the matched quote; descriptive association only
2019-08-14,2019-08-09,44.821,-0.1927809319767795,Normal,2019-08-13,57.1,56.87,0.23000000000000398,EIA daily delivery rank; actual contract identities unavailable,inventory published after the matched quote; descriptive association only
2019-08-21,2019-08-16,42.336,-0.32561328730195777,Normal,2019-08-20,56.13,55.8,0.3300000000000054,EIA daily delivery rank; actual contract identities unavailable,inventory published after the matched quote; descriptive association only
2019-08-28,2019-08-23,40.356,-0.433010429008828,Normal,2019-08-27,54.77,54.46,0.3100000000000023,EIA daily delivery rank; actual contract identities unavailable,inventory published after the matched quote; descriptive association only
2019-09-05,2019-08-30,40.126,-0.453032509879762,Normal,2019-09-04,56.1,55.8,0.30000000000000426,EIA daily delivery rank; actual contract identities unavailable,inventory published after the matched quote; descriptive association only
2019-09-11,2019-09-06,39.328,-0.513765515143303,Normal,2019-09-10,57.29,57.0,0.28999999999999915,EIA daily delivery rank; actual contract identities unavailable,inventory published after the matched quote; descriptive association only
2019-09-18,2019-09-13,38.681,-0.5689982775757858,Normal,2019-09-17,59.1,58.57,0.5300000000000011,EIA daily delivery rank; actual contract identities unavailable,inventory published after the matched quote; descriptive association only
2019-09-25,2019-09-20,40.937,-0.4644846274158399,Normal,2019-09-24,57.08,56.63,0.44999999999999574,EIA daily delivery rank; actual contract identities unavailable,inventory published after the matched quote; descriptive association only
2019-10-02,2019-09-27,40.736,-0.49977086356684464,Normal,2019-10-01,53.5,53.24,0.259999999999998,EIA daily delivery rank; actual contract identities unavailable,inventory published after the matched quote; descriptive association only
2019-10-09,2019-10-04,41.677,-0.4743586097323466,Normal,2019-10-08,52.62,52.49,0.12999999999999545,EIA daily delivery rank; actual contract identities unavailable,inventory published after the matched quote; descriptive association only
2019-10-17,2019-10-11,42.953,-0.44367091386473034,Normal,2019-10-16,53.45,53.47,-0.01999999999999602,EIA daily delivery rank; actual contract identities unavailable,inventory published after the matched quote; descriptive association only
2019-10-23,2019-10-18,44.459,-0.40401019933265003,Normal,2019-10-22,54.48,54.5,-0.020000000000003126,EIA daily delivery rank; actual contract identities unavailable,inventory published after the matched quote; descriptive association only
2019-10-30,2019-10-25,46.031,-0.3495425246145976,Normal,2019-10-29,55.68,55.64,0.03999999999999915,EIA daily delivery rank; actual contract identities unavailable,inventory published after the matched quote; descriptive association only
2019-11-06,2019-11-01,47.745,-0.2703240795132327,Normal,2019-11-05,57.29,57.15,0.14000000000000057,EIA daily delivery rank; actual contract identities unavailable,inventory published after the matched quote; descriptive association only
2019-11-14,2019-11-08,46.516,-0.39956168448437085,Normal,2019-11-13,57.2,57.09,0.10999999999999943,EIA daily delivery rank; actual contract identities unavailable,inventory published after the matched quote; descriptive association only
2019-11-20,2019-11-15,44.221,-0.6184451554055109,Normal,2019-11-19,55.35,55.26,0.09000000000000341,EIA daily delivery rank; actual contract identities unavailable,inventory published after the matched quote; descriptive association only
2019-11-27,2019-11-22,44.124,-0.6817884264977986,Normal,2019-11-26,58.32,58.06,0.259999999999998,EIA daily delivery rank; actual contract identities unavailable,inventory published after the matched quote; descriptive association only
2019-12-04,2019-11-29,43.822,-0.753918245343442,Normal,2019-12-03,56.03,55.82,0.21000000000000085,EIA daily delivery rank; actual contract identities unavailable,inventory published after the matched quote; descriptive association only
2019-12-11,2019-12-06,40.429,-1.1175136268632588,Low,2019-12-10,59.14,58.88,0.259999999999998,EIA daily delivery rank; actual contract identities unavailable,inventory published after the matched quote; descriptive association only
2019-12-18,2019-12-13,40.164,-1.2329262197204878,Low,2019-12-17,60.87,60.53,0.3399999999999963,EIA daily delivery rank; actual contract identities unavailable,inventory published after the matched quote; descriptive association only
2019-12-27,2019-12-20,37.771,-1.5222074548974522,Low,2019-12-26,61.48,61.16,0.3200000000000003,EIA daily delivery rank; actual contract identities unavailable,inventory published after the matched quote; descriptive association only
2020-01-03,2019-12-27,36.322,-1.6853143957203238,Low,2020-01-02,60.95,60.64,0.3100000000000023,EIA daily delivery rank; actual contract identities unavailable,inventory published after the matched quote; descriptive association only
2020-01-08,2020-01-03,35.501,-1.1277768489162519,Low,2020-01-07,62.51,62.21,0.29999999999999716,EIA daily delivery rank; actual contract identities unavailable,inventory published after the matched quote; descriptive association only
2020-01-15,2020-01-10,35.843,-1.0644976247861442,Low,2020-01-14,58.26,58.19,0.07000000000000028,EIA daily delivery rank; actual contract identities unavailable,inventory published after the matched quote; descriptive association only
2020-01-23,2020-01-17,34.882,-1.090603568365387,Low,2020-01-22,56.76,56.66,0.10000000000000142,EIA daily delivery rank; actual contract identities unavailable,inventory published after the matched quote; descriptive association only
2020-01-29,2020-01-24,35.64,-0.9862752849112122,Normal,2020-01-28,53.52,53.48,0.04000000000000625,EIA daily delivery rank; actual contract identities unavailable,inventory published after the matched quote; descriptive association only
2020-02-05,2020-01-31,36.708,-0.8823833124452259,Normal,2020-02-04,49.8,50.01,-0.21000000000000085,EIA daily delivery rank; actual contract identities unavailable,inventory published after the matched quote; descriptive association only
2020-02-12,2020-02-07,38.376,-0.679326056392229,Normal,2020-02-11,50.17,50.45,-0.28000000000000114,EIA daily delivery rank; actual contract identities unavailable,inventory published after the matched quote; descriptive association only
2020-02-20,2020-02-14,38.243,-0.6400695189831023,Normal,2020-02-19,53.49,53.74,-0.25,EIA daily delivery rank; actual contract identities unavailable,inventory published after the matched quote; descriptive association only
2020-02-26,2020-02-21,39.149,-0.5484918307248201,Normal,2020-02-25,50.06,50.13,-0.07000000000000028,EIA daily delivery rank; actual contract identities unavailable,inventory published after the matched quote; descriptive association only
2020-03-04,2020-02-28,37.178,-0.6785686530784422,Normal,2020-03-03,47.33,47.45,-0.12000000000000455,EIA daily delivery rank; actual contract identities unavailable,inventory published after the matched quote; descriptive association only
2020-03-11,2020-03-06,37.882,-0.6398428244666958,Normal,2020-03-10,34.73,35.14,-0.4100000000000037,EIA daily delivery rank; actual contract identities unavailable,inventory published after the matched quote; descriptive association only
2020-03-18,2020-03-13,38.445,-0.6333864149913894,Normal,2020-03-17,27.33,28.05,-0.7200000000000024,EIA daily delivery rank; actual contract identities unavailable,inventory published after the matched quote; descriptive association only
2020-03-25,2020-03-20,39.303,-0.6011053578867965,Normal,2020-03-24,26.2,28.05,-1.8500000000000014,EIA daily delivery rank; actual contract identities unavailable,inventory published after the matched quote; descriptive association only
2020-04-01,2020-03-27,42.824,-0.3949968745298884,Normal,2020-03-31,24.51,27.69,-3.1799999999999997,EIA daily delivery rank; actual contract identities unavailable,inventory published after the matched quote; descriptive association only
2020-04-08,2020-04-03,49.241,0.012040869883790162,Normal,2020-04-07,28.69,31.84,-3.1499999999999986,EIA daily delivery rank; actual contract identities unavailable,inventory published after the matched quote; descriptive association only
2020-04-15,2020-04-10,54.965,0.3901342327619132,Normal,2020-04-14,27.4,31.87,-4.470000000000002,EIA daily delivery rank; actual contract identities unavailable,inventory published after the matched quote; descriptive association only
2020-04-22,2020-04-17,59.741,0.7264499546573271,Normal,2020-04-21,11.57,18.69,-7.120000000000001,EIA daily delivery rank; actual contract identities unavailable,inventory published after the matched quote; descriptive association only
2020-04-29,2020-04-24,63.378,1.0022495042024373,High,2020-04-28,17.6,21.17,-3.5700000000000003,EIA daily delivery rank; actual contract identities unavailable,inventory published after the matched quote; descriptive association only
2020-05-06,2020-05-01,65.446,1.1864431821746741,High,2020-05-05,26.49,28.09,-1.6000000000000014,EIA daily delivery rank; actual contract identities unavailable,inventory published after the matched quote; descriptive association only
2020-05-13,2020-05-08,62.444,0.9884081668663779,Normal,2020-05-12,26.33,27.43,-1.1000000000000014,EIA daily delivery rank; actual contract identities unavailable,inventory published after the matched quote; descriptive association only
2020-05-20,2020-05-15,56.857,0.5653271033316112,Normal,2020-05-19,31.96,32.47,-0.509999999999998,EIA daily delivery rank; actual contract identities unavailable,inventory published after the matched quote; descriptive association only
2020-05-28,2020-05-22,53.462,0.30064570918197614,Normal,2020-05-27,33.23,33.69,-0.46000000000000085,EIA daily delivery rank; actual contract identities unavailable,inventory published after the matched quote; descriptive association only
2020-06-03,2020-05-29,51.723,0.17686195942022145,Normal,2020-06-02,37.06,37.35,-0.28999999999999915,EIA daily delivery rank; actual contract identities unavailable,inventory published after the matched quote; descriptive association only
2020-06-10,2020-06-05,49.444,0.02509501520759359,Normal,2020-06-09,39.16,39.38,-0.22000000000000597,EIA daily delivery rank; actual contract identities unavailable,inventory published after the matched quote; descriptive association only
2020-06-17,2020-06-12,46.836,-0.12593595864418689,Normal,2020-06-16,38.65,38.87,-0.21999999999999886,EIA daily delivery rank; actual contract identities unavailable,inventory published after the matched quote; descriptive association only
2020-06-24,2020-06-19,45.845,-0.1427120581618543,Normal,2020-06-23,40.51,40.63,-0.12000000000000455,EIA daily delivery rank; actual contract identities unavailable,inventory published after the matched quote; descriptive association only
2020-07-01,2020-06-26,45.582,-0.0990793776057028,Normal,2020-06-30,39.34,39.48,-0.13999999999999346,EIA daily delivery rank; actual contract identities unavailable,inventory published after the matched quote; descriptive association only
2020-07-08,2020-07-03,47.788,0.12711182417311495,Normal,2020-07-07,40.7,40.84,-0.14000000000000057,EIA daily delivery rank; actual contract identities unavailable,inventory published after the matched quote; descriptive association only
2020-07-15,2020-07-10,48.737,0.25955826379635194,Normal,2020-07-14,40.55,40.73,-0.17999999999999972,EIA daily delivery rank; actual contract identities unavailable,inventory published after the matched quote; descriptive association only
2020-07-22,2020-07-17,50.112,0.415851282232792,Normal,2020-07-21,41.92,42.06,-0.14000000000000057,EIA daily delivery rank; actual contract identities unavailable,inventory published after the matched quote; descriptive association only
2020-07-29,2020-07-24,51.421,0.5632649092972574,Normal,2020-07-28,41.28,41.52,-0.240000000000002,EIA daily delivery rank; actual contract identities unavailable,inventory published after the matched quote; descriptive association only
2020-08-05,2020-07-31,51.953,0.6545868315168993,Normal,2020-08-04,41.91,42.21,-0.30000000000000426,EIA daily delivery rank; actual contract identities unavailable,inventory published after the matched quote; descriptive association only
2020-08-12,2020-08-07,53.289,0.7879521250167484,Normal,2020-08-11,41.87,42.2,-0.3300000000000054,EIA daily delivery rank; actual contract identities unavailable,inventory published after the matched quote; descriptive association only
2020-08-19,2020-08-14,52.682,0.7766661159780589,Normal,2020-08-18,43.12,43.44,-0.3200000000000003,EIA daily delivery rank; actual contract identities unavailable,inventory published after the matched quote; descriptive association only
2020-08-26,2020-08-21,52.403,0.7752761571168544,Normal,2020-08-25,43.65,43.94,-0.28999999999999915,EIA daily delivery rank; actual contract identities unavailable,inventory published after the matched quote; descriptive association only
2020-09-02,2020-08-28,52.513,0.7814859583073944,Normal,2020-09-01,43.08,43.41,-0.3299999999999983,EIA daily delivery rank; actual contract identities unavailable,inventory published after the matched quote; descriptive association only
2020-09-10,2020-09-04,54.351,0.8931841065822738,Normal,2020-09-09,38.41,38.87,-0.46000000000000085,EIA daily delivery rank; actual contract identities unavailable,inventory published after the matched quote; descriptive association only
2020-09-16,2020-09-11,54.277,0.8569044659225541,Normal,2020-09-15,38.55,38.93,-0.38000000000000256,EIA daily delivery rank; actual contract identities unavailable,inventory published after the matched quote; descriptive association only
2020-09-23,2020-09-18,54.281,0.8112676074205966,Normal,2020-09-22,39.8,40.09,-0.29000000000000625,EIA daily delivery rank; actual contract identities unavailable,inventory published after the matched quote; descriptive association only
2020-09-30,2020-09-25,56.066,0.8788999180368655,Normal,2020-09-29,39.56,39.88,-0.3200000000000003,EIA daily delivery rank; actual contract identities unavailable,inventory published after the matched quote; descriptive association only
2020-10-07,2020-10-02,56.536,0.8584087976713577,Normal,2020-10-06,40.93,41.27,-0.3400000000000034,EIA daily delivery rank; actual contract identities unavailable,inventory published after the matched quote; descriptive association only
2020-10-15,2020-10-09,59.442,0.9941930656439263,Normal,2020-10-14,41.34,41.66,-0.3199999999999932,EIA daily delivery rank; actual contract identities unavailable,inventory published after the matched quote; descriptive association only
2020-10-21,2020-10-16,60.417,1.0270780083445306,High,2020-10-20,41.7,41.97,-0.269999999999996,EIA daily delivery rank; actual contract identities unavailable,inventory published after the matched quote; descriptive association only
2020-10-28,2020-10-23,59.995,0.9973104052607114,Normal,2020-10-27,39.87,40.18,-0.3100000000000023,EIA daily delivery rank; actual contract identities unavailable,inventory published after the matched quote; descriptive association only
2020-11-04,2020-10-30,60.931,1.0982181433005038,High,2020-11-03,37.99,38.41,-0.4199999999999946,EIA daily delivery rank; actual contract identities unavailable,inventory published after the matched quote; descriptive association only
2020-11-12,2020-11-06,60.413,1.1242481266268156,High,2020-11-11,41.74,42.06,-0.3200000000000003,EIA daily delivery rank; actual contract identities unavailable,inventory published after the matched quote; descriptive association only
2020-11-18,2020-11-13,61.613,1.3437290410677138,High,2020-11-17,41.65,41.9,-0.25,EIA daily delivery rank; actual contract identities unavailable,inventory published after the matched quote; descriptive association only
2020-11-25,2020-11-20,59.892,1.315985335130077,High,2020-11-24,45.11,45.25,-0.14000000000000057,EIA daily delivery rank; actual contract identities unavailable,inventory published after the matched quote; descriptive association only
2020-12-02,2020-11-27,59.575,1.4566841860775077,High,2020-12-01,44.73,44.88,-0.15000000000000568,EIA daily delivery rank; actual contract identities unavailable,inventory published after the matched quote; descriptive association only
2020-12-09,2020-12-04,58.211,1.5530669028107849,High,2020-12-08,45.8,45.96,-0.1600000000000037,EIA daily delivery rank; actual contract identities unavailable,inventory published after the matched quote; descriptive association only
2020-12-16,2020-12-11,58.409,1.4947455727582029,High,2020-12-15,47.78,47.88,-0.10000000000000142,EIA daily delivery rank; actual contract identities unavailable,inventory published after the matched quote; descriptive association only
2020-12-23,2020-12-18,58.383,1.4179311477994017,High,2020-12-22,47.16,47.26,-0.10000000000000142,EIA daily delivery rank; actual contract identities unavailable,inventory published after the matched quote; descriptive association only
2020-12-30,2020-12-25,58.41,1.3157333728803515,High,2020-12-29,48.14,48.25,-0.10999999999999943,EIA daily delivery rank; actual contract identities unavailable,inventory published after the matched quote; descriptive association only
2021-01-06,2021-01-01,59.202,2.155022668139253,High,2021-01-05,50.01,50.04,-0.030000000000001137,EIA daily delivery rank; actual contract identities unavailable,inventory published after the matched quote; descriptive association only
2021-01-13,2021-01-08,57.227,2.188674666258065,High,2021-01-12,53.24,53.16,0.0800000000000054,EIA daily delivery rank; actual contract identities unavailable,inventory published after the matched quote; descriptive association only
2021-01-22,2021-01-15,52.5,1.859767985323337,High,2021-01-21,53.05,52.87,0.17999999999999972,EIA daily delivery rank; actual contract identities unavailable,inventory published after the matched quote; descriptive association only
2021-01-27,2021-01-22,50.219,1.884087863211775,High,2021-01-26,52.52,52.36,0.1600000000000037,EIA daily delivery rank; actual contract identities unavailable,inventory published after the matched quote; descriptive association only
2021-02-03,2021-01-29,48.702,2.1333647833995903,High,2021-02-02,54.62,54.36,0.259999999999998,EIA daily delivery rank; actual contract identities unavailable,inventory published after the matched quote; descriptive association only
2021-02-10,2021-02-05,48.044,1.9112869311670273,High,2021-02-09,58.25,57.97,0.28000000000000114,EIA daily delivery rank; actual contract identities unavailable,inventory published after the matched quote; descriptive association only
2021-02-18,2021-02-12,45.016,1.2425581053957417,High,2021-02-17,61.16,60.76,0.3999999999999986,EIA daily delivery rank; actual contract identities unavailable,inventory published after the matched quote; descriptive association only
2021-02-24,2021-02-19,47.823,1.6188629730004946,High,2021-02-23,61.43,60.96,0.46999999999999886,EIA daily delivery rank; actual contract identities unavailable,inventory published after the matched quote; descriptive association only
2021-03-03,2021-02-26,48.308,1.5753279372164388,High,2021-03-02,59.57,59.17,0.3999999999999986,EIA daily delivery rank; actual contract identities unavailable,inventory published after the matched quote; descriptive association only
2021-03-10,2021-03-05,48.834,1.5313864334757608,High,2021-03-09,63.99,63.69,0.30000000000000426,EIA daily delivery rank; actual contract identities unavailable,inventory published after the matched quote; descriptive association only
2021-03-17,2021-03-12,48.21,1.2548029699968035,High,2021-03-16,64.86,64.68,0.1799999999999926,EIA daily delivery rank; actual contract identities unavailable,inventory published after the matched quote; descriptive association only
2021-03-24,2021-03-19,46.275,0.8096380518222962,Normal,2021-03-23,57.78,57.64,0.14000000000000057,EIA daily delivery rank; actual contract identities unavailable,inventory published after the matched quote; descriptive association only
2021-03-31,2021-03-26,47.057,0.7134740497577188,Normal,2021-03-30,60.56,60.35,0.21000000000000085,EIA daily delivery rank; actual contract identities unavailable,inventory published after the matched quote; descriptive association only
2021-04-07,2021-04-02,46.322,0.42937681959173646,Normal,2021-04-06,59.37,59.32,0.04999999999999716,EIA daily delivery rank; actual contract identities unavailable,inventory published after the matched quote; descriptive association only
2021-04-14,2021-04-09,46.668,0.28228544670830485,Normal,2021-04-13,60.24,60.19,0.05000000000000426,EIA daily delivery rank; actual contract identities unavailable,inventory published after the matched quote; descriptive association only
2021-04-21,2021-04-16,45.35,0.0003731078812678309,Normal,2021-04-20,62.67,62.6,0.07000000000000028,EIA daily delivery rank; actual contract identities unavailable,inventory published after the matched quote; descriptive association only
2021-04-28,2021-04-23,46.072,-0.03055912618932295,Normal,2021-04-27,62.8,62.48,0.3200000000000003,EIA daily delivery rank; actual contract identities unavailable,inventory published after the matched quote; descriptive association only
2021-05-05,2021-04-30,46.326,-0.06065726375743742,Normal,2021-05-04,65.61,65.33,0.28000000000000114,EIA daily delivery rank; actual contract identities unavailable,inventory published after the matched quote; descriptive association only
2021-05-12,2021-05-07,45.905,-0.12683322047091042,Normal,2021-05-11,65.3,65.15,0.14999999999999147,EIA daily delivery rank; actual contract identities unavailable,inventory published after the matched quote; descriptive association only
2021-05-19,2021-05-14,45.763,-0.14947519422219488,Normal,2021-05-18,65.5,65.33,0.1700000000000017,EIA daily delivery rank; actual contract identities unavailable,inventory published after the matched quote; descriptive association only
2021-05-26,2021-05-21,44.755,-0.22405195736302808,Normal,2021-05-25,65.79,65.32,0.4700000000000131,EIA daily delivery rank; actual contract identities unavailable,inventory published after the matched quote; descriptive association only
2021-06-03,2021-05-28,45.539,-0.07480969809198615,Normal,2021-06-02,68.63,68.17,0.45999999999999375,EIA daily delivery rank; actual contract identities unavailable,inventory published after the matched quote; descriptive association only
2021-06-09,2021-06-04,45.704,0.0417886491819297,Normal,2021-06-08,69.87,69.4,0.46999999999999886,EIA daily delivery rank; actual contract identities unavailable,inventory published after the matched quote; descriptive association only
2021-06-16,2021-06-11,43.554,-0.08907047328920212,Normal,2021-06-15,71.86,71.14,0.7199999999999989,EIA daily delivery rank; actual contract identities unavailable,inventory published after the matched quote; descriptive association only
2021-06-23,2021-06-18,41.721,-0.19600888561135765,Normal,2021-06-22,72.85,72.05,0.7999999999999972,EIA daily delivery rank; actual contract identities unavailable,inventory published after the matched quote; descriptive association only
2021-06-30,2021-06-25,40.261,-0.2685926115617428,Normal,2021-06-29,72.31,71.41,0.9000000000000057,EIA daily delivery rank; actual contract identities unavailable,inventory published after the matched quote; descriptive association only
2021-07-08,2021-07-02,39.647,-0.2543821753516641,Normal,2021-07-07,71.5,70.42,1.0799999999999983,EIA daily delivery rank; actual contract identities unavailable,inventory published after the matched quote; descriptive association only
2021-07-14,2021-07-09,38.058,-0.3235078591325667,Normal,2021-07-13,74.69,73.69,1.0,EIA daily delivery rank; actual contract identities unavailable,inventory published after the matched quote; descriptive association only
2021-07-21,2021-07-16,36.711,-0.3841051182089195,Normal,2021-07-20,67.2,66.62,0.5799999999999983,EIA daily delivery rank; actual contract identities unavailable,inventory published after the matched quote; descriptive association only
2021-07-28,2021-07-23,35.443,-0.4494326407241373,Normal,2021-07-27,71.14,70.42,0.7199999999999989,EIA daily delivery rank; actual contract identities unavailable,inventory published after the matched quote; descriptive association only
2021-08-04,2021-07-30,34.9,-0.4584284791725222,Normal,2021-08-03,70.03,69.44,0.5900000000000034,EIA daily delivery rank; actual contract identities unavailable,inventory published after the matched quote; descriptive association only
2021-08-11,2021-08-06,34.575,-0.45816788125190233,Normal,2021-08-10,68.06,67.69,0.37000000000000455,EIA daily delivery rank; actual contract identities unavailable,inventory published after the matched quote; descriptive association only
2021-08-18,2021-08-13,33.595,-0.5086146947235515,Normal,2021-08-17,66.34,65.99,0.3500000000000085,EIA daily delivery rank; actual contract identities unavailable,inventory published after the matched quote; descriptive association only
2021-08-25,2021-08-20,33.665,-0.4710375656458148,Normal,2021-08-24,67.25,66.86,0.39000000000000057,EIA daily delivery rank; actual contract identities unavailable,inventory published after the matched quote; descriptive association only
2021-09-01,2021-08-27,34.501,-0.39113672127369703,Normal,2021-08-31,68.26,67.94,0.3200000000000074,EIA daily delivery rank; actual contract identities unavailable,inventory published after the matched quote; descriptive association only
2021-09-09,2021-09-03,36.419,-0.24130140934132335,Normal,2021-09-08,69.05,68.7,0.3499999999999943,EIA daily delivery rank; actual contract identities unavailable,inventory published after the matched quote; descriptive association only
2021-09-15,2021-09-10,35.316,-0.3412779280365285,Normal,2021-09-14,70.23,69.83,0.4000000000000057,EIA daily delivery rank; actual contract identities unavailable,inventory published after the matched quote; descriptive association only
2021-09-22,2021-09-17,33.84,-0.4906317936188521,Normal,2021-09-21,70.49,70.14,0.3499999999999943,EIA daily delivery rank; actual contract identities unavailable,inventory published after the matched quote; descriptive association only
2021-09-29,2021-09-24,33.971,-0.5302775011242044,Normal,2021-09-28,74.9,74.33,0.5700000000000074,EIA daily delivery rank; actual contract identities unavailable,inventory published after the matched quote; descriptive association only
2021-10-06,2021-10-01,35.519,-0.47270326479811975,Normal,2021-10-05,78.57,78.09,0.47999999999998977,EIA daily delivery rank; actual contract identities unavailable,inventory published after the matched quote; descriptive association only
2021-10-14,2021-10-08,33.551,-0.7107078239228563,Normal,2021-10-13,79.82,79.12,0.6999999999999886,EIA daily delivery rank; actual contract identities unavailable,inventory published after the matched quote; descriptive association only
2021-10-20,2021-10-15,31.231,-1.0054886592090893,Low,2021-10-19,82.44,81.5,0.9399999999999977,EIA daily delivery rank; actual contract identities unavailable,inventory published after the matched quote; descriptive association only
2021-10-27,2021-10-22,27.332,-1.4308343085000768,Low,2021-10-26,83.36,81.89,1.4699999999999989,EIA daily delivery rank; actual contract identities unavailable,inventory published after the matched quote; descriptive association only
2021-11-03,2021-10-29,26.416,-1.6381162473247077,Low,2021-11-02,82.44,80.88,1.5600000000000023,EIA daily delivery rank; actual contract identities unavailable,inventory published after the matched quote; descriptive association only
2021-11-10,2021-11-05,26.382,-1.770241244755616,Low,2021-11-09,82.56,81.05,1.5100000000000051,EIA daily delivery rank; actual contract identities unavailable,inventory published after the matched quote; descriptive association only
2021-11-17,2021-11-12,26.598,-1.8668801695415038,Low,2021-11-16,79.74,78.54,1.1999999999999886,EIA daily delivery rank; actual contract identities unavailable,inventory published after the matched quote; descriptive association only
2021-11-24,2021-11-19,27.385,-1.90327668411419,Low,2021-11-23,77.94,77.27,0.6700000000000017,EIA daily delivery rank; actual contract identities unavailable,inventory published after the matched quote; descriptive association only
2021-12-01,2021-11-26,28.544,-1.8471391431593027,Low,2021-11-30,65.85,65.49,0.35999999999999943,EIA daily delivery rank; actual contract identities unavailable,inventory published after the matched quote; descriptive association only
2021-12-08,2021-12-03,30.917,-1.6132241726168386,Low,2021-12-07,71.84,71.56,0.28000000000000114,EIA daily delivery rank; actual contract identities unavailable,inventory published after the matched quote; descriptive association only
2021-12-15,2021-12-10,32.211,-1.467550591999635,Low,2021-12-14,70.52,70.26,0.2599999999999909,EIA daily delivery rank; actual contract identities unavailable,inventory published after the matched quote; descriptive association only
2021-12-22,2021-12-17,33.674,-1.2990410555719953,Low,2021-12-21,70.82,70.44,0.37999999999999545,EIA daily delivery rank; actual contract identities unavailable,inventory published after the matched quote; descriptive association only
2021-12-29,2021-12-24,34.729,-1.1149187364741273,Low,2021-12-28,75.6,75.13,0.46999999999999886,EIA daily delivery rank; actual contract identities unavailable,inventory published after the matched quote; descriptive association only
2022-01-05,2021-12-31,37.306,-0.7030472046839563,Normal,2022-01-04,76.74,76.38,0.35999999999999943,EIA daily delivery rank; actual contract identities unavailable,inventory published after the matched quote; descriptive association only
2022-01-12,2022-01-07,34.838,-0.9258064066610666,Normal,2022-01-11,80.67,79.98,0.6899999999999977,EIA daily delivery rank; actual contract identities unavailable,inventory published after the matched quote; descriptive association only
2022-01-20,2022-01-14,33.524,-1.1503708430467836,Low,2022-01-19,85.8,84.79,1.009999999999991,EIA daily delivery rank; actual contract identities unavailable,inventory published after the matched quote; descriptive association only
2022-01-26,2022-01-21,31.701,-1.5092885097743818,Low,2022-01-25,84.37,83.29,1.0799999999999983,EIA daily delivery rank; actual contract identities unavailable,inventory published after the matched quote; descriptive association only
2022-02-02,2022-01-28,30.528,-1.907112459839298,Low,2022-02-01,86.46,85.02,1.4399999999999977,EIA daily delivery rank; actual contract identities unavailable,inventory published after the matched quote; descriptive association only
2022-02-09,2022-02-04,27.727,-2.644851635561651,Low,2022-02-08,87.9,86.55,1.3500000000000085,EIA daily delivery rank; actual contract identities unavailable,inventory published after the matched quote; descriptive association only
2022-02-16,2022-02-11,25.827,-3.356801568419908,Low,2022-02-15,90.21,88.29,1.9199999999999875,EIA daily delivery rank; actual contract identities unavailable,inventory published after the matched quote; descriptive association only
2022-02-24,2022-02-18,23.778,-4.1410479223247645,Low,2022-02-23,90.69,89.08,1.6099999999999994,EIA daily delivery rank; actual contract identities unavailable,inventory published after the matched quote; descriptive association only
2022-03-02,2022-02-25,22.806,-4.755408114239119,Low,2022-03-01,100.21,96.24,3.969999999999999,EIA daily delivery rank; actual contract identities unavailable,inventory published after the matched quote; descriptive association only
2022-03-09,2022-03-04,22.221,-5.315228157337984,Low,2022-03-08,119.65,115.21,4.440000000000012,EIA daily delivery rank; actual contract identities unavailable,inventory published after the matched quote; descriptive association only
2022-03-16,2022-03-11,24.007,-5.20830569948107,Low,2022-03-15,94.79,92.83,1.960000000000008,EIA daily delivery rank; actual contract identities unavailable,inventory published after the matched quote; descriptive association only
2022-03-23,2022-03-18,25.242,-4.740247917605862,Low,2022-03-22,109.27,106.55,2.719999999999999,EIA daily delivery rank; actual contract identities unavailable,inventory published after the matched quote; descriptive association only
2022-03-30,2022-03-25,24.233,-4.417228431313363,Low,2022-03-29,102.05,99.65,2.3999999999999915,EIA daily delivery rank; actual contract identities unavailable,inventory published after the matched quote; descriptive association only
2022-04-06,2022-04-01,25.887,-3.6824776117641007,Low,2022-04-05,100.68,99.55,1.1300000000000097,EIA daily delivery rank; actual contract identities unavailable,inventory published after the matched quote; descriptive association only
2022-04-13,2022-04-08,26.337,-3.3103039535131957,Low,2022-04-12,100.15,99.4,0.75,EIA daily delivery rank; actual contract identities unavailable,inventory published after the matched quote; descriptive association only
2022-04-20,2022-04-15,26.152,-3.32794149650524,Low,2022-04-19,102.05,101.16,0.8900000000000006,EIA daily delivery rank; actual contract identities unavailable,inventory published after the matched quote; descriptive association only
2022-04-27,2022-04-22,27.45,-3.330575961773187,Low,2022-04-26,100.41,98.95,1.4599999999999937,EIA daily delivery rank; actual contract identities unavailable,inventory published after the matched quote; descriptive association only
2022-05-04,2022-04-29,28.829,-3.232844480200047,Low,2022-05-03,100.9,99.22,1.6800000000000068,EIA daily delivery rank; actual contract identities unavailable,inventory published after the matched quote; descriptive association only
2022-05-11,2022-05-06,28.242,-3.381687107296526,Low,2022-05-10,98.45,96.87,1.5799999999999983,EIA daily delivery rank; actual contract identities unavailable,inventory published after the matched quote; descriptive association only
2022-05-18,2022-05-13,25.839,-3.8401747225939893,Low,2022-05-17,109.63,106.76,2.8699999999999903,EIA daily delivery rank; actual contract identities unavailable,inventory published after the matched quote; descriptive association only
2022-05-25,2022-05-20,24.778,-4.126077902542577,Low,2022-05-24,107.2,104.45,2.75,EIA daily delivery rank; actual contract identities unavailable,inventory published after the matched quote; descriptive association only
2022-06-02,2022-05-27,25.034,-4.308444090563772,Low,2022-06-01,112.72,109.96,2.760000000000005,EIA daily delivery rank; actual contract identities unavailable,inventory published after the matched quote; descriptive association only
2022-06-08,2022-06-03,23.441,-5.075832335615035,Low,2022-06-07,117.1,114.54,2.559999999999988,EIA daily delivery rank; actual contract identities unavailable,inventory published after the matched quote; descriptive association only
2022-06-15,2022-06-10,22.615,-5.660956398069879,Low,2022-06-14,116.26,113.48,2.780000000000001,EIA daily delivery rank; actual contract identities unavailable,inventory published after the matched quote; descriptive association only
2022-06-29,2022-06-24,21.261,-5.192942886316174,Low,2022-06-28,108.89,105.99,2.9000000000000057,EIA daily delivery rank; actual contract identities unavailable,inventory published after the matched quote; descriptive association only
2022-07-07,2022-07-01,21.33,-4.630596325150192,Low,2022-07-06,94.98,91.85,3.1300000000000097,EIA daily delivery rank; actual contract identities unavailable,inventory published after the matched quote; descriptive association only
2022-07-13,2022-07-08,21.646,-4.145900090628657,Low,2022-07-12,93.31,90.7,2.6099999999999994,EIA daily delivery rank; actual contract identities unavailable,inventory published after the matched quote; descriptive association only
2022-07-20,2022-07-15,22.789,-3.6155134303372845,Low,2022-07-19,100.74,97.45,3.289999999999992,EIA daily delivery rank; actual contract identities unavailable,inventory published after the matched quote; descriptive association only
2022-07-27,2022-07-22,23.54,-3.1807517688521347,Low,2022-07-26,92.88,91.32,1.5600000000000023,EIA daily delivery rank; actual contract identities unavailable,inventory published after the matched quote; descriptive association only
2022-08-03,2022-07-29,24.466,-2.8122234515475,Low,2022-08-02,93.22,92.29,0.9299999999999926,EIA daily delivery rank; actual contract identities unavailable,inventory published after the matched quote; descriptive association only
2022-08-10,2022-08-05,25.189,-2.546773191210332,Low,2022-08-09,89.67,88.9,0.769999999999996,EIA daily delivery rank; actual contract identities unavailable,inventory published after the matched quote; descriptive association only
2022-08-17,2022-08-12,25.381,-2.4028142125938663,Low,2022-08-16,86.16,85.86,0.29999999999999716,EIA daily delivery rank; actual contract identities unavailable,inventory published after the matched quote; descriptive association only
2022-08-24,2022-08-19,25.807,-2.2404272405910457,Low,2022-08-23,93.25,92.53,0.7199999999999989,EIA daily delivery rank; actual contract identities unavailable,inventory published after the matched quote; descriptive association only
2022-08-31,2022-08-26,25.284,-2.2272491296918666,Low,2022-08-30,91.17,90.46,0.710000000000008,EIA daily delivery rank; actual contract identities unavailable,inventory published after the matched quote; descriptive association only
2022-09-08,2022-09-02,24.783,-2.203564086643671,Low,2022-09-07,81.63,81.25,0.37999999999999545,EIA daily delivery rank; actual contract identities unavailable,inventory published after the matched quote; descriptive association only
2022-09-14,2022-09-09,24.648,-2.1835990432609402,Low,2022-09-13,86.89,86.25,0.6400000000000006,EIA daily delivery rank; actual contract identities unavailable,inventory published after the matched quote; descriptive association only
2022-09-21,2022-09-16,24.991,-2.0723391625049463,Low,2022-09-20,83.94,83.28,0.6599999999999966,EIA daily delivery rank; actual contract identities unavailable,inventory published after the matched quote; descriptive association only
2022-09-28,2022-09-23,25.683,-1.912343097702313,Low,2022-09-27,77.81,76.93,0.8799999999999955,EIA daily delivery rank; actual contract identities unavailable,inventory published after the matched quote; descriptive association only
2022-10-05,2022-09-30,25.956,-1.7628912539837203,Low,2022-10-04,85.5,84.17,1.3299999999999983,EIA daily delivery rank; actual contract identities unavailable,inventory published after the matched quote; descriptive association only
2022-10-13,2022-10-07,25.647,-1.6735067650097655,Low,2022-10-12,86.06,84.74,1.3200000000000074,EIA daily delivery rank; actual contract identities unavailable,inventory published after the matched quote; descriptive association only
2022-10-19,2022-10-14,26.23,-1.5420228759536103,Low,2022-10-18,82.07,81.29,0.7799999999999869,EIA daily delivery rank; actual contract identities unavailable,inventory published after the matched quote; descriptive association only
2022-10-26,2022-10-21,26.897,-1.4140956698084994,Low,2022-10-25,84.31,83.15,1.1599999999999966,EIA daily delivery rank; actual contract identities unavailable,inventory published after the matched quote; descriptive association only
2022-11-02,2022-10-28,28.164,-1.2683213328346592,Low,2022-11-01,87.19,85.82,1.3700000000000045,EIA daily delivery rank; actual contract identities unavailable,inventory published after the matched quote; descriptive association only
2022-11-09,2022-11-04,27.241,-1.2927756826962347,Low,2022-11-08,88.0,86.95,1.0499999999999972,EIA daily delivery rank; actual contract identities unavailable,inventory published after the matched quote; descriptive association only
2022-11-16,2022-11-11,25.617,-1.3869469448962544,Low,2022-11-15,86.25,85.52,0.730000000000004,EIA daily delivery rank; actual contract identities unavailable,inventory published after the matched quote; descriptive association only
2022-11-23,2022-11-18,24.73,-1.4484310883775995,Low,2022-11-22,80.73,80.48,0.25,EIA daily delivery rank; actual contract identities unavailable,inventory published after the matched quote; descriptive association only
2022-11-30,2022-11-25,24.315,-1.502835988262511,Low,2022-11-29,78.28,78.32,-0.03999999999999204,EIA daily delivery rank; actual contract identities unavailable,inventory published after the matched quote; descriptive association only
2022-12-07,2022-12-02,23.942,-1.5661684301446572,Low,2022-12-06,74.46,74.63,-0.1700000000000017,EIA daily delivery rank; actual contract identities unavailable,inventory published after the matched quote; descriptive association only
2022-12-14,2022-12-09,24.368,-1.6094828600089637,Low,2022-12-13,75.44,75.58,-0.14000000000000057,EIA daily delivery rank; actual contract identities unavailable,inventory published after the matched quote; descriptive association only
2022-12-21,2022-12-16,25.221,-1.6346146344030463,Low,2022-12-20,76.23,76.23,0.0,EIA daily delivery rank; actual contract identities unavailable,inventory published after the matched quote; descriptive association only
2022-12-29,2022-12-23,25.026,-1.751135247619851,Low,2022-12-28,79.08,79.13,-0.04999999999999716,EIA daily delivery rank; actual contract identities unavailable,inventory published after the matched quote; descriptive association only
2023-01-05,2022-12-30,25.27,-1.8409458050748595,Low,2023-01-04,73.1,73.33,-0.23000000000000398,EIA daily delivery rank; actual contract identities unavailable,inventory published after the matched quote; descriptive association only
2023-01-11,2023-01-06,27.781,-0.9968727382136248,Normal,2023-01-10,75.37,75.6,-0.22999999999998977,EIA daily delivery rank; actual contract identities unavailable,inventory published after the matched quote; descriptive association only
2023-01-19,2023-01-13,31.427,-0.7345469164490505,Normal,2023-01-18,79.8,80.03,-0.23000000000000398,EIA daily delivery rank; actual contract identities unavailable,inventory published after the matched quote; descriptive association only
2023-01-25,2023-01-20,35.694,-0.3426004565179045,Normal,2023-01-24,80.44,80.65,-0.21000000000000796,EIA daily delivery rank; actual contract identities unavailable,inventory published after the matched quote; descriptive association only
2023-02-01,2023-01-27,38.009,-0.09559000376659743,Normal,2023-01-31,79.17,79.38,-0.20999999999999375,EIA daily delivery rank; actual contract identities unavailable,inventory published after the matched quote; descriptive association only
2023-02-08,2023-02-03,39.052,0.05620551678204961,Normal,2023-02-07,77.39,77.56,-0.1700000000000017,EIA daily delivery rank; actual contract identities unavailable,inventory published after the matched quote; descriptive association only
2023-02-15,2023-02-10,39.711,0.2113162476183296,Normal,2023-02-14,79.24,79.4,-0.1600000000000108,EIA daily delivery rank; actual contract identities unavailable,inventory published after the matched quote; descriptive association only
2023-02-23,2023-02-17,40.411,0.32768257280434404,Normal,2023-02-22,74.19,74.31,-0.12000000000000455,EIA daily delivery rank; actual contract identities unavailable,inventory published after the matched quote; descriptive association only
2023-03-01,2023-02-24,40.718,0.3872027033486248,Normal,2023-02-28,77.19,77.14,0.04999999999999716,EIA daily delivery rank; actual contract identities unavailable,inventory published after the matched quote; descriptive association only
2023-03-08,2023-03-03,39.828,0.2935791307236284,Normal,2023-03-07,77.72,77.71,0.010000000000005116,EIA daily delivery rank; actual contract identities unavailable,inventory published after the matched quote; descriptive association only
2023-03-15,2023-03-10,37.912,0.06491408340770603,Normal,2023-03-14,71.49,71.57,-0.0799999999999983,EIA daily delivery rank; actual contract identities unavailable,inventory published after the matched quote; descriptive association only
2023-03-22,2023-03-17,36.849,-0.11060265439319995,Normal,2023-03-21,69.67,69.77,-0.09999999999999432,EIA daily delivery rank; actual contract identities unavailable,inventory published after the matched quote; descriptive association only
2023-03-29,2023-03-24,35.217,-0.3209350697674413,Normal,2023-03-28,73.34,73.29,0.04999999999999716,EIA daily delivery rank; actual contract identities unavailable,inventory published after the matched quote; descriptive association only
2023-04-05,2023-03-31,34.247,-0.47903929068378975,Normal,2023-04-04,80.72,80.43,0.28999999999999204,EIA daily delivery rank; actual contract identities unavailable,inventory published after the matched quote; descriptive association only
2023-04-12,2023-04-07,33.838,-0.5899912915572647,Normal,2023-04-11,81.49,81.14,0.3499999999999943,EIA daily delivery rank; actual contract identities unavailable,inventory published after the matched quote; descriptive association only
2023-04-19,2023-04-14,32.75,-0.7351041343824517,Normal,2023-04-18,80.9,80.61,0.29000000000000625,EIA daily delivery rank; actual contract identities unavailable,inventory published after the matched quote; descriptive association only
2023-04-26,2023-04-21,33.069,-0.7517898403175283,Normal,2023-04-25,76.87,76.46,0.4100000000000108,EIA daily delivery rank; actual contract identities unavailable,inventory published after the matched quote; descriptive association only
2023-05-03,2023-04-28,33.61,-0.7331559207717134,Normal,2023-05-02,71.55,71.27,0.28000000000000114,EIA daily delivery rank; actual contract identities unavailable,inventory published after the matched quote; descriptive association only
2023-05-10,2023-05-05,34.007,-0.7015493637614922,Normal,2023-05-09,73.62,73.39,0.23000000000000398,EIA daily delivery rank; actual contract identities unavailable,inventory published after the matched quote; descriptive association only
2023-05-17,2023-05-12,35.468,-0.5661616521610495,Normal,2023-05-16,70.84,70.66,0.18000000000000682,EIA daily delivery rank; actual contract identities unavailable,inventory published after the matched quote; descriptive association only
2023-05-24,2023-05-19,37.23,-0.38889945296444656,Normal,2023-05-23,72.85,72.58,0.269999999999996,EIA daily delivery rank; actual contract identities unavailable,inventory published after the matched quote; descriptive association only
2023-06-01,2023-05-26,38.858,-0.19034316332867898,Normal,2023-05-31,68.24,68.14,0.09999999999999432,EIA daily delivery rank; actual contract identities unavailable,inventory published after the matched quote; descriptive association only
2023-06-07,2023-06-02,40.579,0.05134324639482896,Normal,2023-06-06,71.85,71.63,0.21999999999999886,EIA daily delivery rank; actual contract identities unavailable,inventory published after the matched quote; descriptive association only
2023-06-14,2023-06-09,42.133,0.28306960765728584,Normal,2023-06-13,69.58,69.59,-0.010000000000005116,EIA daily delivery rank; actual contract identities unavailable,inventory published after the matched quote; descriptive association only
2023-06-22,2023-06-16,42.035,0.354571322691195,Normal,2023-06-21,72.52,72.34,0.1799999999999926,EIA daily delivery rank; actual contract identities unavailable,inventory published after the matched quote; descriptive association only
2023-06-28,2023-06-23,43.244,0.5154518721056094,Normal,2023-06-27,67.9,67.99,-0.0899999999999892,EIA daily delivery rank; actual contract identities unavailable,inventory published after the matched quote; descriptive association only
2023-07-06,2023-06-30,42.844,0.527242677473952,Normal,2023-07-05,71.88,71.72,0.1599999999999966,EIA daily delivery rank; actual contract identities unavailable,inventory published after the matched quote; descriptive association only
2023-07-12,2023-07-07,41.239,0.4141490259391967,Normal,2023-07-11,74.71,74.44,0.269999999999996,EIA daily delivery rank; actual contract identities unavailable,inventory published after the matched quote; descriptive association only
2023-07-19,2023-07-14,38.348,0.15449896461277335,Normal,2023-07-18,75.66,75.42,0.23999999999999488,EIA daily delivery rank; actual contract identities unavailable,inventory published after the matched quote; descriptive association only
2023-07-26,2023-07-21,35.739,-0.08215620442289426,Normal,2023-07-25,79.2,78.75,0.45000000000000284,EIA daily delivery rank; actual contract identities unavailable,inventory published after the matched quote; descriptive association only
2023-08-02,2023-07-28,34.48,-0.20773379546881895,Normal,2023-08-01,80.92,80.46,0.46000000000000796,EIA daily delivery rank; actual contract identities unavailable,inventory published after the matched quote; descriptive association only
2023-08-09,2023-08-04,34.639,-0.20619179860233258,Normal,2023-08-08,82.36,81.85,0.5100000000000051,EIA daily delivery rank; actual contract identities unavailable,inventory published after the matched quote; descriptive association only
2023-08-16,2023-08-11,33.802,-0.3004707272103951,Normal,2023-08-15,80.5,80.05,0.45000000000000284,EIA daily delivery rank; actual contract identities unavailable,inventory published after the matched quote; descriptive association only
2023-08-23,2023-08-18,30.669,-0.5773167755596804,Normal,2023-08-22,79.64,79.35,0.29000000000000625,EIA daily delivery rank; actual contract identities unavailable,inventory published after the matched quote; descriptive association only
2023-08-30,2023-08-25,29.165,-0.7072997295062283,Normal,2023-08-29,80.68,80.17,0.5100000000000051,EIA daily delivery rank; actual contract identities unavailable,inventory published after the matched quote; descriptive association only
2023-09-07,2023-09-01,27.415,-0.8547861614985329,Normal,2023-09-06,86.79,85.93,0.8599999999999994,EIA daily delivery rank; actual contract identities unavailable,inventory published after the matched quote; descriptive association only
2023-09-13,2023-09-08,24.965,-1.0598662800704364,Low,2023-09-12,88.16,87.36,0.7999999999999972,EIA daily delivery rank; actual contract identities unavailable,inventory published after the matched quote; descriptive association only
2023-09-20,2023-09-15,22.901,-1.2108398065957136,Low,2023-09-19,90.48,89.17,1.3100000000000023,EIA daily delivery rank; actual contract identities unavailable,inventory published after the matched quote; descriptive association only
2023-09-27,2023-09-22,21.958,-1.2539842591096655,Low,2023-09-26,88.78,87.22,1.5600000000000023,EIA daily delivery rank; actual contract identities unavailable,inventory published after the matched quote; descriptive association only
2023-10-04,2023-09-29,22.09,-1.2013083528754012,Low,2023-10-03,87.44,85.77,1.6700000000000017,EIA daily delivery rank; actual contract identities unavailable,inventory published after the matched quote; descriptive association only
2023-10-12,2023-10-06,21.771,-1.182764809009425,Low,2023-10-11,82.07,80.92,1.1499999999999915,EIA daily delivery rank; actual contract identities unavailable,inventory published after the matched quote; descriptive association only
2023-10-18,2023-10-13,21.013,-1.1971635884013139,Low,2023-10-17,85.44,84.3,1.1400000000000006,EIA daily delivery rank; actual contract identities unavailable,inventory published after the matched quote; descriptive association only
2023-10-25,2023-10-20,21.226,-1.1410649823372103,Low,2023-10-24,82.97,82.14,0.8299999999999983,EIA daily delivery rank; actual contract identities unavailable,inventory published after the matched quote; descriptive association only
2023-11-01,2023-10-27,21.498,-1.0853895577821004,Low,2023-10-31,80.5,79.96,0.5400000000000063,EIA daily delivery rank; actual contract identities unavailable,inventory published after the matched quote; descriptive association only
2023-11-15,2023-11-10,25.01,-0.8119046982596544,Normal,2023-11-14,78.17,77.98,0.18999999999999773,EIA daily delivery rank; actual contract identities unavailable,inventory published after the matched quote; descriptive association only
2023-11-22,2023-11-17,25.868,-0.7542048210825419,Normal,2023-11-21,77.92,77.88,0.04000000000000625,EIA daily delivery rank; actual contract identities unavailable,inventory published after the matched quote; descriptive association only
2023-11-29,2023-11-24,27.722,-0.6530424395833971,Normal,2023-11-28,76.59,76.66,-0.06999999999999318,EIA daily delivery rank; actual contract identities unavailable,inventory published after the matched quote; descriptive association only
2023-12-06,2023-12-01,29.551,-0.5521853403382037,Normal,2023-12-05,72.53,72.7,-0.1700000000000017,EIA daily delivery rank; actual contract identities unavailable,inventory published after the matched quote; descriptive association only
2023-12-13,2023-12-08,30.779,-0.5031426038381122,Normal,2023-12-12,68.85,69.09,-0.2400000000000091,EIA daily delivery rank; actual contract identities unavailable,inventory published after the matched quote; descriptive association only
2023-12-20,2023-12-15,32.465,-0.4486209000011841,Normal,2023-12-19,73.94,74.21,-0.269999999999996,EIA daily delivery rank; actual contract identities unavailable,inventory published after the matched quote; descriptive association only
2023-12-28,2023-12-22,33.973,-0.39074457406960544,Normal,2023-12-27,74.34,74.51,-0.1700000000000017,EIA daily delivery rank; actual contract identities unavailable,inventory published after the matched quote; descriptive association only
2024-01-04,2023-12-29,34.679,-0.37870043124122527,Normal,2024-01-03,72.89,73.03,-0.14000000000000057,EIA daily delivery rank; actual contract identities unavailable,inventory published after the matched quote; descriptive association only
2024-01-10,2024-01-05,34.173,-0.18974402202023744,Normal,2024-01-09,72.29,72.33,-0.03999999999999204,EIA daily delivery rank; actual contract identities unavailable,inventory published after the matched quote; descriptive association only
2024-01-18,2024-01-12,32.074,-0.512874470723978,Normal,2024-01-17,72.48,72.46,0.020000000000010232,EIA daily delivery rank; actual contract identities unavailable,inventory published after the matched quote; descriptive association only
2024-01-24,2024-01-19,30.066,-0.7928454509815597,Normal,2024-01-23,74.27,74.16,0.10999999999999943,EIA daily delivery rank; actual contract identities unavailable,inventory published after the matched quote; descriptive association only
2024-01-31,2024-01-26,28.094,-1.0442928974631467,Low,2024-01-30,77.65,77.48,0.1700000000000017,EIA daily delivery rank; actual contract identities unavailable,inventory published after the matched quote; descriptive association only
2024-02-07,2024-02-02,28.061,-1.0620859192604641,Low,2024-02-06,73.37,73.35,0.020000000000010232,EIA daily delivery rank; actual contract identities unavailable,inventory published after the matched quote; descriptive association only
2024-02-14,2024-02-09,28.771,-0.9758486978211481,Normal,2024-02-13,77.56,77.24,0.3200000000000074,EIA daily delivery rank; actual contract identities unavailable,inventory published after the matched quote; descriptive association only
2024-02-22,2024-02-16,29.512,-0.8603359142114011,Normal,2024-02-21,77.31,76.78,0.5300000000000011,EIA daily delivery rank; actual contract identities unavailable,inventory published after the matched quote; descriptive association only
2024-02-28,2024-02-23,30.97,-0.6622935891661289,Normal,2024-02-27,78.23,77.64,0.5900000000000034,EIA daily delivery rank; actual contract identities unavailable,inventory published after the matched quote; descriptive association only
2024-03-06,2024-03-01,31.671,-0.5315323376037494,Normal,2024-03-05,77.41,76.82,0.5900000000000034,EIA daily delivery rank; actual contract identities unavailable,inventory published after the matched quote; descriptive association only
2024-03-13,2024-03-08,31.451,-0.5183033313287791,Normal,2024-03-12,77.25,76.9,0.3499999999999943,EIA daily delivery rank; actual contract identities unavailable,inventory published after the matched quote; descriptive association only
2024-03-20,2024-03-15,31.433,-0.5024710313851415,Normal,2024-03-19,82.73,82.08,0.6500000000000057,EIA daily delivery rank; actual contract identities unavailable,inventory published after the matched quote; descriptive association only
2024-03-27,2024-03-22,33.54,-0.2620036373861245,Normal,2024-03-26,81.04,80.43,0.6099999999999994,EIA daily delivery rank; actual contract identities unavailable,inventory published after the matched quote; descriptive association only
2024-04-03,2024-03-29,33.163,-0.2901052697512145,Normal,2024-04-02,84.22,83.29,0.9299999999999926,EIA daily delivery rank; actual contract identities unavailable,inventory published after the matched quote; descriptive association only
